strategy,rebalance_policy,cycle_days,date,daily_return,equity,realized_risk_annualized,ending_top_ticker,ending_top_weight,ending_active_count
btc_hodl,buy_and_hold,,2025-03-01,0.030646262601918384,1.0306462626019184,0.5133474608474464,BTC,1.0,1
btc_hodl,buy_and_hold,,2025-03-02,0.11343725643024105,1.1475599469815618,0.9956098740832398,BTC,1.0,1
btc_hodl,buy_and_hold,,2025-03-03,-0.09127500805017785,1.042816403582758,0.9472805011002806,BTC,1.0,1
btc_hodl,buy_and_hold,,2025-03-04,0.0037206794284172506,1.0466963891231844,1.0587190020283437,BTC,1.0,1
btc_hodl,buy_and_hold,,2025-03-05,0.038158682404948685,1.0866369442101427,0.7482956167574804,BTC,1.0,1
btc_hodl,buy_and_hold,,2025-03-06,-0.010874547201892293,1.0748202594690095,0.7242875715516705,BTC,1.0,1
btc_hodl,buy_and_hold,,2025-03-07,-0.03280293574690285,1.039562999558178,1.0228077913113414,BTC,1.0,1
btc_hodl,buy_and_hold,,2025-03-08,-0.006382814311102436,1.0329276619673056,0.38610608201662644,BTC,1.0,1
btc_hodl,buy_and_hold,,2025-03-09,-0.057798793006908156,0.9732256898421476,0.5809408443636426,BTC,1.0,1
btc_hodl,buy_and_hold,,2025-03-10,-0.027725501848916645,0.946242519179016,0.8610431880396938,BTC,1.0,1
btc_hodl,buy_and_hold,,2025-03-11,0.047608941108557845,0.9912921235490233,0.8138819118825981,BTC,1.0,1
btc_hodl,buy_and_hold,,2025-03-12,0.005162032722586085,0.9964092059284253,0.6494746915477472,BTC,1.0,1
btc_hodl,buy_and_hold,,2025-03-13,-0.03128073654847807,0.9652407920633,0.4488646249904235,BTC,1.0,1
btc_hodl,buy_and_hold,,2025-03-14,0.03197456682035149,0.9961039482668571,0.4536928878237601,BTC,1.0,1
btc_hodl,buy_and_hold,,2025-03-15,0.001056451612903242,0.997156283889623,0.24886852341066462,BTC,1.0,1
btc_hodl,buy_and_hold,,2025-03-16,-0.020228629431807588,0.9769851789372215,0.4070061295765484,BTC,1.0,1
btc_hodl,buy_and_hold,,2025-03-17,0.010064134188456864,0.9868176888781792,0.4095685569977218,BTC,1.0,1
btc_hodl,buy_and_hold,,2025-03-18,-0.012910683468465911,0.97407719805599,0.3822698453648563,BTC,1.0,1
btc_hodl,buy_and_hold,,2025-03-19,0.052037803691304285,1.0247660360686033,0.47811134580377385,BTC,1.0,1
btc_hodl,buy_and_hold,,2025-03-20,-0.026009657594380342,0.9981122223561085,0.4472409204469168,BTC,1.0,1
btc_hodl,buy_and_hold,,2025-03-21,0.0020120724346086583,1.0001204964453572,0.34028330843337057,BTC,1.0,1
btc_hodl,buy_and_hold,,2025-03-22,-0.002449799196787894,0.9976704020564742,0.1471060568746271,BTC,1.0,1
btc_hodl,buy_and_hold,,2025-03-23,0.022295583558115117,1.0199140458689826,0.2467008691882331,BTC,1.0,1
btc_hodl,buy_and_hold,,2025-03-24,0.014066979616268016,1.034261155962567,0.4257921050606196,BTC,1.0,1
btc_hodl,buy_and_hold,,2025-03-25,0.001281553398059021,1.0355866168614711,0.3589595584366051,BTC,1.0,1
btc_hodl,buy_and_hold,,2025-03-26,-0.0027537524725584905,1.0327348676547403,0.3115456981426546,BTC,1.0,1
btc_hodl,buy_and_hold,,2025-03-27,0.0010889856876137305,1.033859501144716,0.29922553360820386,BTC,1.0,1
btc_hodl,buy_and_hold,,2025-03-28,-0.023224553224550304,1.0098485761336735,0.3780416601106073,BTC,1.0,1
btc_hodl,buy_and_hold,,2025-03-29,-0.01855048484222055,0.9911153954291678,0.3309928068852181,BTC,1.0,1
btc_hodl,buy_and_hold,,2025-03-30,-0.0020992227202354385,0.9890348234727078,0.329723133125345,BTC,1.0,1
btc_hodl,buy_and_hold,,2025-03-31,0.0005685510071480326,0.9895971402176976,0.4665409784050418,BTC,1.0,1
btc_hodl,buy_and_hold,,2025-04-01,0.028175988310739974,1.0174800176728132,0.3763866378435397,BTC,1.0,1
btc_hodl,buy_and_hold,,2025-04-02,-0.030498732838047604,0.9864481664457581,0.718795837602126,BTC,1.0,1
btc_hodl,buy_and_hold,,2025-04-03,0.004006579911726593,0.9904004498533993,0.45955268199132043,BTC,1.0,1
btc_hodl,buy_and_hold,,2025-04-04,0.0006407656744273904,0.9910350644656027,0.6344188825408671,BTC,1.0,1
btc_hodl,buy_and_hold,,2025-04-05,-0.0006079323006589199,0.9904325822388285,0.23333181892116886,BTC,1.0,1
btc_hodl,buy_and_hold,,2025-04-06,-0.047074472399303624,0.9438084909828557,0.5270299465199656,BTC,1.0,1
btc_hodl,buy_and_hold,,2025-04-07,0.004859988084090272,0.9483953890026956,1.1165287199948712,BTC,1.0,1
btc_hodl,buy_and_hold,,2025-04-08,-0.029145949975011187,0.9207535044382917,0.6389966936555297,BTC,1.0,1
btc_hodl,buy_and_hold,,2025-04-09,0.06021636712615619,0.9761979354942428,0.848468854418335,BTC,1.0,1
btc_hodl,buy_and_hold,,2025-04-10,-0.029509060087885675,0.9473912519580733,0.5703663665146296,BTC,1.0,1
btc_hodl,buy_and_hold,,2025-04-11,0.030948989282324035,0.9767120536610912,0.5133156333453998,BTC,1.0,1
btc_hodl,buy_and_hold,,2025-04-12,0.01718947905186341,0.9935012250472011,0.3058757705310702,BTC,1.0,1
btc_hodl,buy_and_hold,,2025-04-13,-0.016785795142145843,0.9768245170100878,0.49651776139574055,BTC,1.0,1
btc_hodl,buy_and_hold,,2025-04-14,0.01067434210526419,0.9872514760814629,0.4533657757710358,BTC,1.0,1
btc_hodl,buy_and_hold,,2025-04-15,-0.006761704828396664,0.9805759730088012,0.3542338375244189,BTC,1.0,1
btc_hodl,buy_and_hold,,2025-04-16,-0.0021709389105972754,0.9784472024741996,0.424129845495922,BTC,1.0,1
btc_hodl,buy_and_hold,,2025-04-17,0.008062264987441115,0.986335703096767,0.2560845256373407,BTC,1.0,1
btc_hodl,buy_and_hold,,2025-04-18,-0.004357245243683527,0.9820379965457734,0.1385876777833494,BTC,1.0,1
btc_hodl,buy_and_hold,,2025-04-19,0.004809855295342391,0.9867614572036866,0.14139431128379387,BTC,1.0,1
btc_hodl,buy_and_hold,,2025-04-20,8.140869608874723e-06,0.9867694903000447,0.20022858776851488,BTC,1.0,1
btc_hodl,buy_and_hold,,2025-04-21,0.02769501294387733,1.0140980841065277,0.42699851901687663,BTC,1.0,1
btc_hodl,buy_and_hold,,2025-04-22,0.06266634980988317,1.0776479093866798,0.5173918839739671,BTC,1.0,1
btc_hodl,buy_and_hold,,2025-04-23,0.000976511542964964,1.0787002450094478,0.4486975320205452,BTC,1.0,1
btc_hodl,buy_and_hold,,2025-04-24,0.0027405013330155104,1.0816564244688205,0.3163609124624835,BTC,1.0,1
btc_hodl,buy_and_hold,,2025-04-25,0.013895284069811886,1.0966863477527518,0.32231738652032677,BTC,1.0,1
btc_hodl,buy_and_hold,,2025-04-26,0.0004175181840169184,1.0971442342451017,0.19342257255836318,BTC,1.0,1
btc_hodl,buy_and_hold,,2025-04-27,-0.010470207500478113,1.0856569064546022,0.20898088134537443,BTC,1.0,1
btc_hodl,buy_and_hold,,2025-04-28,0.012586201793587826,1.0993212033578421,0.3214073929441027,BTC,1.0,1
btc_hodl,buy_and_hold,,2025-04-29,-0.003719427982667778,1.095232357312133,0.27605281450615315,BTC,1.0,1
btc_hodl,buy_and_hold,,2025-04-30,-0.0017089628868972584,1.0933606458609575,0.30360195438853027,BTC,1.0,1
btc_hodl,buy_and_hold,,2025-05-01,0.023981132491347257,1.1195806723701742,0.286779221109103,BTC,1.0,1
btc_hodl,buy_and_hold,,2025-05-02,-0.005173242640146847,1.1137888098967845,0.2993447861773978,BTC,1.0,1
btc_hodl,buy_and_hold,,2025-05-03,-0.008618824377931267,1.104189259750179,0.17324078082196182,BTC,1.0,1
btc_hodl,buy_and_hold,,2025-05-04,-0.013204321414282183,1.0896091898622393,0.1975312064793098,BTC,1.0,1
btc_hodl,buy_and_hold,,2025-05-05,-0.005529342376876856,1.0835843675944996,0.33021252632647596,BTC,1.0,1
btc_hodl,buy_and_hold,,2025-05-06,0.018978426866332,1.1041490942683925,0.3260772093615963,BTC,1.0,1
btc_hodl,buy_and_hold,,2025-05-07,0.0025536558748635585,1.1069687110896962,0.3192072886883811,BTC,1.0,1
btc_hodl,buy_and_hold,,2025-05-08,0.05055115710336344,1.1629272603124992,0.4406116936410995,BTC,1.0,1
btc_hodl,buy_and_hold,,2025-05-09,-0.007232311231154531,1.1545166084267253,0.28574983061000403,BTC,1.0,1
btc_hodl,buy_and_hold,,2025-05-10,0.00873921514055076,1.1646061774511054,0.215478144663946,BTC,1.0,1
btc_hodl,buy_and_hold,,2025-05-11,0.0034557443990750336,1.1686307587259603,0.28029368887710304,BTC,1.0,1
btc_hodl,buy_and_hold,,2025-05-12,-0.003931893014018972,1.164035827609758,0.39152192174802614,BTC,1.0,1
btc_hodl,buy_and_hold,,2025-05-13,0.006521514095442216,1.1716271036671149,0.3104607875855791,BTC,1.0,1
btc_hodl,buy_and_hold,,2025-05-14,-0.00043880699348242125,1.1711129855002722,0.25275272857926445,BTC,1.0,1
btc_hodl,buy_and_hold,,2025-05-15,0.0019206233794728522,1.1733622524802283,0.36428718439637053,BTC,1.0,1
btc_hodl,buy_and_hold,,2025-05-16,0.003162953733244045,1.1770735429971584,0.2245094532848654,BTC,1.0,1
btc_hodl,buy_and_hold,,2025-05-17,0.0007370604935577063,1.1779411174037135,0.1624434458718305,BTC,1.0,1
btc_hodl,buy_and_hold,,2025-05-18,0.0269647289887891,1.2097039803992562,0.3282692195872331,BTC,1.0,1
btc_hodl,buy_and_hold,,2025-05-19,-0.01337406202271485,1.1935253243362716,0.380064613892412,BTC,1.0,1
btc_hodl,buy_and_hold,,2025-05-20,0.012074628472972027,1.2079366992007154,0.3822712855133029,BTC,1.0,1
btc_hodl,buy_and_hold,,2025-05-21,0.01394560085123353,1.2247821022613252,0.41065438336079524,BTC,1.0,1
btc_hodl,buy_and_hold,,2025-05-22,0.015747669987601798,1.2440695666144577,0.3420991509244599,BTC,1.0,1
btc_hodl,buy_and_hold,,2025-05-23,-0.03260195779631647,1.2035104631080114,0.38793097352401645,BTC,1.0,1
btc_hodl,buy_and_hold,,2025-05-24,0.0047457265099886126,1.2092219946178318,0.28928749614289534,BTC,1.0,1
btc_hodl,buy_and_hold,,2025-05-25,0.012010894838236919,1.2237458328312696,0.31500678572387447,BTC,1.0,1
btc_hodl,buy_and_hold,,2025-05-26,-0.0004266827712035015,1.2232236815680684,0.2785687164004994,BTC,1.0,1
btc_hodl,buy_and_hold,,2025-05-27,-0.006764166989554066,1.2149495923203648,0.32741969857122133,BTC,1.0,1
btc_hodl,buy_and_hold,,2025-05-28,-0.006082926151954271,1.207559143671933,0.2412087856638721,BTC,1.0,1
btc_hodl,buy_and_hold,,2025-05-29,-0.01965767048289302,1.1838213439370258,0.24279885984774086,BTC,1.0,1
btc_hodl,buy_and_hold,,2025-05-30,-0.0011467889908257645,1.1824637506526943,0.337229444827812,BTC,1.0,1
btc_hodl,buy_and_hold,,2025-05-31,0.004864163479371797,1.1882154476443,0.21393958428774476,BTC,1.0,1
btc_hodl,buy_and_hold,,2025-06-01,0.008038400432679893,1.197766799212761,0.24976206975230628,BTC,1.0,1
btc_hodl,buy_and_hold,,2025-06-02,-0.00693475694817447,1.1894605775796276,0.26747805808100117,BTC,1.0,1
btc_hodl,buy_and_hold,,2025-06-03,-0.005510907003443255,1.1829055709523244,0.24846839825505182,BTC,1.0,1
btc_hodl,buy_and_hold,,2025-06-04,-0.013833240523175916,1.1665421536731362,0.21587425293553963,BTC,1.0,1
btc_hodl,buy_and_hold,,2025-06-05,-0.0244530599034547,1.138016628509462,0.378468115541679,BTC,1.0,1
btc_hodl,buy_and_hold,,2025-06-06,0.02517894201854931,1.1666706832148466,0.30874185440486496,BTC,1.0,1
btc_hodl,buy_and_hold,,2025-06-07,0.009061301494840635,1.177242238020648,0.18593471629300207,BTC,1.0,1
btc_hodl,buy_and_hold,,2025-06-08,-0.005806931470022758,1.1704060730208459,0.18372560449157085,BTC,1.0,1
btc_hodl,buy_and_hold,,2025-06-09,0.032958585567406384,1.2089810017271154,0.29342444849412797,BTC,1.0,1
btc_hodl,buy_and_hold,,2025-06-10,0.0009501661129569516,1.2101297345061652,0.24854644067914042,BTC,1.0,1
btc_hodl,buy_and_hold,,2025-06-11,-0.006638210869405414,1.2020966381491758,0.20335492027290306,BTC,1.0,1
btc_hodl,buy_and_hold,,2025-06-12,-0.02762574928329531,1.1688878178093745,0.3160954949863791,BTC,1.0,1
btc_hodl,buy_and_hold,,2025-06-13,0.011696870983926244,1.1825601478089738,0.4468290318037083,BTC,1.0,1
btc_hodl,buy_and_hold,,2025-06-14,-0.005488720272259107,1.176069405952529,0.19570520538528463,BTC,1.0,1
btc_hodl,buy_and_hold,,2025-06-15,-0.003367417334344869,1.1721090894485318,0.18582739432655726,BTC,1.0,1
btc_hodl,buy_and_hold,,2025-06-16,0.0046672606401179095,1.1775796280676394,0.3182516664761412,BTC,1.0,1
btc_hodl,buy_and_hold,,2025-06-17,-0.007606196833364387,1.168622725629597,0.30802108932341576,BTC,1.0,1
btc_hodl,buy_and_hold,,2025-06-18,-0.00035057329044141383,1.1682130377153883,0.32699734148107246,BTC,1.0,1
btc_hodl,buy_and_hold,,2025-06-19,-0.0030668729585693333,1.1646302767401708,0.21622937335759404,BTC,1.0,1
btc_hodl,buy_and_hold,,2025-06-20,-0.0067595996661574675,1.156757842310321,0.2991023086389106,BTC,1.0,1
btc_hodl,buy_and_hold,,2025-06-21,-0.007298661796265371,1.1483150580391204,0.2740208615260184,BTC,1.0,1
btc_hodl,buy_and_hold,,2025-06-22,-0.014389848056634902,1.1317909788327916,0.5315912115150123,BTC,1.0,1
btc_hodl,buy_and_hold,,2025-06-23,0.03748997451931113,1.1742217937904191,0.5312511719375737,BTC,1.0,1
btc_hodl,buy_and_hold,,2025-06-24,-0.0037147763266826006,1.1698598224685717,0.26671419407229,BTC,1.0,1
btc_hodl,buy_and_hold,,2025-06-25,0.012209022866167762,1.1841426677913014,0.26731711122254154,BTC,1.0,1
btc_hodl,buy_and_hold,,2025-06-26,-0.004124606534247177,1.1792585452062485,0.22434298040696313,BTC,1.0,1
btc_hodl,buy_and_hold,,2025-06-27,0.000980926430519613,1.1804153110816573,0.24205842108585424,BTC,1.0,1
btc_hodl,buy_and_hold,,2025-06-28,0.0015652221254365273,1.1822629232437663,0.08031667619313465,BTC,1.0,1
btc_hodl,buy_and_hold,,2025-06-29,0.00580265536031721,1.189123187532631,0.1406571323114243,BTC,1.0,1
btc_hodl,buy_and_hold,,2025-06-30,-0.01625368173588604,1.1697955576977133,0.21290637224821307,BTC,1.0,1
btc_hodl,buy_and_hold,,2025-07-01,-0.0036601612393717398,1.1655139173394389,0.2215719648136516,BTC,1.0,1
btc_hodl,buy_and_hold,,2025-07-02,0.0163692630040857,1.1845925211872903,0.2334175763971774,BTC,1.0,1
btc_hodl,buy_and_hold,,2025-07-03,0.009568437042262623,1.195927220147006,0.2381080783752868,BTC,1.0,1
btc_hodl,buy_and_hold,,2025-07-04,-0.007240973971453513,1.1872675422741688,0.1795996750547231,BTC,1.0,1
btc_hodl,buy_and_hold,,2025-07-05,0.0027402450658673416,1.19052094629875,0.10872426219137511,BTC,1.0,1
btc_hodl,buy_and_hold,,2025-07-06,0.0010863551099167257,1.1918142748122247,0.1591942683256479,BTC,1.0,1
btc_hodl,buy_and_hold,,2025-07-07,-0.0017726791720310553,1.1897015704703358,0.19418138872657065,BTC,1.0,1
btc_hodl,buy_and_hold,,2025-07-08,0.0013774476704928595,1.191340322127162,0.18251582123048887,BTC,1.0,1
btc_hodl,buy_and_hold,,2025-07-09,0.01778104434135508,1.2125235972205493,0.26416300720441865,BTC,1.0,1
btc_hodl,buy_and_hold,,2025-07-10,0.03709396386667496,1.2575009037233391,0.3317163514546603,BTC,1.0,1
btc_hodl,buy_and_hold,,2025-07-11,0.010623482815894425,1.2708599429650158,0.373442841390614,BTC,1.0,1
btc_hodl,buy_and_hold,,2025-07-12,0.009715365701029599,1.2832068120657105,0.19676817771636382,BTC,1.0,1
btc_hodl,buy_and_hold,,2025-07-13,0.012069613121322265,1.298694621841989,0.15834808913797435,BTC,1.0,1
btc_hodl,buy_and_hold,,2025-07-14,0.01349679590271502,1.3162228380929442,0.3592688491668707,BTC,1.0,1
btc_hodl,buy_and_hold,,2025-07-15,-0.018486420506560908,1.291890589227619,0.4771872370596441,BTC,1.0,1
btc_hodl,buy_and_hold,,2025-07-16,0.0023566574017090947,1.2949351327469205,0.3391527853963455,BTC,1.0,1
btc_hodl,buy_and_hold,,2025-07-17,0.0072146401985120345,1.304277623810102,0.3494766150831788,BTC,1.0,1
btc_hodl,buy_and_hold,,2025-07-18,-0.007581776636303772,1.2943888821946448,0.5547619498795316,BTC,1.0,1
btc_hodl,buy_and_hold,,2025-07-19,0.0018866519375417834,1.2968309434871699,0.16306529338152342,BTC,1.0,1
btc_hodl,buy_and_hold,,2025-07-20,-0.00932257984588003,1.2847411334699028,0.16468961937810508,BTC,1.0,1
btc_hodl,buy_and_hold,,2025-07-21,0.0008128505417952514,1.2857854359963106,0.25565706154490647,BTC,1.0,1
btc_hodl,buy_and_hold,,2025-07-22,0.01543786431422789,1.305635217094432,0.34088760971918824,BTC,1.0,1
btc_hodl,buy_and_hold,,2025-07-23,-0.0032793542194782255,1.3013535767361541,0.3074039194070126,BTC,1.0,1
btc_hodl,buy_and_hold,,2025-07-24,-0.005864233729836021,1.2937221351970152,0.31421604967232586,BTC,1.0,1
btc_hodl,buy_and_hold,,2025-07-25,-0.005271687498833333,1.286902036389933,0.3284009466887127,BTC,1.0,1
btc_hodl,buy_and_hold,,2025-07-26,0.0047253433208489515,1.292983090332175,0.1214709575811416,BTC,1.0,1
btc_hodl,buy_and_hold,,2025-07-27,0.010120715470592456,1.3060690042977143,0.1699296571935944,BTC,1.0,1
btc_hodl,buy_and_hold,,2025-07-28,-0.0006335108803985356,1.3052415953729404,0.20691720419023021,BTC,1.0,1
btc_hodl,buy_and_hold,,2025-07-29,0.004782038736357963,1.3114833112423194,0.2550970775010624,BTC,1.0,1
btc_hodl,buy_and_hold,,2025-07-30,-0.0008514026705865874,1.310366710848698,0.20231728695021045,BTC,1.0,1
btc_hodl,buy_and_hold,,2025-07-31,-0.012309880395533268,1.2942362533638623,0.18258743995606372,BTC,1.0,1
btc_hodl,buy_and_hold,,2025-08-01,-0.019135637720109733,1.2694702172952592,0.3741556202421605,BTC,1.0,1
btc_hodl,buy_and_hold,,2025-08-02,-0.004005568562933659,1.2643852673012808,0.21987400319724873,BTC,1.0,1
btc_hodl,buy_and_hold,,2025-08-03,0.01846922114144678,1.2877374784110553,0.21747680217703666,BTC,1.0,1
btc_hodl,buy_and_hold,,2025-08-04,0.00028695478590790024,1.2881070008434785,0.225188004283312,BTC,1.0,1
btc_hodl,buy_and_hold,,2025-08-05,-0.0021702525724978106,1.2853114833112456,0.23510623555068133,BTC,1.0,1
btc_hodl,buy_and_hold,,2025-08-06,-1.2499843751623274e-05,1.285295417118532,0.2307612374393817,BTC,1.0,1
btc_hodl,buy_and_hold,,2025-08-07,0.011737499999998624,1.300381572076959,0.21435863375001932,BTC,1.0,1
btc_hodl,buy_and_hold,,2025-08-08,-0.011558086954373104,1.285351648793029,0.18838926876616388,BTC,1.0,1
btc_hodl,buy_and_hold,,2025-08-09,0.0008374633609784521,1.2864280837048665,0.1420215933227689,BTC,1.0,1
btc_hodl,buy_and_hold,,2025-08-10,0.023223284480552886,1.3163031690565172,0.26635974573957566,BTC,1.0,1
btc_hodl,buy_and_hold,,2025-08-11,0.0026547052361782786,1.3197975659718097,0.32320433074409455,BTC,1.0,1
btc_hodl,buy_and_hold,,2025-08-12,0.0002738975623099993,1.3201590553078721,0.256417692798948,BTC,1.0,1
btc_hodl,buy_and_hold,,2025-08-13,0.023013265181942133,1.3505402257300143,0.284872235496114,BTC,1.0,1
btc_hodl,buy_and_hold,,2025-08-14,-0.02101450137399985,1.322159296300769,0.4178610514090176,BTC,1.0,1
btc_hodl,buy_and_hold,,2025-08-15,-0.004751228818452247,1.3158774149496002,0.2458874936477859,BTC,1.0,1
btc_hodl,buy_and_hold,,2025-08-16,-0.004584663659060739,1.309844559585502,0.12590131843534458,BTC,1.0,1
btc_hodl,buy_and_hold,,2025-08-17,0.0006930134432319157,1.310752299473839,0.1210768131924437,BTC,1.0,1
btc_hodl,buy_and_hold,,2025-08-18,-0.01014898663349062,1.297449491906662,0.2819466586984101,BTC,1.0,1
btc_hodl,buy_and_hold,,2025-08-19,-0.02625175682452585,1.2633891633530236,0.2594199851053689,BTC,1.0,1
btc_hodl,buy_and_hold,,2025-08-20,0.012576856803138803,1.279278627947152,0.3074356501427621,BTC,1.0,1
btc_hodl,buy_and_hold,,2025-08-21,-0.009111402754141573,1.2676226051331598,0.21815981724276465,BTC,1.0,1
btc_hodl,buy_and_hold,,2025-08-22,0.02124841571609748,1.2945575772181517,0.43862887921955024,BTC,1.0,1
btc_hodl,buy_and_hold,,2025-08-23,-0.008923197210106482,1.2830059846567965,0.177634510616077,BTC,1.0,1
btc_hodl,buy_and_hold,,2025-08-24,-0.013236076761731552,1.2660240189581182,0.25774791992253504,BTC,1.0,1
btc_hodl,buy_and_hold,,2025-08-25,-0.011268964029413575,1.2517572398281056,0.3489622739941589,BTC,1.0,1
btc_hodl,buy_and_hold,,2025-08-26,0.0053778276913227785,1.258488974575267,0.3497142124583913,BTC,1.0,1
btc_hodl,buy_and_hold,,2025-08-27,-0.0067278170340182575,1.2500220910149953,0.29832806699079095,BTC,1.0,1
btc_hodl,buy_and_hold,,2025-08-28,0.0068505035055821395,1.2585853717315487,0.24288245105147915,BTC,1.0,1
btc_hodl,buy_and_hold,,2025-08-29,-0.02920057443753099,1.221833955898314,0.33185160251118284,BTC,1.0,1
btc_hodl,buy_and_hold,,2025-08-30,-0.002228796844179315,1.2191107362332967,0.2336936186952064,BTC,1.0,1
btc_hodl,buy_and_hold,,2025-08-31,-0.0063125572446156575,1.2114150299232984,0.18020386756411605,BTC,1.0,1
btc_hodl,buy_and_hold,,2025-09-01,0.011219935942919035,1.2250070289593271,0.34239751755202996,BTC,1.0,1
btc_hodl,buy_and_hold,,2025-09-02,0.016400537722547348,1.2450978029481603,0.3592925440653053,BTC,1.0,1
btc_hodl,buy_and_hold,,2025-09-03,-0.0005419494696647931,1.2444230228541717,0.2626238244268123,BTC,1.0,1
btc_hodl,buy_and_hold,,2025-09-04,0.0036536872546966137,1.248969755392225,0.2778690402239265,BTC,1.0,1
btc_hodl,buy_and_hold,,2025-09-05,-0.00331236573663074,1.2448327107683756,0.30501849730521957,BTC,1.0,1
btc_hodl,buy_and_hold,,2025-09-06,-0.004117111826694275,1.2397075952926153,0.12447882932955837,BTC,1.0,1
btc_hodl,buy_and_hold,,2025-09-07,0.004484043414874073,1.2452664979716566,0.14221012764018476,BTC,1.0,1
btc_hodl,buy_and_hold,,2025-09-08,0.006786352464566603,1.2537173153392087,0.2106815284851029,BTC,1.0,1
btc_hodl,buy_and_hold,,2025-09-09,-0.0042801581351862295,1.2483512069727358,0.2071034031827648,BTC,1.0,1
btc_hodl,buy_and_hold,,2025-09-10,0.02106807549501366,1.274651564445529,0.2314472798676639,BTC,1.0,1
btc_hodl,buy_and_hold,,2025-09-11,0.012068693871118308,1.290034943969164,0.22174784246209403,BTC,1.0,1
btc_hodl,buy_and_hold,,2025-09-12,0.0029765240675010407,1.2938747640278057,0.20592254819642755,BTC,1.0,1
btc_hodl,buy_and_hold,,2025-09-13,-0.0029056050860503113,1.2901152749327343,0.12505378411288245,BTC,1.0,1
btc_hodl,buy_and_hold,,2025-09-14,-0.0021170610211717067,1.287384022171356,0.15308020192254562,BTC,1.0,1
btc_hodl,buy_and_hold,,2025-09-15,0.002265069262449071,1.2903000361489443,0.24306514595383474,BTC,1.0,1
btc_hodl,buy_and_hold,,2025-09-16,0.010428145408815759,1.3037554725469058,0.1909952653132514,BTC,1.0,1
btc_hodl,buy_and_hold,,2025-09-17,-0.005409801722760399,1.2967024139454633,0.267439187653121,BTC,1.0,1
btc_hodl,buy_and_hold,,2025-09-18,0.006579110395245058,1.3052335622765912,0.18477635550200108,BTC,1.0,1
btc_hodl,buy_and_hold,,2025-09-19,-0.002024839674552137,1.3025906735751365,0.15378150556474424,BTC,1.0,1
btc_hodl,buy_and_hold,,2025-09-20,0.00011717328695803886,1.3027433024059203,0.07400967968166486,BTC,1.0,1
btc_hodl,buy_and_hold,,2025-09-21,-0.004291739634460723,1.2971522673414566,0.09168224104352053,BTC,1.0,1
btc_hodl,buy_and_hold,,2025-09-22,-0.004681810299983269,1.2910792464955707,0.2559193781623731,BTC,1.0,1
btc_hodl,buy_and_hold,,2025-09-23,-0.006794425087109701,1.2823071052737345,0.23251611850952988,BTC,1.0,1
btc_hodl,buy_and_hold,,2025-09-24,0.0069599318415316525,1.2912318753263514,0.2164948870438957,BTC,1.0,1
btc_hodl,buy_and_hold,,2025-09-25,-0.016106856456740815,1.2704341888581017,0.252961042885359,BTC,1.0,1
btc_hodl,buy_and_hold,,2025-09-26,-0.00013278533038196816,1.2702654938346056,0.23264559115410732,BTC,1.0,1
btc_hodl,buy_and_hold,,2025-09-27,-0.0015051002662358481,1.268353616901645,0.08871505560163016,BTC,1.0,1
btc_hodl,buy_and_hold,,2025-09-28,0.0182530986566658,1.2915050006024895,0.16035346500069467,BTC,1.0,1
btc_hodl,buy_and_hold,,2025-09-29,0.01390780790306767,1.3094670040567202,0.2557672562544398,BTC,1.0,1
btc_hodl,buy_and_hold,,2025-09-30,-0.001110368139182416,1.308013013616105,0.22409094979370164,BTC,1.0,1
btc_hodl,buy_and_hold,,2025-10-01,0.03483430368241347,1.3535767361529571,0.24985842705184128,BTC,1.0,1
btc_hodl,buy_and_hold,,2025-10-02,0.01338872403560809,1.3716994015343282,0.2621278142991267,BTC,1.0,1
btc_hodl,buy_and_hold,,2025-10-03,0.01599358148469099,1.3936377876852692,0.3707700534227317,BTC,1.0,1
btc_hodl,buy_and_hold,,2025-10-04,0.008657709223167664,1.405703498413467,0.16843199117906069,BTC,1.0,1
btc_hodl,buy_and_hold,,2025-10-05,0.011669304927737878,1.4221070811744418,0.3805611798195179,BTC,1.0,1
btc_hodl,buy_and_hold,,2025-10-06,0.0037902966147180805,1.427497288829984,0.25507118539132134,BTC,1.0,1
btc_hodl,buy_and_hold,,2025-10-07,-0.011659970062236957,1.410852713178302,0.32869983970692074,BTC,1.0,1
btc_hodl,buy_and_hold,,2025-10-08,0.013739110630300644,1.4302365746877184,0.2458211093540477,BTC,1.0,1
btc_hodl,buy_and_hold,,2025-10-09,-0.0009548255196775157,1.4288709483070303,0.24477771015801994,BTC,1.0,1
btc_hodl,buy_and_hold,,2025-10-10,-0.03329903920212807,1.3812909185845725,0.7238164769743456,BTC,1.0,1
btc_hodl,buy_and_hold,,2025-10-11,-0.00906077348066181,1.3687753544603825,0.6886916075342094,BTC,1.0,1
btc_hodl,buy_and_hold,,2025-10-12,0.020171134795061496,1.3963851066393609,0.44370036025195386,BTC,1.0,1
btc_hodl,buy_and_hold,,2025-10-13,-0.012276432586047159,1.3792424790135425,0.35162762788314483,BTC,1.0,1
btc_hodl,buy_and_hold,,2025-10-14,-0.009347971693994261,1.3663493593605693,0.39002867741253633,BTC,1.0,1
btc_hodl,buy_and_hold,,2025-10-15,-0.008524898583101903,1.3547013696429342,0.32640303149298294,BTC,1.0,1
btc_hodl,buy_and_hold,,2025-10-16,-0.01980550284629945,1.3278708278105853,0.3718172583437719,BTC,1.0,1
btc_hodl,buy_and_hold,,2025-10-17,-0.010048396854205888,1.3145278547616217,0.4931680827542842,BTC,1.0,1
btc_hodl,buy_and_hold,,2025-10-18,0.00012222025311747764,1.3146885166887605,0.22674488995199213,BTC,1.0,1
btc_hodl,buy_and_hold,,2025-10-19,0.00742397301706732,1.3244487287625062,0.3126460735162236,BTC,1.0,1
btc_hodl,buy_and_hold,,2025-10-20,0.006592913376272325,1.3331807045025514,0.37274499754665263,BTC,1.0,1
btc_hodl,buy_and_hold,,2025-10-21,-0.017232964371147297,1.310206048921558,0.49406758861793637,BTC,1.0,1
btc_hodl,buy_and_hold,,2025-10-22,-0.00036787021538575715,1.3097240631401414,0.3333542950828577,BTC,1.0,1
btc_hodl,buy_and_hold,,2025-10-23,0.01632104807992829,1.3311001325460907,0.3247952511879783,BTC,1.0,1
btc_hodl,buy_and_hold,,2025-10-24,0.0005672834365317847,1.3318552436036493,0.2851251838497801,BTC,1.0,1
btc_hodl,buy_and_hold,,2025-10-25,0.003220825592899823,1.3361449170582858,0.12800283981568544,BTC,1.0,1
btc_hodl,buy_and_hold,,2025-10-26,0.019533457584319347,1.3622444471221478,0.26731871327407636,BTC,1.0,1
btc_hodl,buy_and_hold,,2025-10-27,-0.004004033518300809,1.3567899746957515,0.24987761660914107,BTC,1.0,1
btc_hodl,buy_and_hold,,2025-10-28,-0.00473653049141709,1.350363497610156,0.3086849977373558,BTC,1.0,1
btc_hodl,buy_and_hold,,2025-10-29,-0.022212968471150285,1.3203679158131494,0.38217177090555443,BTC,1.0,1
btc_hodl,buy_and_hold,,2025-10-30,-0.0006570701970004533,1.319500341406593,0.48058159079997526,BTC,1.0,1
btc_hodl,buy_and_hold,,2025-10-31,0.00043833481474297997,1.3200787243442966,0.3922691321530774,BTC,1.0,1
btc_hodl,buy_and_hold,,2025-11-01,-0.002020324955879449,1.3174117363537783,0.15006708621247297,BTC,1.0,1
btc_hodl,buy_and_hold,,2025-11-02,5.487871803255828e-05,1.3174840342209904,0.1590882206079233,BTC,1.0,1
btc_hodl,buy_and_hold,,2025-11-03,-0.03348027828080258,1.2733743021247572,0.4494233225666017,BTC,1.0,1
btc_hodl,buy_and_hold,,2025-11-04,-0.033851472406573935,1.2302687070731406,0.7224146866630003,BTC,1.0,1
btc_hodl,buy_and_hold,,2025-11-05,0.01862226575253012,1.2531790978832784,0.6675835114200473,BTC,1.0,1
btc_hodl,buy_and_hold,,2025-11-06,-0.029454750580120148,1.2162670201229064,0.5017450058063564,BTC,1.0,1
btc_hodl,buy_and_hold,,2025-11-07,0.016921278408530194,1.2368478129895195,0.49171565086726077,BTC,1.0,1
btc_hodl,buy_and_hold,,2025-11-08,-0.009255109794830352,1.2254006506808057,0.28936020623858355,BTC,1.0,1
btc_hodl,buy_and_hold,,2025-11-09,0.01839469267883298,1.247941519058521,0.3876399998249672,BTC,1.0,1
btc_hodl,buy_and_hold,,2025-11-10,0.01045381396845979,1.260987267542276,0.36356668490384597,BTC,1.0,1
btc_hodl,buy_and_hold,,2025-11-11,-0.015887981449156152,1.2409527252279422,0.4153490981401673,BTC,1.0,1
btc_hodl,buy_and_hold,,2025-11-12,-0.007632055929568615,1.231481704623052,0.3292453500076164,BTC,1.0,1
btc_hodl,buy_and_hold,,2025-11-13,-0.013444139307635883,1.2149254930312947,0.4783138783305558,BTC,1.0,1
btc_hodl,buy_and_hold,,2025-11-14,-0.04849907431896405,1.1560027312527659,0.6167012391972548,BTC,1.0,1
btc_hodl,buy_and_hold,,2025-11-15,0.002501650394355792,1.1588946459412808,0.32101906306655065,BTC,1.0,1
btc_hodl,buy_and_hold,,2025-11-16,-0.027310851557896476,1.1272442462947374,0.40324593599622455,BTC,1.0,1
btc_hodl,buy_and_hold,,2025-11-17,-0.018136468911455816,1.1068000160661955,0.5737917736736928,BTC,1.0,1
btc_hodl,buy_and_hold,,2025-11-18,-0.00037015532007589336,1.1063903281519885,0.6333186805962244,BTC,1.0,1
btc_hodl,buy_and_hold,,2025-11-19,-0.008284384552272206,1.0972245652086627,0.5547011339413646,BTC,1.0,1
btc_hodl,buy_and_hold,,2025-11-20,-0.04723694614460805,1.04539502751336,0.6188791777172973,BTC,1.0,1
btc_hodl,buy_and_hold,,2025-11-21,-0.015983279031166808,1.0286861870908197,0.9131189838164805,BTC,1.0,1
btc_hodl,buy_and_hold,,2025-11-22,-0.005692821890422972,1.0228300598465734,0.36950844001751604,BTC,1.0,1
btc_hodl,buy_and_hold,,2025-11-23,0.03608818239650513,1.0597421376069447,0.47183682599920246,BTC,1.0,1
btc_hodl,buy_and_hold,,2025-11-24,0.004396537347827856,1.0644013334940006,0.6394456755546435,BTC,1.0,1
btc_hodl,buy_and_hold,,2025-11-25,-0.013577153552396415,1.049949793147777,0.4632651479364081,BTC,1.0,1
btc_hodl,buy_and_hold,,2025-11-26,0.036273077129060916,1.0880347029762678,0.44047069868625316,BTC,1.0,1
btc_hodl,buy_and_hold,,2025-11-27,0.01140692832462098,1.1004458368478183,0.4461220835196986,BTC,1.0,1
btc_hodl,buy_and_hold,,2025-11-28,-0.005051500485438454,1.0948869341687828,0.3660778692286421,BTC,1.0,1
btc_hodl,buy_and_hold,,2025-11-29,-0.002201075592272672,1.0924770052616857,0.2077761971246728,BTC,1.0,1
btc_hodl,buy_and_hold,,2025-11-30,-0.0014485613653250073,1.0908944852793576,0.2243692244563467,BTC,1.0,1
btc_hodl,buy_and_hold,,2025-12-01,-0.04877761413843906,1.03768325501065,0.6914456300946101,BTC,1.0,1
btc_hodl,buy_and_hold,,2025-12-02,0.05236266798786193,1.0920191187693367,0.5243492939856147,BTC,1.0,1
btc_hodl,buy_and_hold,,2025-12-03,0.021693394144474354,1.1157087199261013,0.49094462677585854,BTC,1.0,1
btc_hodl,buy_and_hold,,2025-12-04,-0.010576791538564834,1.103908101377684,0.4160826514036077,BTC,1.0,1
btc_hodl,buy_and_hold,,2025-12-05,-0.027099403289186808,1.0739928505442495,0.496133771093611,BTC,1.0,1
btc_hodl,buy_and_hold,,2025-12-06,-0.0006731689803733953,1.0732698718721203,0.22305533054659046,BTC,1.0,1
btc_hodl,buy_and_hold,,2025-12-07,0.011099800907145019,1.0851829537695379,0.43231035820284675,BTC,1.0,1
btc_hodl,buy_and_hold,,2025-12-08,-0.0006588249228319798,1.084468008193762,0.38722882233645917,BTC,1.0,1
btc_hodl,buy_and_hold,,2025-12-09,0.015681481481484072,1.1014740731815145,0.43828915559989,BTC,1.0,1
btc_hodl,buy_and_hold,,2025-12-10,-0.003048491434322953,1.0981162389042918,0.4337638055760795,BTC,1.0,1
btc_hodl,buy_and_hold,,2025-12-11,0.006225356440061169,1.1049524039040903,0.533066401671456,BTC,1.0,1
btc_hodl,buy_and_hold,,2025-12-12,-0.01984732824427593,1.083022050849504,0.41469048929482105,BTC,1.0,1
btc_hodl,buy_and_hold,,2025-12-13,-0.000571131879543274,1.0824035024300156,0.14528111949585984,BTC,1.0,1
btc_hodl,buy_and_hold,,2025-12-14,-0.021693149180292526,1.0589227617785302,0.2687333545707387,BTC,1.0,1
btc_hodl,buy_and_hold,,2025-12-15,-0.020634198148991145,1.037072739687515,0.4304212110485968,BTC,1.0,1
btc_hodl,buy_and_hold,,2025-12-16,0.011014717273432284,1.048495802707157,0.4241048028011512,BTC,1.0,1
btc_hodl,buy_and_hold,,2025-12-17,-0.014120224942919313,1.033690806121225,0.7096754075898125,BTC,1.0,1
btc_hodl,buy_and_hold,,2025-12-18,-0.011237264821767012,1.022074948789015,0.5483940796183336,BTC,1.0,1
btc_hodl,buy_and_hold,,2025-12-19,0.03167417258101435,1.0544483271076897,0.5402331108507052,BTC,1.0,1
btc_hodl,buy_and_hold,,2025-12-20,0.0026435476867061602,1.0572358115435663,0.19046076379828497,BTC,1.0,1
btc_hodl,buy_and_hold,,2025-12-21,0.0031380594179790666,1.0605534803390053,0.23068801652175128,BTC,1.0,1
btc_hodl,buy_and_hold,,2025-12-22,0.0004999128939635611,1.0610836646985646,0.3690933372919227,BTC,1.0,1
btc_hodl,buy_and_hold,,2025-12-23,-0.012559713526486993,1.0477567578423157,0.3543838055415598,BTC,1.0,1
btc_hodl,buy_and_hold,,2025-12-24,-0.009300007666948051,1.0380126119612856,0.23524225910613725,BTC,1.0,1
btc_hodl,buy_and_hold,,2025-12-25,-0.0054404606205075146,1.03236534522232,0.21034748528890004,BTC,1.0,1
btc_hodl,buy_and_hold,,2025-12-26,-0.0028245949857592656,1.0294493312447335,0.39729013870393853,BTC,1.0,1
btc_hodl,buy_and_hold,,2025-12-27,0.0016855116230065637,1.031184480057843,0.09370095982631277,BTC,1.0,1
btc_hodl,buy_and_hold,,2025-12-28,-0.0033887214003591737,1.0276900831425526,0.11957700292228209,BTC,1.0,1
btc_hodl,buy_and_hold,,2025-12-29,-0.006112622330611717,1.0214082017913872,0.3691160314473065,BTC,1.0,1
btc_hodl,buy_and_hold,,2025-12-30,0.010625245772708292,1.0322609149696809,0.3066671823389822,BTC,1.0,1
btc_hodl,buy_and_hold,,2025-12-31,-0.0036653411257460133,1.0284773265855423,0.18682581646375535,BTC,1.0,1
btc_hodl,buy_and_hold,,2026-01-01,0.0060610794345064,1.034711009358566,0.13436865396171266,BTC,1.0,1
btc_hodl,buy_and_hold,,2026-01-02,0.01047311460645961,1.045547656344144,0.3958745376875122,BTC,1.0,1
btc_hodl,buy_and_hold,,2026-01-03,0.0071069109907409,1.0529782704743595,0.18264522954675066,BTC,1.0,1
btc_hodl,buy_and_hold,,2026-01-04,0.01073390296002752,1.064280837048649,0.25221099445783957,BTC,1.0,1
btc_hodl,buy_and_hold,,2026-01-05,0.027866885052870716,1.0939390287986568,0.296304727057296,BTC,1.0,1
btc_hodl,buy_and_hold,,2026-01-06,-0.000301074321295669,1.0936096718480224,0.39006911926086685,BTC,1.0,1
btc_hodl,buy_and_hold,,2026-01-07,-0.023343959805492753,1.068080491625504,0.29879912245950263,BTC,1.0,1
btc_hodl,buy_and_hold,,2026-01-08,0.0018050541516234642,1.0700084347511807,0.3149977347727762,BTC,1.0,1
btc_hodl,buy_and_hold,,2026-01-09,0.0026276276276286925,1.0728200184761285,0.3975416982498183,BTC,1.0,1
btc_hodl,buy_and_hold,,2026-01-10,-0.00014226881317991324,1.0726673896453442,0.08664079723363968,BTC,1.0,1
btc_hodl,buy_and_hold,,2026-01-11,0.0019396245066714002,1.0747479616018076,0.17897094891517246,BTC,1.0,1
btc_hodl,buy_and_hold,,2026-01-12,0.006061738545481532,1.081262802747327,0.3581409417858676,BTC,1.0,1
btc_hodl,buy_and_hold,,2026-01-13,0.04008142584378804,1.1246013575932905,0.42461740371954876,BTC,1.0,1
btc_hodl,buy_and_hold,,2026-01-14,0.014528986542475364,1.1409406755834128,0.36811598441296856,BTC,1.0,1
btc_hodl,buy_and_hold,,2026-01-15,-0.007927902555800892,1.1318954090854378,0.3644647196370401,BTC,1.0,1
btc_hodl,buy_and_hold,,2026-01-16,0.0006813149378330774,1.1326665863357124,0.2853302452224378,BTC,1.0,1
btc_hodl,buy_and_hold,,2026-01-17,-0.003546099290783311,1.1286500381572133,0.11097431255460599,BTC,1.0,1
btc_hodl,buy_and_hold,,2026-01-18,-0.013494661921708784,1.113419287464358,0.2188956351914435,BTC,1.0,1
btc_hodl,buy_and_hold,,2026-01-19,-0.011219012438312581,1.1009278226292383,0.27886241942527445,BTC,1.0,1
btc_hodl,buy_and_hold,,2026-01-20,-0.03794993031689042,1.0591476884765327,0.410274853119646,BTC,1.0,1
btc_hodl,buy_and_hold,,2026-01-21,0.004967841757174796,1.0644093665903616,0.5508791374061456,BTC,1.0,1
btc_hodl,buy_and_hold,,2026-01-22,0.0029659705817979276,1.0675663734586587,0.3418551782034354,BTC,1.0,1
btc_hodl,buy_and_hold,,2026-01-23,-0.006885083072478704,1.060216090292011,0.3474488011514167,BTC,1.0,1
btc_hodl,buy_and_hold,,2026-01-24,-0.002220016517530121,1.0578623930594115,0.11228069015237513,BTC,1.0,1
btc_hodl,buy_and_hold,,2026-01-25,-0.024360609926491472,1.0320922199461864,0.3016356976568663,BTC,1.0,1
btc_hodl,buy_and_hold,,2026-01-26,0.00830479452054722,1.0406635337590948,0.3452139896280326,BTC,1.0,1
btc_hodl,buy_and_hold,,2026-01-27,0.0010420928311725142,1.0417480017672878,0.3469276938123413,BTC,1.0,1
btc_hodl,buy_and_hold,,2026-01-28,-0.0046421245816666845,1.0369120777603817,0.30587119506709737,BTC,1.0,1
btc_hodl,buy_and_hold,,2026-01-29,-0.03747288503253943,0.9980559906816154,0.444415173729739,BTC,1.0,1
btc_hodl,buy_and_hold,,2026-01-30,0.007018504060590125,1.0050608507049106,0.5899965496679166,BTC,1.0,1
btc_hodl,buy_and_hold,,2026-01-31,-0.05994485073731859,0.9448126280274822,0.6967824574289153,BTC,1.0,1
btc_hodl,buy_and_hold,,2026-02-01,-0.03523360115631613,0.911523476724111,0.7130164370219529,BTC,1.0,1
btc_hodl,buy_and_hold,,2026-02-02,0.030501185324885105,0.9393260232156567,0.7495793661654372,BTC,1.0,1
btc_hodl,buy_and_hold,,2026-02-03,-0.0429993500496022,0.8989356147327059,0.7584099401076634,BTC,1.0,1
btc_hodl,buy_and_hold,,2026-02-04,-0.035333857592219964,0.8671727517371658,0.7983958322934955,BTC,1.0,1
btc_hodl,buy_and_hold,,2026-02-05,-0.13750810560444737,0.7479294694139924,1.3152530865474008,BTC,1.0,1
btc_hodl,buy_and_hold,,2026-02-06,0.12355809507443039,0.8403422099048147,1.4620467936948243,BTC,1.0,1
btc_hodl,buy_and_hold,,2026-02-07,-0.02026574897237321,0.8233120456279943,0.8022840418424192,BTC,1.0,1
btc_hodl,buy_and_hold,,2026-02-08,0.02061664552639475,0.8402859782303176,0.581231607225098,BTC,1.0,1
btc_hodl,buy_and_hold,,2026-02-09,-0.009789394185637734,0.8320600875607568,0.5908638095051716,BTC,1.0,1
btc_hodl,buy_and_hold,,2026-02-10,-0.013892777493504704,0.8205004619030491,0.5588227973044603,BTC,1.0,1
btc_hodl,buy_and_hold,,2026-02-11,-0.029156060309382448,0.7965779009519277,0.7390807943918102,BTC,1.0,1
btc_hodl,buy_and_hold,,2026-02-12,-0.0198967346362513,0.7807286018395851,0.5568894909724713,BTC,1.0,1
btc_hodl,buy_and_hold,,2026-02-13,0.03709267509697556,0.8096879142065369,0.47059336712434324,BTC,1.0,1
btc_hodl,buy_and_hold,,2026-02-14,0.020298827311152845,0.8261236293529429,0.34957974245916723,BTC,1.0,1
btc_hodl,buy_and_hold,,2026-02-15,-0.008168028004670536,0.819375828413068,0.5320230729169427,BTC,1.0,1
btc_hodl,buy_and_hold,,2026-02-16,-0.0009019607843098187,0.818636783548228,0.4625610860432568,BTC,1.0,1
btc_hodl,buy_and_hold,,2026-02-17,-0.018654080150725005,0.8033658673735876,0.42992754803587924,BTC,1.0,1
btc_hodl,buy_and_hold,,2026-02-18,-0.013859029867909212,0.7922319958227982,0.45833338369271676,BTC,1.0,1
btc_hodl,buy_and_hold,,2026-02-19,0.0012269192159863884,0.7932040004819925,0.38067176822812093,BTC,1.0,1
btc_hodl,buy_and_hold,,2026-02-20,0.013803649915942628,0.8041531108165711,0.4504020115161506,BTC,1.0,1
btc_hodl,buy_and_hold,,2026-02-21,-0.0011987413216084652,0.8031891392537354,0.21331687977072375,BTC,1.0,1
btc_hodl,buy_and_hold,,2026-02-22,-0.0045806871030691365,0.7995099811222306,0.2093034483266235,BTC,1.0,1
btc_hodl,buy_and_hold,,2026-02-23,-0.04146613481768391,0.7663573924569322,0.5453288231862132,BTC,1.0,1
btc_hodl,buy_and_hold,,2026-02-24,-0.01633123689727556,0.7538418283327397,0.5021271142682832,BTC,1.0,1
btc_hodl,buy_and_hold,,2026-02-25,0.041804309371072046,0.7853556653412161,0.6443429445618634,BTC,1.0,1
btc_hodl,buy_and_hold,,2026-02-26,-0.002925382294275636,0.7830581997831179,0.5050847289214361,BTC,1.0,1
btc_hodl,buy_and_hold,,2026-02-27,-0.013336205746880436,0.7726151745190284,0.46095563317074556,BTC,1.0,1
btc_hodl,buy_and_hold,,2026-02-28,0.015897441229373976,0.7848977788488672,0.698473466742078,BTC,1.0,1
btc_hodl,buy_and_hold,,2026-03-01,-0.017009866131739382,0.7715467727035484,0.6360461843955643,BTC,1.0,1
btc_hodl,buy_and_hold,,2026-03-02,0.04900776711159249,0.8093585572559048,0.7034930146256786,BTC,1.0,1
btc_hodl,buy_and_hold,,2026-03-03,-0.004545770349271616,0.8056793991244017,0.6315098148735059,BTC,1.0,1
btc_hodl,buy_and_hold,,2026-03-04,0.05121890423251485,0.8469454151102646,0.6851849951711897,BTC,1.0,1
btc_hodl,buy_and_hold,,2026-03-05,-0.014767812428865823,0.8344378840824282,0.5828267153006887,BTC,1.0,1
btc_hodl,buy_and_hold,,2026-03-06,-0.02945848375451321,0.8098566092300357,0.5014072073681342,BTC,1.0,1
btc_hodl,buy_and_hold,,2026-03-07,-0.014134801368842265,0.798409446921325,0.27565494341187835,BTC,1.0,1
btc_hodl,buy_and_hold,,2026-03-08,-0.015534762048496797,0.7860063461461303,0.3799485484902374,BTC,1.0,1
btc_hodl,buy_and_hold,,2026-03-09,0.026664350101179624,0.8069646945415198,0.5382417498978644,BTC,1.0,1
btc_hodl,buy_and_hold,,2026-03-10,0.01903339803892279,0.8223239747760863,0.5777560346878015,BTC,1.0,1
btc_hodl,buy_and_hold,,2026-03-11,0.004454560551742315,0.8259870667148759,0.5045550665075601,BTC,1.0,1
btc_hodl,buy_and_hold,,2026-03-12,0.0036567693998428297,0.8290075109451048,0.3705895823543541,BTC,1.0,1
btc_hodl,buy_and_hold,,2026-03-13,0.011472979389331561,0.8385186970317791,0.505180308812084,BTC,1.0,1
btc_hodl,buy_and_hold,,2026-03-14,0.007635342919823707,0.8449210748283004,0.23438009619704908,BTC,1.0,1
btc_hodl,buy_and_hold,,2026-03-15,0.018254420992583675,0.8603446198337225,0.31804324645795995,BTC,1.0,1
btc_hodl,buy_and_hold,,2026-03-16,0.025536881419234936,0.8823151383700929,0.5510338978960098,BTC,1.0,1
btc_hodl,buy_and_hold,,2026-03-17,-0.006628124004185665,0.8764670442222057,0.5413084117150957,BTC,1.0,1
btc_hodl,buy_and_hold,,2026-03-18,-0.02951231360041373,0.8506004739526922,0.42562297987008896,BTC,1.0,1
btc_hodl,buy_and_hold,,2026-03-19,-0.01707480616128232,0.8360766357392552,0.5039633969288776,BTC,1.0,1
btc_hodl,buy_and_hold,,2026-03-20,0.012692281824381535,0.8466883560268386,0.4315183894697369,BTC,1.0,1
btc_hodl,buy_and_hold,,2026-03-21,-0.017144212523715896,0.8321725509097588,0.301814779558039,BTC,1.0,1
btc_hodl,buy_and_hold,,2026-03-22,-0.014296332763799158,0.8202755352050534,0.37942081002419853,BTC,1.0,1
btc_hodl,buy_and_hold,,2026-03-23,0.03440340018802912,0.8484958027071625,0.7178007026184905,BTC,1.0,1
btc_hodl,buy_and_hold,,2026-03-24,-0.004052071005918201,0.8450576374663695,0.3872364565038873,BTC,1.0,1
btc_hodl,buy_and_hold,,2026-03-25,0.01245282660151803,0.8555809936940266,0.3999772703534038,BTC,1.0,1
btc_hodl,buy_and_hold,,2026-03-26,-0.02634568619902844,0.8330401253163109,0.34987589779345923,BTC,1.0,1
btc_hodl,buy_and_hold,,2026-03-27,-0.025911032680494772,0.8114551954050765,0.4354265764682181,BTC,1.0,1
btc_hodl,buy_and_hold,,2026-03-28,-0.0012077533807169916,0.8104751576495256,0.2776035408919177,BTC,1.0,1
btc_hodl,buy_and_hold,,2026-03-29,-0.003726757324662988,0.8074547134192979,0.4578941177082309,BTC,1.0,1
btc_hodl,buy_and_hold,,2026-03-30,0.009590512953160157,0.8151986183074359,0.4472226952058399,BTC,1.0,1
minimum_variance,enter_once_then_drift,7,2025-03-01,0.006964304334941218,1.0069643043349412,0.40660209932131935,BTC,0.2558795426424322,8
minimum_variance,enter_once_then_drift,7,2025-03-02,0.0871156078433335,1.0946866117836191,0.6862479014575632,BTC,0.2620749935709441,8
minimum_variance,enter_once_then_drift,7,2025-03-03,-0.09675255902204816,0.9887728807663786,0.8044948683345865,BTC,0.26366429133212366,8
minimum_variance,enter_once_then_drift,7,2025-03-04,-0.012118110404173876,0.9767908218325986,0.9112684589514396,BTC,0.2678916421326102,8
minimum_variance,enter_once_then_drift,7,2025-03-05,0.016736505929024093,0.9931388872136161,0.5083784606934486,BTC,0.27353599738170825,8
minimum_variance,enter_once_then_drift,7,2025-03-06,-0.012507234673078238,0.9807174660882756,0.5110702673600804,BTC,0.2739882526402019,8
minimum_variance,enter_once_then_drift,7,2025-03-07,-0.01736454076217875,0.963687757672205,0.78042026845926,BTC,0.26968356484813394,8
minimum_variance,enter_once_then_drift,7,2025-03-08,0.0,0.963687757672205,0.0,CASH,1.0,0
minimum_variance,enter_once_then_drift,7,2025-03-09,0.0,0.963687757672205,0.0,CASH,1.0,0
minimum_variance,enter_once_then_drift,7,2025-03-10,0.0,0.963687757672205,0.0,CASH,1.0,0
minimum_variance,enter_once_then_drift,7,2025-03-11,0.0,0.963687757672205,0.0,CASH,1.0,0
minimum_variance,enter_once_then_drift,7,2025-03-12,0.0,0.963687757672205,0.0,CASH,1.0,0
minimum_variance,enter_once_then_drift,7,2025-03-13,0.0,0.963687757672205,0.0,CASH,1.0,0
minimum_variance,enter_once_then_drift,7,2025-03-14,0.0,0.963687757672205,0.0,CASH,1.0,0
minimum_variance,enter_once_then_drift,7,2025-03-15,0.0,0.963687757672205,0.0,CASH,1.0,0
minimum_variance,enter_once_then_drift,7,2025-03-16,0.0,0.963687757672205,0.0,CASH,1.0,0
minimum_variance,enter_once_then_drift,7,2025-03-17,0.0,0.963687757672205,0.0,CASH,1.0,0
minimum_variance,enter_once_then_drift,7,2025-03-18,0.0,0.963687757672205,0.0,CASH,1.0,0
minimum_variance,enter_once_then_drift,7,2025-03-19,0.0,0.963687757672205,0.0,CASH,1.0,0
minimum_variance,enter_once_then_drift,7,2025-03-20,0.0,0.963687757672205,0.0,CASH,1.0,0
minimum_variance,enter_once_then_drift,7,2025-03-21,0.0,0.963687757672205,0.0,CASH,1.0,0
minimum_variance,enter_once_then_drift,7,2025-03-22,0.0,0.963687757672205,0.0,CASH,1.0,0
minimum_variance,enter_once_then_drift,7,2025-03-23,0.0,0.963687757672205,0.0,CASH,1.0,0
minimum_variance,enter_once_then_drift,7,2025-03-24,0.0,0.963687757672205,0.0,CASH,1.0,0
minimum_variance,enter_once_then_drift,7,2025-03-25,0.0,0.963687757672205,0.0,CASH,1.0,0
minimum_variance,enter_once_then_drift,7,2025-03-26,0.0,0.963687757672205,0.0,CASH,1.0,0
minimum_variance,enter_once_then_drift,7,2025-03-27,0.0,0.963687757672205,0.0,CASH,1.0,0
minimum_variance,enter_once_then_drift,7,2025-03-28,0.0,0.963687757672205,0.0,CASH,1.0,0
minimum_variance,enter_once_then_drift,7,2025-03-29,0.0,0.963687757672205,0.0,CASH,1.0,0
minimum_variance,enter_once_then_drift,7,2025-03-30,0.0,0.963687757672205,0.0,CASH,1.0,0
minimum_variance,enter_once_then_drift,7,2025-03-31,0.0,0.963687757672205,0.0,CASH,1.0,0
minimum_variance,enter_once_then_drift,7,2025-04-01,-0.006714614504275573,0.9572169658769465,0.4205647459203813,BTC,0.25878161586903836,13
minimum_variance,enter_once_then_drift,7,2025-04-02,-0.050400067793866965,0.9089731659033088,0.6589581291228731,BTC,0.2642050573027934,13
minimum_variance,enter_once_then_drift,7,2025-04-03,-0.031949504194397904,0.8799319239266858,0.4574104006176014,BTC,0.27401836694191195,13
minimum_variance,enter_once_then_drift,7,2025-04-04,-0.005090091679804898,0.8754529897619119,0.5033692202146987,BTC,0.27559676128721994,13
minimum_variance,enter_once_then_drift,7,2025-04-05,-0.0030106545338297597,0.8728173032491303,0.2548865745380762,BTC,0.27626094337577023,13
minimum_variance,enter_once_then_drift,7,2025-04-06,-0.05171496782232943,0.8276795844968292,0.5676385027131158,BTC,0.2776128445445067,13
minimum_variance,enter_once_then_drift,7,2025-04-07,0.02711551174952187,0.8501225399950924,1.0484194564943932,BTC,0.27159753354889693,13
minimum_variance,enter_once_then_drift,7,2025-04-08,0.0,0.8501225399950924,0.0,CASH,1.0,0
minimum_variance,enter_once_then_drift,7,2025-04-09,0.0,0.8501225399950924,0.0,CASH,1.0,0
minimum_variance,enter_once_then_drift,7,2025-04-10,0.0,0.8501225399950924,0.0,CASH,1.0,0
minimum_variance,enter_once_then_drift,7,2025-04-11,0.0,0.8501225399950924,0.0,CASH,1.0,0
minimum_variance,enter_once_then_drift,7,2025-04-12,0.0,0.8501225399950924,0.0,CASH,1.0,0
minimum_variance,enter_once_then_drift,7,2025-04-13,0.0,0.8501225399950924,0.0,CASH,1.0,0
minimum_variance,enter_once_then_drift,7,2025-04-14,0.0,0.8501225399950924,0.0,CASH,1.0,0
minimum_variance,enter_once_then_drift,7,2025-04-15,0.0,0.8501225399950924,0.0,CASH,1.0,0
minimum_variance,enter_once_then_drift,7,2025-04-16,0.0,0.8501225399950924,0.0,CASH,1.0,0
minimum_variance,enter_once_then_drift,7,2025-04-17,0.0,0.8501225399950924,0.0,CASH,1.0,0
minimum_variance,enter_once_then_drift,7,2025-04-18,0.0,0.8501225399950924,0.0,CASH,1.0,0
minimum_variance,enter_once_then_drift,7,2025-04-19,0.0,0.8501225399950924,0.0,CASH,1.0,0
minimum_variance,enter_once_then_drift,7,2025-04-20,0.0,0.8501225399950924,0.0,CASH,1.0,0
minimum_variance,enter_once_then_drift,7,2025-04-21,0.0,0.8501225399950924,0.0,CASH,1.0,0
minimum_variance,enter_once_then_drift,7,2025-04-22,0.0,0.8501225399950924,0.0,CASH,1.0,0
minimum_variance,enter_once_then_drift,7,2025-04-23,0.0,0.8501225399950924,0.0,CASH,1.0,0
minimum_variance,enter_once_then_drift,7,2025-04-24,0.0,0.8501225399950924,0.0,CASH,1.0,0
minimum_variance,enter_once_then_drift,7,2025-04-25,0.0,0.8501225399950924,0.0,CASH,1.0,0
minimum_variance,enter_once_then_drift,7,2025-04-26,0.0,0.8501225399950924,0.0,CASH,1.0,0
minimum_variance,enter_once_then_drift,7,2025-04-27,0.0,0.8501225399950924,0.0,CASH,1.0,0
minimum_variance,enter_once_then_drift,7,2025-04-28,0.0,0.8501225399950924,0.0,CASH,1.0,0
minimum_variance,enter_once_then_drift,7,2025-04-29,0.0,0.8501225399950924,0.0,CASH,1.0,0
minimum_variance,enter_once_then_drift,7,2025-04-30,0.0,0.8501225399950924,0.0,CASH,1.0,0
minimum_variance,enter_once_then_drift,7,2025-05-01,0.0031238007126614953,0.8527781533913786,0.2617411918424011,BTC,0.255198095131395,19
minimum_variance,enter_once_then_drift,7,2025-05-02,0.0025602921152696467,0.8549615145735808,0.2761571888181157,BTC,0.2532295518390506,19
minimum_variance,enter_once_then_drift,7,2025-05-03,-0.006062191132989669,0.8497785744608854,0.25643311456791207,BTC,0.2525781880564703,19
minimum_variance,enter_once_then_drift,7,2025-05-04,-0.015360386166024531,0.8367256474015524,0.27806232646730017,BTC,0.25313125835821,19
minimum_variance,enter_once_then_drift,7,2025-05-05,-0.012201793428302188,0.8265160938957963,0.31364506848283424,BTC,0.25484112776245077,19
minimum_variance,enter_once_then_drift,7,2025-05-06,-0.023973162680890336,0.8067018891184583,0.38161986128953734,BTC,0.2660558107003394,19
minimum_variance,enter_once_then_drift,7,2025-05-07,0.008936564339014907,0.8139110324529704,0.3039136952180626,BTC,0.2643726425547102,19
minimum_variance,enter_once_then_drift,7,2025-05-08,0.0,0.8139110324529704,0.0,CASH,1.0,0
minimum_variance,enter_once_then_drift,7,2025-05-09,0.0,0.8139110324529704,0.0,CASH,1.0,0
minimum_variance,enter_once_then_drift,7,2025-05-10,0.0,0.8139110324529704,0.0,CASH,1.0,0
minimum_variance,enter_once_then_drift,7,2025-05-11,0.0,0.8139110324529704,0.0,CASH,1.0,0
minimum_variance,enter_once_then_drift,7,2025-05-12,0.0,0.8139110324529704,0.0,CASH,1.0,0
minimum_variance,enter_once_then_drift,7,2025-05-13,0.0,0.8139110324529704,0.0,CASH,1.0,0
minimum_variance,enter_once_then_drift,7,2025-05-14,0.0,0.8139110324529704,0.0,CASH,1.0,0
minimum_variance,enter_once_then_drift,7,2025-05-15,0.0,0.8139110324529704,0.0,CASH,1.0,0
minimum_variance,enter_once_then_drift,7,2025-05-16,0.0,0.8139110324529704,0.0,CASH,1.0,0
minimum_variance,enter_once_then_drift,7,2025-05-17,0.0,0.8139110324529704,0.0,CASH,1.0,0
minimum_variance,enter_once_then_drift,7,2025-05-18,0.0,0.8139110324529704,0.0,CASH,1.0,0
minimum_variance,enter_once_then_drift,7,2025-05-19,0.0,0.8139110324529704,0.0,CASH,1.0,0
minimum_variance,enter_once_then_drift,7,2025-05-20,0.0,0.8139110324529704,0.0,CASH,1.0,0
minimum_variance,enter_once_then_drift,7,2025-05-21,0.0,0.8139110324529704,0.0,CASH,1.0,0
minimum_variance,enter_once_then_drift,7,2025-05-22,0.0,0.8139110324529704,0.0,CASH,1.0,0
minimum_variance,enter_once_then_drift,7,2025-05-23,0.0,0.8139110324529704,0.0,CASH,1.0,0
minimum_variance,enter_once_then_drift,7,2025-05-24,0.0,0.8139110324529704,0.0,CASH,1.0,0
minimum_variance,enter_once_then_drift,7,2025-05-25,0.0,0.8139110324529704,0.0,CASH,1.0,0
minimum_variance,enter_once_then_drift,7,2025-05-26,0.0,0.8139110324529704,0.0,CASH,1.0,0
minimum_variance,enter_once_then_drift,7,2025-05-27,0.0,0.8139110324529704,0.0,CASH,1.0,0
minimum_variance,enter_once_then_drift,7,2025-05-28,0.0,0.8139110324529704,0.0,CASH,1.0,0
minimum_variance,enter_once_then_drift,7,2025-05-29,0.0,0.8139110324529704,0.0,CASH,1.0,0
minimum_variance,enter_once_then_drift,7,2025-05-30,0.0,0.8139110324529704,0.0,CASH,1.0,0
minimum_variance,enter_once_then_drift,7,2025-05-31,0.0,0.8139110324529704,0.0,CASH,1.0,0
minimum_variance,enter_once_then_drift,7,2025-06-01,0.003840396607054597,0.817036773620447,0.2862017370316805,BTC,0.2510454858759952,13
minimum_variance,enter_once_then_drift,7,2025-06-02,0.048993485134271264,0.8570662526429733,1.0106680634472287,BTC,0.2376607195197194,13
minimum_variance,enter_once_then_drift,7,2025-06-03,-0.02374970896528983,0.8367111785787311,0.38664446843931444,BTC,0.24210081734835728,13
minimum_variance,enter_once_then_drift,7,2025-06-04,-0.021219175940373924,0.8189568568691914,0.2660553354373998,BTC,0.2439277237991492,13
minimum_variance,enter_once_then_drift,7,2025-06-05,-0.044770239002913104,0.7822919626540832,0.42288937485435407,BTC,0.2491159240145377,13
minimum_variance,enter_once_then_drift,7,2025-06-06,0.010765038142471095,0.790713365470603,0.38611627181963365,BTC,0.25266841430381864,13
minimum_variance,enter_once_then_drift,7,2025-06-07,0.007617166498832706,0.796736360828245,0.2363661702414056,BTC,0.25303054320714996,13
minimum_variance,enter_once_then_drift,7,2025-06-08,0.0,0.796736360828245,0.0,CASH,1.0,0
minimum_variance,enter_once_then_drift,7,2025-06-09,0.0,0.796736360828245,0.0,CASH,1.0,0
minimum_variance,enter_once_then_drift,7,2025-06-10,0.0,0.796736360828245,0.0,CASH,1.0,0
minimum_variance,enter_once_then_drift,7,2025-06-11,0.0,0.796736360828245,0.0,CASH,1.0,0
minimum_variance,enter_once_then_drift,7,2025-06-12,0.0,0.796736360828245,0.0,CASH,1.0,0
minimum_variance,enter_once_then_drift,7,2025-06-13,0.0,0.796736360828245,0.0,CASH,1.0,0
minimum_variance,enter_once_then_drift,7,2025-06-14,0.0,0.796736360828245,0.0,CASH,1.0,0
minimum_variance,enter_once_then_drift,7,2025-06-15,0.0,0.796736360828245,0.0,CASH,1.0,0
minimum_variance,enter_once_then_drift,7,2025-06-16,0.0,0.796736360828245,0.0,CASH,1.0,0
minimum_variance,enter_once_then_drift,7,2025-06-17,0.0,0.796736360828245,0.0,CASH,1.0,0
minimum_variance,enter_once_then_drift,7,2025-06-18,0.0,0.796736360828245,0.0,CASH,1.0,0
minimum_variance,enter_once_then_drift,7,2025-06-19,0.0,0.796736360828245,0.0,CASH,1.0,0
minimum_variance,enter_once_then_drift,7,2025-06-20,0.0,0.796736360828245,0.0,CASH,1.0,0
minimum_variance,enter_once_then_drift,7,2025-06-21,0.0,0.796736360828245,0.0,CASH,1.0,0
minimum_variance,enter_once_then_drift,7,2025-06-22,0.0,0.796736360828245,0.0,CASH,1.0,0
minimum_variance,enter_once_then_drift,7,2025-06-23,0.0,0.796736360828245,0.0,CASH,1.0,0
minimum_variance,enter_once_then_drift,7,2025-06-24,0.0,0.796736360828245,0.0,CASH,1.0,0
minimum_variance,enter_once_then_drift,7,2025-06-25,0.0,0.796736360828245,0.0,CASH,1.0,0
minimum_variance,enter_once_then_drift,7,2025-06-26,0.0,0.796736360828245,0.0,CASH,1.0,0
minimum_variance,enter_once_then_drift,7,2025-06-27,0.0,0.796736360828245,0.0,CASH,1.0,0
minimum_variance,enter_once_then_drift,7,2025-06-28,0.0,0.796736360828245,0.0,CASH,1.0,0
minimum_variance,enter_once_then_drift,7,2025-06-29,0.0,0.796736360828245,0.0,CASH,1.0,0
minimum_variance,enter_once_then_drift,7,2025-06-30,0.0,0.796736360828245,0.0,CASH,1.0,0
minimum_variance,enter_once_then_drift,7,2025-07-01,-0.011879485628071063,0.7872715426804242,0.25120398782417164,BTC,0.25207953490215823,14
minimum_variance,enter_once_then_drift,7,2025-07-02,0.11074971510994835,0.8744616417464508,1.246517461365384,BTC,0.2306603257436431,14
minimum_variance,enter_once_then_drift,7,2025-07-03,-0.002586795057797908,0.8721995886933472,0.811774798824579,BTC,0.23347132702355047,14
minimum_variance,enter_once_then_drift,7,2025-07-04,-0.031024846602005662,0.8451397302478038,0.3661789862781353,BTC,0.23920197170039456,14
minimum_variance,enter_once_then_drift,7,2025-07-05,-0.006265221521879472,0.8398447426208598,0.34604210554465203,BTC,0.24136967822584182,14
minimum_variance,enter_once_then_drift,7,2025-07-06,0.020991773146947335,0.8574745729366132,0.6016935053201893,BTC,0.2366638965800796,14
minimum_variance,enter_once_then_drift,7,2025-07-07,-0.0004235507476175737,0.8571113889401829,0.3503747133801442,BTC,0.23634447129735386,14
minimum_variance,enter_once_then_drift,7,2025-07-08,0.0,0.8571113889401829,0.0,CASH,1.0,0
minimum_variance,enter_once_then_drift,7,2025-07-09,0.0,0.8571113889401829,0.0,CASH,1.0,0
minimum_variance,enter_once_then_drift,7,2025-07-10,0.0,0.8571113889401829,0.0,CASH,1.0,0
minimum_variance,enter_once_then_drift,7,2025-07-11,0.0,0.8571113889401829,0.0,CASH,1.0,0
minimum_variance,enter_once_then_drift,7,2025-07-12,0.0,0.8571113889401829,0.0,CASH,1.0,0
minimum_variance,enter_once_then_drift,7,2025-07-13,0.0,0.8571113889401829,0.0,CASH,1.0,0
minimum_variance,enter_once_then_drift,7,2025-07-14,0.0,0.8571113889401829,0.0,CASH,1.0,0
minimum_variance,enter_once_then_drift,7,2025-07-15,0.0,0.8571113889401829,0.0,CASH,1.0,0
minimum_variance,enter_once_then_drift,7,2025-07-16,0.0,0.8571113889401829,0.0,CASH,1.0,0
minimum_variance,enter_once_then_drift,7,2025-07-17,0.0,0.8571113889401829,0.0,CASH,1.0,0
minimum_variance,enter_once_then_drift,7,2025-07-18,0.0,0.8571113889401829,0.0,CASH,1.0,0
minimum_variance,enter_once_then_drift,7,2025-07-19,0.0,0.8571113889401829,0.0,CASH,1.0,0
minimum_variance,enter_once_then_drift,7,2025-07-20,0.0,0.8571113889401829,0.0,CASH,1.0,0
minimum_variance,enter_once_then_drift,7,2025-07-21,0.0,0.8571113889401829,0.0,CASH,1.0,0
minimum_variance,enter_once_then_drift,7,2025-07-22,0.0,0.8571113889401829,0.0,CASH,1.0,0
minimum_variance,enter_once_then_drift,7,2025-07-23,0.0,0.8571113889401829,0.0,CASH,1.0,0
minimum_variance,enter_once_then_drift,7,2025-07-24,0.0,0.8571113889401829,0.0,CASH,1.0,0
minimum_variance,enter_once_then_drift,7,2025-07-25,0.0,0.8571113889401829,0.0,CASH,1.0,0
minimum_variance,enter_once_then_drift,7,2025-07-26,0.0,0.8571113889401829,0.0,CASH,1.0,0
minimum_variance,enter_once_then_drift,7,2025-07-27,0.0,0.8571113889401829,0.0,CASH,1.0,0
minimum_variance,enter_once_then_drift,7,2025-07-28,0.0,0.8571113889401829,0.0,CASH,1.0,0
minimum_variance,enter_once_then_drift,7,2025-07-29,0.0,0.8571113889401829,0.0,CASH,1.0,0
minimum_variance,enter_once_then_drift,7,2025-07-30,0.0,0.8571113889401829,0.0,CASH,1.0,0
minimum_variance,enter_once_then_drift,7,2025-07-31,0.0,0.8571113889401829,0.0,CASH,1.0,0
minimum_variance,enter_once_then_drift,7,2025-08-01,-0.04241995265187193,0.8207527644039602,0.5016708177011674,BTC,0.25607894739354736,14
minimum_variance,enter_once_then_drift,7,2025-08-02,-0.0150633906101032,0.8083894449194213,0.32601209233395834,BTC,0.25895392980694226,14
minimum_variance,enter_once_then_drift,7,2025-08-03,0.027881086268133348,0.8309282207714681,0.27636307157846113,BTC,0.2565828000197243,14
minimum_variance,enter_once_then_drift,7,2025-08-04,0.062212633705297726,0.8826224538057181,0.3942468296576759,BTC,0.2416243410576673,14
minimum_variance,enter_once_then_drift,7,2025-08-05,0.0005270021677259429,0.8830875977521573,0.5903635302534117,MNT,0.24439218452906392,14
minimum_variance,enter_once_then_drift,7,2025-08-06,-0.00936013456996898,0.8748217790001265,0.4584116241118274,BTC,0.24324677233499836,14
minimum_variance,enter_once_then_drift,7,2025-08-07,0.06375492997315346,0.930595980259269,0.5453315849691481,MNT,0.2657021735958301,14
minimum_variance,enter_once_then_drift,7,2025-08-08,0.0,0.930595980259269,0.0,CASH,1.0,0
minimum_variance,enter_once_then_drift,7,2025-08-09,0.0,0.930595980259269,0.0,CASH,1.0,0
minimum_variance,enter_once_then_drift,7,2025-08-10,0.0,0.930595980259269,0.0,CASH,1.0,0
minimum_variance,enter_once_then_drift,7,2025-08-11,0.0,0.930595980259269,0.0,CASH,1.0,0
minimum_variance,enter_once_then_drift,7,2025-08-12,0.0,0.930595980259269,0.0,CASH,1.0,0
minimum_variance,enter_once_then_drift,7,2025-08-13,0.0,0.930595980259269,0.0,CASH,1.0,0
minimum_variance,enter_once_then_drift,7,2025-08-14,0.0,0.930595980259269,0.0,CASH,1.0,0
minimum_variance,enter_once_then_drift,7,2025-08-15,0.0,0.930595980259269,0.0,CASH,1.0,0
minimum_variance,enter_once_then_drift,7,2025-08-16,0.0,0.930595980259269,0.0,CASH,1.0,0
minimum_variance,enter_once_then_drift,7,2025-08-17,0.0,0.930595980259269,0.0,CASH,1.0,0
minimum_variance,enter_once_then_drift,7,2025-08-18,0.0,0.930595980259269,0.0,CASH,1.0,0
minimum_variance,enter_once_then_drift,7,2025-08-19,0.0,0.930595980259269,0.0,CASH,1.0,0
minimum_variance,enter_once_then_drift,7,2025-08-20,0.0,0.930595980259269,0.0,CASH,1.0,0
minimum_variance,enter_once_then_drift,7,2025-08-21,0.0,0.930595980259269,0.0,CASH,1.0,0
minimum_variance,enter_once_then_drift,7,2025-08-22,0.0,0.930595980259269,0.0,CASH,1.0,0
minimum_variance,enter_once_then_drift,7,2025-08-23,0.0,0.930595980259269,0.0,CASH,1.0,0
minimum_variance,enter_once_then_drift,7,2025-08-24,0.0,0.930595980259269,0.0,CASH,1.0,0
minimum_variance,enter_once_then_drift,7,2025-08-25,0.0,0.930595980259269,0.0,CASH,1.0,0
minimum_variance,enter_once_then_drift,7,2025-08-26,0.0,0.930595980259269,0.0,CASH,1.0,0
minimum_variance,enter_once_then_drift,7,2025-08-27,0.0,0.930595980259269,0.0,CASH,1.0,0
minimum_variance,enter_once_then_drift,7,2025-08-28,0.0,0.930595980259269,0.0,CASH,1.0,0
minimum_variance,enter_once_then_drift,7,2025-08-29,0.0,0.930595980259269,0.0,CASH,1.0,0
minimum_variance,enter_once_then_drift,7,2025-08-30,0.0,0.930595980259269,0.0,CASH,1.0,0
minimum_variance,enter_once_then_drift,7,2025-08-31,0.0,0.930595980259269,0.0,CASH,1.0,0
minimum_variance,enter_once_then_drift,7,2025-09-01,-0.015750979366799145,0.915938182175379,0.3402573881148379,BTC,0.2568506330065654,13
minimum_variance,enter_once_then_drift,7,2025-09-02,0.023083439060046063,0.9370811853863938,0.3250838692052586,BTC,0.2551728544663967,13
minimum_variance,enter_once_then_drift,7,2025-09-03,0.0033381797532794355,0.9402093308266298,0.22358745460496954,BTC,0.2541860449643794,13
minimum_variance,enter_once_then_drift,7,2025-09-04,-0.009507223394869646,0.9312705506805201,0.2154495965409018,BTC,0.25756347477018665,13
minimum_variance,enter_once_then_drift,7,2025-09-05,0.004268609868966156,0.9352457813438326,0.24313134096470645,BTC,0.25561919173680575,13
minimum_variance,enter_once_then_drift,7,2025-09-06,-0.005844664921489939,0.9297795831326409,0.1619906988579514,BTC,0.25606338361527026,13
minimum_variance,enter_once_then_drift,7,2025-09-07,0.004092714936301478,0.933584905919996,0.1308747165545976,BTC,0.25616318007115246,13
minimum_variance,enter_once_then_drift,7,2025-09-08,0.0,0.933584905919996,0.0,CASH,1.0,0
minimum_variance,enter_once_then_drift,7,2025-09-09,0.0,0.933584905919996,0.0,CASH,1.0,0
minimum_variance,enter_once_then_drift,7,2025-09-10,0.0,0.933584905919996,0.0,CASH,1.0,0
minimum_variance,enter_once_then_drift,7,2025-09-11,0.0,0.933584905919996,0.0,CASH,1.0,0
minimum_variance,enter_once_then_drift,7,2025-09-12,0.0,0.933584905919996,0.0,CASH,1.0,0
minimum_variance,enter_once_then_drift,7,2025-09-13,0.0,0.933584905919996,0.0,CASH,1.0,0
minimum_variance,enter_once_then_drift,7,2025-09-14,0.0,0.933584905919996,0.0,CASH,1.0,0
minimum_variance,enter_once_then_drift,7,2025-09-15,0.0,0.933584905919996,0.0,CASH,1.0,0
minimum_variance,enter_once_then_drift,7,2025-09-16,0.0,0.933584905919996,0.0,CASH,1.0,0
minimum_variance,enter_once_then_drift,7,2025-09-17,0.0,0.933584905919996,0.0,CASH,1.0,0
minimum_variance,enter_once_then_drift,7,2025-09-18,0.0,0.933584905919996,0.0,CASH,1.0,0
minimum_variance,enter_once_then_drift,7,2025-09-19,0.0,0.933584905919996,0.0,CASH,1.0,0
minimum_variance,enter_once_then_drift,7,2025-09-20,0.0,0.933584905919996,0.0,CASH,1.0,0
minimum_variance,enter_once_then_drift,7,2025-09-21,0.0,0.933584905919996,0.0,CASH,1.0,0
minimum_variance,enter_once_then_drift,7,2025-09-22,0.0,0.933584905919996,0.0,CASH,1.0,0
minimum_variance,enter_once_then_drift,7,2025-09-23,0.0,0.933584905919996,0.0,CASH,1.0,0
minimum_variance,enter_once_then_drift,7,2025-09-24,0.0,0.933584905919996,0.0,CASH,1.0,0
minimum_variance,enter_once_then_drift,7,2025-09-25,0.0,0.933584905919996,0.0,CASH,1.0,0
minimum_variance,enter_once_then_drift,7,2025-09-26,0.0,0.933584905919996,0.0,CASH,1.0,0
minimum_variance,enter_once_then_drift,7,2025-09-27,0.0,0.933584905919996,0.0,CASH,1.0,0
minimum_variance,enter_once_then_drift,7,2025-09-28,0.0,0.933584905919996,0.0,CASH,1.0,0
minimum_variance,enter_once_then_drift,7,2025-09-29,0.0,0.933584905919996,0.0,CASH,1.0,0
minimum_variance,enter_once_then_drift,7,2025-09-30,0.0,0.933584905919996,0.0,CASH,1.0,0
minimum_variance,enter_once_then_drift,7,2025-10-01,0.033150243121323975,0.9645334725256421,0.2816701018864287,BTC,0.2504075062103267,13
minimum_variance,enter_once_then_drift,7,2025-10-02,0.017163136426360248,0.9810878921023907,0.28509704636100375,BTC,0.24947831288790784,13
minimum_variance,enter_once_then_drift,7,2025-10-03,0.008689664288674681,0.9896132165224438,0.32663535139646616,BTC,0.2512847841982092,13
minimum_variance,enter_once_then_drift,7,2025-10-04,-0.007293064432320917,0.9823959035712693,0.23090408188830794,BTC,0.25532241763483055,13
minimum_variance,enter_once_then_drift,7,2025-10-05,0.0034569292333639368,0.9857919766890618,0.27377785367006513,BTC,0.25741199772115825,13
minimum_variance,enter_once_then_drift,7,2025-10-06,0.006918777156961653,0.9926124516988941,0.205429881442745,BTC,0.2566122227596819,13
minimum_variance,enter_once_then_drift,7,2025-10-07,-0.023293927519296265,0.9694906091942691,0.296693946096383,BTC,0.2596688390403254,13
minimum_variance,enter_once_then_drift,7,2025-10-08,0.0,0.9694906091942691,0.0,CASH,1.0,0
minimum_variance,enter_once_then_drift,7,2025-10-09,0.0,0.9694906091942691,0.0,CASH,1.0,0
minimum_variance,enter_once_then_drift,7,2025-10-10,0.0,0.9694906091942691,0.0,CASH,1.0,0
minimum_variance,enter_once_then_drift,7,2025-10-11,0.0,0.9694906091942691,0.0,CASH,1.0,0
minimum_variance,enter_once_then_drift,7,2025-10-12,0.0,0.9694906091942691,0.0,CASH,1.0,0
minimum_variance,enter_once_then_drift,7,2025-10-13,0.0,0.9694906091942691,0.0,CASH,1.0,0
minimum_variance,enter_once_then_drift,7,2025-10-14,0.0,0.9694906091942691,0.0,CASH,1.0,0
minimum_variance,enter_once_then_drift,7,2025-10-15,0.0,0.9694906091942691,0.0,CASH,1.0,0
minimum_variance,enter_once_then_drift,7,2025-10-16,0.0,0.9694906091942691,0.0,CASH,1.0,0
minimum_variance,enter_once_then_drift,7,2025-10-17,0.0,0.9694906091942691,0.0,CASH,1.0,0
minimum_variance,enter_once_then_drift,7,2025-10-18,0.0,0.9694906091942691,0.0,CASH,1.0,0
minimum_variance,enter_once_then_drift,7,2025-10-19,0.0,0.9694906091942691,0.0,CASH,1.0,0
minimum_variance,enter_once_then_drift,7,2025-10-20,0.0,0.9694906091942691,0.0,CASH,1.0,0
minimum_variance,enter_once_then_drift,7,2025-10-21,0.0,0.9694906091942691,0.0,CASH,1.0,0
minimum_variance,enter_once_then_drift,7,2025-10-22,0.0,0.9694906091942691,0.0,CASH,1.0,0
minimum_variance,enter_once_then_drift,7,2025-10-23,0.0,0.9694906091942691,0.0,CASH,1.0,0
minimum_variance,enter_once_then_drift,7,2025-10-24,0.0,0.9694906091942691,0.0,CASH,1.0,0
minimum_variance,enter_once_then_drift,7,2025-10-25,0.0,0.9694906091942691,0.0,CASH,1.0,0
minimum_variance,enter_once_then_drift,7,2025-10-26,0.0,0.9694906091942691,0.0,CASH,1.0,0
minimum_variance,enter_once_then_drift,7,2025-10-27,0.0,0.9694906091942691,0.0,CASH,1.0,0
minimum_variance,enter_once_then_drift,7,2025-10-28,0.0,0.9694906091942691,0.0,CASH,1.0,0
minimum_variance,enter_once_then_drift,7,2025-10-29,0.0,0.9694906091942691,0.0,CASH,1.0,0
minimum_variance,enter_once_then_drift,7,2025-10-30,0.0,0.9694906091942691,0.0,CASH,1.0,0
minimum_variance,enter_once_then_drift,7,2025-10-31,0.0,0.9694906091942691,0.0,CASH,1.0,0
minimum_variance,enter_once_then_drift,7,2025-11-01,4.029284483442197e-05,0.9695296727289537,0.19782639897472998,BTC,0.2494848663060235,11
minimum_variance,enter_once_then_drift,7,2025-11-02,-0.004473363229227201,0.9651926143413233,0.18648529043612685,BTC,0.25061967053434486,11
minimum_variance,enter_once_then_drift,7,2025-11-03,-0.08037896037887071,0.8876114354352035,0.7808757170472671,BTC,0.2634007311555277,11
minimum_variance,enter_once_then_drift,7,2025-11-04,-0.03802014984849411,0.8538643156527201,0.8942881280433014,BTC,0.2645421611823418,11
minimum_variance,enter_once_then_drift,7,2025-11-05,0.014556475729582852,0.8662935708398758,0.733576002260782,BTC,0.2656023021457227,11
minimum_variance,enter_once_then_drift,7,2025-11-06,0.01417017171731949,0.8785690994962867,0.8643669525191974,BTC,0.2541773163630033,11
minimum_variance,enter_once_then_drift,7,2025-11-07,0.05443045653710277,0.9263900166812609,0.6084231398731635,BTC,0.24513548512928376,11
minimum_variance,enter_once_then_drift,7,2025-11-08,0.0,0.9263900166812609,0.0,CASH,1.0,0
minimum_variance,enter_once_then_drift,7,2025-11-09,0.0,0.9263900166812609,0.0,CASH,1.0,0
minimum_variance,enter_once_then_drift,7,2025-11-10,0.0,0.9263900166812609,0.0,CASH,1.0,0
minimum_variance,enter_once_then_drift,7,2025-11-11,0.0,0.9263900166812609,0.0,CASH,1.0,0
minimum_variance,enter_once_then_drift,7,2025-11-12,0.0,0.9263900166812609,0.0,CASH,1.0,0
minimum_variance,enter_once_then_drift,7,2025-11-13,0.0,0.9263900166812609,0.0,CASH,1.0,0
minimum_variance,enter_once_then_drift,7,2025-11-14,0.0,0.9263900166812609,0.0,CASH,1.0,0
minimum_variance,enter_once_then_drift,7,2025-11-15,0.0,0.9263900166812609,0.0,CASH,1.0,0
minimum_variance,enter_once_then_drift,7,2025-11-16,0.0,0.9263900166812609,0.0,CASH,1.0,0
minimum_variance,enter_once_then_drift,7,2025-11-17,0.0,0.9263900166812609,0.0,CASH,1.0,0
minimum_variance,enter_once_then_drift,7,2025-11-18,0.0,0.9263900166812609,0.0,CASH,1.0,0
minimum_variance,enter_once_then_drift,7,2025-11-19,0.0,0.9263900166812609,0.0,CASH,1.0,0
minimum_variance,enter_once_then_drift,7,2025-11-20,0.0,0.9263900166812609,0.0,CASH,1.0,0
minimum_variance,enter_once_then_drift,7,2025-11-21,0.0,0.9263900166812609,0.0,CASH,1.0,0
minimum_variance,enter_once_then_drift,7,2025-11-22,0.0,0.9263900166812609,0.0,CASH,1.0,0
minimum_variance,enter_once_then_drift,7,2025-11-23,0.0,0.9263900166812609,0.0,CASH,1.0,0
minimum_variance,enter_once_then_drift,7,2025-11-24,0.0,0.9263900166812609,0.0,CASH,1.0,0
minimum_variance,enter_once_then_drift,7,2025-11-25,0.0,0.9263900166812609,0.0,CASH,1.0,0
minimum_variance,enter_once_then_drift,7,2025-11-26,0.0,0.9263900166812609,0.0,CASH,1.0,0
minimum_variance,enter_once_then_drift,7,2025-11-27,0.0,0.9263900166812609,0.0,CASH,1.0,0
minimum_variance,enter_once_then_drift,7,2025-11-28,0.0,0.9263900166812609,0.0,CASH,1.0,0
minimum_variance,enter_once_then_drift,7,2025-11-29,0.0,0.9263900166812609,0.0,CASH,1.0,0
minimum_variance,enter_once_then_drift,7,2025-11-30,0.0,0.9263900166812609,0.0,CASH,1.0,0
minimum_variance,enter_once_then_drift,7,2025-12-01,-0.059727563920347726,0.8710589977447588,0.6832148534944347,BTC,0.2529113768950742,19
minimum_variance,enter_once_then_drift,7,2025-12-02,0.03882596991842324,0.9048787081883687,0.40141754483163083,BTC,0.25620700585169626,19
minimum_variance,enter_once_then_drift,7,2025-12-03,0.019849308218681916,0.9228399245677223,0.3886021136306167,BTC,0.25667027795451897,19
minimum_variance,enter_once_then_drift,7,2025-12-04,-0.0199256709408403,0.9044517198997161,0.30351162690440037,BTC,0.2591186427403294,19
minimum_variance,enter_once_then_drift,7,2025-12-05,-0.020847301857731093,0.8855963418792226,0.4009641027871454,BTC,0.25746411424822907,19
minimum_variance,enter_once_then_drift,7,2025-12-06,0.002328647881240098,0.8876585839243737,0.3134869085180131,BTC,0.2566930496667224,19
minimum_variance,enter_once_then_drift,7,2025-12-07,-0.00236526107808932,0.8855590396251855,0.4151726584405899,BTC,0.2601576321337249,19
minimum_variance,enter_once_then_drift,7,2025-12-08,0.0,0.8855590396251855,0.0,CASH,1.0,0
minimum_variance,enter_once_then_drift,7,2025-12-09,0.0,0.8855590396251855,0.0,CASH,1.0,0
minimum_variance,enter_once_then_drift,7,2025-12-10,0.0,0.8855590396251855,0.0,CASH,1.0,0
minimum_variance,enter_once_then_drift,7,2025-12-11,0.0,0.8855590396251855,0.0,CASH,1.0,0
minimum_variance,enter_once_then_drift,7,2025-12-12,0.0,0.8855590396251855,0.0,CASH,1.0,0
minimum_variance,enter_once_then_drift,7,2025-12-13,0.0,0.8855590396251855,0.0,CASH,1.0,0
minimum_variance,enter_once_then_drift,7,2025-12-14,0.0,0.8855590396251855,0.0,CASH,1.0,0
minimum_variance,enter_once_then_drift,7,2025-12-15,0.0,0.8855590396251855,0.0,CASH,1.0,0
minimum_variance,enter_once_then_drift,7,2025-12-16,0.0,0.8855590396251855,0.0,CASH,1.0,0
minimum_variance,enter_once_then_drift,7,2025-12-17,0.0,0.8855590396251855,0.0,CASH,1.0,0
minimum_variance,enter_once_then_drift,7,2025-12-18,0.0,0.8855590396251855,0.0,CASH,1.0,0
minimum_variance,enter_once_then_drift,7,2025-12-19,0.0,0.8855590396251855,0.0,CASH,1.0,0
minimum_variance,enter_once_then_drift,7,2025-12-20,0.0,0.8855590396251855,0.0,CASH,1.0,0
minimum_variance,enter_once_then_drift,7,2025-12-21,0.0,0.8855590396251855,0.0,CASH,1.0,0
minimum_variance,enter_once_then_drift,7,2025-12-22,0.0,0.8855590396251855,0.0,CASH,1.0,0
minimum_variance,enter_once_then_drift,7,2025-12-23,0.0,0.8855590396251855,0.0,CASH,1.0,0
minimum_variance,enter_once_then_drift,7,2025-12-24,0.0,0.8855590396251855,0.0,CASH,1.0,0
minimum_variance,enter_once_then_drift,7,2025-12-25,0.0,0.8855590396251855,0.0,CASH,1.0,0
minimum_variance,enter_once_then_drift,7,2025-12-26,0.0,0.8855590396251855,0.0,CASH,1.0,0
minimum_variance,enter_once_then_drift,7,2025-12-27,0.0,0.8855590396251855,0.0,CASH,1.0,0
minimum_variance,enter_once_then_drift,7,2025-12-28,0.0,0.8855590396251855,0.0,CASH,1.0,0
minimum_variance,enter_once_then_drift,7,2025-12-29,0.0,0.8855590396251855,0.0,CASH,1.0,0
minimum_variance,enter_once_then_drift,7,2025-12-30,0.0,0.8855590396251855,0.0,CASH,1.0,0
minimum_variance,enter_once_then_drift,7,2025-12-31,0.0,0.8855590396251855,0.0,CASH,1.0,0
minimum_variance,enter_once_then_drift,7,2026-01-01,0.01531080865007528,0.8991176646292312,0.29442094924733353,BTC,0.24772243899681645,20
minimum_variance,enter_once_then_drift,7,2026-01-02,0.021266656187598487,0.9182388908750976,0.3182845263316287,BTC,0.24510431528770174,20
minimum_variance,enter_once_then_drift,7,2026-01-03,0.004487663673235609,0.92235963818903,0.22219687595716325,BTC,0.2457434359494512,20
minimum_variance,enter_once_then_drift,7,2026-01-04,0.012199921742728437,0.9336123535935875,0.19606239970731482,BTC,0.24538751368045192,20
minimum_variance,enter_once_then_drift,7,2026-01-05,0.031691612300617455,0.9632000343427424,0.26032019180372223,BTC,0.24447780355133955,20
minimum_variance,enter_once_then_drift,7,2026-01-06,0.006848837176804734,0.9697968345466486,0.3699628461635081,BTC,0.24274169918879854,20
minimum_variance,enter_once_then_drift,7,2026-01-07,0.0031030605495858676,0.9728061728450434,0.700555195058714,BTC,0.23634176391599102,20
minimum_variance,enter_once_then_drift,7,2026-01-08,0.0,0.9728061728450434,0.0,CASH,1.0,0
minimum_variance,enter_once_then_drift,7,2026-01-09,0.0,0.9728061728450434,0.0,CASH,1.0,0
minimum_variance,enter_once_then_drift,7,2026-01-10,0.0,0.9728061728450434,0.0,CASH,1.0,0
minimum_variance,enter_once_then_drift,7,2026-01-11,0.0,0.9728061728450434,0.0,CASH,1.0,0
minimum_variance,enter_once_then_drift,7,2026-01-12,0.0,0.9728061728450434,0.0,CASH,1.0,0
minimum_variance,enter_once_then_drift,7,2026-01-13,0.0,0.9728061728450434,0.0,CASH,1.0,0
minimum_variance,enter_once_then_drift,7,2026-01-14,0.0,0.9728061728450434,0.0,CASH,1.0,0
minimum_variance,enter_once_then_drift,7,2026-01-15,0.0,0.9728061728450434,0.0,CASH,1.0,0
minimum_variance,enter_once_then_drift,7,2026-01-16,0.0,0.9728061728450434,0.0,CASH,1.0,0
minimum_variance,enter_once_then_drift,7,2026-01-17,0.0,0.9728061728450434,0.0,CASH,1.0,0
minimum_variance,enter_once_then_drift,7,2026-01-18,0.0,0.9728061728450434,0.0,CASH,1.0,0
minimum_variance,enter_once_then_drift,7,2026-01-19,0.0,0.9728061728450434,0.0,CASH,1.0,0
minimum_variance,enter_once_then_drift,7,2026-01-20,0.0,0.9728061728450434,0.0,CASH,1.0,0
minimum_variance,enter_once_then_drift,7,2026-01-21,0.0,0.9728061728450434,0.0,CASH,1.0,0
minimum_variance,enter_once_then_drift,7,2026-01-22,0.0,0.9728061728450434,0.0,CASH,1.0,0
minimum_variance,enter_once_then_drift,7,2026-01-23,0.0,0.9728061728450434,0.0,CASH,1.0,0
minimum_variance,enter_once_then_drift,7,2026-01-24,0.0,0.9728061728450434,0.0,CASH,1.0,0
minimum_variance,enter_once_then_drift,7,2026-01-25,0.0,0.9728061728450434,0.0,CASH,1.0,0
minimum_variance,enter_once_then_drift,7,2026-01-26,0.0,0.9728061728450434,0.0,CASH,1.0,0
minimum_variance,enter_once_then_drift,7,2026-01-27,0.0,0.9728061728450434,0.0,CASH,1.0,0
minimum_variance,enter_once_then_drift,7,2026-01-28,0.0,0.9728061728450434,0.0,CASH,1.0,0
minimum_variance,enter_once_then_drift,7,2026-01-29,0.0,0.9728061728450434,0.0,CASH,1.0,0
minimum_variance,enter_once_then_drift,7,2026-01-30,0.0,0.9728061728450434,0.0,CASH,1.0,0
minimum_variance,enter_once_then_drift,7,2026-01-31,0.0,0.9728061728450434,0.0,CASH,1.0,0
minimum_variance,enter_once_then_drift,7,2026-02-01,-0.016246200320120807,0.9570017688883528,1.4915784662816838,BTC,0.2451747579418817,11
minimum_variance,enter_once_then_drift,7,2026-02-02,0.024411061161797587,0.9803631976006347,0.801313723686591,BTC,0.24663232197465162,11
minimum_variance,enter_once_then_drift,7,2026-02-03,-0.02264852943651996,0.9581594128612959,0.6982908296523737,BTC,0.24149684073472422,11
minimum_variance,enter_once_then_drift,7,2026-02-04,-0.010644165571540576,0.9479606054268702,0.6849037373974637,BTC,0.2354702096539546,11
minimum_variance,enter_once_then_drift,7,2026-02-05,-0.13796726008512328,0.8171730780274903,1.3082333583367434,BTC,0.23559563087848817,11
minimum_variance,enter_once_then_drift,7,2026-02-06,0.13192275840241563,0.9249768045730692,1.545176156075485,BTC,0.2338546303382889,11
minimum_variance,enter_once_then_drift,7,2026-02-07,-0.009233431340752607,0.916436094756255,0.8650710378294955,BTC,0.23125062789903786,11
minimum_variance,enter_once_then_drift,7,2026-02-08,0.0,0.916436094756255,0.0,CASH,1.0,0
minimum_variance,enter_once_then_drift,7,2026-02-09,0.0,0.916436094756255,0.0,CASH,1.0,0
minimum_variance,enter_once_then_drift,7,2026-02-10,0.0,0.916436094756255,0.0,CASH,1.0,0
minimum_variance,enter_once_then_drift,7,2026-02-11,0.0,0.916436094756255,0.0,CASH,1.0,0
minimum_variance,enter_once_then_drift,7,2026-02-12,0.0,0.916436094756255,0.0,CASH,1.0,0
minimum_variance,enter_once_then_drift,7,2026-02-13,0.0,0.916436094756255,0.0,CASH,1.0,0
minimum_variance,enter_once_then_drift,7,2026-02-14,0.0,0.916436094756255,0.0,CASH,1.0,0
minimum_variance,enter_once_then_drift,7,2026-02-15,0.0,0.916436094756255,0.0,CASH,1.0,0
minimum_variance,enter_once_then_drift,7,2026-02-16,0.0,0.916436094756255,0.0,CASH,1.0,0
minimum_variance,enter_once_then_drift,7,2026-02-17,0.0,0.916436094756255,0.0,CASH,1.0,0
minimum_variance,enter_once_then_drift,7,2026-02-18,0.0,0.916436094756255,0.0,CASH,1.0,0
minimum_variance,enter_once_then_drift,7,2026-02-19,0.0,0.916436094756255,0.0,CASH,1.0,0
minimum_variance,enter_once_then_drift,7,2026-02-20,0.0,0.916436094756255,0.0,CASH,1.0,0
minimum_variance,enter_once_then_drift,7,2026-02-21,0.0,0.916436094756255,0.0,CASH,1.0,0
minimum_variance,enter_once_then_drift,7,2026-02-22,0.0,0.916436094756255,0.0,CASH,1.0,0
minimum_variance,enter_once_then_drift,7,2026-02-23,0.0,0.916436094756255,0.0,CASH,1.0,0
minimum_variance,enter_once_then_drift,7,2026-02-24,0.0,0.916436094756255,0.0,CASH,1.0,0
minimum_variance,enter_once_then_drift,7,2026-02-25,0.0,0.916436094756255,0.0,CASH,1.0,0
minimum_variance,enter_once_then_drift,7,2026-02-26,0.0,0.916436094756255,0.0,CASH,1.0,0
minimum_variance,enter_once_then_drift,7,2026-02-27,0.0,0.916436094756255,0.0,CASH,1.0,0
minimum_variance,enter_once_then_drift,7,2026-02-28,0.0,0.916436094756255,0.0,CASH,1.0,0
minimum_variance,enter_once_then_drift,7,2026-03-01,-0.012989303514025163,0.904532228170258,0.45199934533081376,BTC,0.24898163144735183,14
minimum_variance,enter_once_then_drift,7,2026-03-02,0.02674491212289598,0.9287238631249988,0.43567664482916635,BTC,0.25438028683908004,14
minimum_variance,enter_once_then_drift,7,2026-03-03,-0.0006628991991141087,0.928108212819935,0.4448698013892841,BTC,0.2533919057651219,14
minimum_variance,enter_once_then_drift,7,2026-03-04,0.019908920141403552,0.9465858451115479,0.5083997726385154,BTC,0.2611707342287675,14
minimum_variance,enter_once_then_drift,7,2026-03-05,0.0008825723914969164,0.9474212756446251,0.4153148754630388,BTC,0.25708691599949174,14
minimum_variance,enter_once_then_drift,7,2026-03-06,-0.018260826519554074,0.930120580089144,0.36119608171583223,BTC,0.25415459828953507,14
minimum_variance,enter_once_then_drift,7,2026-03-07,-0.0052684578812274285,0.9252202789884815,0.2990511589753713,BTC,0.2518892413847039,14
minimum_variance,enter_once_then_drift,7,2026-03-08,0.0,0.9252202789884815,0.0,CASH,1.0,0
minimum_variance,enter_once_then_drift,7,2026-03-09,0.0,0.9252202789884815,0.0,CASH,1.0,0
minimum_variance,enter_once_then_drift,7,2026-03-10,0.0,0.9252202789884815,0.0,CASH,1.0,0
minimum_variance,enter_once_then_drift,7,2026-03-11,0.0,0.9252202789884815,0.0,CASH,1.0,0
minimum_variance,enter_once_then_drift,7,2026-03-12,0.0,0.9252202789884815,0.0,CASH,1.0,0
minimum_variance,enter_once_then_drift,7,2026-03-13,0.0,0.9252202789884815,0.0,CASH,1.0,0
minimum_variance,enter_once_then_drift,7,2026-03-14,0.0,0.9252202789884815,0.0,CASH,1.0,0
minimum_variance,enter_once_then_drift,7,2026-03-15,0.0,0.9252202789884815,0.0,CASH,1.0,0
minimum_variance,enter_once_then_drift,7,2026-03-16,0.0,0.9252202789884815,0.0,CASH,1.0,0
minimum_variance,enter_once_then_drift,7,2026-03-17,0.0,0.9252202789884815,0.0,CASH,1.0,0
minimum_variance,enter_once_then_drift,7,2026-03-18,0.0,0.9252202789884815,0.0,CASH,1.0,0
minimum_variance,enter_once_then_drift,7,2026-03-19,0.0,0.9252202789884815,0.0,CASH,1.0,0
minimum_variance,enter_once_then_drift,7,2026-03-20,0.0,0.9252202789884815,0.0,CASH,1.0,0
minimum_variance,enter_once_then_drift,7,2026-03-21,0.0,0.9252202789884815,0.0,CASH,1.0,0
minimum_variance,enter_once_then_drift,7,2026-03-22,0.0,0.9252202789884815,0.0,CASH,1.0,0
minimum_variance,enter_once_then_drift,7,2026-03-23,0.0,0.9252202789884815,0.0,CASH,1.0,0
minimum_variance,enter_once_then_drift,7,2026-03-24,0.0,0.9252202789884815,0.0,CASH,1.0,0
minimum_variance,enter_once_then_drift,7,2026-03-25,0.0,0.9252202789884815,0.0,CASH,1.0,0
minimum_variance,enter_once_then_drift,7,2026-03-26,0.0,0.9252202789884815,0.0,CASH,1.0,0
minimum_variance,enter_once_then_drift,7,2026-03-27,0.0,0.9252202789884815,0.0,CASH,1.0,0
minimum_variance,enter_once_then_drift,7,2026-03-28,0.0,0.9252202789884815,0.0,CASH,1.0,0
minimum_variance,enter_once_then_drift,7,2026-03-29,0.0,0.9252202789884815,0.0,CASH,1.0,0
minimum_variance,enter_once_then_drift,7,2026-03-30,0.0,0.9252202789884815,0.0,CASH,1.0,0
equal_weight,enter_once_then_drift,7,2025-03-01,0.00826845591958758,1.0082684559195876,0.5509273815658186,CBK,0.023939984329340008,50
equal_weight,enter_once_then_drift,7,2025-03-02,0.12483876985146414,1.1341394496366242,1.070201819662147,ADA,0.03421284662116755,50
equal_weight,enter_once_then_drift,7,2025-03-03,-0.15637685567493576,0.9567862886055467,1.0701891115662239,ADA,0.02872807788257789,50
equal_weight,enter_once_then_drift,7,2025-03-04,-0.01680060528752514,0.9407116998261688,1.4228144004979495,ADA,0.03185664050318531,50
equal_weight,enter_once_then_drift,7,2025-03-05,0.026099967453228734,0.9652642445745032,0.7132296751570049,ADA,0.03219865863512191,50
equal_weight,enter_once_then_drift,7,2025-03-06,-0.018716882884531105,0.9471975067561769,0.7438247547373948,ADA,0.030464200726290438,50
equal_weight,enter_once_then_drift,7,2025-03-07,-0.020137116608882843,0.9281236801109847,1.1199264663223751,ADA,0.028001984401180714,50
equal_weight,enter_once_then_drift,7,2025-03-08,0.0,0.9281236801109847,0.0,CASH,1.0,0
equal_weight,enter_once_then_drift,7,2025-03-09,0.0,0.9281236801109847,0.0,CASH,1.0,0
equal_weight,enter_once_then_drift,7,2025-03-10,0.0,0.9281236801109847,0.0,CASH,1.0,0
equal_weight,enter_once_then_drift,7,2025-03-11,0.0,0.9281236801109847,0.0,CASH,1.0,0
equal_weight,enter_once_then_drift,7,2025-03-12,0.0,0.9281236801109847,0.0,CASH,1.0,0
equal_weight,enter_once_then_drift,7,2025-03-13,0.0,0.9281236801109847,0.0,CASH,1.0,0
equal_weight,enter_once_then_drift,7,2025-03-14,0.0,0.9281236801109847,0.0,CASH,1.0,0
equal_weight,enter_once_then_drift,7,2025-03-15,0.0,0.9281236801109847,0.0,CASH,1.0,0
equal_weight,enter_once_then_drift,7,2025-03-16,0.0,0.9281236801109847,0.0,CASH,1.0,0
equal_weight,enter_once_then_drift,7,2025-03-17,0.0,0.9281236801109847,0.0,CASH,1.0,0
equal_weight,enter_once_then_drift,7,2025-03-18,0.0,0.9281236801109847,0.0,CASH,1.0,0
equal_weight,enter_once_then_drift,7,2025-03-19,0.0,0.9281236801109847,0.0,CASH,1.0,0
equal_weight,enter_once_then_drift,7,2025-03-20,0.0,0.9281236801109847,0.0,CASH,1.0,0
equal_weight,enter_once_then_drift,7,2025-03-21,0.0,0.9281236801109847,0.0,CASH,1.0,0
equal_weight,enter_once_then_drift,7,2025-03-22,0.0,0.9281236801109847,0.0,CASH,1.0,0
equal_weight,enter_once_then_drift,7,2025-03-23,0.0,0.9281236801109847,0.0,CASH,1.0,0
equal_weight,enter_once_then_drift,7,2025-03-24,0.0,0.9281236801109847,0.0,CASH,1.0,0
equal_weight,enter_once_then_drift,7,2025-03-25,0.0,0.9281236801109847,0.0,CASH,1.0,0
equal_weight,enter_once_then_drift,7,2025-03-26,0.0,0.9281236801109847,0.0,CASH,1.0,0
equal_weight,enter_once_then_drift,7,2025-03-27,0.0,0.9281236801109847,0.0,CASH,1.0,0
equal_weight,enter_once_then_drift,7,2025-03-28,0.0,0.9281236801109847,0.0,CASH,1.0,0
equal_weight,enter_once_then_drift,7,2025-03-29,0.0,0.9281236801109847,0.0,CASH,1.0,0
equal_weight,enter_once_then_drift,7,2025-03-30,0.0,0.9281236801109847,0.0,CASH,1.0,0
equal_weight,enter_once_then_drift,7,2025-03-31,0.0,0.9281236801109847,0.0,CASH,1.0,0
equal_weight,enter_once_then_drift,7,2025-04-01,0.011691562650116838,0.9389748962640593,0.5877665902009898,CARV,0.02243327631615126,50
equal_weight,enter_once_then_drift,7,2025-04-02,-0.06561858679775445,0.8773606905326437,1.137122658456184,MEW,0.026062693930791823,50
equal_weight,enter_once_then_drift,7,2025-04-03,9.371916725142704e-05,0.8774429160459396,0.7094712239135725,BIGTIME,0.026717877149092163,50
equal_weight,enter_once_then_drift,7,2025-04-04,-0.0027520527236370995,0.8750281468789993,0.8131184103395471,BIGTIME,0.02784024457445407,50
equal_weight,enter_once_then_drift,7,2025-04-05,0.0017963932189786203,0.8766000415084682,0.31468202384484595,BIGTIME,0.029555438706346037,50
equal_weight,enter_once_then_drift,7,2025-04-06,-0.07312233921799194,0.8125009959147801,0.7165209452878605,AERGO,0.03627426352654911,50
equal_weight,enter_once_then_drift,7,2025-04-07,0.015739510730305772,0.825289364058365,1.529354634150213,AERGO,0.04024537694484604,50
equal_weight,enter_once_then_drift,7,2025-04-08,0.0,0.825289364058365,0.0,CASH,1.0,0
equal_weight,enter_once_then_drift,7,2025-04-09,0.0,0.825289364058365,0.0,CASH,1.0,0
equal_weight,enter_once_then_drift,7,2025-04-10,0.0,0.825289364058365,0.0,CASH,1.0,0
equal_weight,enter_once_then_drift,7,2025-04-11,0.0,0.825289364058365,0.0,CASH,1.0,0
equal_weight,enter_once_then_drift,7,2025-04-12,0.0,0.825289364058365,0.0,CASH,1.0,0
equal_weight,enter_once_then_drift,7,2025-04-13,0.0,0.825289364058365,0.0,CASH,1.0,0
equal_weight,enter_once_then_drift,7,2025-04-14,0.0,0.825289364058365,0.0,CASH,1.0,0
equal_weight,enter_once_then_drift,7,2025-04-15,0.0,0.825289364058365,0.0,CASH,1.0,0
equal_weight,enter_once_then_drift,7,2025-04-16,0.0,0.825289364058365,0.0,CASH,1.0,0
equal_weight,enter_once_then_drift,7,2025-04-17,0.0,0.825289364058365,0.0,CASH,1.0,0
equal_weight,enter_once_then_drift,7,2025-04-18,0.0,0.825289364058365,0.0,CASH,1.0,0
equal_weight,enter_once_then_drift,7,2025-04-19,0.0,0.825289364058365,0.0,CASH,1.0,0
equal_weight,enter_once_then_drift,7,2025-04-20,0.0,0.825289364058365,0.0,CASH,1.0,0
equal_weight,enter_once_then_drift,7,2025-04-21,0.0,0.825289364058365,0.0,CASH,1.0,0
equal_weight,enter_once_then_drift,7,2025-04-22,0.0,0.825289364058365,0.0,CASH,1.0,0
equal_weight,enter_once_then_drift,7,2025-04-23,0.0,0.825289364058365,0.0,CASH,1.0,0
equal_weight,enter_once_then_drift,7,2025-04-24,0.0,0.825289364058365,0.0,CASH,1.0,0
equal_weight,enter_once_then_drift,7,2025-04-25,0.0,0.825289364058365,0.0,CASH,1.0,0
equal_weight,enter_once_then_drift,7,2025-04-26,0.0,0.825289364058365,0.0,CASH,1.0,0
equal_weight,enter_once_then_drift,7,2025-04-27,0.0,0.825289364058365,0.0,CASH,1.0,0
equal_weight,enter_once_then_drift,7,2025-04-28,0.0,0.825289364058365,0.0,CASH,1.0,0
equal_weight,enter_once_then_drift,7,2025-04-29,0.0,0.825289364058365,0.0,CASH,1.0,0
equal_weight,enter_once_then_drift,7,2025-04-30,0.0,0.825289364058365,0.0,CASH,1.0,0
equal_weight,enter_once_then_drift,7,2025-05-01,0.00789248569099299,0.8318029485551244,0.36029589338788093,ME,0.022063433725798443,50
equal_weight,enter_once_then_drift,7,2025-05-02,-0.0026870743942510877,0.8295678321509994,0.3840431270717194,VIRTUAL,0.02259168372363595,50
equal_weight,enter_once_then_drift,7,2025-05-03,-0.025992554818963565,0.8080052447977658,0.3705282717436831,AERGO,0.02384502218613729,50
equal_weight,enter_once_then_drift,7,2025-05-04,-0.025685828525771837,0.7872509606319661,0.4770306463898964,AWE,0.025561476717435378,50
equal_weight,enter_once_then_drift,7,2025-05-05,-0.0017607672478526792,0.7858647949246448,0.5094411243968673,AWE,0.027629785687781357,50
equal_weight,enter_once_then_drift,7,2025-05-06,-0.033423291222713924,0.7595986070222001,0.6672702911505922,AWE,0.02449618873331671,50
equal_weight,enter_once_then_drift,7,2025-05-07,0.0168843271650283,0.7724239184172627,0.5218346690195633,AWE,0.028961598534969747,50
equal_weight,enter_once_then_drift,7,2025-05-08,0.0,0.7724239184172627,0.0,CASH,1.0,0
equal_weight,enter_once_then_drift,7,2025-05-09,0.0,0.7724239184172627,0.0,CASH,1.0,0
equal_weight,enter_once_then_drift,7,2025-05-10,0.0,0.7724239184172627,0.0,CASH,1.0,0
equal_weight,enter_once_then_drift,7,2025-05-11,0.0,0.7724239184172627,0.0,CASH,1.0,0
equal_weight,enter_once_then_drift,7,2025-05-12,0.0,0.7724239184172627,0.0,CASH,1.0,0
equal_weight,enter_once_then_drift,7,2025-05-13,0.0,0.7724239184172627,0.0,CASH,1.0,0
equal_weight,enter_once_then_drift,7,2025-05-14,0.0,0.7724239184172627,0.0,CASH,1.0,0
equal_weight,enter_once_then_drift,7,2025-05-15,0.0,0.7724239184172627,0.0,CASH,1.0,0
equal_weight,enter_once_then_drift,7,2025-05-16,0.0,0.7724239184172627,0.0,CASH,1.0,0
equal_weight,enter_once_then_drift,7,2025-05-17,0.0,0.7724239184172627,0.0,CASH,1.0,0
equal_weight,enter_once_then_drift,7,2025-05-18,0.0,0.7724239184172627,0.0,CASH,1.0,0
equal_weight,enter_once_then_drift,7,2025-05-19,0.0,0.7724239184172627,0.0,CASH,1.0,0
equal_weight,enter_once_then_drift,7,2025-05-20,0.0,0.7724239184172627,0.0,CASH,1.0,0
equal_weight,enter_once_then_drift,7,2025-05-21,0.0,0.7724239184172627,0.0,CASH,1.0,0
equal_weight,enter_once_then_drift,7,2025-05-22,0.0,0.7724239184172627,0.0,CASH,1.0,0
equal_weight,enter_once_then_drift,7,2025-05-23,0.0,0.7724239184172627,0.0,CASH,1.0,0
equal_weight,enter_once_then_drift,7,2025-05-24,0.0,0.7724239184172627,0.0,CASH,1.0,0
equal_weight,enter_once_then_drift,7,2025-05-25,0.0,0.7724239184172627,0.0,CASH,1.0,0
equal_weight,enter_once_then_drift,7,2025-05-26,0.0,0.7724239184172627,0.0,CASH,1.0,0
equal_weight,enter_once_then_drift,7,2025-05-27,0.0,0.7724239184172627,0.0,CASH,1.0,0
equal_weight,enter_once_then_drift,7,2025-05-28,0.0,0.7724239184172627,0.0,CASH,1.0,0
equal_weight,enter_once_then_drift,7,2025-05-29,0.0,0.7724239184172627,0.0,CASH,1.0,0
equal_weight,enter_once_then_drift,7,2025-05-30,0.0,0.7724239184172627,0.0,CASH,1.0,0
equal_weight,enter_once_then_drift,7,2025-05-31,0.0,0.7724239184172627,0.0,CASH,1.0,0
equal_weight,enter_once_then_drift,7,2025-06-01,0.02062980985229146,0.7883588769795726,0.4982253529327018,MASK,0.02567022222344092,50
equal_weight,enter_once_then_drift,7,2025-06-02,0.008755825579418453,0.795261609800392,0.4767027110364765,MASK,0.024687187805040697,50
equal_weight,enter_once_then_drift,7,2025-06-03,0.005005750730182834,0.7992424911843367,0.45931435136603754,MASK,0.027012685485530808,50
equal_weight,enter_once_then_drift,7,2025-06-04,-0.027727108676117496,0.7770818077726976,0.45685477604671115,ANIME,0.028581078523153027,50
equal_weight,enter_once_then_drift,7,2025-06-05,-0.058548590906525644,0.7315847629085106,0.7230955927346684,ANIME,0.02983077700054096,50
equal_weight,enter_once_then_drift,7,2025-06-06,0.0037608721005688572,0.7343361596325345,0.47701864831783286,ANIME,0.02535252558911643,50
equal_weight,enter_once_then_drift,7,2025-06-07,0.022917649595668,0.7511654184244214,0.31759582018793486,ANIME,0.029147200308746585,50
equal_weight,enter_once_then_drift,7,2025-06-08,0.0,0.7511654184244214,0.0,CASH,1.0,0
equal_weight,enter_once_then_drift,7,2025-06-09,0.0,0.7511654184244214,0.0,CASH,1.0,0
equal_weight,enter_once_then_drift,7,2025-06-10,0.0,0.7511654184244214,0.0,CASH,1.0,0
equal_weight,enter_once_then_drift,7,2025-06-11,0.0,0.7511654184244214,0.0,CASH,1.0,0
equal_weight,enter_once_then_drift,7,2025-06-12,0.0,0.7511654184244214,0.0,CASH,1.0,0
equal_weight,enter_once_then_drift,7,2025-06-13,0.0,0.7511654184244214,0.0,CASH,1.0,0
equal_weight,enter_once_then_drift,7,2025-06-14,0.0,0.7511654184244214,0.0,CASH,1.0,0
equal_weight,enter_once_then_drift,7,2025-06-15,0.0,0.7511654184244214,0.0,CASH,1.0,0
equal_weight,enter_once_then_drift,7,2025-06-16,0.0,0.7511654184244214,0.0,CASH,1.0,0
equal_weight,enter_once_then_drift,7,2025-06-17,0.0,0.7511654184244214,0.0,CASH,1.0,0
equal_weight,enter_once_then_drift,7,2025-06-18,0.0,0.7511654184244214,0.0,CASH,1.0,0
equal_weight,enter_once_then_drift,7,2025-06-19,0.0,0.7511654184244214,0.0,CASH,1.0,0
equal_weight,enter_once_then_drift,7,2025-06-20,0.0,0.7511654184244214,0.0,CASH,1.0,0
equal_weight,enter_once_then_drift,7,2025-06-21,0.0,0.7511654184244214,0.0,CASH,1.0,0
equal_weight,enter_once_then_drift,7,2025-06-22,0.0,0.7511654184244214,0.0,CASH,1.0,0
equal_weight,enter_once_then_drift,7,2025-06-23,0.0,0.7511654184244214,0.0,CASH,1.0,0
equal_weight,enter_once_then_drift,7,2025-06-24,0.0,0.7511654184244214,0.0,CASH,1.0,0
equal_weight,enter_once_then_drift,7,2025-06-25,0.0,0.7511654184244214,0.0,CASH,1.0,0
equal_weight,enter_once_then_drift,7,2025-06-26,0.0,0.7511654184244214,0.0,CASH,1.0,0
equal_weight,enter_once_then_drift,7,2025-06-27,0.0,0.7511654184244214,0.0,CASH,1.0,0
equal_weight,enter_once_then_drift,7,2025-06-28,0.0,0.7511654184244214,0.0,CASH,1.0,0
equal_weight,enter_once_then_drift,7,2025-06-29,0.0,0.7511654184244214,0.0,CASH,1.0,0
equal_weight,enter_once_then_drift,7,2025-06-30,0.0,0.7511654184244214,0.0,CASH,1.0,0
equal_weight,enter_once_then_drift,7,2025-07-01,-0.02884483377743363,0.7294981767906126,0.37156678617617517,TOKAMAK,0.02145734827854547,50
equal_weight,enter_once_then_drift,7,2025-07-02,0.07242619153363883,0.7823329514662898,0.4948766183250448,CBK,0.03153552753747973,50
equal_weight,enter_once_then_drift,7,2025-07-03,0.0049644528540802035,0.7862168065200377,0.44016345262964146,CBK,0.030470409840144503,50
equal_weight,enter_once_then_drift,7,2025-07-04,-0.022418133680195074,0.7685912930498554,0.39368127538595193,CBK,0.026833544610280823,50
equal_weight,enter_once_then_drift,7,2025-07-05,0.0058354507910995945,0.7730763697189155,0.2848858703146962,CBK,0.025612006493507457,50
equal_weight,enter_once_then_drift,7,2025-07-06,0.010886234568567854,0.7814922604190925,0.3209851735578763,BONK,0.029205126348505746,50
equal_weight,enter_once_then_drift,7,2025-07-07,-0.004544359329718084,0.7779408787743545,0.3451198389783379,BONK,0.030402640873870266,50
equal_weight,enter_once_then_drift,7,2025-07-08,0.0,0.7779408787743545,0.0,CASH,1.0,0
equal_weight,enter_once_then_drift,7,2025-07-09,0.0,0.7779408787743545,0.0,CASH,1.0,0
equal_weight,enter_once_then_drift,7,2025-07-10,0.0,0.7779408787743545,0.0,CASH,1.0,0
equal_weight,enter_once_then_drift,7,2025-07-11,0.0,0.7779408787743545,0.0,CASH,1.0,0
equal_weight,enter_once_then_drift,7,2025-07-12,0.0,0.7779408787743545,0.0,CASH,1.0,0
equal_weight,enter_once_then_drift,7,2025-07-13,0.0,0.7779408787743545,0.0,CASH,1.0,0
equal_weight,enter_once_then_drift,7,2025-07-14,0.0,0.7779408787743545,0.0,CASH,1.0,0
equal_weight,enter_once_then_drift,7,2025-07-15,0.0,0.7779408787743545,0.0,CASH,1.0,0
equal_weight,enter_once_then_drift,7,2025-07-16,0.0,0.7779408787743545,0.0,CASH,1.0,0
equal_weight,enter_once_then_drift,7,2025-07-17,0.0,0.7779408787743545,0.0,CASH,1.0,0
equal_weight,enter_once_then_drift,7,2025-07-18,0.0,0.7779408787743545,0.0,CASH,1.0,0
equal_weight,enter_once_then_drift,7,2025-07-19,0.0,0.7779408787743545,0.0,CASH,1.0,0
equal_weight,enter_once_then_drift,7,2025-07-20,0.0,0.7779408787743545,0.0,CASH,1.0,0
equal_weight,enter_once_then_drift,7,2025-07-21,0.0,0.7779408787743545,0.0,CASH,1.0,0
equal_weight,enter_once_then_drift,7,2025-07-22,0.0,0.7779408787743545,0.0,CASH,1.0,0
equal_weight,enter_once_then_drift,7,2025-07-23,0.0,0.7779408787743545,0.0,CASH,1.0,0
equal_weight,enter_once_then_drift,7,2025-07-24,0.0,0.7779408787743545,0.0,CASH,1.0,0
equal_weight,enter_once_then_drift,7,2025-07-25,0.0,0.7779408787743545,0.0,CASH,1.0,0
equal_weight,enter_once_then_drift,7,2025-07-26,0.0,0.7779408787743545,0.0,CASH,1.0,0
equal_weight,enter_once_then_drift,7,2025-07-27,0.0,0.7779408787743545,0.0,CASH,1.0,0
equal_weight,enter_once_then_drift,7,2025-07-28,0.0,0.7779408787743545,0.0,CASH,1.0,0
equal_weight,enter_once_then_drift,7,2025-07-29,0.0,0.7779408787743545,0.0,CASH,1.0,0
equal_weight,enter_once_then_drift,7,2025-07-30,0.0,0.7779408787743545,0.0,CASH,1.0,0
equal_weight,enter_once_then_drift,7,2025-07-31,0.0,0.7779408787743545,0.0,CASH,1.0,0
equal_weight,enter_once_then_drift,7,2025-08-01,-0.03730117174202907,0.7489227724500472,0.8813961818081953,ARK,0.020532958312886755,50
equal_weight,enter_once_then_drift,7,2025-08-02,-0.02410902676641724,0.7308669732830696,0.6187874037295349,TOKAMAK,0.021061466631776157,50
equal_weight,enter_once_then_drift,7,2025-08-03,0.03837960014070463,0.7589173554737209,0.38959303944377865,WAVES,0.020818289861804576,50
equal_weight,enter_once_then_drift,7,2025-08-04,0.037743767436536846,0.7875617556422725,0.40045420437387375,MNT,0.02265190039452977,50
equal_weight,enter_once_then_drift,7,2025-08-05,-0.03036912622374044,0.7636441932761817,0.49195631469280054,MNT,0.02498340687733892,50
equal_weight,enter_once_then_drift,7,2025-08-06,0.003660010987925011,0.7664391394144376,0.5040085796072471,MNT,0.023965983968390808,50
equal_weight,enter_once_then_drift,7,2025-08-07,0.04473903823161218,0.8007288893749042,0.37668130763165053,MNT,0.02729747001310655,50
equal_weight,enter_once_then_drift,7,2025-08-08,0.0,0.8007288893749042,0.0,CASH,1.0,0
equal_weight,enter_once_then_drift,7,2025-08-09,0.0,0.8007288893749042,0.0,CASH,1.0,0
equal_weight,enter_once_then_drift,7,2025-08-10,0.0,0.8007288893749042,0.0,CASH,1.0,0
equal_weight,enter_once_then_drift,7,2025-08-11,0.0,0.8007288893749042,0.0,CASH,1.0,0
equal_weight,enter_once_then_drift,7,2025-08-12,0.0,0.8007288893749042,0.0,CASH,1.0,0
equal_weight,enter_once_then_drift,7,2025-08-13,0.0,0.8007288893749042,0.0,CASH,1.0,0
equal_weight,enter_once_then_drift,7,2025-08-14,0.0,0.8007288893749042,0.0,CASH,1.0,0
equal_weight,enter_once_then_drift,7,2025-08-15,0.0,0.8007288893749042,0.0,CASH,1.0,0
equal_weight,enter_once_then_drift,7,2025-08-16,0.0,0.8007288893749042,0.0,CASH,1.0,0
equal_weight,enter_once_then_drift,7,2025-08-17,0.0,0.8007288893749042,0.0,CASH,1.0,0
equal_weight,enter_once_then_drift,7,2025-08-18,0.0,0.8007288893749042,0.0,CASH,1.0,0
equal_weight,enter_once_then_drift,7,2025-08-19,0.0,0.8007288893749042,0.0,CASH,1.0,0
equal_weight,enter_once_then_drift,7,2025-08-20,0.0,0.8007288893749042,0.0,CASH,1.0,0
equal_weight,enter_once_then_drift,7,2025-08-21,0.0,0.8007288893749042,0.0,CASH,1.0,0
equal_weight,enter_once_then_drift,7,2025-08-22,0.0,0.8007288893749042,0.0,CASH,1.0,0
equal_weight,enter_once_then_drift,7,2025-08-23,0.0,0.8007288893749042,0.0,CASH,1.0,0
equal_weight,enter_once_then_drift,7,2025-08-24,0.0,0.8007288893749042,0.0,CASH,1.0,0
equal_weight,enter_once_then_drift,7,2025-08-25,0.0,0.8007288893749042,0.0,CASH,1.0,0
equal_weight,enter_once_then_drift,7,2025-08-26,0.0,0.8007288893749042,0.0,CASH,1.0,0
equal_weight,enter_once_then_drift,7,2025-08-27,0.0,0.8007288893749042,0.0,CASH,1.0,0
equal_weight,enter_once_then_drift,7,2025-08-28,0.0,0.8007288893749042,0.0,CASH,1.0,0
equal_weight,enter_once_then_drift,7,2025-08-29,0.0,0.8007288893749042,0.0,CASH,1.0,0
equal_weight,enter_once_then_drift,7,2025-08-30,0.0,0.8007288893749042,0.0,CASH,1.0,0
equal_weight,enter_once_then_drift,7,2025-08-31,0.0,0.8007288893749042,0.0,CASH,1.0,0
equal_weight,enter_once_then_drift,7,2025-09-01,-0.029351790960984836,0.7772260623975504,0.4856246002254155,XLM,0.020982471907271,50
equal_weight,enter_once_then_drift,7,2025-09-02,0.0256699400730227,0.7971774088424869,0.46379100435414483,AERGO,0.023018762002826175,50
equal_weight,enter_once_then_drift,7,2025-09-03,0.00485804725349559,0.8010501343640629,0.3279201609084761,AERGO,0.02179681087759151,50
equal_weight,enter_once_then_drift,7,2025-09-04,-0.019049702716832595,0.7857903674431487,0.3089263462124031,PUNDIX,0.022362332284840313,50
equal_weight,enter_once_then_drift,7,2025-09-05,0.011960198421948842,0.7951885761558248,0.3425979003827164,PUNDIX,0.021947366973600113,50
equal_weight,enter_once_then_drift,7,2025-09-06,-0.0044101956149974475,0.7916816389841663,0.17198528432401194,PUNDIX,0.021792361512182067,50
equal_weight,enter_once_then_drift,7,2025-09-07,0.009949417911442104,0.7995584104632353,0.158656473670377,PUNDIX,0.022027211114880357,50
equal_weight,enter_once_then_drift,7,2025-09-08,0.0,0.7995584104632353,0.0,CASH,1.0,0
equal_weight,enter_once_then_drift,7,2025-09-09,0.0,0.7995584104632353,0.0,CASH,1.0,0
equal_weight,enter_once_then_drift,7,2025-09-10,0.0,0.7995584104632353,0.0,CASH,1.0,0
equal_weight,enter_once_then_drift,7,2025-09-11,0.0,0.7995584104632353,0.0,CASH,1.0,0
equal_weight,enter_once_then_drift,7,2025-09-12,0.0,0.7995584104632353,0.0,CASH,1.0,0
equal_weight,enter_once_then_drift,7,2025-09-13,0.0,0.7995584104632353,0.0,CASH,1.0,0
equal_weight,enter_once_then_drift,7,2025-09-14,0.0,0.7995584104632353,0.0,CASH,1.0,0
equal_weight,enter_once_then_drift,7,2025-09-15,0.0,0.7995584104632353,0.0,CASH,1.0,0
equal_weight,enter_once_then_drift,7,2025-09-16,0.0,0.7995584104632353,0.0,CASH,1.0,0
equal_weight,enter_once_then_drift,7,2025-09-17,0.0,0.7995584104632353,0.0,CASH,1.0,0
equal_weight,enter_once_then_drift,7,2025-09-18,0.0,0.7995584104632353,0.0,CASH,1.0,0
equal_weight,enter_once_then_drift,7,2025-09-19,0.0,0.7995584104632353,0.0,CASH,1.0,0
equal_weight,enter_once_then_drift,7,2025-09-20,0.0,0.7995584104632353,0.0,CASH,1.0,0
equal_weight,enter_once_then_drift,7,2025-09-21,0.0,0.7995584104632353,0.0,CASH,1.0,0
equal_weight,enter_once_then_drift,7,2025-09-22,0.0,0.7995584104632353,0.0,CASH,1.0,0
equal_weight,enter_once_then_drift,7,2025-09-23,0.0,0.7995584104632353,0.0,CASH,1.0,0
equal_weight,enter_once_then_drift,7,2025-09-24,0.0,0.7995584104632353,0.0,CASH,1.0,0
equal_weight,enter_once_then_drift,7,2025-09-25,0.0,0.7995584104632353,0.0,CASH,1.0,0
equal_weight,enter_once_then_drift,7,2025-09-26,0.0,0.7995584104632353,0.0,CASH,1.0,0
equal_weight,enter_once_then_drift,7,2025-09-27,0.0,0.7995584104632353,0.0,CASH,1.0,0
equal_weight,enter_once_then_drift,7,2025-09-28,0.0,0.7995584104632353,0.0,CASH,1.0,0
equal_weight,enter_once_then_drift,7,2025-09-29,0.0,0.7995584104632353,0.0,CASH,1.0,0
equal_weight,enter_once_then_drift,7,2025-09-30,0.0,0.7995584104632353,0.0,CASH,1.0,0
equal_weight,enter_once_then_drift,7,2025-10-01,0.045299220726931155,0.8357777833828837,0.42604310826597197,XLM,0.020943182064813572,50
equal_weight,enter_once_then_drift,7,2025-10-02,0.01822869060510035,0.8510129180107868,0.37295898987066695,VIRTUAL,0.021311773611974626,50
equal_weight,enter_once_then_drift,7,2025-10-03,0.0036458354364268253,0.8541155710641275,0.5240416936541801,MOVE,0.02143402031511089,50
equal_weight,enter_once_then_drift,7,2025-10-04,-0.013893397611171587,0.8422490038294407,0.31414534908536323,MOVE,0.0213431878979433,50
equal_weight,enter_once_then_drift,7,2025-10-05,0.00143909072737336,0.843461076560991,0.42692053371496336,MNT,0.02282587038735768,50
equal_weight,enter_once_then_drift,7,2025-10-06,0.02657662214765133,0.8658774228890037,0.3767355213443812,MNT,0.02558481013380744,50
equal_weight,enter_once_then_drift,7,2025-10-07,-0.0385772325575241,0.832474268179905,0.4742567399122503,MNT,0.025333326728002262,50
equal_weight,enter_once_then_drift,7,2025-10-08,0.0,0.832474268179905,0.0,CASH,1.0,0
equal_weight,enter_once_then_drift,7,2025-10-09,0.0,0.832474268179905,0.0,CASH,1.0,0
equal_weight,enter_once_then_drift,7,2025-10-10,0.0,0.832474268179905,0.0,CASH,1.0,0
equal_weight,enter_once_then_drift,7,2025-10-11,0.0,0.832474268179905,0.0,CASH,1.0,0
equal_weight,enter_once_then_drift,7,2025-10-12,0.0,0.832474268179905,0.0,CASH,1.0,0
equal_weight,enter_once_then_drift,7,2025-10-13,0.0,0.832474268179905,0.0,CASH,1.0,0
equal_weight,enter_once_then_drift,7,2025-10-14,0.0,0.832474268179905,0.0,CASH,1.0,0
equal_weight,enter_once_then_drift,7,2025-10-15,0.0,0.832474268179905,0.0,CASH,1.0,0
equal_weight,enter_once_then_drift,7,2025-10-16,0.0,0.832474268179905,0.0,CASH,1.0,0
equal_weight,enter_once_then_drift,7,2025-10-17,0.0,0.832474268179905,0.0,CASH,1.0,0
equal_weight,enter_once_then_drift,7,2025-10-18,0.0,0.832474268179905,0.0,CASH,1.0,0
equal_weight,enter_once_then_drift,7,2025-10-19,0.0,0.832474268179905,0.0,CASH,1.0,0
equal_weight,enter_once_then_drift,7,2025-10-20,0.0,0.832474268179905,0.0,CASH,1.0,0
equal_weight,enter_once_then_drift,7,2025-10-21,0.0,0.832474268179905,0.0,CASH,1.0,0
equal_weight,enter_once_then_drift,7,2025-10-22,0.0,0.832474268179905,0.0,CASH,1.0,0
equal_weight,enter_once_then_drift,7,2025-10-23,0.0,0.832474268179905,0.0,CASH,1.0,0
equal_weight,enter_once_then_drift,7,2025-10-24,0.0,0.832474268179905,0.0,CASH,1.0,0
equal_weight,enter_once_then_drift,7,2025-10-25,0.0,0.832474268179905,0.0,CASH,1.0,0
equal_weight,enter_once_then_drift,7,2025-10-26,0.0,0.832474268179905,0.0,CASH,1.0,0
equal_weight,enter_once_then_drift,7,2025-10-27,0.0,0.832474268179905,0.0,CASH,1.0,0
equal_weight,enter_once_then_drift,7,2025-10-28,0.0,0.832474268179905,0.0,CASH,1.0,0
equal_weight,enter_once_then_drift,7,2025-10-29,0.0,0.832474268179905,0.0,CASH,1.0,0
equal_weight,enter_once_then_drift,7,2025-10-30,0.0,0.832474268179905,0.0,CASH,1.0,0
equal_weight,enter_once_then_drift,7,2025-10-31,0.0,0.832474268179905,0.0,CASH,1.0,0
equal_weight,enter_once_then_drift,7,2025-11-01,0.017490021739728245,0.8470342612281359,0.33421575338040016,VIRTUAL,0.026524745982803046,50
equal_weight,enter_once_then_drift,7,2025-11-02,-0.0030949436670703045,0.8444127379055563,0.37576118363398725,VIRTUAL,0.024099923932280352,50
equal_weight,enter_once_then_drift,7,2025-11-03,-0.10963417332006087,0.7518362454443513,1.2681500627587077,CARV,0.02384169542654182,50
equal_weight,enter_once_then_drift,7,2025-11-04,-0.022725513178739276,0.7347503809402519,1.3967008114536503,CARV,0.02668038945433135,50
equal_weight,enter_once_then_drift,7,2025-11-05,0.024648646926251905,0.7528609836589772,0.8870205823402711,CARV,0.02710865221829296,50
equal_weight,enter_once_then_drift,7,2025-11-06,-0.016753445082370866,0.7402479685145869,0.704060262587963,CARV,0.025666009132969497,50
equal_weight,enter_once_then_drift,7,2025-11-07,0.09632537493700721,0.8115526316281124,0.9165317749461622,CARV,0.02448635569309572,50
equal_weight,enter_once_then_drift,7,2025-11-08,0.0,0.8115526316281124,0.0,CASH,1.0,0
equal_weight,enter_once_then_drift,7,2025-11-09,0.0,0.8115526316281124,0.0,CASH,1.0,0
equal_weight,enter_once_then_drift,7,2025-11-10,0.0,0.8115526316281124,0.0,CASH,1.0,0
equal_weight,enter_once_then_drift,7,2025-11-11,0.0,0.8115526316281124,0.0,CASH,1.0,0
equal_weight,enter_once_then_drift,7,2025-11-12,0.0,0.8115526316281124,0.0,CASH,1.0,0
equal_weight,enter_once_then_drift,7,2025-11-13,0.0,0.8115526316281124,0.0,CASH,1.0,0
equal_weight,enter_once_then_drift,7,2025-11-14,0.0,0.8115526316281124,0.0,CASH,1.0,0
equal_weight,enter_once_then_drift,7,2025-11-15,0.0,0.8115526316281124,0.0,CASH,1.0,0
equal_weight,enter_once_then_drift,7,2025-11-16,0.0,0.8115526316281124,0.0,CASH,1.0,0
equal_weight,enter_once_then_drift,7,2025-11-17,0.0,0.8115526316281124,0.0,CASH,1.0,0
equal_weight,enter_once_then_drift,7,2025-11-18,0.0,0.8115526316281124,0.0,CASH,1.0,0
equal_weight,enter_once_then_drift,7,2025-11-19,0.0,0.8115526316281124,0.0,CASH,1.0,0
equal_weight,enter_once_then_drift,7,2025-11-20,0.0,0.8115526316281124,0.0,CASH,1.0,0
equal_weight,enter_once_then_drift,7,2025-11-21,0.0,0.8115526316281124,0.0,CASH,1.0,0
equal_weight,enter_once_then_drift,7,2025-11-22,0.0,0.8115526316281124,0.0,CASH,1.0,0
equal_weight,enter_once_then_drift,7,2025-11-23,0.0,0.8115526316281124,0.0,CASH,1.0,0
equal_weight,enter_once_then_drift,7,2025-11-24,0.0,0.8115526316281124,0.0,CASH,1.0,0
equal_weight,enter_once_then_drift,7,2025-11-25,0.0,0.8115526316281124,0.0,CASH,1.0,0
equal_weight,enter_once_then_drift,7,2025-11-26,0.0,0.8115526316281124,0.0,CASH,1.0,0
equal_weight,enter_once_then_drift,7,2025-11-27,0.0,0.8115526316281124,0.0,CASH,1.0,0
equal_weight,enter_once_then_drift,7,2025-11-28,0.0,0.8115526316281124,0.0,CASH,1.0,0
equal_weight,enter_once_then_drift,7,2025-11-29,0.0,0.8115526316281124,0.0,CASH,1.0,0
equal_weight,enter_once_then_drift,7,2025-11-30,0.0,0.8115526316281124,0.0,CASH,1.0,0
equal_weight,enter_once_then_drift,7,2025-12-01,-0.07053940885667842,0.7543061887369836,0.807183222657227,VANA,0.022060830865323306,50
equal_weight,enter_once_then_drift,7,2025-12-02,0.05444335673547118,0.7953731496581649,0.5569669305632293,SUI,0.021983567461340787,50
equal_weight,enter_once_then_drift,7,2025-12-03,0.02578982409078656,0.8158856832743837,0.4695972537661332,LINK,0.022222213312361957,50
equal_weight,enter_once_then_drift,7,2025-12-04,-0.02722323366103907,0.7936746366779086,0.4618565290724846,SUI,0.022502827967707948,50
equal_weight,enter_once_then_drift,7,2025-12-05,-0.02992770764674013,0.7699217741847795,0.5630866471290499,LINK,0.021979664286671623,50
equal_weight,enter_once_then_drift,7,2025-12-06,0.007856566783243757,0.7759707160215358,0.3030147566855369,LINK,0.022323736666801812,50
equal_weight,enter_once_then_drift,7,2025-12-07,-0.015078926476016052,0.7642699106471055,0.5693330383878417,SUI,0.02224638654170115,50
equal_weight,enter_once_then_drift,7,2025-12-08,0.0,0.7642699106471055,0.0,CASH,1.0,0
equal_weight,enter_once_then_drift,7,2025-12-09,0.0,0.7642699106471055,0.0,CASH,1.0,0
equal_weight,enter_once_then_drift,7,2025-12-10,0.0,0.7642699106471055,0.0,CASH,1.0,0
equal_weight,enter_once_then_drift,7,2025-12-11,0.0,0.7642699106471055,0.0,CASH,1.0,0
equal_weight,enter_once_then_drift,7,2025-12-12,0.0,0.7642699106471055,0.0,CASH,1.0,0
equal_weight,enter_once_then_drift,7,2025-12-13,0.0,0.7642699106471055,0.0,CASH,1.0,0
equal_weight,enter_once_then_drift,7,2025-12-14,0.0,0.7642699106471055,0.0,CASH,1.0,0
equal_weight,enter_once_then_drift,7,2025-12-15,0.0,0.7642699106471055,0.0,CASH,1.0,0
equal_weight,enter_once_then_drift,7,2025-12-16,0.0,0.7642699106471055,0.0,CASH,1.0,0
equal_weight,enter_once_then_drift,7,2025-12-17,0.0,0.7642699106471055,0.0,CASH,1.0,0
equal_weight,enter_once_then_drift,7,2025-12-18,0.0,0.7642699106471055,0.0,CASH,1.0,0
equal_weight,enter_once_then_drift,7,2025-12-19,0.0,0.7642699106471055,0.0,CASH,1.0,0
equal_weight,enter_once_then_drift,7,2025-12-20,0.0,0.7642699106471055,0.0,CASH,1.0,0
equal_weight,enter_once_then_drift,7,2025-12-21,0.0,0.7642699106471055,0.0,CASH,1.0,0
equal_weight,enter_once_then_drift,7,2025-12-22,0.0,0.7642699106471055,0.0,CASH,1.0,0
equal_weight,enter_once_then_drift,7,2025-12-23,0.0,0.7642699106471055,0.0,CASH,1.0,0
equal_weight,enter_once_then_drift,7,2025-12-24,0.0,0.7642699106471055,0.0,CASH,1.0,0
equal_weight,enter_once_then_drift,7,2025-12-25,0.0,0.7642699106471055,0.0,CASH,1.0,0
equal_weight,enter_once_then_drift,7,2025-12-26,0.0,0.7642699106471055,0.0,CASH,1.0,0
equal_weight,enter_once_then_drift,7,2025-12-27,0.0,0.7642699106471055,0.0,CASH,1.0,0
equal_weight,enter_once_then_drift,7,2025-12-28,0.0,0.7642699106471055,0.0,CASH,1.0,0
equal_weight,enter_once_then_drift,7,2025-12-29,0.0,0.7642699106471055,0.0,CASH,1.0,0
equal_weight,enter_once_then_drift,7,2025-12-30,0.0,0.7642699106471055,0.0,CASH,1.0,0
equal_weight,enter_once_then_drift,7,2025-12-31,0.0,0.7642699106471055,0.0,CASH,1.0,0
equal_weight,enter_once_then_drift,7,2026-01-01,0.03937650532757675,0.7943641888554078,0.2491796445522128,PEPE,0.023358655796157812,50
equal_weight,enter_once_then_drift,7,2026-01-02,0.04839859620291742,0.8328103004698787,0.43039923074303366,PEPE,0.027203802817624734,50
equal_weight,enter_once_then_drift,7,2026-01-03,0.007177009242695931,0.8387873876937634,0.40931580824694974,PEPE,0.02725746602133665,50
equal_weight,enter_once_then_drift,7,2026-01-04,0.03561367560872308,0.8686596896237773,0.4272750404254735,PEPE,0.0310702775964768,50
equal_weight,enter_once_then_drift,7,2026-01-05,0.037073009378896016,0.9008635184442685,0.5057607798436298,PEPE,0.02909536678324831,50
equal_weight,enter_once_then_drift,7,2026-01-06,0.009851792705988016,0.9097386390843685,0.6268159208931938,VIRTUAL,0.029559345239449236,50
equal_weight,enter_once_then_drift,7,2026-01-07,-0.026434884253473068,0.8856898034592611,0.518200309044844,PEPE,0.027982285885015137,50
equal_weight,enter_once_then_drift,7,2026-01-08,0.0,0.8856898034592611,0.0,CASH,1.0,0
equal_weight,enter_once_then_drift,7,2026-01-09,0.0,0.8856898034592611,0.0,CASH,1.0,0
equal_weight,enter_once_then_drift,7,2026-01-10,0.0,0.8856898034592611,0.0,CASH,1.0,0
equal_weight,enter_once_then_drift,7,2026-01-11,0.0,0.8856898034592611,0.0,CASH,1.0,0
equal_weight,enter_once_then_drift,7,2026-01-12,0.0,0.8856898034592611,0.0,CASH,1.0,0
equal_weight,enter_once_then_drift,7,2026-01-13,0.0,0.8856898034592611,0.0,CASH,1.0,0
equal_weight,enter_once_then_drift,7,2026-01-14,0.0,0.8856898034592611,0.0,CASH,1.0,0
equal_weight,enter_once_then_drift,7,2026-01-15,0.0,0.8856898034592611,0.0,CASH,1.0,0
equal_weight,enter_once_then_drift,7,2026-01-16,0.0,0.8856898034592611,0.0,CASH,1.0,0
equal_weight,enter_once_then_drift,7,2026-01-17,0.0,0.8856898034592611,0.0,CASH,1.0,0
equal_weight,enter_once_then_drift,7,2026-01-18,0.0,0.8856898034592611,0.0,CASH,1.0,0
equal_weight,enter_once_then_drift,7,2026-01-19,0.0,0.8856898034592611,0.0,CASH,1.0,0
equal_weight,enter_once_then_drift,7,2026-01-20,0.0,0.8856898034592611,0.0,CASH,1.0,0
equal_weight,enter_once_then_drift,7,2026-01-21,0.0,0.8856898034592611,0.0,CASH,1.0,0
equal_weight,enter_once_then_drift,7,2026-01-22,0.0,0.8856898034592611,0.0,CASH,1.0,0
equal_weight,enter_once_then_drift,7,2026-01-23,0.0,0.8856898034592611,0.0,CASH,1.0,0
equal_weight,enter_once_then_drift,7,2026-01-24,0.0,0.8856898034592611,0.0,CASH,1.0,0
equal_weight,enter_once_then_drift,7,2026-01-25,0.0,0.8856898034592611,0.0,CASH,1.0,0
equal_weight,enter_once_then_drift,7,2026-01-26,0.0,0.8856898034592611,0.0,CASH,1.0,0
equal_weight,enter_once_then_drift,7,2026-01-27,0.0,0.8856898034592611,0.0,CASH,1.0,0
equal_weight,enter_once_then_drift,7,2026-01-28,0.0,0.8856898034592611,0.0,CASH,1.0,0
equal_weight,enter_once_then_drift,7,2026-01-29,0.0,0.8856898034592611,0.0,CASH,1.0,0
equal_weight,enter_once_then_drift,7,2026-01-30,0.0,0.8856898034592611,0.0,CASH,1.0,0
equal_weight,enter_once_then_drift,7,2026-01-31,0.0,0.8856898034592611,0.0,CASH,1.0,0
equal_weight,enter_once_then_drift,7,2026-02-01,-0.033001094685026544,0.8564610703937394,1.0596028736459355,ARDR,0.023524006199009413,50
equal_weight,enter_once_then_drift,7,2026-02-02,0.03450561540777075,0.8860137867004735,0.9955921544310752,GAS,0.021600490200021083,50
equal_weight,enter_once_then_drift,7,2026-02-03,-0.03279442699223922,0.8569574722584073,0.8948785195910237,GAS,0.022445311666613038,50
equal_weight,enter_once_then_drift,7,2026-02-04,-0.01761357803967112,0.8418633849441046,0.8374118469122576,AWE,0.02348073319258875,50
equal_weight,enter_once_then_drift,7,2026-02-05,-0.15042402430134316,0.7152269066688616,1.527487820039109,AWE,0.02653145572341836,50
equal_weight,enter_once_then_drift,7,2026-02-06,0.11997638648476117,0.801037246447665,1.848833000878809,AWE,0.029912080170288822,50
equal_weight,enter_once_then_drift,7,2026-02-07,-0.009079295351706818,0.7937643926994488,0.7527069116231779,AWE,0.029647110756415983,50
equal_weight,enter_once_then_drift,7,2026-02-08,0.0,0.7937643926994488,0.0,CASH,1.0,0
equal_weight,enter_once_then_drift,7,2026-02-09,0.0,0.7937643926994488,0.0,CASH,1.0,0
equal_weight,enter_once_then_drift,7,2026-02-10,0.0,0.7937643926994488,0.0,CASH,1.0,0
equal_weight,enter_once_then_drift,7,2026-02-11,0.0,0.7937643926994488,0.0,CASH,1.0,0
equal_weight,enter_once_then_drift,7,2026-02-12,0.0,0.7937643926994488,0.0,CASH,1.0,0
equal_weight,enter_once_then_drift,7,2026-02-13,0.0,0.7937643926994488,0.0,CASH,1.0,0
equal_weight,enter_once_then_drift,7,2026-02-14,0.0,0.7937643926994488,0.0,CASH,1.0,0
equal_weight,enter_once_then_drift,7,2026-02-15,0.0,0.7937643926994488,0.0,CASH,1.0,0
equal_weight,enter_once_then_drift,7,2026-02-16,0.0,0.7937643926994488,0.0,CASH,1.0,0
equal_weight,enter_once_then_drift,7,2026-02-17,0.0,0.7937643926994488,0.0,CASH,1.0,0
equal_weight,enter_once_then_drift,7,2026-02-18,0.0,0.7937643926994488,0.0,CASH,1.0,0
equal_weight,enter_once_then_drift,7,2026-02-19,0.0,0.7937643926994488,0.0,CASH,1.0,0
equal_weight,enter_once_then_drift,7,2026-02-20,0.0,0.7937643926994488,0.0,CASH,1.0,0
equal_weight,enter_once_then_drift,7,2026-02-21,0.0,0.7937643926994488,0.0,CASH,1.0,0
equal_weight,enter_once_then_drift,7,2026-02-22,0.0,0.7937643926994488,0.0,CASH,1.0,0
equal_weight,enter_once_then_drift,7,2026-02-23,0.0,0.7937643926994488,0.0,CASH,1.0,0
equal_weight,enter_once_then_drift,7,2026-02-24,0.0,0.7937643926994488,0.0,CASH,1.0,0
equal_weight,enter_once_then_drift,7,2026-02-25,0.0,0.7937643926994488,0.0,CASH,1.0,0
equal_weight,enter_once_then_drift,7,2026-02-26,0.0,0.7937643926994488,0.0,CASH,1.0,0
equal_weight,enter_once_then_drift,7,2026-02-27,0.0,0.7937643926994488,0.0,CASH,1.0,0
equal_weight,enter_once_then_drift,7,2026-02-28,0.0,0.7937643926994488,0.0,CASH,1.0,0
equal_weight,enter_once_then_drift,7,2026-03-01,-0.022472798489716173,0.7759262854540021,0.7382223502099958,ATH,0.021845698621330994,50
equal_weight,enter_once_then_drift,7,2026-03-02,0.022983962154130566,0.793760145833272,0.6524977106524973,VIRTUAL,0.0215608089981038,50
equal_weight,enter_once_then_drift,7,2026-03-03,-0.009948849261666615,0.7858631457924583,0.5996389633488202,AKT,0.022247890475118996,50
equal_weight,enter_once_then_drift,7,2026-03-04,0.022915162171422754,0.8038713272228369,0.6359707410325796,ARDR,0.022398507775191964,50
equal_weight,enter_once_then_drift,7,2026-03-05,-0.005808681334693255,0.7992018948489026,0.5493044926004614,ARDR,0.02243417919096902,50
equal_weight,enter_once_then_drift,7,2026-03-06,-0.02090115853978891,0.7824976493393659,0.44619059933701133,AKT,0.023282008187036657,50
equal_weight,enter_once_then_drift,7,2026-03-07,-0.01617278213342499,0.7698424853366832,0.3002793506320928,AKT,0.026026663854333425,50
equal_weight,enter_once_then_drift,7,2026-03-08,0.0,0.7698424853366832,0.0,CASH,1.0,0
equal_weight,enter_once_then_drift,7,2026-03-09,0.0,0.7698424853366832,0.0,CASH,1.0,0
equal_weight,enter_once_then_drift,7,2026-03-10,0.0,0.7698424853366832,0.0,CASH,1.0,0
equal_weight,enter_once_then_drift,7,2026-03-11,0.0,0.7698424853366832,0.0,CASH,1.0,0
equal_weight,enter_once_then_drift,7,2026-03-12,0.0,0.7698424853366832,0.0,CASH,1.0,0
equal_weight,enter_once_then_drift,7,2026-03-13,0.0,0.7698424853366832,0.0,CASH,1.0,0
equal_weight,enter_once_then_drift,7,2026-03-14,0.0,0.7698424853366832,0.0,CASH,1.0,0
equal_weight,enter_once_then_drift,7,2026-03-15,0.0,0.7698424853366832,0.0,CASH,1.0,0
equal_weight,enter_once_then_drift,7,2026-03-16,0.0,0.7698424853366832,0.0,CASH,1.0,0
equal_weight,enter_once_then_drift,7,2026-03-17,0.0,0.7698424853366832,0.0,CASH,1.0,0
equal_weight,enter_once_then_drift,7,2026-03-18,0.0,0.7698424853366832,0.0,CASH,1.0,0
equal_weight,enter_once_then_drift,7,2026-03-19,0.0,0.7698424853366832,0.0,CASH,1.0,0
equal_weight,enter_once_then_drift,7,2026-03-20,0.0,0.7698424853366832,0.0,CASH,1.0,0
equal_weight,enter_once_then_drift,7,2026-03-21,0.0,0.7698424853366832,0.0,CASH,1.0,0
equal_weight,enter_once_then_drift,7,2026-03-22,0.0,0.7698424853366832,0.0,CASH,1.0,0
equal_weight,enter_once_then_drift,7,2026-03-23,0.0,0.7698424853366832,0.0,CASH,1.0,0
equal_weight,enter_once_then_drift,7,2026-03-24,0.0,0.7698424853366832,0.0,CASH,1.0,0
equal_weight,enter_once_then_drift,7,2026-03-25,0.0,0.7698424853366832,0.0,CASH,1.0,0
equal_weight,enter_once_then_drift,7,2026-03-26,0.0,0.7698424853366832,0.0,CASH,1.0,0
equal_weight,enter_once_then_drift,7,2026-03-27,0.0,0.7698424853366832,0.0,CASH,1.0,0
equal_weight,enter_once_then_drift,7,2026-03-28,0.0,0.7698424853366832,0.0,CASH,1.0,0
equal_weight,enter_once_then_drift,7,2026-03-29,0.0,0.7698424853366832,0.0,CASH,1.0,0
equal_weight,enter_once_then_drift,7,2026-03-30,0.0,0.7698424853366832,0.0,CASH,1.0,0
minimum_variance,daily_rebalance_to_target,7,2025-03-01,0.006964304334941218,1.0069643043349412,0.40660209932131935,BTC,0.2558795426424322,8
minimum_variance,daily_rebalance_to_target,7,2025-03-02,0.08670924750116282,1.0942774214243558,0.6832181334746092,BTC,0.2561488408676327,8
minimum_variance,daily_rebalance_to_target,7,2025-03-03,-0.09589884123403059,0.9893374847211971,0.7958336696345014,MASK,0.2623536562303148,8
minimum_variance,daily_rebalance_to_target,7,2025-03-04,-0.013677894828122539,0.9758054306556613,0.9221311081364301,BTC,0.25440996256834103,8
minimum_variance,daily_rebalance_to_target,7,2025-03-05,0.01577891958381672,0.9912025860754287,0.5082666149789193,BTC,0.2555080299437351,8
minimum_variance,daily_rebalance_to_target,7,2025-03-06,-0.013059624614788712,0.9782578523840758,0.5084229356192959,BTC,0.2505534978270704,8
minimum_variance,daily_rebalance_to_target,7,2025-03-07,-0.017387281912090935,0.9612486073219573,0.7889860501593539,MASK,0.2549708850666311,8
minimum_variance,daily_rebalance_to_target,7,2025-03-08,0.0,0.9612486073219573,0.0,CASH,1.0,0
minimum_variance,daily_rebalance_to_target,7,2025-03-09,0.0,0.9612486073219573,0.0,CASH,1.0,0
minimum_variance,daily_rebalance_to_target,7,2025-03-10,0.0,0.9612486073219573,0.0,CASH,1.0,0
minimum_variance,daily_rebalance_to_target,7,2025-03-11,0.0,0.9612486073219573,0.0,CASH,1.0,0
minimum_variance,daily_rebalance_to_target,7,2025-03-12,0.0,0.9612486073219573,0.0,CASH,1.0,0
minimum_variance,daily_rebalance_to_target,7,2025-03-13,0.0,0.9612486073219573,0.0,CASH,1.0,0
minimum_variance,daily_rebalance_to_target,7,2025-03-14,0.0,0.9612486073219573,0.0,CASH,1.0,0
minimum_variance,daily_rebalance_to_target,7,2025-03-15,0.0,0.9612486073219573,0.0,CASH,1.0,0
minimum_variance,daily_rebalance_to_target,7,2025-03-16,0.0,0.9612486073219573,0.0,CASH,1.0,0
minimum_variance,daily_rebalance_to_target,7,2025-03-17,0.0,0.9612486073219573,0.0,CASH,1.0,0
minimum_variance,daily_rebalance_to_target,7,2025-03-18,0.0,0.9612486073219573,0.0,CASH,1.0,0
minimum_variance,daily_rebalance_to_target,7,2025-03-19,0.0,0.9612486073219573,0.0,CASH,1.0,0
minimum_variance,daily_rebalance_to_target,7,2025-03-20,0.0,0.9612486073219573,0.0,CASH,1.0,0
minimum_variance,daily_rebalance_to_target,7,2025-03-21,0.0,0.9612486073219573,0.0,CASH,1.0,0
minimum_variance,daily_rebalance_to_target,7,2025-03-22,0.0,0.9612486073219573,0.0,CASH,1.0,0
minimum_variance,daily_rebalance_to_target,7,2025-03-23,0.0,0.9612486073219573,0.0,CASH,1.0,0
minimum_variance,daily_rebalance_to_target,7,2025-03-24,0.0,0.9612486073219573,0.0,CASH,1.0,0
minimum_variance,daily_rebalance_to_target,7,2025-03-25,0.0,0.9612486073219573,0.0,CASH,1.0,0
minimum_variance,daily_rebalance_to_target,7,2025-03-26,0.0,0.9612486073219573,0.0,CASH,1.0,0
minimum_variance,daily_rebalance_to_target,7,2025-03-27,0.0,0.9612486073219573,0.0,CASH,1.0,0
minimum_variance,daily_rebalance_to_target,7,2025-03-28,0.0,0.9612486073219573,0.0,CASH,1.0,0
minimum_variance,daily_rebalance_to_target,7,2025-03-29,0.0,0.9612486073219573,0.0,CASH,1.0,0
minimum_variance,daily_rebalance_to_target,7,2025-03-30,0.0,0.9612486073219573,0.0,CASH,1.0,0
minimum_variance,daily_rebalance_to_target,7,2025-03-31,0.0,0.9612486073219573,0.0,CASH,1.0,0
minimum_variance,daily_rebalance_to_target,7,2025-04-01,-0.00671461450427524,0.9547941934810189,0.4205647459203813,BTC,0.25878161586903836,13
minimum_variance,daily_rebalance_to_target,7,2025-04-02,-0.05197564956349077,0.9051681450753937,0.6646827450119343,BTC,0.2556635983863585,13
minimum_variance,daily_rebalance_to_target,7,2025-04-03,-0.03170433515828508,0.8764703908293202,0.46182418026341926,BTC,0.25922004413699584,13
minimum_variance,daily_rebalance_to_target,7,2025-04-04,-0.006483548262495864,0.8707877527497297,0.5059874320177761,BTC,0.25179270155125844,13
minimum_variance,daily_rebalance_to_target,7,2025-04-05,-0.0029146961782003933,0.8682496710147664,0.25655993662797083,BTC,0.2505783767619229,13
minimum_variance,daily_rebalance_to_target,7,2025-04-06,-0.051688097180691894,0.8233714976422514,0.6077119535878667,BTC,0.2512162730341336,13
minimum_variance,daily_rebalance_to_target,7,2025-04-07,0.026031364409616398,0.8448049811418684,1.0540530964196173,BTC,0.24484144026686036,13
minimum_variance,daily_rebalance_to_target,7,2025-04-08,0.0,0.8448049811418684,0.0,CASH,1.0,0
minimum_variance,daily_rebalance_to_target,7,2025-04-09,0.0,0.8448049811418684,0.0,CASH,1.0,0
minimum_variance,daily_rebalance_to_target,7,2025-04-10,0.0,0.8448049811418684,0.0,CASH,1.0,0
minimum_variance,daily_rebalance_to_target,7,2025-04-11,0.0,0.8448049811418684,0.0,CASH,1.0,0
minimum_variance,daily_rebalance_to_target,7,2025-04-12,0.0,0.8448049811418684,0.0,CASH,1.0,0
minimum_variance,daily_rebalance_to_target,7,2025-04-13,0.0,0.8448049811418684,0.0,CASH,1.0,0
minimum_variance,daily_rebalance_to_target,7,2025-04-14,0.0,0.8448049811418684,0.0,CASH,1.0,0
minimum_variance,daily_rebalance_to_target,7,2025-04-15,0.0,0.8448049811418684,0.0,CASH,1.0,0
minimum_variance,daily_rebalance_to_target,7,2025-04-16,0.0,0.8448049811418684,0.0,CASH,1.0,0
minimum_variance,daily_rebalance_to_target,7,2025-04-17,0.0,0.8448049811418684,0.0,CASH,1.0,0
minimum_variance,daily_rebalance_to_target,7,2025-04-18,0.0,0.8448049811418684,0.0,CASH,1.0,0
minimum_variance,daily_rebalance_to_target,7,2025-04-19,0.0,0.8448049811418684,0.0,CASH,1.0,0
minimum_variance,daily_rebalance_to_target,7,2025-04-20,0.0,0.8448049811418684,0.0,CASH,1.0,0
minimum_variance,daily_rebalance_to_target,7,2025-04-21,0.0,0.8448049811418684,0.0,CASH,1.0,0
minimum_variance,daily_rebalance_to_target,7,2025-04-22,0.0,0.8448049811418684,0.0,CASH,1.0,0
minimum_variance,daily_rebalance_to_target,7,2025-04-23,0.0,0.8448049811418684,0.0,CASH,1.0,0
minimum_variance,daily_rebalance_to_target,7,2025-04-24,0.0,0.8448049811418684,0.0,CASH,1.0,0
minimum_variance,daily_rebalance_to_target,7,2025-04-25,0.0,0.8448049811418684,0.0,CASH,1.0,0
minimum_variance,daily_rebalance_to_target,7,2025-04-26,0.0,0.8448049811418684,0.0,CASH,1.0,0
minimum_variance,daily_rebalance_to_target,7,2025-04-27,0.0,0.8448049811418684,0.0,CASH,1.0,0
minimum_variance,daily_rebalance_to_target,7,2025-04-28,0.0,0.8448049811418684,0.0,CASH,1.0,0
minimum_variance,daily_rebalance_to_target,7,2025-04-29,0.0,0.8448049811418684,0.0,CASH,1.0,0
minimum_variance,daily_rebalance_to_target,7,2025-04-30,0.0,0.8448049811418684,0.0,CASH,1.0,0
minimum_variance,daily_rebalance_to_target,7,2025-05-01,0.0031238007126617173,0.8474439835440196,0.2617411918424011,BTC,0.255198095131395,19
minimum_variance,daily_rebalance_to_target,7,2025-05-02,0.004597268601499671,0.8513399111610964,0.2796260349383965,BTC,0.24756855021733024,19
minimum_variance,daily_rebalance_to_target,7,2025-05-03,-0.005960143304419185,0.8462658032898048,0.25452374115868326,MNT,0.24983183657831565,19
minimum_variance,daily_rebalance_to_target,7,2025-05-04,-0.015447135453238836,0.8331934207969433,0.2754614445435247,BTC,0.25056950066363143,19
minimum_variance,daily_rebalance_to_target,7,2025-05-05,-0.011805284889737644,0.8233573350961803,0.31178967443558675,BTC,0.25158772922403216,19
minimum_variance,daily_rebalance_to_target,7,2025-05-06,-0.023376345775803276,0.804110249333928,0.37780305155629834,BTC,0.26084214284052476,19
minimum_variance,daily_rebalance_to_target,7,2025-05-07,0.008250508556430391,0.810744567826371,0.3021517765475266,MNT,0.2489391738752953,19
minimum_variance,daily_rebalance_to_target,7,2025-05-08,0.0,0.810744567826371,0.0,CASH,1.0,0
minimum_variance,daily_rebalance_to_target,7,2025-05-09,0.0,0.810744567826371,0.0,CASH,1.0,0
minimum_variance,daily_rebalance_to_target,7,2025-05-10,0.0,0.810744567826371,0.0,CASH,1.0,0
minimum_variance,daily_rebalance_to_target,7,2025-05-11,0.0,0.810744567826371,0.0,CASH,1.0,0
minimum_variance,daily_rebalance_to_target,7,2025-05-12,0.0,0.810744567826371,0.0,CASH,1.0,0
minimum_variance,daily_rebalance_to_target,7,2025-05-13,0.0,0.810744567826371,0.0,CASH,1.0,0
minimum_variance,daily_rebalance_to_target,7,2025-05-14,0.0,0.810744567826371,0.0,CASH,1.0,0
minimum_variance,daily_rebalance_to_target,7,2025-05-15,0.0,0.810744567826371,0.0,CASH,1.0,0
minimum_variance,daily_rebalance_to_target,7,2025-05-16,0.0,0.810744567826371,0.0,CASH,1.0,0
minimum_variance,daily_rebalance_to_target,7,2025-05-17,0.0,0.810744567826371,0.0,CASH,1.0,0
minimum_variance,daily_rebalance_to_target,7,2025-05-18,0.0,0.810744567826371,0.0,CASH,1.0,0
minimum_variance,daily_rebalance_to_target,7,2025-05-19,0.0,0.810744567826371,0.0,CASH,1.0,0
minimum_variance,daily_rebalance_to_target,7,2025-05-20,0.0,0.810744567826371,0.0,CASH,1.0,0
minimum_variance,daily_rebalance_to_target,7,2025-05-21,0.0,0.810744567826371,0.0,CASH,1.0,0
minimum_variance,daily_rebalance_to_target,7,2025-05-22,0.0,0.810744567826371,0.0,CASH,1.0,0
minimum_variance,daily_rebalance_to_target,7,2025-05-23,0.0,0.810744567826371,0.0,CASH,1.0,0
minimum_variance,daily_rebalance_to_target,7,2025-05-24,0.0,0.810744567826371,0.0,CASH,1.0,0
minimum_variance,daily_rebalance_to_target,7,2025-05-25,0.0,0.810744567826371,0.0,CASH,1.0,0
minimum_variance,daily_rebalance_to_target,7,2025-05-26,0.0,0.810744567826371,0.0,CASH,1.0,0
minimum_variance,daily_rebalance_to_target,7,2025-05-27,0.0,0.810744567826371,0.0,CASH,1.0,0
minimum_variance,daily_rebalance_to_target,7,2025-05-28,0.0,0.810744567826371,0.0,CASH,1.0,0
minimum_variance,daily_rebalance_to_target,7,2025-05-29,0.0,0.810744567826371,0.0,CASH,1.0,0
minimum_variance,daily_rebalance_to_target,7,2025-05-30,0.0,0.810744567826371,0.0,CASH,1.0,0
minimum_variance,daily_rebalance_to_target,7,2025-05-31,0.0,0.810744567826371,0.0,CASH,1.0,0
minimum_variance,daily_rebalance_to_target,7,2025-06-01,0.003840396607055041,0.8138581485138398,0.2862017370316805,BTC,0.2510454858759952,13
minimum_variance,daily_rebalance_to_target,7,2025-06-02,0.05066563125975665,0.8550927853641903,1.0292042075637406,BTC,0.23629431036521414,13
minimum_variance,daily_rebalance_to_target,7,2025-06-03,-0.02157405300902926,0.8366449682851048,0.35720356750655224,BTC,0.25410433361231494,13
minimum_variance,daily_rebalance_to_target,7,2025-06-04,-0.02092762237172263,0.8191359783296323,0.2613920110048185,BTC,0.2518115059751076,13
minimum_variance,daily_rebalance_to_target,7,2025-06-05,-0.044085654044492606,0.7830238329735951,0.42120227928115356,BTC,0.25513450661769593,13
minimum_variance,daily_rebalance_to_target,7,2025-06-06,0.011665395597928674,0.7921581157478386,0.37640524799421976,BTC,0.25333943082352695,13
minimum_variance,daily_rebalance_to_target,7,2025-06-07,0.007807646787885147,0.7983430065157543,0.23476609921069494,BTC,0.25031098561093307,13
minimum_variance,daily_rebalance_to_target,7,2025-06-08,0.0,0.7983430065157543,0.0,CASH,1.0,0
minimum_variance,daily_rebalance_to_target,7,2025-06-09,0.0,0.7983430065157543,0.0,CASH,1.0,0
minimum_variance,daily_rebalance_to_target,7,2025-06-10,0.0,0.7983430065157543,0.0,CASH,1.0,0
minimum_variance,daily_rebalance_to_target,7,2025-06-11,0.0,0.7983430065157543,0.0,CASH,1.0,0
minimum_variance,daily_rebalance_to_target,7,2025-06-12,0.0,0.7983430065157543,0.0,CASH,1.0,0
minimum_variance,daily_rebalance_to_target,7,2025-06-13,0.0,0.7983430065157543,0.0,CASH,1.0,0
minimum_variance,daily_rebalance_to_target,7,2025-06-14,0.0,0.7983430065157543,0.0,CASH,1.0,0
minimum_variance,daily_rebalance_to_target,7,2025-06-15,0.0,0.7983430065157543,0.0,CASH,1.0,0
minimum_variance,daily_rebalance_to_target,7,2025-06-16,0.0,0.7983430065157543,0.0,CASH,1.0,0
minimum_variance,daily_rebalance_to_target,7,2025-06-17,0.0,0.7983430065157543,0.0,CASH,1.0,0
minimum_variance,daily_rebalance_to_target,7,2025-06-18,0.0,0.7983430065157543,0.0,CASH,1.0,0
minimum_variance,daily_rebalance_to_target,7,2025-06-19,0.0,0.7983430065157543,0.0,CASH,1.0,0
minimum_variance,daily_rebalance_to_target,7,2025-06-20,0.0,0.7983430065157543,0.0,CASH,1.0,0
minimum_variance,daily_rebalance_to_target,7,2025-06-21,0.0,0.7983430065157543,0.0,CASH,1.0,0
minimum_variance,daily_rebalance_to_target,7,2025-06-22,0.0,0.7983430065157543,0.0,CASH,1.0,0
minimum_variance,daily_rebalance_to_target,7,2025-06-23,0.0,0.7983430065157543,0.0,CASH,1.0,0
minimum_variance,daily_rebalance_to_target,7,2025-06-24,0.0,0.7983430065157543,0.0,CASH,1.0,0
minimum_variance,daily_rebalance_to_target,7,2025-06-25,0.0,0.7983430065157543,0.0,CASH,1.0,0
minimum_variance,daily_rebalance_to_target,7,2025-06-26,0.0,0.7983430065157543,0.0,CASH,1.0,0
minimum_variance,daily_rebalance_to_target,7,2025-06-27,0.0,0.7983430065157543,0.0,CASH,1.0,0
minimum_variance,daily_rebalance_to_target,7,2025-06-28,0.0,0.7983430065157543,0.0,CASH,1.0,0
minimum_variance,daily_rebalance_to_target,7,2025-06-29,0.0,0.7983430065157543,0.0,CASH,1.0,0
minimum_variance,daily_rebalance_to_target,7,2025-06-30,0.0,0.7983430065157543,0.0,CASH,1.0,0
minimum_variance,daily_rebalance_to_target,7,2025-07-01,-0.011879485628071507,0.788859102243579,0.25120398782417164,BTC,0.25207953490215823,14
minimum_variance,daily_rebalance_to_target,7,2025-07-02,0.1070267366235742,0.8732881176125118,1.2001560683059695,BTC,0.22952681027921865,14
minimum_variance,daily_rebalance_to_target,7,2025-07-03,0.00030403339122719863,0.8735536263604279,0.6043917036789596,BTC,0.2523153969547705,14
minimum_variance,daily_rebalance_to_target,7,2025-07-04,-0.024040769320846977,0.8525527251397075,0.32320490840760424,BTC,0.2543034060289853,14
minimum_variance,daily_rebalance_to_target,7,2025-07-05,-0.004710056683120634,0.8485371534789505,0.2978078163265673,BTC,0.25187138978923024,14
minimum_variance,daily_rebalance_to_target,7,2025-07-06,0.017984068104966777,0.8637973034367107,0.508852329578442,BTC,0.24585020200107185,14
minimum_variance,daily_rebalance_to_target,7,2025-07-07,-0.001416238724307295,0.8625739602456314,0.2902574341069171,BTC,0.2499107635078932,14
minimum_variance,daily_rebalance_to_target,7,2025-07-08,0.0,0.8625739602456314,0.0,CASH,1.0,0
minimum_variance,daily_rebalance_to_target,7,2025-07-09,0.0,0.8625739602456314,0.0,CASH,1.0,0
minimum_variance,daily_rebalance_to_target,7,2025-07-10,0.0,0.8625739602456314,0.0,CASH,1.0,0
minimum_variance,daily_rebalance_to_target,7,2025-07-11,0.0,0.8625739602456314,0.0,CASH,1.0,0
minimum_variance,daily_rebalance_to_target,7,2025-07-12,0.0,0.8625739602456314,0.0,CASH,1.0,0
minimum_variance,daily_rebalance_to_target,7,2025-07-13,0.0,0.8625739602456314,0.0,CASH,1.0,0
minimum_variance,daily_rebalance_to_target,7,2025-07-14,0.0,0.8625739602456314,0.0,CASH,1.0,0
minimum_variance,daily_rebalance_to_target,7,2025-07-15,0.0,0.8625739602456314,0.0,CASH,1.0,0
minimum_variance,daily_rebalance_to_target,7,2025-07-16,0.0,0.8625739602456314,0.0,CASH,1.0,0
minimum_variance,daily_rebalance_to_target,7,2025-07-17,0.0,0.8625739602456314,0.0,CASH,1.0,0
minimum_variance,daily_rebalance_to_target,7,2025-07-18,0.0,0.8625739602456314,0.0,CASH,1.0,0
minimum_variance,daily_rebalance_to_target,7,2025-07-19,0.0,0.8625739602456314,0.0,CASH,1.0,0
minimum_variance,daily_rebalance_to_target,7,2025-07-20,0.0,0.8625739602456314,0.0,CASH,1.0,0
minimum_variance,daily_rebalance_to_target,7,2025-07-21,0.0,0.8625739602456314,0.0,CASH,1.0,0
minimum_variance,daily_rebalance_to_target,7,2025-07-22,0.0,0.8625739602456314,0.0,CASH,1.0,0
minimum_variance,daily_rebalance_to_target,7,2025-07-23,0.0,0.8625739602456314,0.0,CASH,1.0,0
minimum_variance,daily_rebalance_to_target,7,2025-07-24,0.0,0.8625739602456314,0.0,CASH,1.0,0
minimum_variance,daily_rebalance_to_target,7,2025-07-25,0.0,0.8625739602456314,0.0,CASH,1.0,0
minimum_variance,daily_rebalance_to_target,7,2025-07-26,0.0,0.8625739602456314,0.0,CASH,1.0,0
minimum_variance,daily_rebalance_to_target,7,2025-07-27,0.0,0.8625739602456314,0.0,CASH,1.0,0
minimum_variance,daily_rebalance_to_target,7,2025-07-28,0.0,0.8625739602456314,0.0,CASH,1.0,0
minimum_variance,daily_rebalance_to_target,7,2025-07-29,0.0,0.8625739602456314,0.0,CASH,1.0,0
minimum_variance,daily_rebalance_to_target,7,2025-07-30,0.0,0.8625739602456314,0.0,CASH,1.0,0
minimum_variance,daily_rebalance_to_target,7,2025-07-31,0.0,0.8625739602456314,0.0,CASH,1.0,0
minimum_variance,daily_rebalance_to_target,7,2025-08-01,-0.04241995265187182,0.8259836136932741,0.5016708177011674,BTC,0.25607894739354736,14
minimum_variance,daily_rebalance_to_target,7,2025-08-02,-0.01519755583279625,0.8134306816071958,0.3275225741284022,BTC,0.2528411757444732,14
minimum_variance,daily_rebalance_to_target,7,2025-08-03,0.02805585609751371,0.8362521757556698,0.2787297483488122,BTC,0.24766874657169444,14
minimum_variance,daily_rebalance_to_target,7,2025-08-04,0.062342625137339125,0.8883863316690898,0.39481020892241964,BTC,0.2353965027659019,14
minimum_variance,daily_rebalance_to_target,7,2025-08-05,-0.0012988687215036432,0.8872324344502734,0.5509432610516228,BTC,0.2497818707159474,14
minimum_variance,daily_rebalance_to_target,7,2025-08-06,-0.007901242105119777,0.880222196182167,0.4173045558826221,BTC,0.25198789238434943,14
minimum_variance,daily_rebalance_to_target,7,2025-08-07,0.058323705997713526,0.9315600167649574,0.48958102993794167,BTC,0.23899528430344558,14
minimum_variance,daily_rebalance_to_target,7,2025-08-08,0.0,0.9315600167649574,0.0,CASH,1.0,0
minimum_variance,daily_rebalance_to_target,7,2025-08-09,0.0,0.9315600167649574,0.0,CASH,1.0,0
minimum_variance,daily_rebalance_to_target,7,2025-08-10,0.0,0.9315600167649574,0.0,CASH,1.0,0
minimum_variance,daily_rebalance_to_target,7,2025-08-11,0.0,0.9315600167649574,0.0,CASH,1.0,0
minimum_variance,daily_rebalance_to_target,7,2025-08-12,0.0,0.9315600167649574,0.0,CASH,1.0,0
minimum_variance,daily_rebalance_to_target,7,2025-08-13,0.0,0.9315600167649574,0.0,CASH,1.0,0
minimum_variance,daily_rebalance_to_target,7,2025-08-14,0.0,0.9315600167649574,0.0,CASH,1.0,0
minimum_variance,daily_rebalance_to_target,7,2025-08-15,0.0,0.9315600167649574,0.0,CASH,1.0,0
minimum_variance,daily_rebalance_to_target,7,2025-08-16,0.0,0.9315600167649574,0.0,CASH,1.0,0
minimum_variance,daily_rebalance_to_target,7,2025-08-17,0.0,0.9315600167649574,0.0,CASH,1.0,0
minimum_variance,daily_rebalance_to_target,7,2025-08-18,0.0,0.9315600167649574,0.0,CASH,1.0,0
minimum_variance,daily_rebalance_to_target,7,2025-08-19,0.0,0.9315600167649574,0.0,CASH,1.0,0
minimum_variance,daily_rebalance_to_target,7,2025-08-20,0.0,0.9315600167649574,0.0,CASH,1.0,0
minimum_variance,daily_rebalance_to_target,7,2025-08-21,0.0,0.9315600167649574,0.0,CASH,1.0,0
minimum_variance,daily_rebalance_to_target,7,2025-08-22,0.0,0.9315600167649574,0.0,CASH,1.0,0
minimum_variance,daily_rebalance_to_target,7,2025-08-23,0.0,0.9315600167649574,0.0,CASH,1.0,0
minimum_variance,daily_rebalance_to_target,7,2025-08-24,0.0,0.9315600167649574,0.0,CASH,1.0,0
minimum_variance,daily_rebalance_to_target,7,2025-08-25,0.0,0.9315600167649574,0.0,CASH,1.0,0
minimum_variance,daily_rebalance_to_target,7,2025-08-26,0.0,0.9315600167649574,0.0,CASH,1.0,0
minimum_variance,daily_rebalance_to_target,7,2025-08-27,0.0,0.9315600167649574,0.0,CASH,1.0,0
minimum_variance,daily_rebalance_to_target,7,2025-08-28,0.0,0.9315600167649574,0.0,CASH,1.0,0
minimum_variance,daily_rebalance_to_target,7,2025-08-29,0.0,0.9315600167649574,0.0,CASH,1.0,0
minimum_variance,daily_rebalance_to_target,7,2025-08-30,0.0,0.9315600167649574,0.0,CASH,1.0,0
minimum_variance,daily_rebalance_to_target,7,2025-08-31,0.0,0.9315600167649574,0.0,CASH,1.0,0
minimum_variance,daily_rebalance_to_target,7,2025-09-01,-0.015750979366798923,0.9168870341619577,0.3402573881148379,BTC,0.2568506330065654,13
minimum_variance,daily_rebalance_to_target,7,2025-09-02,0.023142870532020465,0.938106432086056,0.3259687262477816,BTC,0.2483525436662703,13
minimum_variance,daily_rebalance_to_target,7,2025-09-03,0.003575497343446088,0.9414606291418494,0.22253622931627093,BTC,0.24897430566409595,13
minimum_variance,daily_rebalance_to_target,7,2025-09-04,-0.009549830795196335,0.9324698394332056,0.21429351242888006,BTC,0.2533327062936683,13
minimum_variance,daily_rebalance_to_target,7,2025-09-05,0.004559128257495715,0.9367210890274281,0.24365647667431173,BTC,0.2480410575712504,13
minimum_variance,daily_rebalance_to_target,7,2025-09-06,-0.005843933448828609,0.9312469533230375,0.16259023058059438,BTC,0.2504342430932712,13
minimum_variance,daily_rebalance_to_target,7,2025-09-07,0.004126911962758051,0.9350901275149883,0.1320317782931143,BTC,0.25008891591487603,13
minimum_variance,daily_rebalance_to_target,7,2025-09-08,0.0,0.9350901275149883,0.0,CASH,1.0,0
minimum_variance,daily_rebalance_to_target,7,2025-09-09,0.0,0.9350901275149883,0.0,CASH,1.0,0
minimum_variance,daily_rebalance_to_target,7,2025-09-10,0.0,0.9350901275149883,0.0,CASH,1.0,0
minimum_variance,daily_rebalance_to_target,7,2025-09-11,0.0,0.9350901275149883,0.0,CASH,1.0,0
minimum_variance,daily_rebalance_to_target,7,2025-09-12,0.0,0.9350901275149883,0.0,CASH,1.0,0
minimum_variance,daily_rebalance_to_target,7,2025-09-13,0.0,0.9350901275149883,0.0,CASH,1.0,0
minimum_variance,daily_rebalance_to_target,7,2025-09-14,0.0,0.9350901275149883,0.0,CASH,1.0,0
minimum_variance,daily_rebalance_to_target,7,2025-09-15,0.0,0.9350901275149883,0.0,CASH,1.0,0
minimum_variance,daily_rebalance_to_target,7,2025-09-16,0.0,0.9350901275149883,0.0,CASH,1.0,0
minimum_variance,daily_rebalance_to_target,7,2025-09-17,0.0,0.9350901275149883,0.0,CASH,1.0,0
minimum_variance,daily_rebalance_to_target,7,2025-09-18,0.0,0.9350901275149883,0.0,CASH,1.0,0
minimum_variance,daily_rebalance_to_target,7,2025-09-19,0.0,0.9350901275149883,0.0,CASH,1.0,0
minimum_variance,daily_rebalance_to_target,7,2025-09-20,0.0,0.9350901275149883,0.0,CASH,1.0,0
minimum_variance,daily_rebalance_to_target,7,2025-09-21,0.0,0.9350901275149883,0.0,CASH,1.0,0
minimum_variance,daily_rebalance_to_target,7,2025-09-22,0.0,0.9350901275149883,0.0,CASH,1.0,0
minimum_variance,daily_rebalance_to_target,7,2025-09-23,0.0,0.9350901275149883,0.0,CASH,1.0,0
minimum_variance,daily_rebalance_to_target,7,2025-09-24,0.0,0.9350901275149883,0.0,CASH,1.0,0
minimum_variance,daily_rebalance_to_target,7,2025-09-25,0.0,0.9350901275149883,0.0,CASH,1.0,0
minimum_variance,daily_rebalance_to_target,7,2025-09-26,0.0,0.9350901275149883,0.0,CASH,1.0,0
minimum_variance,daily_rebalance_to_target,7,2025-09-27,0.0,0.9350901275149883,0.0,CASH,1.0,0
minimum_variance,daily_rebalance_to_target,7,2025-09-28,0.0,0.9350901275149883,0.0,CASH,1.0,0
minimum_variance,daily_rebalance_to_target,7,2025-09-29,0.0,0.9350901275149883,0.0,CASH,1.0,0
minimum_variance,daily_rebalance_to_target,7,2025-09-30,0.0,0.9350901275149883,0.0,CASH,1.0,0
minimum_variance,daily_rebalance_to_target,7,2025-10-01,0.0331502431213242,0.9660885925824602,0.2816701018864287,BTC,0.2504075062103267,13
minimum_variance,daily_rebalance_to_target,7,2025-10-02,0.017112333027851756,0.9826206223131397,0.2849284747114472,BTC,0.24908475964961563,13
minimum_variance,daily_rebalance_to_target,7,2025-10-03,0.008645821939736509,0.9911161852479722,0.32584775368685187,BTC,0.2518211941657635,13
minimum_variance,daily_rebalance_to_target,7,2025-10-04,-0.0070772336758018195,0.984101824405103,0.22904114277707882,BTC,0.25396177412600346,13
minimum_variance,daily_rebalance_to_target,7,2025-10-05,0.0033047946251765214,0.9873540788250234,0.27362722725237015,BTC,0.2520842395918398,13
minimum_variance,daily_rebalance_to_target,7,2025-10-06,0.006848005115898559,0.9941154846080205,0.20529010081930113,BTC,0.2492407720714436,13
minimum_variance,daily_rebalance_to_target,7,2025-10-07,-0.023330278390775394,0.9709224935995348,0.29588417859428473,BTC,0.2529872709449081,13
minimum_variance,daily_rebalance_to_target,7,2025-10-08,0.0,0.9709224935995348,0.0,CASH,1.0,0
minimum_variance,daily_rebalance_to_target,7,2025-10-09,0.0,0.9709224935995348,0.0,CASH,1.0,0
minimum_variance,daily_rebalance_to_target,7,2025-10-10,0.0,0.9709224935995348,0.0,CASH,1.0,0
minimum_variance,daily_rebalance_to_target,7,2025-10-11,0.0,0.9709224935995348,0.0,CASH,1.0,0
minimum_variance,daily_rebalance_to_target,7,2025-10-12,0.0,0.9709224935995348,0.0,CASH,1.0,0
minimum_variance,daily_rebalance_to_target,7,2025-10-13,0.0,0.9709224935995348,0.0,CASH,1.0,0
minimum_variance,daily_rebalance_to_target,7,2025-10-14,0.0,0.9709224935995348,0.0,CASH,1.0,0
minimum_variance,daily_rebalance_to_target,7,2025-10-15,0.0,0.9709224935995348,0.0,CASH,1.0,0
minimum_variance,daily_rebalance_to_target,7,2025-10-16,0.0,0.9709224935995348,0.0,CASH,1.0,0
minimum_variance,daily_rebalance_to_target,7,2025-10-17,0.0,0.9709224935995348,0.0,CASH,1.0,0
minimum_variance,daily_rebalance_to_target,7,2025-10-18,0.0,0.9709224935995348,0.0,CASH,1.0,0
minimum_variance,daily_rebalance_to_target,7,2025-10-19,0.0,0.9709224935995348,0.0,CASH,1.0,0
minimum_variance,daily_rebalance_to_target,7,2025-10-20,0.0,0.9709224935995348,0.0,CASH,1.0,0
minimum_variance,daily_rebalance_to_target,7,2025-10-21,0.0,0.9709224935995348,0.0,CASH,1.0,0
minimum_variance,daily_rebalance_to_target,7,2025-10-22,0.0,0.9709224935995348,0.0,CASH,1.0,0
minimum_variance,daily_rebalance_to_target,7,2025-10-23,0.0,0.9709224935995348,0.0,CASH,1.0,0
minimum_variance,daily_rebalance_to_target,7,2025-10-24,0.0,0.9709224935995348,0.0,CASH,1.0,0
minimum_variance,daily_rebalance_to_target,7,2025-10-25,0.0,0.9709224935995348,0.0,CASH,1.0,0
minimum_variance,daily_rebalance_to_target,7,2025-10-26,0.0,0.9709224935995348,0.0,CASH,1.0,0
minimum_variance,daily_rebalance_to_target,7,2025-10-27,0.0,0.9709224935995348,0.0,CASH,1.0,0
minimum_variance,daily_rebalance_to_target,7,2025-10-28,0.0,0.9709224935995348,0.0,CASH,1.0,0
minimum_variance,daily_rebalance_to_target,7,2025-10-29,0.0,0.9709224935995348,0.0,CASH,1.0,0
minimum_variance,daily_rebalance_to_target,7,2025-10-30,0.0,0.9709224935995348,0.0,CASH,1.0,0
minimum_variance,daily_rebalance_to_target,7,2025-10-31,0.0,0.9709224935995348,0.0,CASH,1.0,0
minimum_variance,daily_rebalance_to_target,7,2025-11-01,4.0292844835088104e-05,0.9709616148289163,0.19782639897472998,BTC,0.2494848663060235,11
minimum_variance,daily_rebalance_to_target,7,2025-11-02,-0.004477095416132948,0.9666145270339247,0.18652027210985525,BTC,0.25113808886598665,11
minimum_variance,daily_rebalance_to_target,7,2025-11-03,-0.0803263647019068,0.8889698960092365,0.7823778834913274,BTC,0.2627344322548508,11
minimum_variance,daily_rebalance_to_target,7,2025-11-04,-0.038205194945185816,0.855006627831802,0.9022426385675197,BTC,0.25113166616094446,11
minimum_variance,daily_rebalance_to_target,7,2025-11-05,0.014346393433085858,0.8672728893025731,0.7367520725883274,BTC,0.251053849145402,11
minimum_variance,daily_rebalance_to_target,7,2025-11-06,0.01599850218828025,0.8811479565199165,0.8901144041706226,BTC,0.2388156201336661,11
minimum_variance,daily_rebalance_to_target,7,2025-11-07,0.05486383434875819,0.929491112043172,0.5963604358328681,BTC,0.24100771239264906,11
minimum_variance,daily_rebalance_to_target,7,2025-11-08,0.0,0.929491112043172,0.0,CASH,1.0,0
minimum_variance,daily_rebalance_to_target,7,2025-11-09,0.0,0.929491112043172,0.0,CASH,1.0,0
minimum_variance,daily_rebalance_to_target,7,2025-11-10,0.0,0.929491112043172,0.0,CASH,1.0,0
minimum_variance,daily_rebalance_to_target,7,2025-11-11,0.0,0.929491112043172,0.0,CASH,1.0,0
minimum_variance,daily_rebalance_to_target,7,2025-11-12,0.0,0.929491112043172,0.0,CASH,1.0,0
minimum_variance,daily_rebalance_to_target,7,2025-11-13,0.0,0.929491112043172,0.0,CASH,1.0,0
minimum_variance,daily_rebalance_to_target,7,2025-11-14,0.0,0.929491112043172,0.0,CASH,1.0,0
minimum_variance,daily_rebalance_to_target,7,2025-11-15,0.0,0.929491112043172,0.0,CASH,1.0,0
minimum_variance,daily_rebalance_to_target,7,2025-11-16,0.0,0.929491112043172,0.0,CASH,1.0,0
minimum_variance,daily_rebalance_to_target,7,2025-11-17,0.0,0.929491112043172,0.0,CASH,1.0,0
minimum_variance,daily_rebalance_to_target,7,2025-11-18,0.0,0.929491112043172,0.0,CASH,1.0,0
minimum_variance,daily_rebalance_to_target,7,2025-11-19,0.0,0.929491112043172,0.0,CASH,1.0,0
minimum_variance,daily_rebalance_to_target,7,2025-11-20,0.0,0.929491112043172,0.0,CASH,1.0,0
minimum_variance,daily_rebalance_to_target,7,2025-11-21,0.0,0.929491112043172,0.0,CASH,1.0,0
minimum_variance,daily_rebalance_to_target,7,2025-11-22,0.0,0.929491112043172,0.0,CASH,1.0,0
minimum_variance,daily_rebalance_to_target,7,2025-11-23,0.0,0.929491112043172,0.0,CASH,1.0,0
minimum_variance,daily_rebalance_to_target,7,2025-11-24,0.0,0.929491112043172,0.0,CASH,1.0,0
minimum_variance,daily_rebalance_to_target,7,2025-11-25,0.0,0.929491112043172,0.0,CASH,1.0,0
minimum_variance,daily_rebalance_to_target,7,2025-11-26,0.0,0.929491112043172,0.0,CASH,1.0,0
minimum_variance,daily_rebalance_to_target,7,2025-11-27,0.0,0.929491112043172,0.0,CASH,1.0,0
minimum_variance,daily_rebalance_to_target,7,2025-11-28,0.0,0.929491112043172,0.0,CASH,1.0,0
minimum_variance,daily_rebalance_to_target,7,2025-11-29,0.0,0.929491112043172,0.0,CASH,1.0,0
minimum_variance,daily_rebalance_to_target,7,2025-11-30,0.0,0.929491112043172,0.0,CASH,1.0,0
minimum_variance,daily_rebalance_to_target,7,2025-12-01,-0.05972756392034828,0.8739748722352179,0.6832148534944347,BTC,0.2529113768950742,19
minimum_variance,daily_rebalance_to_target,7,2025-12-02,0.038886822005727684,0.9079609775293074,0.40137317848928783,BTC,0.25324285708911887,19
minimum_variance,daily_rebalance_to_target,7,2025-12-03,0.019663094276785253,0.9258142998301082,0.3882248485236376,BTC,0.2504977869354802,19
minimum_variance,daily_rebalance_to_target,7,2025-12-04,-0.01990239720477649,0.9073883758970274,0.3019297975085659,BTC,0.2523787441270175,19
minimum_variance,daily_rebalance_to_target,7,2025-12-05,-0.02065406886190202,0.8886471138967608,0.40047666240656526,BTC,0.24835468392159557,19
minimum_variance,daily_rebalance_to_target,7,2025-12-06,0.0024632843167804452,0.8908361043955748,0.3186139262763858,BTC,0.24921781342363766,19
minimum_variance,daily_rebalance_to_target,7,2025-12-07,-0.0022822153016979208,0.8888030246068183,0.41700497222872374,BTC,0.25335315667768926,19
minimum_variance,daily_rebalance_to_target,7,2025-12-08,0.0,0.8888030246068183,0.0,CASH,1.0,0
minimum_variance,daily_rebalance_to_target,7,2025-12-09,0.0,0.8888030246068183,0.0,CASH,1.0,0
minimum_variance,daily_rebalance_to_target,7,2025-12-10,0.0,0.8888030246068183,0.0,CASH,1.0,0
minimum_variance,daily_rebalance_to_target,7,2025-12-11,0.0,0.8888030246068183,0.0,CASH,1.0,0
minimum_variance,daily_rebalance_to_target,7,2025-12-12,0.0,0.8888030246068183,0.0,CASH,1.0,0
minimum_variance,daily_rebalance_to_target,7,2025-12-13,0.0,0.8888030246068183,0.0,CASH,1.0,0
minimum_variance,daily_rebalance_to_target,7,2025-12-14,0.0,0.8888030246068183,0.0,CASH,1.0,0
minimum_variance,daily_rebalance_to_target,7,2025-12-15,0.0,0.8888030246068183,0.0,CASH,1.0,0
minimum_variance,daily_rebalance_to_target,7,2025-12-16,0.0,0.8888030246068183,0.0,CASH,1.0,0
minimum_variance,daily_rebalance_to_target,7,2025-12-17,0.0,0.8888030246068183,0.0,CASH,1.0,0
minimum_variance,daily_rebalance_to_target,7,2025-12-18,0.0,0.8888030246068183,0.0,CASH,1.0,0
minimum_variance,daily_rebalance_to_target,7,2025-12-19,0.0,0.8888030246068183,0.0,CASH,1.0,0
minimum_variance,daily_rebalance_to_target,7,2025-12-20,0.0,0.8888030246068183,0.0,CASH,1.0,0
minimum_variance,daily_rebalance_to_target,7,2025-12-21,0.0,0.8888030246068183,0.0,CASH,1.0,0
minimum_variance,daily_rebalance_to_target,7,2025-12-22,0.0,0.8888030246068183,0.0,CASH,1.0,0
minimum_variance,daily_rebalance_to_target,7,2025-12-23,0.0,0.8888030246068183,0.0,CASH,1.0,0
minimum_variance,daily_rebalance_to_target,7,2025-12-24,0.0,0.8888030246068183,0.0,CASH,1.0,0
minimum_variance,daily_rebalance_to_target,7,2025-12-25,0.0,0.8888030246068183,0.0,CASH,1.0,0
minimum_variance,daily_rebalance_to_target,7,2025-12-26,0.0,0.8888030246068183,0.0,CASH,1.0,0
minimum_variance,daily_rebalance_to_target,7,2025-12-27,0.0,0.8888030246068183,0.0,CASH,1.0,0
minimum_variance,daily_rebalance_to_target,7,2025-12-28,0.0,0.8888030246068183,0.0,CASH,1.0,0
minimum_variance,daily_rebalance_to_target,7,2025-12-29,0.0,0.8888030246068183,0.0,CASH,1.0,0
minimum_variance,daily_rebalance_to_target,7,2025-12-30,0.0,0.8888030246068183,0.0,CASH,1.0,0
minimum_variance,daily_rebalance_to_target,7,2025-12-31,0.0,0.8888030246068183,0.0,CASH,1.0,0
minimum_variance,daily_rebalance_to_target,7,2026-01-01,0.015310808650075058,0.9024113176441813,0.29442094924733353,BTC,0.24772243899681645,20
minimum_variance,daily_rebalance_to_target,7,2026-01-02,0.021241487150691185,0.9215798760525584,0.31822574599681297,BTC,0.2473639015160177,20
minimum_variance,daily_rebalance_to_target,7,2026-01-03,0.0045153087980716045,0.9257410937750243,0.2208565630868745,BTC,0.25064498822715037,20
minimum_variance,daily_rebalance_to_target,7,2026-01-04,0.01206217671555665,0.9369075464409914,0.19527749794503232,BTC,0.24967188929047798,20
minimum_variance,daily_rebalance_to_target,7,2026-01-05,0.031184736101242283,0.966124761028016,0.257749235600511,BTC,0.2491956215670641,20
minimum_variance,daily_rebalance_to_target,7,2026-01-06,0.007144905443596583,0.9730276310922785,0.36558081995665115,BTC,0.24815171090956062,20
minimum_variance,daily_rebalance_to_target,7,2026-01-07,0.0033599460574407214,0.9762969514451479,0.7029438348879181,BTC,0.24334637934076828,20
minimum_variance,daily_rebalance_to_target,7,2026-01-08,0.0,0.9762969514451479,0.0,CASH,1.0,0
minimum_variance,daily_rebalance_to_target,7,2026-01-09,0.0,0.9762969514451479,0.0,CASH,1.0,0
minimum_variance,daily_rebalance_to_target,7,2026-01-10,0.0,0.9762969514451479,0.0,CASH,1.0,0
minimum_variance,daily_rebalance_to_target,7,2026-01-11,0.0,0.9762969514451479,0.0,CASH,1.0,0
minimum_variance,daily_rebalance_to_target,7,2026-01-12,0.0,0.9762969514451479,0.0,CASH,1.0,0
minimum_variance,daily_rebalance_to_target,7,2026-01-13,0.0,0.9762969514451479,0.0,CASH,1.0,0
minimum_variance,daily_rebalance_to_target,7,2026-01-14,0.0,0.9762969514451479,0.0,CASH,1.0,0
minimum_variance,daily_rebalance_to_target,7,2026-01-15,0.0,0.9762969514451479,0.0,CASH,1.0,0
minimum_variance,daily_rebalance_to_target,7,2026-01-16,0.0,0.9762969514451479,0.0,CASH,1.0,0
minimum_variance,daily_rebalance_to_target,7,2026-01-17,0.0,0.9762969514451479,0.0,CASH,1.0,0
minimum_variance,daily_rebalance_to_target,7,2026-01-18,0.0,0.9762969514451479,0.0,CASH,1.0,0
minimum_variance,daily_rebalance_to_target,7,2026-01-19,0.0,0.9762969514451479,0.0,CASH,1.0,0
minimum_variance,daily_rebalance_to_target,7,2026-01-20,0.0,0.9762969514451479,0.0,CASH,1.0,0
minimum_variance,daily_rebalance_to_target,7,2026-01-21,0.0,0.9762969514451479,0.0,CASH,1.0,0
minimum_variance,daily_rebalance_to_target,7,2026-01-22,0.0,0.9762969514451479,0.0,CASH,1.0,0
minimum_variance,daily_rebalance_to_target,7,2026-01-23,0.0,0.9762969514451479,0.0,CASH,1.0,0
minimum_variance,daily_rebalance_to_target,7,2026-01-24,0.0,0.9762969514451479,0.0,CASH,1.0,0
minimum_variance,daily_rebalance_to_target,7,2026-01-25,0.0,0.9762969514451479,0.0,CASH,1.0,0
minimum_variance,daily_rebalance_to_target,7,2026-01-26,0.0,0.9762969514451479,0.0,CASH,1.0,0
minimum_variance,daily_rebalance_to_target,7,2026-01-27,0.0,0.9762969514451479,0.0,CASH,1.0,0
minimum_variance,daily_rebalance_to_target,7,2026-01-28,0.0,0.9762969514451479,0.0,CASH,1.0,0
minimum_variance,daily_rebalance_to_target,7,2026-01-29,0.0,0.9762969514451479,0.0,CASH,1.0,0
minimum_variance,daily_rebalance_to_target,7,2026-01-30,0.0,0.9762969514451479,0.0,CASH,1.0,0
minimum_variance,daily_rebalance_to_target,7,2026-01-31,0.0,0.9762969514451479,0.0,CASH,1.0,0
minimum_variance,daily_rebalance_to_target,7,2026-02-01,-0.01624620032012114,0.9604358356000465,1.4915784662816838,BTC,0.2451747579418817,11
minimum_variance,daily_rebalance_to_target,7,2026-02-02,0.02628573443757798,0.9856815969189626,0.7954605087651997,BTC,0.25102687067203977,11
minimum_variance,daily_rebalance_to_target,7,2026-02-03,-0.02293991344745927,0.9630701463988882,0.6962388290694912,BTC,0.244867399436784,11
minimum_variance,daily_rebalance_to_target,7,2026-02-04,-0.011863622499471704,0.9516446457415009,0.673328362970054,BTC,0.24406199497681802,11
minimum_variance,daily_rebalance_to_target,7,2026-02-05,-0.13935942179380878,0.8190239981577914,1.2939786087540963,BTC,0.25053777274632455,11
minimum_variance,daily_rebalance_to_target,7,2026-02-06,0.12780637118030502,0.9237004832719236,1.5341667267960462,BTC,0.24905828779335876,11
minimum_variance,daily_rebalance_to_target,7,2026-02-07,-0.00849053977023062,0.915857767582922,0.8636157850301017,BTC,0.2470309891951476,11
minimum_variance,daily_rebalance_to_target,7,2026-02-08,0.0,0.915857767582922,0.0,CASH,1.0,0
minimum_variance,daily_rebalance_to_target,7,2026-02-09,0.0,0.915857767582922,0.0,CASH,1.0,0
minimum_variance,daily_rebalance_to_target,7,2026-02-10,0.0,0.915857767582922,0.0,CASH,1.0,0
minimum_variance,daily_rebalance_to_target,7,2026-02-11,0.0,0.915857767582922,0.0,CASH,1.0,0
minimum_variance,daily_rebalance_to_target,7,2026-02-12,0.0,0.915857767582922,0.0,CASH,1.0,0
minimum_variance,daily_rebalance_to_target,7,2026-02-13,0.0,0.915857767582922,0.0,CASH,1.0,0
minimum_variance,daily_rebalance_to_target,7,2026-02-14,0.0,0.915857767582922,0.0,CASH,1.0,0
minimum_variance,daily_rebalance_to_target,7,2026-02-15,0.0,0.915857767582922,0.0,CASH,1.0,0
minimum_variance,daily_rebalance_to_target,7,2026-02-16,0.0,0.915857767582922,0.0,CASH,1.0,0
minimum_variance,daily_rebalance_to_target,7,2026-02-17,0.0,0.915857767582922,0.0,CASH,1.0,0
minimum_variance,daily_rebalance_to_target,7,2026-02-18,0.0,0.915857767582922,0.0,CASH,1.0,0
minimum_variance,daily_rebalance_to_target,7,2026-02-19,0.0,0.915857767582922,0.0,CASH,1.0,0
minimum_variance,daily_rebalance_to_target,7,2026-02-20,0.0,0.915857767582922,0.0,CASH,1.0,0
minimum_variance,daily_rebalance_to_target,7,2026-02-21,0.0,0.915857767582922,0.0,CASH,1.0,0
minimum_variance,daily_rebalance_to_target,7,2026-02-22,0.0,0.915857767582922,0.0,CASH,1.0,0
minimum_variance,daily_rebalance_to_target,7,2026-02-23,0.0,0.915857767582922,0.0,CASH,1.0,0
minimum_variance,daily_rebalance_to_target,7,2026-02-24,0.0,0.915857767582922,0.0,CASH,1.0,0
minimum_variance,daily_rebalance_to_target,7,2026-02-25,0.0,0.915857767582922,0.0,CASH,1.0,0
minimum_variance,daily_rebalance_to_target,7,2026-02-26,0.0,0.915857767582922,0.0,CASH,1.0,0
minimum_variance,daily_rebalance_to_target,7,2026-02-27,0.0,0.915857767582922,0.0,CASH,1.0,0
minimum_variance,daily_rebalance_to_target,7,2026-02-28,0.0,0.915857767582922,0.0,CASH,1.0,0
minimum_variance,daily_rebalance_to_target,7,2026-03-01,-0.012989303514025052,0.90396141306411,0.45199934533081376,BTC,0.24898163144735183,14
minimum_variance,daily_rebalance_to_target,7,2026-03-02,0.026745813182156075,0.9281385961418006,0.4362761555238239,BTC,0.25542051246852443,14
minimum_variance,daily_rebalance_to_target,7,2026-03-03,-0.0009184960372410345,0.9272861045192339,0.4446275191532052,BTC,0.2490923477469952,14
minimum_variance,daily_rebalance_to_target,7,2026-03-04,0.02011153811284938,0.945935254351788,0.5077144889973131,BTC,0.2576235208007777,14
minimum_variance,daily_rebalance_to_target,7,2026-03-05,0.0008966028003329907,0.9467833825497736,0.4113926501197149,BTC,0.24608740423701836,14
minimum_variance,daily_rebalance_to_target,7,2026-03-06,-0.017963099532963267,0.9297762184128764,0.36085972047117004,BTC,0.24707358648741115,14
minimum_variance,daily_rebalance_to_target,7,2026-03-07,-0.004864106838603499,0.9252536875505234,0.3028125562232673,BTC,0.24767099785216556,14
minimum_variance,daily_rebalance_to_target,7,2026-03-08,0.0,0.9252536875505234,0.0,CASH,1.0,0
minimum_variance,daily_rebalance_to_target,7,2026-03-09,0.0,0.9252536875505234,0.0,CASH,1.0,0
minimum_variance,daily_rebalance_to_target,7,2026-03-10,0.0,0.9252536875505234,0.0,CASH,1.0,0
minimum_variance,daily_rebalance_to_target,7,2026-03-11,0.0,0.9252536875505234,0.0,CASH,1.0,0
minimum_variance,daily_rebalance_to_target,7,2026-03-12,0.0,0.9252536875505234,0.0,CASH,1.0,0
minimum_variance,daily_rebalance_to_target,7,2026-03-13,0.0,0.9252536875505234,0.0,CASH,1.0,0
minimum_variance,daily_rebalance_to_target,7,2026-03-14,0.0,0.9252536875505234,0.0,CASH,1.0,0
minimum_variance,daily_rebalance_to_target,7,2026-03-15,0.0,0.9252536875505234,0.0,CASH,1.0,0
minimum_variance,daily_rebalance_to_target,7,2026-03-16,0.0,0.9252536875505234,0.0,CASH,1.0,0
minimum_variance,daily_rebalance_to_target,7,2026-03-17,0.0,0.9252536875505234,0.0,CASH,1.0,0
minimum_variance,daily_rebalance_to_target,7,2026-03-18,0.0,0.9252536875505234,0.0,CASH,1.0,0
minimum_variance,daily_rebalance_to_target,7,2026-03-19,0.0,0.9252536875505234,0.0,CASH,1.0,0
minimum_variance,daily_rebalance_to_target,7,2026-03-20,0.0,0.9252536875505234,0.0,CASH,1.0,0
minimum_variance,daily_rebalance_to_target,7,2026-03-21,0.0,0.9252536875505234,0.0,CASH,1.0,0
minimum_variance,daily_rebalance_to_target,7,2026-03-22,0.0,0.9252536875505234,0.0,CASH,1.0,0
minimum_variance,daily_rebalance_to_target,7,2026-03-23,0.0,0.9252536875505234,0.0,CASH,1.0,0
minimum_variance,daily_rebalance_to_target,7,2026-03-24,0.0,0.9252536875505234,0.0,CASH,1.0,0
minimum_variance,daily_rebalance_to_target,7,2026-03-25,0.0,0.9252536875505234,0.0,CASH,1.0,0
minimum_variance,daily_rebalance_to_target,7,2026-03-26,0.0,0.9252536875505234,0.0,CASH,1.0,0
minimum_variance,daily_rebalance_to_target,7,2026-03-27,0.0,0.9252536875505234,0.0,CASH,1.0,0
minimum_variance,daily_rebalance_to_target,7,2026-03-28,0.0,0.9252536875505234,0.0,CASH,1.0,0
minimum_variance,daily_rebalance_to_target,7,2026-03-29,0.0,0.9252536875505234,0.0,CASH,1.0,0
minimum_variance,daily_rebalance_to_target,7,2026-03-30,0.0,0.9252536875505234,0.0,CASH,1.0,0
equal_weight,daily_rebalance_to_target,7,2025-03-01,0.00826845591958758,1.0082684559195876,0.5509273815658186,CBK,0.023939984329340008,50
equal_weight,daily_rebalance_to_target,7,2025-03-02,0.12391755544244032,1.1332106182068669,1.0645005256139062,ADA,0.03293872222566351,50
equal_weight,daily_rebalance_to_target,7,2025-03-03,-0.15264624896114576,0.9602302680546475,1.0423112381328112,WAVES,0.022586348574742808,50
equal_weight,daily_rebalance_to_target,7,2025-03-04,-0.01843045575976321,0.9425327865800808,1.4198862604264666,ADA,0.02221487779319309,50
equal_weight,daily_rebalance_to_target,7,2025-03-05,0.02523641274808286,0.9663189330108163,0.7054833910245815,ONDO,0.022808998094336504,50
equal_weight,daily_rebalance_to_target,7,2025-03-06,-0.019459620704857294,0.9475147330945034,0.7399587305389338,CRO,0.022450297084772967,50
equal_weight,daily_rebalance_to_target,7,2025-03-07,-0.01828585974807484,0.9301886115759027,1.1093653530451704,AUCTION,0.024363135514737493,50
equal_weight,daily_rebalance_to_target,7,2025-03-08,0.0,0.9301886115759027,0.0,CASH,1.0,0
equal_weight,daily_rebalance_to_target,7,2025-03-09,0.0,0.9301886115759027,0.0,CASH,1.0,0
equal_weight,daily_rebalance_to_target,7,2025-03-10,0.0,0.9301886115759027,0.0,CASH,1.0,0
equal_weight,daily_rebalance_to_target,7,2025-03-11,0.0,0.9301886115759027,0.0,CASH,1.0,0
equal_weight,daily_rebalance_to_target,7,2025-03-12,0.0,0.9301886115759027,0.0,CASH,1.0,0
equal_weight,daily_rebalance_to_target,7,2025-03-13,0.0,0.9301886115759027,0.0,CASH,1.0,0
equal_weight,daily_rebalance_to_target,7,2025-03-14,0.0,0.9301886115759027,0.0,CASH,1.0,0
equal_weight,daily_rebalance_to_target,7,2025-03-15,0.0,0.9301886115759027,0.0,CASH,1.0,0
equal_weight,daily_rebalance_to_target,7,2025-03-16,0.0,0.9301886115759027,0.0,CASH,1.0,0
equal_weight,daily_rebalance_to_target,7,2025-03-17,0.0,0.9301886115759027,0.0,CASH,1.0,0
equal_weight,daily_rebalance_to_target,7,2025-03-18,0.0,0.9301886115759027,0.0,CASH,1.0,0
equal_weight,daily_rebalance_to_target,7,2025-03-19,0.0,0.9301886115759027,0.0,CASH,1.0,0
equal_weight,daily_rebalance_to_target,7,2025-03-20,0.0,0.9301886115759027,0.0,CASH,1.0,0
equal_weight,daily_rebalance_to_target,7,2025-03-21,0.0,0.9301886115759027,0.0,CASH,1.0,0
equal_weight,daily_rebalance_to_target,7,2025-03-22,0.0,0.9301886115759027,0.0,CASH,1.0,0
equal_weight,daily_rebalance_to_target,7,2025-03-23,0.0,0.9301886115759027,0.0,CASH,1.0,0
equal_weight,daily_rebalance_to_target,7,2025-03-24,0.0,0.9301886115759027,0.0,CASH,1.0,0
equal_weight,daily_rebalance_to_target,7,2025-03-25,0.0,0.9301886115759027,0.0,CASH,1.0,0
equal_weight,daily_rebalance_to_target,7,2025-03-26,0.0,0.9301886115759027,0.0,CASH,1.0,0
equal_weight,daily_rebalance_to_target,7,2025-03-27,0.0,0.9301886115759027,0.0,CASH,1.0,0
equal_weight,daily_rebalance_to_target,7,2025-03-28,0.0,0.9301886115759027,0.0,CASH,1.0,0
equal_weight,daily_rebalance_to_target,7,2025-03-29,0.0,0.9301886115759027,0.0,CASH,1.0,0
equal_weight,daily_rebalance_to_target,7,2025-03-30,0.0,0.9301886115759027,0.0,CASH,1.0,0
equal_weight,daily_rebalance_to_target,7,2025-03-31,0.0,0.9301886115759027,0.0,CASH,1.0,0
equal_weight,daily_rebalance_to_target,7,2025-04-01,0.011691562650117504,0.9410639700045681,0.5877665902009898,CARV,0.02243327631615126,50
equal_weight,daily_rebalance_to_target,7,2025-04-02,-0.06640892321056668,0.8785689250843037,1.1313827002398014,BIGTIME,0.023470497760287434,50
equal_weight,daily_rebalance_to_target,7,2025-04-03,-7.75451057493104e-05,0.8785007963641001,0.7063641411768804,BIGTIME,0.023374009849482593,50
equal_weight,daily_rebalance_to_target,7,2025-04-04,-0.0031196837837023095,0.8757601516757134,0.8028519390788392,PEPE,0.021390704148601582,50
equal_weight,daily_rebalance_to_target,7,2025-04-05,0.0020476266929283504,0.8775533815388876,0.3127868130971294,AUCTION,0.022990114909682093,50
equal_weight,daily_rebalance_to_target,7,2025-04-06,-0.071351077289872,0.8149390023867179,0.7168385301635408,AERGO,0.03803229503346999,50
equal_weight,daily_rebalance_to_target,7,2025-04-07,0.013942619906061493,0.8263013871436208,1.5296841906701681,CBK,0.025017867488658592,50
equal_weight,daily_rebalance_to_target,7,2025-04-08,0.0,0.8263013871436208,0.0,CASH,1.0,0
equal_weight,daily_rebalance_to_target,7,2025-04-09,0.0,0.8263013871436208,0.0,CASH,1.0,0
equal_weight,daily_rebalance_to_target,7,2025-04-10,0.0,0.8263013871436208,0.0,CASH,1.0,0
equal_weight,daily_rebalance_to_target,7,2025-04-11,0.0,0.8263013871436208,0.0,CASH,1.0,0
equal_weight,daily_rebalance_to_target,7,2025-04-12,0.0,0.8263013871436208,0.0,CASH,1.0,0
equal_weight,daily_rebalance_to_target,7,2025-04-13,0.0,0.8263013871436208,0.0,CASH,1.0,0
equal_weight,daily_rebalance_to_target,7,2025-04-14,0.0,0.8263013871436208,0.0,CASH,1.0,0
equal_weight,daily_rebalance_to_target,7,2025-04-15,0.0,0.8263013871436208,0.0,CASH,1.0,0
equal_weight,daily_rebalance_to_target,7,2025-04-16,0.0,0.8263013871436208,0.0,CASH,1.0,0
equal_weight,daily_rebalance_to_target,7,2025-04-17,0.0,0.8263013871436208,0.0,CASH,1.0,0
equal_weight,daily_rebalance_to_target,7,2025-04-18,0.0,0.8263013871436208,0.0,CASH,1.0,0
equal_weight,daily_rebalance_to_target,7,2025-04-19,0.0,0.8263013871436208,0.0,CASH,1.0,0
equal_weight,daily_rebalance_to_target,7,2025-04-20,0.0,0.8263013871436208,0.0,CASH,1.0,0
equal_weight,daily_rebalance_to_target,7,2025-04-21,0.0,0.8263013871436208,0.0,CASH,1.0,0
equal_weight,daily_rebalance_to_target,7,2025-04-22,0.0,0.8263013871436208,0.0,CASH,1.0,0
equal_weight,daily_rebalance_to_target,7,2025-04-23,0.0,0.8263013871436208,0.0,CASH,1.0,0
equal_weight,daily_rebalance_to_target,7,2025-04-24,0.0,0.8263013871436208,0.0,CASH,1.0,0
equal_weight,daily_rebalance_to_target,7,2025-04-25,0.0,0.8263013871436208,0.0,CASH,1.0,0
equal_weight,daily_rebalance_to_target,7,2025-04-26,0.0,0.8263013871436208,0.0,CASH,1.0,0
equal_weight,daily_rebalance_to_target,7,2025-04-27,0.0,0.8263013871436208,0.0,CASH,1.0,0
equal_weight,daily_rebalance_to_target,7,2025-04-28,0.0,0.8263013871436208,0.0,CASH,1.0,0
equal_weight,daily_rebalance_to_target,7,2025-04-29,0.0,0.8263013871436208,0.0,CASH,1.0,0
equal_weight,daily_rebalance_to_target,7,2025-04-30,0.0,0.8263013871436208,0.0,CASH,1.0,0
equal_weight,daily_rebalance_to_target,7,2025-05-01,0.00789248569099299,0.8328229590180996,0.36029589338788093,ME,0.022063433725798443,50
equal_weight,daily_rebalance_to_target,7,2025-05-02,-0.0011317209749274193,0.8318804358069777,0.3801698761333011,PUNDIX,0.027548977107981716,50
equal_weight,daily_rebalance_to_target,7,2025-05-03,-0.02563286256992503,0.8105569589213281,0.36852982654048194,AERGO,0.024877791173325767,50
equal_weight,daily_rebalance_to_target,7,2025-05-04,-0.025882297727589765,0.7895778823853565,0.48146140656687203,AWE,0.023548248737245318,50
equal_weight,daily_rebalance_to_target,7,2025-05-05,-0.0009247774375779061,0.788847698574516,0.513120977963222,AKT,0.023452773639899067,50
equal_weight,daily_rebalance_to_target,7,2025-05-06,-0.03215523646057983,0.7634821142954682,0.6664898128602849,CRO,0.021059019321076143,50
equal_weight,daily_rebalance_to_target,7,2025-05-07,0.016130024389787057,0.7757970994202203,0.5244254472334825,AWE,0.023663352601259752,50
equal_weight,daily_rebalance_to_target,7,2025-05-08,0.0,0.7757970994202203,0.0,CASH,1.0,0
equal_weight,daily_rebalance_to_target,7,2025-05-09,0.0,0.7757970994202203,0.0,CASH,1.0,0
equal_weight,daily_rebalance_to_target,7,2025-05-10,0.0,0.7757970994202203,0.0,CASH,1.0,0
equal_weight,daily_rebalance_to_target,7,2025-05-11,0.0,0.7757970994202203,0.0,CASH,1.0,0
equal_weight,daily_rebalance_to_target,7,2025-05-12,0.0,0.7757970994202203,0.0,CASH,1.0,0
equal_weight,daily_rebalance_to_target,7,2025-05-13,0.0,0.7757970994202203,0.0,CASH,1.0,0
equal_weight,daily_rebalance_to_target,7,2025-05-14,0.0,0.7757970994202203,0.0,CASH,1.0,0
equal_weight,daily_rebalance_to_target,7,2025-05-15,0.0,0.7757970994202203,0.0,CASH,1.0,0
equal_weight,daily_rebalance_to_target,7,2025-05-16,0.0,0.7757970994202203,0.0,CASH,1.0,0
equal_weight,daily_rebalance_to_target,7,2025-05-17,0.0,0.7757970994202203,0.0,CASH,1.0,0
equal_weight,daily_rebalance_to_target,7,2025-05-18,0.0,0.7757970994202203,0.0,CASH,1.0,0
equal_weight,daily_rebalance_to_target,7,2025-05-19,0.0,0.7757970994202203,0.0,CASH,1.0,0
equal_weight,daily_rebalance_to_target,7,2025-05-20,0.0,0.7757970994202203,0.0,CASH,1.0,0
equal_weight,daily_rebalance_to_target,7,2025-05-21,0.0,0.7757970994202203,0.0,CASH,1.0,0
equal_weight,daily_rebalance_to_target,7,2025-05-22,0.0,0.7757970994202203,0.0,CASH,1.0,0
equal_weight,daily_rebalance_to_target,7,2025-05-23,0.0,0.7757970994202203,0.0,CASH,1.0,0
equal_weight,daily_rebalance_to_target,7,2025-05-24,0.0,0.7757970994202203,0.0,CASH,1.0,0
equal_weight,daily_rebalance_to_target,7,2025-05-25,0.0,0.7757970994202203,0.0,CASH,1.0,0
equal_weight,daily_rebalance_to_target,7,2025-05-26,0.0,0.7757970994202203,0.0,CASH,1.0,0
equal_weight,daily_rebalance_to_target,7,2025-05-27,0.0,0.7757970994202203,0.0,CASH,1.0,0
equal_weight,daily_rebalance_to_target,7,2025-05-28,0.0,0.7757970994202203,0.0,CASH,1.0,0
equal_weight,daily_rebalance_to_target,7,2025-05-29,0.0,0.7757970994202203,0.0,CASH,1.0,0
equal_weight,daily_rebalance_to_target,7,2025-05-30,0.0,0.7757970994202203,0.0,CASH,1.0,0
equal_weight,daily_rebalance_to_target,7,2025-05-31,0.0,0.7757970994202203,0.0,CASH,1.0,0
equal_weight,daily_rebalance_to_target,7,2025-06-01,0.02062980985229257,0.7918016460652196,0.4982253529327018,MASK,0.02567022222344092,50
equal_weight,daily_rebalance_to_target,7,2025-06-02,0.009263315838272668,0.799136354793986,0.47627188825660777,TOKAMAK,0.02592482841863512,50
equal_weight,daily_rebalance_to_target,7,2025-06-03,0.0047714082362892984,0.8029493605791683,0.4604637158535681,ME,0.023326464521325266,50
equal_weight,daily_rebalance_to_target,7,2025-06-04,-0.028509973099666963,0.7800572959086615,0.45468509483934344,ANIME,0.023006056030504117,50
equal_weight,daily_rebalance_to_target,7,2025-06-05,-0.059021905472425806,0.7340168279264644,0.7263947445143631,AERGO,0.02152255442505288,50
equal_weight,daily_rebalance_to_target,7,2025-06-06,0.009197601910452491,0.7407680225053052,0.45187771550990435,VIRTUAL,0.022128080938105598,50
equal_weight,daily_rebalance_to_target,7,2025-06-07,0.022230347287391705,0.7572355529049926,0.30589553727466334,ANIME,0.02300898779480855,50
equal_weight,daily_rebalance_to_target,7,2025-06-08,0.0,0.7572355529049926,0.0,CASH,1.0,0
equal_weight,daily_rebalance_to_target,7,2025-06-09,0.0,0.7572355529049926,0.0,CASH,1.0,0
equal_weight,daily_rebalance_to_target,7,2025-06-10,0.0,0.7572355529049926,0.0,CASH,1.0,0
equal_weight,daily_rebalance_to_target,7,2025-06-11,0.0,0.7572355529049926,0.0,CASH,1.0,0
equal_weight,daily_rebalance_to_target,7,2025-06-12,0.0,0.7572355529049926,0.0,CASH,1.0,0
equal_weight,daily_rebalance_to_target,7,2025-06-13,0.0,0.7572355529049926,0.0,CASH,1.0,0
equal_weight,daily_rebalance_to_target,7,2025-06-14,0.0,0.7572355529049926,0.0,CASH,1.0,0
equal_weight,daily_rebalance_to_target,7,2025-06-15,0.0,0.7572355529049926,0.0,CASH,1.0,0
equal_weight,daily_rebalance_to_target,7,2025-06-16,0.0,0.7572355529049926,0.0,CASH,1.0,0
equal_weight,daily_rebalance_to_target,7,2025-06-17,0.0,0.7572355529049926,0.0,CASH,1.0,0
equal_weight,daily_rebalance_to_target,7,2025-06-18,0.0,0.7572355529049926,0.0,CASH,1.0,0
equal_weight,daily_rebalance_to_target,7,2025-06-19,0.0,0.7572355529049926,0.0,CASH,1.0,0
equal_weight,daily_rebalance_to_target,7,2025-06-20,0.0,0.7572355529049926,0.0,CASH,1.0,0
equal_weight,daily_rebalance_to_target,7,2025-06-21,0.0,0.7572355529049926,0.0,CASH,1.0,0
equal_weight,daily_rebalance_to_target,7,2025-06-22,0.0,0.7572355529049926,0.0,CASH,1.0,0
equal_weight,daily_rebalance_to_target,7,2025-06-23,0.0,0.7572355529049926,0.0,CASH,1.0,0
equal_weight,daily_rebalance_to_target,7,2025-06-24,0.0,0.7572355529049926,0.0,CASH,1.0,0
equal_weight,daily_rebalance_to_target,7,2025-06-25,0.0,0.7572355529049926,0.0,CASH,1.0,0
equal_weight,daily_rebalance_to_target,7,2025-06-26,0.0,0.7572355529049926,0.0,CASH,1.0,0
equal_weight,daily_rebalance_to_target,7,2025-06-27,0.0,0.7572355529049926,0.0,CASH,1.0,0
equal_weight,daily_rebalance_to_target,7,2025-06-28,0.0,0.7572355529049926,0.0,CASH,1.0,0
equal_weight,daily_rebalance_to_target,7,2025-06-29,0.0,0.7572355529049926,0.0,CASH,1.0,0
equal_weight,daily_rebalance_to_target,7,2025-06-30,0.0,0.7572355529049926,0.0,CASH,1.0,0
equal_weight,daily_rebalance_to_target,7,2025-07-01,-0.028844833777433854,0.7353932192510848,0.37156678617617517,TOKAMAK,0.02145734827854547,50
equal_weight,daily_rebalance_to_target,7,2025-07-02,0.07148939920340247,0.7879660386736009,0.48795289400478664,CBK,0.02947353481822649,50
equal_weight,daily_rebalance_to_target,7,2025-07-03,0.00586001098819966,0.7925835283185564,0.4271753002089326,BONK,0.02125023796711446,50
equal_weight,daily_rebalance_to_target,7,2025-07-04,-0.02116020112099104,0.775812301454151,0.3939822589089894,CARV,0.022974234664190324,50
equal_weight,daily_rebalance_to_target,7,2025-07-05,0.00608075694673027,0.7805298274955771,0.28559494577780337,SAFE,0.021968604039399344,50
equal_weight,daily_rebalance_to_target,7,2025-07-06,0.00993029032976045,0.7882807152936461,0.3141564418872256,BONK,0.022941040007326153,50
equal_weight,daily_rebalance_to_target,7,2025-07-07,-0.005236181294922315,0.7841531345570775,0.3403033052434205,PUNDIX,0.021782439914634442,50
equal_weight,daily_rebalance_to_target,7,2025-07-08,0.0,0.7841531345570775,0.0,CASH,1.0,0
equal_weight,daily_rebalance_to_target,7,2025-07-09,0.0,0.7841531345570775,0.0,CASH,1.0,0
equal_weight,daily_rebalance_to_target,7,2025-07-10,0.0,0.7841531345570775,0.0,CASH,1.0,0
equal_weight,daily_rebalance_to_target,7,2025-07-11,0.0,0.7841531345570775,0.0,CASH,1.0,0
equal_weight,daily_rebalance_to_target,7,2025-07-12,0.0,0.7841531345570775,0.0,CASH,1.0,0
equal_weight,daily_rebalance_to_target,7,2025-07-13,0.0,0.7841531345570775,0.0,CASH,1.0,0
equal_weight,daily_rebalance_to_target,7,2025-07-14,0.0,0.7841531345570775,0.0,CASH,1.0,0
equal_weight,daily_rebalance_to_target,7,2025-07-15,0.0,0.7841531345570775,0.0,CASH,1.0,0
equal_weight,daily_rebalance_to_target,7,2025-07-16,0.0,0.7841531345570775,0.0,CASH,1.0,0
equal_weight,daily_rebalance_to_target,7,2025-07-17,0.0,0.7841531345570775,0.0,CASH,1.0,0
equal_weight,daily_rebalance_to_target,7,2025-07-18,0.0,0.7841531345570775,0.0,CASH,1.0,0
equal_weight,daily_rebalance_to_target,7,2025-07-19,0.0,0.7841531345570775,0.0,CASH,1.0,0
equal_weight,daily_rebalance_to_target,7,2025-07-20,0.0,0.7841531345570775,0.0,CASH,1.0,0
equal_weight,daily_rebalance_to_target,7,2025-07-21,0.0,0.7841531345570775,0.0,CASH,1.0,0
equal_weight,daily_rebalance_to_target,7,2025-07-22,0.0,0.7841531345570775,0.0,CASH,1.0,0
equal_weight,daily_rebalance_to_target,7,2025-07-23,0.0,0.7841531345570775,0.0,CASH,1.0,0
equal_weight,daily_rebalance_to_target,7,2025-07-24,0.0,0.7841531345570775,0.0,CASH,1.0,0
equal_weight,daily_rebalance_to_target,7,2025-07-25,0.0,0.7841531345570775,0.0,CASH,1.0,0
equal_weight,daily_rebalance_to_target,7,2025-07-26,0.0,0.7841531345570775,0.0,CASH,1.0,0
equal_weight,daily_rebalance_to_target,7,2025-07-27,0.0,0.7841531345570775,0.0,CASH,1.0,0
equal_weight,daily_rebalance_to_target,7,2025-07-28,0.0,0.7841531345570775,0.0,CASH,1.0,0
equal_weight,daily_rebalance_to_target,7,2025-07-29,0.0,0.7841531345570775,0.0,CASH,1.0,0
equal_weight,daily_rebalance_to_target,7,2025-07-30,0.0,0.7841531345570775,0.0,CASH,1.0,0
equal_weight,daily_rebalance_to_target,7,2025-07-31,0.0,0.7841531345570775,0.0,CASH,1.0,0
equal_weight,daily_rebalance_to_target,7,2025-08-01,-0.03730117174202807,0.7549033038129143,0.8813961818081953,ARK,0.020532958312886755,50
equal_weight,daily_rebalance_to_target,7,2025-08-02,-0.024168191676679607,0.736658656069005,0.6178096230114022,TOKAMAK,0.021428938346404,50
equal_weight,daily_rebalance_to_target,7,2025-08-03,0.038561741248261505,0.7650654965526301,0.39146340431683607,XLM,0.02102172437839211,50
equal_weight,daily_rebalance_to_target,7,2025-08-04,0.0379551305254211,0.7941036573347813,0.39984528543214176,ATH,0.022934617989028395,50
equal_weight,daily_rebalance_to_target,7,2025-08-05,-0.030369740162539904,0.7699869355994013,0.4897535868444974,GAS,0.02292254015166491,50
equal_weight,daily_rebalance_to_target,7,2025-08-06,0.0040115399348665814,0.7730757689408839,0.504919105981688,ATH,0.021299836241592107,50
equal_weight,daily_rebalance_to_target,7,2025-08-07,0.04420322570725599,0.8072482116441884,0.37761366428143284,MNT,0.022791868018932262,50
equal_weight,daily_rebalance_to_target,7,2025-08-08,0.0,0.8072482116441884,0.0,CASH,1.0,0
equal_weight,daily_rebalance_to_target,7,2025-08-09,0.0,0.8072482116441884,0.0,CASH,1.0,0
equal_weight,daily_rebalance_to_target,7,2025-08-10,0.0,0.8072482116441884,0.0,CASH,1.0,0
equal_weight,daily_rebalance_to_target,7,2025-08-11,0.0,0.8072482116441884,0.0,CASH,1.0,0
equal_weight,daily_rebalance_to_target,7,2025-08-12,0.0,0.8072482116441884,0.0,CASH,1.0,0
equal_weight,daily_rebalance_to_target,7,2025-08-13,0.0,0.8072482116441884,0.0,CASH,1.0,0
equal_weight,daily_rebalance_to_target,7,2025-08-14,0.0,0.8072482116441884,0.0,CASH,1.0,0
equal_weight,daily_rebalance_to_target,7,2025-08-15,0.0,0.8072482116441884,0.0,CASH,1.0,0
equal_weight,daily_rebalance_to_target,7,2025-08-16,0.0,0.8072482116441884,0.0,CASH,1.0,0
equal_weight,daily_rebalance_to_target,7,2025-08-17,0.0,0.8072482116441884,0.0,CASH,1.0,0
equal_weight,daily_rebalance_to_target,7,2025-08-18,0.0,0.8072482116441884,0.0,CASH,1.0,0
equal_weight,daily_rebalance_to_target,7,2025-08-19,0.0,0.8072482116441884,0.0,CASH,1.0,0
equal_weight,daily_rebalance_to_target,7,2025-08-20,0.0,0.8072482116441884,0.0,CASH,1.0,0
equal_weight,daily_rebalance_to_target,7,2025-08-21,0.0,0.8072482116441884,0.0,CASH,1.0,0
equal_weight,daily_rebalance_to_target,7,2025-08-22,0.0,0.8072482116441884,0.0,CASH,1.0,0
equal_weight,daily_rebalance_to_target,7,2025-08-23,0.0,0.8072482116441884,0.0,CASH,1.0,0
equal_weight,daily_rebalance_to_target,7,2025-08-24,0.0,0.8072482116441884,0.0,CASH,1.0,0
equal_weight,daily_rebalance_to_target,7,2025-08-25,0.0,0.8072482116441884,0.0,CASH,1.0,0
equal_weight,daily_rebalance_to_target,7,2025-08-26,0.0,0.8072482116441884,0.0,CASH,1.0,0
equal_weight,daily_rebalance_to_target,7,2025-08-27,0.0,0.8072482116441884,0.0,CASH,1.0,0
equal_weight,daily_rebalance_to_target,7,2025-08-28,0.0,0.8072482116441884,0.0,CASH,1.0,0
equal_weight,daily_rebalance_to_target,7,2025-08-29,0.0,0.8072482116441884,0.0,CASH,1.0,0
equal_weight,daily_rebalance_to_target,7,2025-08-30,0.0,0.8072482116441884,0.0,CASH,1.0,0
equal_weight,daily_rebalance_to_target,7,2025-08-31,0.0,0.8072482116441884,0.0,CASH,1.0,0
equal_weight,daily_rebalance_to_target,7,2025-09-01,-0.029351790960984947,0.7835540308823792,0.4856246002254155,XLM,0.020982471907271,50
equal_weight,daily_rebalance_to_target,7,2025-09-02,0.025525123481410228,0.8035543442750086,0.4650688352831073,AERGO,0.02282172789653084,50
equal_weight,daily_rebalance_to_target,7,2025-09-03,0.00516511140331577,0.8077047919818074,0.32888923972799056,VIRTUAL,0.021119813204285114,50
equal_weight,daily_rebalance_to_target,7,2025-09-04,-0.019246794916757293,0.7921590634972515,0.30951776362356115,PUNDIX,0.021620953331790167,50
equal_weight,daily_rebalance_to_target,7,2025-09-05,0.012310590275598665,0.8019110091610681,0.34494667484040975,VANA,0.02124505220403227,50
equal_weight,daily_rebalance_to_target,7,2025-09-06,-0.003908043500148506,0.7987771060540186,0.1737665097726733,PYTH,0.02245743287100708,50
equal_weight,daily_rebalance_to_target,7,2025-09-07,0.009868256075963533,0.8066596430841767,0.15936679658326466,DOGE,0.020850349027088523,50
equal_weight,daily_rebalance_to_target,7,2025-09-08,0.0,0.8066596430841767,0.0,CASH,1.0,0
equal_weight,daily_rebalance_to_target,7,2025-09-09,0.0,0.8066596430841767,0.0,CASH,1.0,0
equal_weight,daily_rebalance_to_target,7,2025-09-10,0.0,0.8066596430841767,0.0,CASH,1.0,0
equal_weight,daily_rebalance_to_target,7,2025-09-11,0.0,0.8066596430841767,0.0,CASH,1.0,0
equal_weight,daily_rebalance_to_target,7,2025-09-12,0.0,0.8066596430841767,0.0,CASH,1.0,0
equal_weight,daily_rebalance_to_target,7,2025-09-13,0.0,0.8066596430841767,0.0,CASH,1.0,0
equal_weight,daily_rebalance_to_target,7,2025-09-14,0.0,0.8066596430841767,0.0,CASH,1.0,0
equal_weight,daily_rebalance_to_target,7,2025-09-15,0.0,0.8066596430841767,0.0,CASH,1.0,0
equal_weight,daily_rebalance_to_target,7,2025-09-16,0.0,0.8066596430841767,0.0,CASH,1.0,0
equal_weight,daily_rebalance_to_target,7,2025-09-17,0.0,0.8066596430841767,0.0,CASH,1.0,0
equal_weight,daily_rebalance_to_target,7,2025-09-18,0.0,0.8066596430841767,0.0,CASH,1.0,0
equal_weight,daily_rebalance_to_target,7,2025-09-19,0.0,0.8066596430841767,0.0,CASH,1.0,0
equal_weight,daily_rebalance_to_target,7,2025-09-20,0.0,0.8066596430841767,0.0,CASH,1.0,0
equal_weight,daily_rebalance_to_target,7,2025-09-21,0.0,0.8066596430841767,0.0,CASH,1.0,0
equal_weight,daily_rebalance_to_target,7,2025-09-22,0.0,0.8066596430841767,0.0,CASH,1.0,0
equal_weight,daily_rebalance_to_target,7,2025-09-23,0.0,0.8066596430841767,0.0,CASH,1.0,0
equal_weight,daily_rebalance_to_target,7,2025-09-24,0.0,0.8066596430841767,0.0,CASH,1.0,0
equal_weight,daily_rebalance_to_target,7,2025-09-25,0.0,0.8066596430841767,0.0,CASH,1.0,0
equal_weight,daily_rebalance_to_target,7,2025-09-26,0.0,0.8066596430841767,0.0,CASH,1.0,0
equal_weight,daily_rebalance_to_target,7,2025-09-27,0.0,0.8066596430841767,0.0,CASH,1.0,0
equal_weight,daily_rebalance_to_target,7,2025-09-28,0.0,0.8066596430841767,0.0,CASH,1.0,0
equal_weight,daily_rebalance_to_target,7,2025-09-29,0.0,0.8066596430841767,0.0,CASH,1.0,0
equal_weight,daily_rebalance_to_target,7,2025-09-30,0.0,0.8066596430841767,0.0,CASH,1.0,0
equal_weight,daily_rebalance_to_target,7,2025-10-01,0.0452992207269316,0.8432006963077547,0.42604310826597197,XLM,0.020943182064813572,50
equal_weight,daily_rebalance_to_target,7,2025-10-02,0.018094084074255612,0.8584576405982182,0.3717289476937868,CRO,0.02100403428277171,50
equal_weight,daily_rebalance_to_target,7,2025-10-03,0.0036822509411080784,0.8616186970532124,0.5209251008718652,VANA,0.020570542310823843,50
equal_weight,daily_rebalance_to_target,7,2025-10-04,-0.013377763182953473,0.8500921661700296,0.31093399881483935,AWE,0.022382764658312033,50
equal_weight,daily_rebalance_to_target,7,2025-10-05,0.0012400921199207104,0.8511463587665034,0.42641581561297576,MNT,0.021656453560368993,50
equal_weight,daily_rebalance_to_target,7,2025-10-06,0.02611336732298275,0.8733726562785923,0.3739019051410854,MNT,0.022427500340216438,50
equal_weight,daily_rebalance_to_target,7,2025-10-07,-0.038188346856176114,0.8400199983459256,0.4689236730068927,AWE,0.020794091997770048,50
equal_weight,daily_rebalance_to_target,7,2025-10-08,0.0,0.8400199983459256,0.0,CASH,1.0,0
equal_weight,daily_rebalance_to_target,7,2025-10-09,0.0,0.8400199983459256,0.0,CASH,1.0,0
equal_weight,daily_rebalance_to_target,7,2025-10-10,0.0,0.8400199983459256,0.0,CASH,1.0,0
equal_weight,daily_rebalance_to_target,7,2025-10-11,0.0,0.8400199983459256,0.0,CASH,1.0,0
equal_weight,daily_rebalance_to_target,7,2025-10-12,0.0,0.8400199983459256,0.0,CASH,1.0,0
equal_weight,daily_rebalance_to_target,7,2025-10-13,0.0,0.8400199983459256,0.0,CASH,1.0,0
equal_weight,daily_rebalance_to_target,7,2025-10-14,0.0,0.8400199983459256,0.0,CASH,1.0,0
equal_weight,daily_rebalance_to_target,7,2025-10-15,0.0,0.8400199983459256,0.0,CASH,1.0,0
equal_weight,daily_rebalance_to_target,7,2025-10-16,0.0,0.8400199983459256,0.0,CASH,1.0,0
equal_weight,daily_rebalance_to_target,7,2025-10-17,0.0,0.8400199983459256,0.0,CASH,1.0,0
equal_weight,daily_rebalance_to_target,7,2025-10-18,0.0,0.8400199983459256,0.0,CASH,1.0,0
equal_weight,daily_rebalance_to_target,7,2025-10-19,0.0,0.8400199983459256,0.0,CASH,1.0,0
equal_weight,daily_rebalance_to_target,7,2025-10-20,0.0,0.8400199983459256,0.0,CASH,1.0,0
equal_weight,daily_rebalance_to_target,7,2025-10-21,0.0,0.8400199983459256,0.0,CASH,1.0,0
equal_weight,daily_rebalance_to_target,7,2025-10-22,0.0,0.8400199983459256,0.0,CASH,1.0,0
equal_weight,daily_rebalance_to_target,7,2025-10-23,0.0,0.8400199983459256,0.0,CASH,1.0,0
equal_weight,daily_rebalance_to_target,7,2025-10-24,0.0,0.8400199983459256,0.0,CASH,1.0,0
equal_weight,daily_rebalance_to_target,7,2025-10-25,0.0,0.8400199983459256,0.0,CASH,1.0,0
equal_weight,daily_rebalance_to_target,7,2025-10-26,0.0,0.8400199983459256,0.0,CASH,1.0,0
equal_weight,daily_rebalance_to_target,7,2025-10-27,0.0,0.8400199983459256,0.0,CASH,1.0,0
equal_weight,daily_rebalance_to_target,7,2025-10-28,0.0,0.8400199983459256,0.0,CASH,1.0,0
equal_weight,daily_rebalance_to_target,7,2025-10-29,0.0,0.8400199983459256,0.0,CASH,1.0,0
equal_weight,daily_rebalance_to_target,7,2025-10-30,0.0,0.8400199983459256,0.0,CASH,1.0,0
equal_weight,daily_rebalance_to_target,7,2025-10-31,0.0,0.8400199983459256,0.0,CASH,1.0,0
equal_weight,daily_rebalance_to_target,7,2025-11-01,0.017490021739729134,0.8547119663788031,0.33421575338040016,VIRTUAL,0.026524745982803046,50
equal_weight,daily_rebalance_to_target,7,2025-11-02,-0.0023661343881717922,0.8526896030031723,0.37388558825124363,CARV,0.02353747420364216,50
equal_weight,daily_rebalance_to_target,7,2025-11-03,-0.10956948977716452,0.7592608382638217,1.2633060428699574,PUNDIX,0.021760700874157612,50
equal_weight,daily_rebalance_to_target,7,2025-11-04,-0.022769108158725793,0.741973146116708,1.403230118224714,CARV,0.022382283817100848,50
equal_weight,daily_rebalance_to_target,7,2025-11-05,0.024804085264044096,0.7603771112966179,0.891165408036751,BONK,0.020756822310185604,50
equal_weight,daily_rebalance_to_target,7,2025-11-06,-0.016186263653989008,0.7480694468967123,0.7036366079887354,ARDR,0.023568839380098235,50
equal_weight,daily_rebalance_to_target,7,2025-11-07,0.09728901474515705,0.820848386346248,0.9219351851913065,VIRTUAL,0.02288081016479122,50
equal_weight,daily_rebalance_to_target,7,2025-11-08,0.0,0.820848386346248,0.0,CASH,1.0,0
equal_weight,daily_rebalance_to_target,7,2025-11-09,0.0,0.820848386346248,0.0,CASH,1.0,0
equal_weight,daily_rebalance_to_target,7,2025-11-10,0.0,0.820848386346248,0.0,CASH,1.0,0
equal_weight,daily_rebalance_to_target,7,2025-11-11,0.0,0.820848386346248,0.0,CASH,1.0,0
equal_weight,daily_rebalance_to_target,7,2025-11-12,0.0,0.820848386346248,0.0,CASH,1.0,0
equal_weight,daily_rebalance_to_target,7,2025-11-13,0.0,0.820848386346248,0.0,CASH,1.0,0
equal_weight,daily_rebalance_to_target,7,2025-11-14,0.0,0.820848386346248,0.0,CASH,1.0,0
equal_weight,daily_rebalance_to_target,7,2025-11-15,0.0,0.820848386346248,0.0,CASH,1.0,0
equal_weight,daily_rebalance_to_target,7,2025-11-16,0.0,0.820848386346248,0.0,CASH,1.0,0
equal_weight,daily_rebalance_to_target,7,2025-11-17,0.0,0.820848386346248,0.0,CASH,1.0,0
equal_weight,daily_rebalance_to_target,7,2025-11-18,0.0,0.820848386346248,0.0,CASH,1.0,0
equal_weight,daily_rebalance_to_target,7,2025-11-19,0.0,0.820848386346248,0.0,CASH,1.0,0
equal_weight,daily_rebalance_to_target,7,2025-11-20,0.0,0.820848386346248,0.0,CASH,1.0,0
equal_weight,daily_rebalance_to_target,7,2025-11-21,0.0,0.820848386346248,0.0,CASH,1.0,0
equal_weight,daily_rebalance_to_target,7,2025-11-22,0.0,0.820848386346248,0.0,CASH,1.0,0
equal_weight,daily_rebalance_to_target,7,2025-11-23,0.0,0.820848386346248,0.0,CASH,1.0,0
equal_weight,daily_rebalance_to_target,7,2025-11-24,0.0,0.820848386346248,0.0,CASH,1.0,0
equal_weight,daily_rebalance_to_target,7,2025-11-25,0.0,0.820848386346248,0.0,CASH,1.0,0
equal_weight,daily_rebalance_to_target,7,2025-11-26,0.0,0.820848386346248,0.0,CASH,1.0,0
equal_weight,daily_rebalance_to_target,7,2025-11-27,0.0,0.820848386346248,0.0,CASH,1.0,0
equal_weight,daily_rebalance_to_target,7,2025-11-28,0.0,0.820848386346248,0.0,CASH,1.0,0
equal_weight,daily_rebalance_to_target,7,2025-11-29,0.0,0.820848386346248,0.0,CASH,1.0,0
equal_weight,daily_rebalance_to_target,7,2025-11-30,0.0,0.820848386346248,0.0,CASH,1.0,0
equal_weight,daily_rebalance_to_target,7,2025-12-01,-0.07053940885667764,0.7629462264124259,0.807183222657227,VANA,0.022060830865323306,50
equal_weight,daily_rebalance_to_target,7,2025-12-02,0.05478326731980143,0.8047429134846117,0.5590226652261707,SUI,0.02246092347501847,50
equal_weight,daily_rebalance_to_target,7,2025-12-03,0.025598250954742774,0.8253429245380416,0.4679747045355699,LINK,0.02116397491965464,50
equal_weight,daily_rebalance_to_target,7,2025-12-04,-0.027158373745788,0.8029279529249957,0.45865948835063164,PEPE,0.02044315811058427,50
equal_weight,daily_rebalance_to_target,7,2025-12-05,-0.029493858629289216,0.7792465093919213,0.5602087740098748,MNT,0.021286894768899566,50
equal_weight,daily_rebalance_to_target,7,2025-12-06,0.008121268625951084,0.7855749796205278,0.3033630206535066,SAFE,0.020808784052706378,50
equal_weight,daily_rebalance_to_target,7,2025-12-07,-0.015136690853974621,0.7736839740113944,0.5682416974769117,WAVES,0.021699893145536827,50
equal_weight,daily_rebalance_to_target,7,2025-12-08,0.0,0.7736839740113944,0.0,CASH,1.0,0
equal_weight,daily_rebalance_to_target,7,2025-12-09,0.0,0.7736839740113944,0.0,CASH,1.0,0
equal_weight,daily_rebalance_to_target,7,2025-12-10,0.0,0.7736839740113944,0.0,CASH,1.0,0
equal_weight,daily_rebalance_to_target,7,2025-12-11,0.0,0.7736839740113944,0.0,CASH,1.0,0
equal_weight,daily_rebalance_to_target,7,2025-12-12,0.0,0.7736839740113944,0.0,CASH,1.0,0
equal_weight,daily_rebalance_to_target,7,2025-12-13,0.0,0.7736839740113944,0.0,CASH,1.0,0
equal_weight,daily_rebalance_to_target,7,2025-12-14,0.0,0.7736839740113944,0.0,CASH,1.0,0
equal_weight,daily_rebalance_to_target,7,2025-12-15,0.0,0.7736839740113944,0.0,CASH,1.0,0
equal_weight,daily_rebalance_to_target,7,2025-12-16,0.0,0.7736839740113944,0.0,CASH,1.0,0
equal_weight,daily_rebalance_to_target,7,2025-12-17,0.0,0.7736839740113944,0.0,CASH,1.0,0
equal_weight,daily_rebalance_to_target,7,2025-12-18,0.0,0.7736839740113944,0.0,CASH,1.0,0
equal_weight,daily_rebalance_to_target,7,2025-12-19,0.0,0.7736839740113944,0.0,CASH,1.0,0
equal_weight,daily_rebalance_to_target,7,2025-12-20,0.0,0.7736839740113944,0.0,CASH,1.0,0
equal_weight,daily_rebalance_to_target,7,2025-12-21,0.0,0.7736839740113944,0.0,CASH,1.0,0
equal_weight,daily_rebalance_to_target,7,2025-12-22,0.0,0.7736839740113944,0.0,CASH,1.0,0
equal_weight,daily_rebalance_to_target,7,2025-12-23,0.0,0.7736839740113944,0.0,CASH,1.0,0
equal_weight,daily_rebalance_to_target,7,2025-12-24,0.0,0.7736839740113944,0.0,CASH,1.0,0
equal_weight,daily_rebalance_to_target,7,2025-12-25,0.0,0.7736839740113944,0.0,CASH,1.0,0
equal_weight,daily_rebalance_to_target,7,2025-12-26,0.0,0.7736839740113944,0.0,CASH,1.0,0
equal_weight,daily_rebalance_to_target,7,2025-12-27,0.0,0.7736839740113944,0.0,CASH,1.0,0
equal_weight,daily_rebalance_to_target,7,2025-12-28,0.0,0.7736839740113944,0.0,CASH,1.0,0
equal_weight,daily_rebalance_to_target,7,2025-12-29,0.0,0.7736839740113944,0.0,CASH,1.0,0
equal_weight,daily_rebalance_to_target,7,2025-12-30,0.0,0.7736839740113944,0.0,CASH,1.0,0
equal_weight,daily_rebalance_to_target,7,2025-12-31,0.0,0.7736839740113944,0.0,CASH,1.0,0
equal_weight,daily_rebalance_to_target,7,2026-01-01,0.03937650532757697,0.8041489451359151,0.2491796445522128,PEPE,0.023358655796157812,50
equal_weight,daily_rebalance_to_target,7,2026-01-02,0.047353747364202725,0.8422284111270713,0.4229864032364899,PEPE,0.023315503936502262,50
equal_weight,daily_rebalance_to_target,7,2026-01-03,0.0070038396709228845,0.8481272438849015,0.39928756096858076,VIRTUAL,0.02224208853920385,50
equal_weight,daily_rebalance_to_target,7,2026-01-04,0.0331313271310254,0.8762268250507871,0.4077540927116025,BONK,0.02499284925769498,50
equal_weight,daily_rebalance_to_target,7,2026-01-05,0.03671845010788766,0.9084005160096073,0.483713666740302,VIRTUAL,0.023309501729080924,50
equal_weight,daily_rebalance_to_target,7,2026-01-06,0.010665188412663396,0.9180887786670103,0.6089968761038628,SONIC,0.020962867743808667,50
equal_weight,daily_rebalance_to_target,7,2026-01-07,-0.024017689125242936,0.8960384077916121,0.5090142883712903,STRAX,0.023724378889345935,50
equal_weight,daily_rebalance_to_target,7,2026-01-08,0.0,0.8960384077916121,0.0,CASH,1.0,0
equal_weight,daily_rebalance_to_target,7,2026-01-09,0.0,0.8960384077916121,0.0,CASH,1.0,0
equal_weight,daily_rebalance_to_target,7,2026-01-10,0.0,0.8960384077916121,0.0,CASH,1.0,0
equal_weight,daily_rebalance_to_target,7,2026-01-11,0.0,0.8960384077916121,0.0,CASH,1.0,0
equal_weight,daily_rebalance_to_target,7,2026-01-12,0.0,0.8960384077916121,0.0,CASH,1.0,0
equal_weight,daily_rebalance_to_target,7,2026-01-13,0.0,0.8960384077916121,0.0,CASH,1.0,0
equal_weight,daily_rebalance_to_target,7,2026-01-14,0.0,0.8960384077916121,0.0,CASH,1.0,0
equal_weight,daily_rebalance_to_target,7,2026-01-15,0.0,0.8960384077916121,0.0,CASH,1.0,0
equal_weight,daily_rebalance_to_target,7,2026-01-16,0.0,0.8960384077916121,0.0,CASH,1.0,0
equal_weight,daily_rebalance_to_target,7,2026-01-17,0.0,0.8960384077916121,0.0,CASH,1.0,0
equal_weight,daily_rebalance_to_target,7,2026-01-18,0.0,0.8960384077916121,0.0,CASH,1.0,0
equal_weight,daily_rebalance_to_target,7,2026-01-19,0.0,0.8960384077916121,0.0,CASH,1.0,0
equal_weight,daily_rebalance_to_target,7,2026-01-20,0.0,0.8960384077916121,0.0,CASH,1.0,0
equal_weight,daily_rebalance_to_target,7,2026-01-21,0.0,0.8960384077916121,0.0,CASH,1.0,0
equal_weight,daily_rebalance_to_target,7,2026-01-22,0.0,0.8960384077916121,0.0,CASH,1.0,0
equal_weight,daily_rebalance_to_target,7,2026-01-23,0.0,0.8960384077916121,0.0,CASH,1.0,0
equal_weight,daily_rebalance_to_target,7,2026-01-24,0.0,0.8960384077916121,0.0,CASH,1.0,0
equal_weight,daily_rebalance_to_target,7,2026-01-25,0.0,0.8960384077916121,0.0,CASH,1.0,0
equal_weight,daily_rebalance_to_target,7,2026-01-26,0.0,0.8960384077916121,0.0,CASH,1.0,0
equal_weight,daily_rebalance_to_target,7,2026-01-27,0.0,0.8960384077916121,0.0,CASH,1.0,0
equal_weight,daily_rebalance_to_target,7,2026-01-28,0.0,0.8960384077916121,0.0,CASH,1.0,0
equal_weight,daily_rebalance_to_target,7,2026-01-29,0.0,0.8960384077916121,0.0,CASH,1.0,0
equal_weight,daily_rebalance_to_target,7,2026-01-30,0.0,0.8960384077916121,0.0,CASH,1.0,0
equal_weight,daily_rebalance_to_target,7,2026-01-31,0.0,0.8960384077916121,0.0,CASH,1.0,0
equal_weight,daily_rebalance_to_target,7,2026-02-01,-0.03300109468502754,0.8664681594546598,1.0596028736459355,ARDR,0.023524006199009413,50
equal_weight,daily_rebalance_to_target,7,2026-02-02,0.035373099806954356,0.8971178241385975,0.9945164316246361,AUCTION,0.022465052057833144,50
equal_weight,daily_rebalance_to_target,7,2026-02-03,-0.0328190234224468,0.8676752932554984,0.8927247234096692,AWE,0.021298059866629436,50
equal_weight,daily_rebalance_to_target,7,2026-02-04,-0.018010448607236995,0.8520480719785509,0.8359204744902811,AWE,0.021050265667571837,50
equal_weight,daily_rebalance_to_target,7,2026-02-05,-0.15099132040484697,0.7233962085421054,1.5240567834335241,AERGO,0.023226788720620867,50
equal_weight,daily_rebalance_to_target,7,2026-02-06,0.1196914740589794,0.8099805670711869,1.8635745798686887,AWE,0.022554127294128576,50
equal_weight,daily_rebalance_to_target,7,2026-02-07,-0.008732376213801296,0.8029075120336532,0.7566240860032106,ARDR,0.020902165754965667,50
equal_weight,daily_rebalance_to_target,7,2026-02-08,0.0,0.8029075120336532,0.0,CASH,1.0,0
equal_weight,daily_rebalance_to_target,7,2026-02-09,0.0,0.8029075120336532,0.0,CASH,1.0,0
equal_weight,daily_rebalance_to_target,7,2026-02-10,0.0,0.8029075120336532,0.0,CASH,1.0,0
equal_weight,daily_rebalance_to_target,7,2026-02-11,0.0,0.8029075120336532,0.0,CASH,1.0,0
equal_weight,daily_rebalance_to_target,7,2026-02-12,0.0,0.8029075120336532,0.0,CASH,1.0,0
equal_weight,daily_rebalance_to_target,7,2026-02-13,0.0,0.8029075120336532,0.0,CASH,1.0,0
equal_weight,daily_rebalance_to_target,7,2026-02-14,0.0,0.8029075120336532,0.0,CASH,1.0,0
equal_weight,daily_rebalance_to_target,7,2026-02-15,0.0,0.8029075120336532,0.0,CASH,1.0,0
equal_weight,daily_rebalance_to_target,7,2026-02-16,0.0,0.8029075120336532,0.0,CASH,1.0,0
equal_weight,daily_rebalance_to_target,7,2026-02-17,0.0,0.8029075120336532,0.0,CASH,1.0,0
equal_weight,daily_rebalance_to_target,7,2026-02-18,0.0,0.8029075120336532,0.0,CASH,1.0,0
equal_weight,daily_rebalance_to_target,7,2026-02-19,0.0,0.8029075120336532,0.0,CASH,1.0,0
equal_weight,daily_rebalance_to_target,7,2026-02-20,0.0,0.8029075120336532,0.0,CASH,1.0,0
equal_weight,daily_rebalance_to_target,7,2026-02-21,0.0,0.8029075120336532,0.0,CASH,1.0,0
equal_weight,daily_rebalance_to_target,7,2026-02-22,0.0,0.8029075120336532,0.0,CASH,1.0,0
equal_weight,daily_rebalance_to_target,7,2026-02-23,0.0,0.8029075120336532,0.0,CASH,1.0,0
equal_weight,daily_rebalance_to_target,7,2026-02-24,0.0,0.8029075120336532,0.0,CASH,1.0,0
equal_weight,daily_rebalance_to_target,7,2026-02-25,0.0,0.8029075120336532,0.0,CASH,1.0,0
equal_weight,daily_rebalance_to_target,7,2026-02-26,0.0,0.8029075120336532,0.0,CASH,1.0,0
equal_weight,daily_rebalance_to_target,7,2026-02-27,0.0,0.8029075120336532,0.0,CASH,1.0,0
equal_weight,daily_rebalance_to_target,7,2026-02-28,0.0,0.8029075120336532,0.0,CASH,1.0,0
equal_weight,daily_rebalance_to_target,7,2026-03-01,-0.02247279848971695,0.7848639333098409,0.7382223502099958,ATH,0.021845698621330994,50
equal_weight,daily_rebalance_to_target,7,2026-03-02,0.023079821639718334,0.8029784529020799,0.6545355267839086,VIRTUAL,0.02189702301673535,50
equal_weight,daily_rebalance_to_target,7,2026-03-03,-0.009887992689939895,0.7950386078296049,0.5998221285333232,AKT,0.022696331270046194,50
equal_weight,daily_rebalance_to_target,7,2026-03-04,0.023033844550973015,0.8133514035343741,0.634549185269059,ARDR,0.02203219635375371,50
equal_weight,daily_rebalance_to_target,7,2026-03-05,-0.005815039679894718,0.8086217328491236,0.5473572913601173,ATH,0.02099535827704436,50
equal_weight,daily_rebalance_to_target,7,2026-03-06,-0.02076660759460991,0.7918294026305724,0.44525289629309617,AKT,0.021197165325996806,50
equal_weight,daily_rebalance_to_target,7,2026-03-07,-0.0164517640797186,0.7788024121071098,0.29851752342440996,AKT,0.022364089960291194,50
equal_weight,daily_rebalance_to_target,7,2026-03-08,0.0,0.7788024121071098,0.0,CASH,1.0,0
equal_weight,daily_rebalance_to_target,7,2026-03-09,0.0,0.7788024121071098,0.0,CASH,1.0,0
equal_weight,daily_rebalance_to_target,7,2026-03-10,0.0,0.7788024121071098,0.0,CASH,1.0,0
equal_weight,daily_rebalance_to_target,7,2026-03-11,0.0,0.7788024121071098,0.0,CASH,1.0,0
equal_weight,daily_rebalance_to_target,7,2026-03-12,0.0,0.7788024121071098,0.0,CASH,1.0,0
equal_weight,daily_rebalance_to_target,7,2026-03-13,0.0,0.7788024121071098,0.0,CASH,1.0,0
equal_weight,daily_rebalance_to_target,7,2026-03-14,0.0,0.7788024121071098,0.0,CASH,1.0,0
equal_weight,daily_rebalance_to_target,7,2026-03-15,0.0,0.7788024121071098,0.0,CASH,1.0,0
equal_weight,daily_rebalance_to_target,7,2026-03-16,0.0,0.7788024121071098,0.0,CASH,1.0,0
equal_weight,daily_rebalance_to_target,7,2026-03-17,0.0,0.7788024121071098,0.0,CASH,1.0,0
equal_weight,daily_rebalance_to_target,7,2026-03-18,0.0,0.7788024121071098,0.0,CASH,1.0,0
equal_weight,daily_rebalance_to_target,7,2026-03-19,0.0,0.7788024121071098,0.0,CASH,1.0,0
equal_weight,daily_rebalance_to_target,7,2026-03-20,0.0,0.7788024121071098,0.0,CASH,1.0,0
equal_weight,daily_rebalance_to_target,7,2026-03-21,0.0,0.7788024121071098,0.0,CASH,1.0,0
equal_weight,daily_rebalance_to_target,7,2026-03-22,0.0,0.7788024121071098,0.0,CASH,1.0,0
equal_weight,daily_rebalance_to_target,7,2026-03-23,0.0,0.7788024121071098,0.0,CASH,1.0,0
equal_weight,daily_rebalance_to_target,7,2026-03-24,0.0,0.7788024121071098,0.0,CASH,1.0,0
equal_weight,daily_rebalance_to_target,7,2026-03-25,0.0,0.7788024121071098,0.0,CASH,1.0,0
equal_weight,daily_rebalance_to_target,7,2026-03-26,0.0,0.7788024121071098,0.0,CASH,1.0,0
equal_weight,daily_rebalance_to_target,7,2026-03-27,0.0,0.7788024121071098,0.0,CASH,1.0,0
equal_weight,daily_rebalance_to_target,7,2026-03-28,0.0,0.7788024121071098,0.0,CASH,1.0,0
equal_weight,daily_rebalance_to_target,7,2026-03-29,0.0,0.7788024121071098,0.0,CASH,1.0,0
equal_weight,daily_rebalance_to_target,7,2026-03-30,0.0,0.7788024121071098,0.0,CASH,1.0,0
minimum_variance,enter_once_then_drift,14,2025-03-01,0.006964304334941218,1.0069643043349412,0.40660209932131935,BTC,0.2558795426424322,8
minimum_variance,enter_once_then_drift,14,2025-03-02,0.0871156078433335,1.0946866117836191,0.6862479014575632,BTC,0.2620749935709441,8
minimum_variance,enter_once_then_drift,14,2025-03-03,-0.09675255902204816,0.9887728807663786,0.8044948683345865,BTC,0.26366429133212366,8
minimum_variance,enter_once_then_drift,14,2025-03-04,-0.012118110404173876,0.9767908218325986,0.9112684589514396,BTC,0.2678916421326102,8
minimum_variance,enter_once_then_drift,14,2025-03-05,0.016736505929024093,0.9931388872136161,0.5083784606934486,BTC,0.27353599738170825,8
minimum_variance,enter_once_then_drift,14,2025-03-06,-0.012507234673078238,0.9807174660882756,0.5110702673600804,BTC,0.2739882526402019,8
minimum_variance,enter_once_then_drift,14,2025-03-07,-0.01736454076217875,0.963687757672205,0.78042026845926,BTC,0.26968356484813394,8
minimum_variance,enter_once_then_drift,14,2025-03-08,0.005162704910475213,0.9686629931909042,0.30936453155626614,BTC,0.2665859202912006,8
minimum_variance,enter_once_then_drift,14,2025-03-09,-0.05128382832461065,0.9189862465436984,0.48887884650249214,MASK,0.27170561281571654,8
minimum_variance,enter_once_then_drift,14,2025-03-10,-0.03824748554883939,0.8838373333594362,0.7496315205953374,MASK,0.2819045135720616,8
minimum_variance,enter_once_then_drift,14,2025-03-11,0.022140301767039183,0.9034057586329893,0.7180194175036482,MASK,0.27444214995725474,8
minimum_variance,enter_once_then_drift,14,2025-03-12,-0.0008196644740322556,0.9026652690270017,0.5302726459388429,BTC,0.27596309510237244,8
minimum_variance,enter_once_then_drift,14,2025-03-13,-0.017332915642908397,0.8870194480651735,0.36681191971830485,MASK,0.27744030521317664,8
minimum_variance,enter_once_then_drift,14,2025-03-14,0.01937693506834348,0.9042071663146903,0.29089336113852626,BTC,0.2754081103799246,8
minimum_variance,enter_once_then_drift,14,2025-03-15,0.0,0.9042071663146903,0.0,CASH,1.0,0
minimum_variance,enter_once_then_drift,14,2025-03-16,0.0,0.9042071663146903,0.0,CASH,1.0,0
minimum_variance,enter_once_then_drift,14,2025-03-17,0.0,0.9042071663146903,0.0,CASH,1.0,0
minimum_variance,enter_once_then_drift,14,2025-03-18,0.0,0.9042071663146903,0.0,CASH,1.0,0
minimum_variance,enter_once_then_drift,14,2025-03-19,0.0,0.9042071663146903,0.0,CASH,1.0,0
minimum_variance,enter_once_then_drift,14,2025-03-20,0.0,0.9042071663146903,0.0,CASH,1.0,0
minimum_variance,enter_once_then_drift,14,2025-03-21,0.0,0.9042071663146903,0.0,CASH,1.0,0
minimum_variance,enter_once_then_drift,14,2025-03-22,0.0,0.9042071663146903,0.0,CASH,1.0,0
minimum_variance,enter_once_then_drift,14,2025-03-23,0.0,0.9042071663146903,0.0,CASH,1.0,0
minimum_variance,enter_once_then_drift,14,2025-03-24,0.0,0.9042071663146903,0.0,CASH,1.0,0
minimum_variance,enter_once_then_drift,14,2025-03-25,0.0,0.9042071663146903,0.0,CASH,1.0,0
minimum_variance,enter_once_then_drift,14,2025-03-26,0.0,0.9042071663146903,0.0,CASH,1.0,0
minimum_variance,enter_once_then_drift,14,2025-03-27,0.0,0.9042071663146903,0.0,CASH,1.0,0
minimum_variance,enter_once_then_drift,14,2025-03-28,0.0,0.9042071663146903,0.0,CASH,1.0,0
minimum_variance,enter_once_then_drift,14,2025-03-29,0.0,0.9042071663146903,0.0,CASH,1.0,0
minimum_variance,enter_once_then_drift,14,2025-03-30,0.0,0.9042071663146903,0.0,CASH,1.0,0
minimum_variance,enter_once_then_drift,14,2025-03-31,0.0,0.9042071663146903,0.0,CASH,1.0,0
minimum_variance,enter_once_then_drift,14,2025-04-01,-0.006714614504274907,0.8981357637608844,0.4205647459203813,BTC,0.25878161586903836,13
minimum_variance,enter_once_then_drift,14,2025-04-02,-0.0504000677938673,0.8528696603792391,0.6589581291228731,BTC,0.2642050573027934,13
minimum_variance,enter_once_then_drift,14,2025-04-03,-0.03194950419439713,0.8256208975876785,0.4574104006176014,BTC,0.27401836694191195,13
minimum_variance,enter_once_then_drift,14,2025-04-04,-0.005090091679804898,0.8214184115261944,0.5033692202146987,BTC,0.27559676128721994,13
minimum_variance,enter_once_then_drift,14,2025-04-05,-0.0030106545338287605,0.8189454044613627,0.2548865745380762,BTC,0.27626094337577023,13
minimum_variance,enter_once_then_drift,14,2025-04-06,-0.05171496782232954,0.7765936692213986,0.5676385027131158,BTC,0.2776128445445067,13
minimum_variance,enter_once_then_drift,14,2025-04-07,0.027115511749521426,0.7976514039837753,1.0484194564943932,BTC,0.27159753354889693,13
minimum_variance,enter_once_then_drift,14,2025-04-08,-0.01178614393215871,0.7882501697287341,0.8838548148185307,BTC,0.26682642001393175,13
minimum_variance,enter_once_then_drift,14,2025-04-09,0.10545211188993608,0.8713728148242296,0.968178501499016,BTC,0.25590772737934275,13
minimum_variance,enter_once_then_drift,14,2025-04-10,-0.01463746318452741,0.8586181273272419,0.8651888205145486,BTC,0.25204543667531476,13
minimum_variance,enter_once_then_drift,14,2025-04-11,0.0032192504328067972,0.8613822341052558,0.797474934278519,BTC,0.25901216317523335,13
minimum_variance,enter_once_then_drift,14,2025-04-12,-0.004053299673653754,0.8578907937768658,0.436850541837147,BTC,0.2645366938230545,13
minimum_variance,enter_once_then_drift,14,2025-04-13,-0.017089109298967675,0.8432302042354348,0.47960729825532145,BTC,0.2646183265783677,13
minimum_variance,enter_once_then_drift,14,2025-04-14,-0.00789337739230267,0.8365742700048161,0.5074515686703847,BTC,0.269570777000388,13
minimum_variance,enter_once_then_drift,14,2025-04-15,0.0,0.8365742700048161,0.0,CASH,1.0,0
minimum_variance,enter_once_then_drift,14,2025-04-16,0.0,0.8365742700048161,0.0,CASH,1.0,0
minimum_variance,enter_once_then_drift,14,2025-04-17,0.0,0.8365742700048161,0.0,CASH,1.0,0
minimum_variance,enter_once_then_drift,14,2025-04-18,0.0,0.8365742700048161,0.0,CASH,1.0,0
minimum_variance,enter_once_then_drift,14,2025-04-19,0.0,0.8365742700048161,0.0,CASH,1.0,0
minimum_variance,enter_once_then_drift,14,2025-04-20,0.0,0.8365742700048161,0.0,CASH,1.0,0
minimum_variance,enter_once_then_drift,14,2025-04-21,0.0,0.8365742700048161,0.0,CASH,1.0,0
minimum_variance,enter_once_then_drift,14,2025-04-22,0.0,0.8365742700048161,0.0,CASH,1.0,0
minimum_variance,enter_once_then_drift,14,2025-04-23,0.0,0.8365742700048161,0.0,CASH,1.0,0
minimum_variance,enter_once_then_drift,14,2025-04-24,0.0,0.8365742700048161,0.0,CASH,1.0,0
minimum_variance,enter_once_then_drift,14,2025-04-25,0.0,0.8365742700048161,0.0,CASH,1.0,0
minimum_variance,enter_once_then_drift,14,2025-04-26,0.0,0.8365742700048161,0.0,CASH,1.0,0
minimum_variance,enter_once_then_drift,14,2025-04-27,0.0,0.8365742700048161,0.0,CASH,1.0,0
minimum_variance,enter_once_then_drift,14,2025-04-28,0.0,0.8365742700048161,0.0,CASH,1.0,0
minimum_variance,enter_once_then_drift,14,2025-04-29,0.0,0.8365742700048161,0.0,CASH,1.0,0
minimum_variance,enter_once_then_drift,14,2025-04-30,0.0,0.8365742700048161,0.0,CASH,1.0,0
minimum_variance,enter_once_then_drift,14,2025-05-01,0.0031238007126617173,0.8391875613056516,0.2617411918424011,BTC,0.255198095131395,19
minimum_variance,enter_once_then_drift,14,2025-05-02,0.002560292115270313,0.8413361266020954,0.2761571888181157,BTC,0.2532295518390506,19
minimum_variance,enter_once_then_drift,14,2025-05-03,-0.0060621911329904465,0.8362357861955437,0.25643311456791207,BTC,0.2525781880564703,19
minimum_variance,enter_once_then_drift,14,2025-05-04,-0.015360386166024975,0.8233908815937306,0.27806232646730017,BTC,0.25313125835821,19
minimum_variance,enter_once_then_drift,14,2025-05-05,-0.012201793428302965,0.8133440361457757,0.31364506848283424,BTC,0.25484112776245077,19
minimum_variance,enter_once_then_drift,14,2025-05-06,-0.023973162680889892,0.7938456072517214,0.38161986128953734,BTC,0.2660558107003394,19
minimum_variance,enter_once_then_drift,14,2025-05-07,0.008936564339015574,0.8009398595961713,0.3039136952180626,BTC,0.2643726425547102,19
minimum_variance,enter_once_then_drift,14,2025-05-08,0.06008984583472565,0.8490682122821921,0.3555444553799338,BTC,0.26199381744255085,19
minimum_variance,enter_once_then_drift,14,2025-05-09,0.01658668983153211,0.8631514433651303,0.4219677759692781,BTC,0.25585520567583997,19
minimum_variance,enter_once_then_drift,14,2025-05-10,0.02587973518340725,0.8854895741425955,0.3312788149357421,BTC,0.25158034661531603,19
minimum_variance,enter_once_then_drift,14,2025-05-11,0.006868777985806318,0.8915718054361272,0.44493731452890706,BTC,0.2507275520987582,19
minimum_variance,enter_once_then_drift,14,2025-05-12,0.002875990979150256,0.8941359579058263,0.548437126211158,BTC,0.24902552303042555,19
minimum_variance,enter_once_then_drift,14,2025-05-13,0.009781071177997314,0.90288156535291,0.41390735213862495,BTC,0.24822167264097073,19
minimum_variance,enter_once_then_drift,14,2025-05-14,-0.012755456425746492,0.8913648988884412,0.4164249436599169,BTC,0.25131843255046615,19
minimum_variance,enter_once_then_drift,14,2025-05-15,0.0,0.8913648988884412,0.0,CASH,1.0,0
minimum_variance,enter_once_then_drift,14,2025-05-16,0.0,0.8913648988884412,0.0,CASH,1.0,0
minimum_variance,enter_once_then_drift,14,2025-05-17,0.0,0.8913648988884412,0.0,CASH,1.0,0
minimum_variance,enter_once_then_drift,14,2025-05-18,0.0,0.8913648988884412,0.0,CASH,1.0,0
minimum_variance,enter_once_then_drift,14,2025-05-19,0.0,0.8913648988884412,0.0,CASH,1.0,0
minimum_variance,enter_once_then_drift,14,2025-05-20,0.0,0.8913648988884412,0.0,CASH,1.0,0
minimum_variance,enter_once_then_drift,14,2025-05-21,0.0,0.8913648988884412,0.0,CASH,1.0,0
minimum_variance,enter_once_then_drift,14,2025-05-22,0.0,0.8913648988884412,0.0,CASH,1.0,0
minimum_variance,enter_once_then_drift,14,2025-05-23,0.0,0.8913648988884412,0.0,CASH,1.0,0
minimum_variance,enter_once_then_drift,14,2025-05-24,0.0,0.8913648988884412,0.0,CASH,1.0,0
minimum_variance,enter_once_then_drift,14,2025-05-25,0.0,0.8913648988884412,0.0,CASH,1.0,0
minimum_variance,enter_once_then_drift,14,2025-05-26,0.0,0.8913648988884412,0.0,CASH,1.0,0
minimum_variance,enter_once_then_drift,14,2025-05-27,0.0,0.8913648988884412,0.0,CASH,1.0,0
minimum_variance,enter_once_then_drift,14,2025-05-28,0.0,0.8913648988884412,0.0,CASH,1.0,0
minimum_variance,enter_once_then_drift,14,2025-05-29,0.0,0.8913648988884412,0.0,CASH,1.0,0
minimum_variance,enter_once_then_drift,14,2025-05-30,0.0,0.8913648988884412,0.0,CASH,1.0,0
minimum_variance,enter_once_then_drift,14,2025-05-31,0.0,0.8913648988884412,0.0,CASH,1.0,0
minimum_variance,enter_once_then_drift,14,2025-06-01,0.003840396607055041,0.8947880936217804,0.2862017370316805,BTC,0.2510454858759952,13
minimum_variance,enter_once_then_drift,14,2025-06-02,0.048993485134271264,0.938626880784962,1.0106680634472287,BTC,0.2376607195197194,13
minimum_variance,enter_once_then_drift,14,2025-06-03,-0.023749708965290606,0.9163347655393207,0.38664446843931444,BTC,0.24210081734835728,13
minimum_variance,enter_once_then_drift,14,2025-06-04,-0.021219175940373924,0.8968908969290605,0.2660553354373998,BTC,0.2439277237991492,13
minimum_variance,enter_once_then_drift,14,2025-06-05,-0.04477023900291366,0.8567368771140089,0.42288937485435407,BTC,0.2491159240145377,13
minimum_variance,enter_once_then_drift,14,2025-06-06,0.01076503814247265,0.8659596822742042,0.38611627181963365,BTC,0.25266841430381864,13
minimum_variance,enter_once_then_drift,14,2025-06-07,0.007617166498833372,0.8725558413553637,0.2363661702414056,BTC,0.25303054320714996,13
minimum_variance,enter_once_then_drift,14,2025-06-08,-0.006725510374978705,0.8666874579915799,0.20213121425967584,BTC,0.25326454551137445,13
minimum_variance,enter_once_then_drift,14,2025-06-09,0.03997100150889943,0.9013298236827055,0.37084505008331464,BTC,0.25155680910931894,13
minimum_variance,enter_once_then_drift,14,2025-06-10,0.0032474136457771863,0.9042568144514788,0.4852088481655983,BTC,0.2509807914179394,13
minimum_variance,enter_once_then_drift,14,2025-06-11,-0.011761240314921317,0.8936216327503097,0.2607314697190184,BTC,0.2522818757683478,13
minimum_variance,enter_once_then_drift,14,2025-06-12,-0.01936061973818104,0.8763205641288185,0.35055265177292005,BTC,0.25015556672235273,13
minimum_variance,enter_once_then_drift,14,2025-06-13,-0.014578674288116211,0.8635449720524062,0.5185684949795993,BTC,0.25682578355951907,13
minimum_variance,enter_once_then_drift,14,2025-06-14,-0.004667748317256026,0.8595141614622337,0.22616441219826836,BTC,0.2566139479988132,13
minimum_variance,enter_once_then_drift,14,2025-06-15,0.0,0.8595141614622337,0.0,CASH,1.0,0
minimum_variance,enter_once_then_drift,14,2025-06-16,0.0,0.8595141614622337,0.0,CASH,1.0,0
minimum_variance,enter_once_then_drift,14,2025-06-17,0.0,0.8595141614622337,0.0,CASH,1.0,0
minimum_variance,enter_once_then_drift,14,2025-06-18,0.0,0.8595141614622337,0.0,CASH,1.0,0
minimum_variance,enter_once_then_drift,14,2025-06-19,0.0,0.8595141614622337,0.0,CASH,1.0,0
minimum_variance,enter_once_then_drift,14,2025-06-20,0.0,0.8595141614622337,0.0,CASH,1.0,0
minimum_variance,enter_once_then_drift,14,2025-06-21,0.0,0.8595141614622337,0.0,CASH,1.0,0
minimum_variance,enter_once_then_drift,14,2025-06-22,0.0,0.8595141614622337,0.0,CASH,1.0,0
minimum_variance,enter_once_then_drift,14,2025-06-23,0.0,0.8595141614622337,0.0,CASH,1.0,0
minimum_variance,enter_once_then_drift,14,2025-06-24,0.0,0.8595141614622337,0.0,CASH,1.0,0
minimum_variance,enter_once_then_drift,14,2025-06-25,0.0,0.8595141614622337,0.0,CASH,1.0,0
minimum_variance,enter_once_then_drift,14,2025-06-26,0.0,0.8595141614622337,0.0,CASH,1.0,0
minimum_variance,enter_once_then_drift,14,2025-06-27,0.0,0.8595141614622337,0.0,CASH,1.0,0
minimum_variance,enter_once_then_drift,14,2025-06-28,0.0,0.8595141614622337,0.0,CASH,1.0,0
minimum_variance,enter_once_then_drift,14,2025-06-29,0.0,0.8595141614622337,0.0,CASH,1.0,0
minimum_variance,enter_once_then_drift,14,2025-06-30,0.0,0.8595141614622337,0.0,CASH,1.0,0
minimum_variance,enter_once_then_drift,14,2025-07-01,-0.011879485628071174,0.8493035753340195,0.25120398782417164,BTC,0.25207953490215823,14
minimum_variance,enter_once_then_drift,14,2025-07-02,0.11074971510994791,0.9433637043441223,1.246517461365384,BTC,0.2306603257436431,14
minimum_variance,enter_once_then_drift,14,2025-07-03,-0.002586795057796576,0.9409234157760202,0.811774798824579,BTC,0.23347132702355047,14
minimum_variance,enter_once_then_drift,14,2025-07-04,-0.031024846602005995,0.9117314111373337,0.3661789862781353,BTC,0.23920197170039456,14
minimum_variance,enter_once_then_drift,14,2025-07-05,-0.0062652215218790275,0.906019211878103,0.34604210554465203,BTC,0.24136967822584182,14
minimum_variance,enter_once_then_drift,14,2025-07-06,0.020991773146947335,0.9250381616406241,0.6016935053201893,BTC,0.2366638965800796,14
minimum_variance,enter_once_then_drift,14,2025-07-07,-0.00042355074761823985,0.9246463610356859,0.3503747133801442,BTC,0.23634447129735386,14
minimum_variance,enter_once_then_drift,14,2025-07-08,0.008310683288039744,0.9323308040956919,0.38754114464046924,BTC,0.2347193452984252,14
minimum_variance,enter_once_then_drift,14,2025-07-09,0.015703988956319526,0.9469721167468471,0.2870326602996143,BTC,0.23519933266228818,14
minimum_variance,enter_once_then_drift,14,2025-07-10,0.02469699753242205,0.9703594847774165,0.3263128174104635,BTC,0.23804481597674548,14
minimum_variance,enter_once_then_drift,14,2025-07-11,0.04644964185531131,1.015432335316232,0.7302351052437246,BTC,0.22989513433456796,14
minimum_variance,enter_once_then_drift,14,2025-07-12,0.04230464131083389,1.0583898360372077,0.942704623654393,BTC,0.22270710542513147,14
minimum_variance,enter_once_then_drift,14,2025-07-13,0.024627519504508255,1.0844553523675873,0.48398715624254696,BTC,0.21997759159931557,14
minimum_variance,enter_once_then_drift,14,2025-07-14,0.007239810356944432,1.0923066034593019,0.45976900336359466,BTC,0.2213440949849815,14
minimum_variance,enter_once_then_drift,14,2025-07-15,0.0,1.0923066034593019,0.0,CASH,1.0,0
minimum_variance,enter_once_then_drift,14,2025-07-16,0.0,1.0923066034593019,0.0,CASH,1.0,0
minimum_variance,enter_once_then_drift,14,2025-07-17,0.0,1.0923066034593019,0.0,CASH,1.0,0
minimum_variance,enter_once_then_drift,14,2025-07-18,0.0,1.0923066034593019,0.0,CASH,1.0,0
minimum_variance,enter_once_then_drift,14,2025-07-19,0.0,1.0923066034593019,0.0,CASH,1.0,0
minimum_variance,enter_once_then_drift,14,2025-07-20,0.0,1.0923066034593019,0.0,CASH,1.0,0
minimum_variance,enter_once_then_drift,14,2025-07-21,0.0,1.0923066034593019,0.0,CASH,1.0,0
minimum_variance,enter_once_then_drift,14,2025-07-22,0.0,1.0923066034593019,0.0,CASH,1.0,0
minimum_variance,enter_once_then_drift,14,2025-07-23,0.0,1.0923066034593019,0.0,CASH,1.0,0
minimum_variance,enter_once_then_drift,14,2025-07-24,0.0,1.0923066034593019,0.0,CASH,1.0,0
minimum_variance,enter_once_then_drift,14,2025-07-25,0.0,1.0923066034593019,0.0,CASH,1.0,0
minimum_variance,enter_once_then_drift,14,2025-07-26,0.0,1.0923066034593019,0.0,CASH,1.0,0
minimum_variance,enter_once_then_drift,14,2025-07-27,0.0,1.0923066034593019,0.0,CASH,1.0,0
minimum_variance,enter_once_then_drift,14,2025-07-28,0.0,1.0923066034593019,0.0,CASH,1.0,0
minimum_variance,enter_once_then_drift,14,2025-07-29,0.0,1.0923066034593019,0.0,CASH,1.0,0
minimum_variance,enter_once_then_drift,14,2025-07-30,0.0,1.0923066034593019,0.0,CASH,1.0,0
minimum_variance,enter_once_then_drift,14,2025-07-31,0.0,1.0923066034593019,0.0,CASH,1.0,0
minimum_variance,enter_once_then_drift,14,2025-08-01,-0.04241995265187204,1.0459710090592311,0.5016708177011674,BTC,0.25607894739354736,14
minimum_variance,enter_once_then_drift,14,2025-08-02,-0.015063390610102978,1.0302151391829284,0.32601209233395834,BTC,0.25895392980694226,14
minimum_variance,enter_once_then_drift,14,2025-08-03,0.027881086268132016,1.0589386563532233,0.27636307157846113,BTC,0.2565828000197243,14
minimum_variance,enter_once_then_drift,14,2025-08-04,0.06221263370529839,1.1248180190973072,0.3942468296576759,BTC,0.2416243410576673,14
minimum_variance,enter_once_then_drift,14,2025-08-05,0.000527002167726609,1.1254108006316694,0.5903635302534117,MNT,0.24439218452906392,14
minimum_variance,enter_once_then_drift,14,2025-08-06,-0.00936013456996998,1.1148768040912593,0.4584116241118274,BTC,0.24324677233499836,14
minimum_variance,enter_once_then_drift,14,2025-08-07,0.06375492997315257,1.1859556966647897,0.5453315849691481,MNT,0.2657021735958301,14
minimum_variance,enter_once_then_drift,14,2025-08-08,0.006266044871794163,1.1933869482760513,0.5402975781358171,MNT,0.2647775566947665,14
minimum_variance,enter_once_then_drift,14,2025-08-09,0.020036751874425773,1.2172985464488366,0.31956776311456747,MNT,0.2624388052897806,14
minimum_variance,enter_once_then_drift,14,2025-08-10,-0.008737814958201251,1.2066620170010793,0.3121527589852396,MNT,0.2541043232698383,14
minimum_variance,enter_once_then_drift,14,2025-08-11,-0.02060896733859141,1.1817939589039852,0.3867353939391288,MNT,0.24765810454528425,14
minimum_variance,enter_once_then_drift,14,2025-08-12,0.027085950591552166,1.2138039716842535,0.45116185295384714,MNT,0.251712137971359,14
minimum_variance,enter_once_then_drift,14,2025-08-13,0.03729467457469582,1.259072395805691,0.3914463817953568,MNT,0.26583870132640997,14
minimum_variance,enter_once_then_drift,14,2025-08-14,-0.015559230743880437,1.2394821978761,0.6175675181406235,MNT,0.26670215176585804,14
minimum_variance,enter_once_then_drift,14,2025-08-15,0.0,1.2394821978761,0.0,CASH,1.0,0
minimum_variance,enter_once_then_drift,14,2025-08-16,0.0,1.2394821978761,0.0,CASH,1.0,0
minimum_variance,enter_once_then_drift,14,2025-08-17,0.0,1.2394821978761,0.0,CASH,1.0,0
minimum_variance,enter_once_then_drift,14,2025-08-18,0.0,1.2394821978761,0.0,CASH,1.0,0
minimum_variance,enter_once_then_drift,14,2025-08-19,0.0,1.2394821978761,0.0,CASH,1.0,0
minimum_variance,enter_once_then_drift,14,2025-08-20,0.0,1.2394821978761,0.0,CASH,1.0,0
minimum_variance,enter_once_then_drift,14,2025-08-21,0.0,1.2394821978761,0.0,CASH,1.0,0
minimum_variance,enter_once_then_drift,14,2025-08-22,0.0,1.2394821978761,0.0,CASH,1.0,0
minimum_variance,enter_once_then_drift,14,2025-08-23,0.0,1.2394821978761,0.0,CASH,1.0,0
minimum_variance,enter_once_then_drift,14,2025-08-24,0.0,1.2394821978761,0.0,CASH,1.0,0
minimum_variance,enter_once_then_drift,14,2025-08-25,0.0,1.2394821978761,0.0,CASH,1.0,0
minimum_variance,enter_once_then_drift,14,2025-08-26,0.0,1.2394821978761,0.0,CASH,1.0,0
minimum_variance,enter_once_then_drift,14,2025-08-27,0.0,1.2394821978761,0.0,CASH,1.0,0
minimum_variance,enter_once_then_drift,14,2025-08-28,0.0,1.2394821978761,0.0,CASH,1.0,0
minimum_variance,enter_once_then_drift,14,2025-08-29,0.0,1.2394821978761,0.0,CASH,1.0,0
minimum_variance,enter_once_then_drift,14,2025-08-30,0.0,1.2394821978761,0.0,CASH,1.0,0
minimum_variance,enter_once_then_drift,14,2025-08-31,0.0,1.2394821978761,0.0,CASH,1.0,0
minimum_variance,enter_once_then_drift,14,2025-09-01,-0.015750979366799367,1.2199591393518383,0.3402573881148379,BTC,0.2568506330065654,13
minimum_variance,enter_once_then_drift,14,2025-09-02,0.023083439060046063,1.2481199918008128,0.3250838692052586,BTC,0.2551728544663967,13
minimum_variance,enter_once_then_drift,14,2025-09-03,0.0033381797532796575,1.2522864406871057,0.22358745460496954,BTC,0.2541860449643794,13
minimum_variance,enter_once_then_drift,14,2025-09-04,-0.009507223394868314,1.240380673741129,0.2154495965409018,BTC,0.25756347477018665,13
minimum_variance,enter_once_then_drift,14,2025-09-05,0.004268609868965045,1.2456753749263338,0.24313134096470645,BTC,0.25561919173680575,13
minimum_variance,enter_once_then_drift,14,2025-09-06,-0.005844664921489384,1.2383948197589387,0.1619906988579514,BTC,0.25606338361527026,13
minimum_variance,enter_once_then_drift,14,2025-09-07,0.0040927149363017,1.2434632167348048,0.1308747165545976,BTC,0.25616318007115246,13
minimum_variance,enter_once_then_drift,14,2025-09-08,0.011526777783732234,1.2577963409163517,0.1960529787625719,BTC,0.25496269536692423,13
minimum_variance,enter_once_then_drift,14,2025-09-09,0.0013692296237746149,1.2595185529270096,0.24749976006501478,BTC,0.25352428175525554,13
minimum_variance,enter_once_then_drift,14,2025-09-10,0.013543968984843113,1.2765774331436877,0.20181972416370766,BTC,0.25540633498354415,13
minimum_variance,enter_once_then_drift,14,2025-09-11,0.009876779187627749,1.2891859065667564,0.28636592886459256,BTC,0.255960688650689,13
minimum_variance,enter_once_then_drift,14,2025-09-12,0.024887284463974035,1.3212702429504295,0.3300667377874773,BTC,0.2504885812248713,13
minimum_variance,enter_once_then_drift,14,2025-09-13,0.000896236209900092,1.3224544131852252,0.21637260320509394,BTC,0.24953711613007717,13
minimum_variance,enter_once_then_drift,14,2025-09-14,0.010514369243052268,1.3363591871925586,0.387064791515793,BTC,0.2464179020182648,13
minimum_variance,enter_once_then_drift,14,2025-09-15,0.0,1.3363591871925586,0.0,CASH,1.0,0
minimum_variance,enter_once_then_drift,14,2025-09-16,0.0,1.3363591871925586,0.0,CASH,1.0,0
minimum_variance,enter_once_then_drift,14,2025-09-17,0.0,1.3363591871925586,0.0,CASH,1.0,0
minimum_variance,enter_once_then_drift,14,2025-09-18,0.0,1.3363591871925586,0.0,CASH,1.0,0
minimum_variance,enter_once_then_drift,14,2025-09-19,0.0,1.3363591871925586,0.0,CASH,1.0,0
minimum_variance,enter_once_then_drift,14,2025-09-20,0.0,1.3363591871925586,0.0,CASH,1.0,0
minimum_variance,enter_once_then_drift,14,2025-09-21,0.0,1.3363591871925586,0.0,CASH,1.0,0
minimum_variance,enter_once_then_drift,14,2025-09-22,0.0,1.3363591871925586,0.0,CASH,1.0,0
minimum_variance,enter_once_then_drift,14,2025-09-23,0.0,1.3363591871925586,0.0,CASH,1.0,0
minimum_variance,enter_once_then_drift,14,2025-09-24,0.0,1.3363591871925586,0.0,CASH,1.0,0
minimum_variance,enter_once_then_drift,14,2025-09-25,0.0,1.3363591871925586,0.0,CASH,1.0,0
minimum_variance,enter_once_then_drift,14,2025-09-26,0.0,1.3363591871925586,0.0,CASH,1.0,0
minimum_variance,enter_once_then_drift,14,2025-09-27,0.0,1.3363591871925586,0.0,CASH,1.0,0
minimum_variance,enter_once_then_drift,14,2025-09-28,0.0,1.3363591871925586,0.0,CASH,1.0,0
minimum_variance,enter_once_then_drift,14,2025-09-29,0.0,1.3363591871925586,0.0,CASH,1.0,0
minimum_variance,enter_once_then_drift,14,2025-09-30,0.0,1.3363591871925586,0.0,CASH,1.0,0
minimum_variance,enter_once_then_drift,14,2025-10-01,0.03315024312132442,1.3806598191454074,0.2816701018864287,BTC,0.2504075062103267,13
minimum_variance,enter_once_then_drift,14,2025-10-02,0.017163136426360914,1.4043562719797948,0.28509704636100375,BTC,0.24947831288790784,13
minimum_variance,enter_once_then_drift,14,2025-10-03,0.008689664288675347,1.416559656524995,0.32663535139646616,BTC,0.2512847841982092,13
minimum_variance,enter_once_then_drift,14,2025-10-04,-0.007293064432320695,1.406228595677732,0.23090408188830794,BTC,0.25532241763483055,13
minimum_variance,enter_once_then_drift,14,2025-10-05,0.0034569292333639368,1.4110898284189228,0.27377785367006513,BTC,0.25741199772115825,13
minimum_variance,enter_once_then_drift,14,2025-10-06,0.006918777156961209,1.420852844490208,0.205429881442745,BTC,0.2566122227596819,13
minimum_variance,enter_once_then_drift,14,2025-10-07,-0.023293927519297042,1.387755601315066,0.296693946096383,BTC,0.2596688390403254,13
minimum_variance,enter_once_then_drift,14,2025-10-08,0.010620830096368161,1.4024947177719167,0.23871720285726367,BTC,0.2604700498029919,13
minimum_variance,enter_once_then_drift,14,2025-10-09,0.001841005140175378,1.4050767177564036,0.3438324404383443,BTC,0.259743157863576,13
minimum_variance,enter_once_then_drift,14,2025-10-10,-0.09919804015832412,1.2656958610828777,1.4970399583725718,BTC,0.27874490893816867,13
minimum_variance,enter_once_then_drift,14,2025-10-11,-0.006225694778658197,1.2578160249691648,0.6992567547624972,BTC,0.27794969442067696,13
minimum_variance,enter_once_then_drift,14,2025-10-12,0.04234879908895728,1.3110830231014547,0.5528399456011135,BTC,0.27203586306322686,13
minimum_variance,enter_once_then_drift,14,2025-10-13,0.013807721067181866,1.329186091780357,0.4648811748056227,BTC,0.2650366805714413,13
minimum_variance,enter_once_then_drift,14,2025-10-14,-0.012853878877003844,1.3121008947516142,0.6118124326177578,BTC,0.26597797384332234,13
minimum_variance,enter_once_then_drift,14,2025-10-15,0.0,1.3121008947516142,0.0,CASH,1.0,0
minimum_variance,enter_once_then_drift,14,2025-10-16,0.0,1.3121008947516142,0.0,CASH,1.0,0
minimum_variance,enter_once_then_drift,14,2025-10-17,0.0,1.3121008947516142,0.0,CASH,1.0,0
minimum_variance,enter_once_then_drift,14,2025-10-18,0.0,1.3121008947516142,0.0,CASH,1.0,0
minimum_variance,enter_once_then_drift,14,2025-10-19,0.0,1.3121008947516142,0.0,CASH,1.0,0
minimum_variance,enter_once_then_drift,14,2025-10-20,0.0,1.3121008947516142,0.0,CASH,1.0,0
minimum_variance,enter_once_then_drift,14,2025-10-21,0.0,1.3121008947516142,0.0,CASH,1.0,0
minimum_variance,enter_once_then_drift,14,2025-10-22,0.0,1.3121008947516142,0.0,CASH,1.0,0
minimum_variance,enter_once_then_drift,14,2025-10-23,0.0,1.3121008947516142,0.0,CASH,1.0,0
minimum_variance,enter_once_then_drift,14,2025-10-24,0.0,1.3121008947516142,0.0,CASH,1.0,0
minimum_variance,enter_once_then_drift,14,2025-10-25,0.0,1.3121008947516142,0.0,CASH,1.0,0
minimum_variance,enter_once_then_drift,14,2025-10-26,0.0,1.3121008947516142,0.0,CASH,1.0,0
minimum_variance,enter_once_then_drift,14,2025-10-27,0.0,1.3121008947516142,0.0,CASH,1.0,0
minimum_variance,enter_once_then_drift,14,2025-10-28,0.0,1.3121008947516142,0.0,CASH,1.0,0
minimum_variance,enter_once_then_drift,14,2025-10-29,0.0,1.3121008947516142,0.0,CASH,1.0,0
minimum_variance,enter_once_then_drift,14,2025-10-30,0.0,1.3121008947516142,0.0,CASH,1.0,0
minimum_variance,enter_once_then_drift,14,2025-10-31,0.0,1.3121008947516142,0.0,CASH,1.0,0
minimum_variance,enter_once_then_drift,14,2025-11-01,4.029284483353379e-05,1.3121537630293725,0.19782639897472998,BTC,0.2494848663060235,11
minimum_variance,enter_once_then_drift,14,2025-11-02,-0.004473363229227201,1.3062840226347447,0.18648529043612685,BTC,0.25061967053434486,11
minimum_variance,enter_once_then_drift,14,2025-11-03,-0.08037896037887104,1.2012862709358343,0.7808757170472671,BTC,0.2634007311555277,11
minimum_variance,enter_once_then_drift,14,2025-11-04,-0.038020149848494667,1.1556131869039146,0.8942881280433014,BTC,0.2645421611823418,11
minimum_variance,enter_once_then_drift,14,2025-11-05,0.01455647572958263,1.1724348422118671,0.733576002260782,BTC,0.2656023021457227,11
minimum_variance,enter_once_then_drift,14,2025-11-06,0.014170171717318603,1.1890484452533765,0.8643669525191974,BTC,0.2541773163630033,11
minimum_variance,enter_once_then_drift,14,2025-11-07,0.05443045653710321,1.2537688949732506,0.6084231398731635,BTC,0.24513548512928376,11
minimum_variance,enter_once_then_drift,14,2025-11-08,-0.010402339141105,1.2407267657231704,0.4273074105140386,BTC,0.2454196679173773,11
minimum_variance,enter_once_then_drift,14,2025-11-09,0.010642736499214545,1.2539314937582848,0.47282486429922965,BTC,0.24730211602945873,11
minimum_variance,enter_once_then_drift,14,2025-11-10,0.005422642734452143,1.260731116262414,0.30456650586687556,BTC,0.2485396247540412,11
minimum_variance,enter_once_then_drift,14,2025-11-11,0.01865915472647406,1.2842552932292346,0.7674410440512976,BTC,0.24011057150146062,11
minimum_variance,enter_once_then_drift,14,2025-11-12,0.006902576852043207,1.2931199640883928,0.5188496954824368,BTC,0.23664457681241347,11
minimum_variance,enter_once_then_drift,14,2025-11-13,-0.04766606221458525,1.2314820274292333,0.40931019958818604,BTC,0.24514835069120025,11
minimum_variance,enter_once_then_drift,14,2025-11-14,-0.04051743885282466,1.1815855296845168,0.6669533998419546,BTC,0.24310903820176544,11
minimum_variance,enter_once_then_drift,14,2025-11-15,0.0,1.1815855296845168,0.0,CASH,1.0,0
minimum_variance,enter_once_then_drift,14,2025-11-16,0.0,1.1815855296845168,0.0,CASH,1.0,0
minimum_variance,enter_once_then_drift,14,2025-11-17,0.0,1.1815855296845168,0.0,CASH,1.0,0
minimum_variance,enter_once_then_drift,14,2025-11-18,0.0,1.1815855296845168,0.0,CASH,1.0,0
minimum_variance,enter_once_then_drift,14,2025-11-19,0.0,1.1815855296845168,0.0,CASH,1.0,0
minimum_variance,enter_once_then_drift,14,2025-11-20,0.0,1.1815855296845168,0.0,CASH,1.0,0
minimum_variance,enter_once_then_drift,14,2025-11-21,0.0,1.1815855296845168,0.0,CASH,1.0,0
minimum_variance,enter_once_then_drift,14,2025-11-22,0.0,1.1815855296845168,0.0,CASH,1.0,0
minimum_variance,enter_once_then_drift,14,2025-11-23,0.0,1.1815855296845168,0.0,CASH,1.0,0
minimum_variance,enter_once_then_drift,14,2025-11-24,0.0,1.1815855296845168,0.0,CASH,1.0,0
minimum_variance,enter_once_then_drift,14,2025-11-25,0.0,1.1815855296845168,0.0,CASH,1.0,0
minimum_variance,enter_once_then_drift,14,2025-11-26,0.0,1.1815855296845168,0.0,CASH,1.0,0
minimum_variance,enter_once_then_drift,14,2025-11-27,0.0,1.1815855296845168,0.0,CASH,1.0,0
minimum_variance,enter_once_then_drift,14,2025-11-28,0.0,1.1815855296845168,0.0,CASH,1.0,0
minimum_variance,enter_once_then_drift,14,2025-11-29,0.0,1.1815855296845168,0.0,CASH,1.0,0
minimum_variance,enter_once_then_drift,14,2025-11-30,0.0,1.1815855296845168,0.0,CASH,1.0,0
minimum_variance,enter_once_then_drift,14,2025-12-01,-0.059727563920347504,1.1110123044329272,0.6832148534944347,BTC,0.2529113768950742,19
minimum_variance,enter_once_then_drift,14,2025-12-02,0.03882596991842302,1.154148434743838,0.40141754483163083,BTC,0.25620700585169626,19
minimum_variance,enter_once_then_drift,14,2025-12-03,0.019849308218682804,1.1770574827551787,0.3886021136306167,BTC,0.25667027795451897,19
minimum_variance,enter_once_then_drift,14,2025-12-04,-0.01992567094084019,1.1536038226753453,0.30351162690440037,BTC,0.2591186427403294,19
minimum_variance,enter_once_then_drift,14,2025-12-05,-0.02084730185772954,1.1295542955598017,0.4009641027871454,BTC,0.25746411424822907,19
minimum_variance,enter_once_then_drift,14,2025-12-06,0.002328647881239654,1.1321846297769023,0.3134869085180131,BTC,0.2566930496667224,19
minimum_variance,enter_once_then_drift,14,2025-12-07,-0.002365261078088099,1.1295067175388813,0.4151726584405899,BTC,0.2601576321337249,19
minimum_variance,enter_once_then_drift,14,2025-12-08,0.0023637482166698476,1.1321765870281804,0.2985426312248941,BTC,0.2593731410023135,19
minimum_variance,enter_once_then_drift,14,2025-12-09,0.011319285496407927,1.144992017049101,0.3316754795493215,BTC,0.26049191376828634,19
minimum_variance,enter_once_then_drift,14,2025-12-10,-0.007690080864556914,1.1361869358487213,0.3205964146611582,BTC,0.2617103803887373,19
minimum_variance,enter_once_then_drift,14,2025-12-11,-0.011398781785162404,1.1232357888998294,0.3963250484307643,BTC,0.2663759824879094,19
minimum_variance,enter_once_then_drift,14,2025-12-12,-0.014950420404281628,1.106442941642642,0.32954274930848876,BTC,0.26505176626158866,19
minimum_variance,enter_once_then_drift,14,2025-12-13,0.01585670830208019,1.1239874846211648,0.380480823742377,BTC,0.26076550421260286,19
minimum_variance,enter_once_then_drift,14,2025-12-14,-0.02613543910399707,1.0946115781631935,0.2620125367004322,BTC,0.26195498786189786,19
minimum_variance,enter_once_then_drift,14,2025-12-15,0.0,1.0946115781631935,0.0,CASH,1.0,0
minimum_variance,enter_once_then_drift,14,2025-12-16,0.0,1.0946115781631935,0.0,CASH,1.0,0
minimum_variance,enter_once_then_drift,14,2025-12-17,0.0,1.0946115781631935,0.0,CASH,1.0,0
minimum_variance,enter_once_then_drift,14,2025-12-18,0.0,1.0946115781631935,0.0,CASH,1.0,0
minimum_variance,enter_once_then_drift,14,2025-12-19,0.0,1.0946115781631935,0.0,CASH,1.0,0
minimum_variance,enter_once_then_drift,14,2025-12-20,0.0,1.0946115781631935,0.0,CASH,1.0,0
minimum_variance,enter_once_then_drift,14,2025-12-21,0.0,1.0946115781631935,0.0,CASH,1.0,0
minimum_variance,enter_once_then_drift,14,2025-12-22,0.0,1.0946115781631935,0.0,CASH,1.0,0
minimum_variance,enter_once_then_drift,14,2025-12-23,0.0,1.0946115781631935,0.0,CASH,1.0,0
minimum_variance,enter_once_then_drift,14,2025-12-24,0.0,1.0946115781631935,0.0,CASH,1.0,0
minimum_variance,enter_once_then_drift,14,2025-12-25,0.0,1.0946115781631935,0.0,CASH,1.0,0
minimum_variance,enter_once_then_drift,14,2025-12-26,0.0,1.0946115781631935,0.0,CASH,1.0,0
minimum_variance,enter_once_then_drift,14,2025-12-27,0.0,1.0946115781631935,0.0,CASH,1.0,0
minimum_variance,enter_once_then_drift,14,2025-12-28,0.0,1.0946115781631935,0.0,CASH,1.0,0
minimum_variance,enter_once_then_drift,14,2025-12-29,0.0,1.0946115781631935,0.0,CASH,1.0,0
minimum_variance,enter_once_then_drift,14,2025-12-30,0.0,1.0946115781631935,0.0,CASH,1.0,0
minimum_variance,enter_once_then_drift,14,2025-12-31,0.0,1.0946115781631935,0.0,CASH,1.0,0
minimum_variance,enter_once_then_drift,14,2026-01-01,0.015310808650075503,1.1113709665826075,0.29442094924733353,BTC,0.24772243899681645,20
minimum_variance,enter_once_then_drift,14,2026-01-02,0.02126665618759782,1.135006110825798,0.3182845263316287,BTC,0.24510431528770174,20
minimum_variance,enter_once_then_drift,14,2026-01-03,0.004487663673236941,1.140099636518253,0.22219687595716325,BTC,0.2457434359494512,20
minimum_variance,enter_once_then_drift,14,2026-01-04,0.012199921742727549,1.1540087628626878,0.19606239970731482,BTC,0.24538751368045192,20
minimum_variance,enter_once_then_drift,14,2026-01-05,0.03169161230061768,1.1905811611668475,0.26032019180372223,BTC,0.24447780355133955,20
minimum_variance,enter_once_then_drift,14,2026-01-06,0.0068488371768054,1.198735257685451,0.3699628461635081,BTC,0.24274169918879854,20
minimum_variance,enter_once_then_drift,14,2026-01-07,0.0031030605495856456,1.2024550057729722,0.700555195058714,BTC,0.23634176391599102,20
minimum_variance,enter_once_then_drift,14,2026-01-08,-0.002436846803796855,1.1995248071354447,0.5205304093545807,BTC,0.23734675127037458,20
minimum_variance,enter_once_then_drift,14,2026-01-09,-0.0011235833195019085,1.1981770410708186,0.4090946916280768,BTC,0.23823809049589195,20
minimum_variance,enter_once_then_drift,14,2026-01-10,0.004145919279388677,1.203144586365515,0.3272441413707244,BTC,0.23722069877697316,20
minimum_variance,enter_once_then_drift,14,2026-01-11,-0.015330450065548673,1.1846998383626033,0.2061151328473599,BTC,0.24138130185261905,20
minimum_variance,enter_once_then_drift,14,2026-01-12,-0.0032992179901911722,1.1807912553429007,0.3269149618056429,BTC,0.24364834118473447,20
minimum_variance,enter_once_then_drift,14,2026-01-13,0.03385168149825679,1.2207630248346955,0.30325389873538844,BTC,0.24511650814036046,20
minimum_variance,enter_once_then_drift,14,2026-01-14,0.0017649731406259583,1.222917638784598,0.2673267500648057,BTC,0.2482396662451101,20
minimum_variance,enter_once_then_drift,14,2026-01-15,0.0,1.222917638784598,0.0,CASH,1.0,0
minimum_variance,enter_once_then_drift,14,2026-01-16,0.0,1.222917638784598,0.0,CASH,1.0,0
minimum_variance,enter_once_then_drift,14,2026-01-17,0.0,1.222917638784598,0.0,CASH,1.0,0
minimum_variance,enter_once_then_drift,14,2026-01-18,0.0,1.222917638784598,0.0,CASH,1.0,0
minimum_variance,enter_once_then_drift,14,2026-01-19,0.0,1.222917638784598,0.0,CASH,1.0,0
minimum_variance,enter_once_then_drift,14,2026-01-20,0.0,1.222917638784598,0.0,CASH,1.0,0
minimum_variance,enter_once_then_drift,14,2026-01-21,0.0,1.222917638784598,0.0,CASH,1.0,0
minimum_variance,enter_once_then_drift,14,2026-01-22,0.0,1.222917638784598,0.0,CASH,1.0,0
minimum_variance,enter_once_then_drift,14,2026-01-23,0.0,1.222917638784598,0.0,CASH,1.0,0
minimum_variance,enter_once_then_drift,14,2026-01-24,0.0,1.222917638784598,0.0,CASH,1.0,0
minimum_variance,enter_once_then_drift,14,2026-01-25,0.0,1.222917638784598,0.0,CASH,1.0,0
minimum_variance,enter_once_then_drift,14,2026-01-26,0.0,1.222917638784598,0.0,CASH,1.0,0
minimum_variance,enter_once_then_drift,14,2026-01-27,0.0,1.222917638784598,0.0,CASH,1.0,0
minimum_variance,enter_once_then_drift,14,2026-01-28,0.0,1.222917638784598,0.0,CASH,1.0,0
minimum_variance,enter_once_then_drift,14,2026-01-29,0.0,1.222917638784598,0.0,CASH,1.0,0
minimum_variance,enter_once_then_drift,14,2026-01-30,0.0,1.222917638784598,0.0,CASH,1.0,0
minimum_variance,enter_once_then_drift,14,2026-01-31,0.0,1.222917638784598,0.0,CASH,1.0,0
minimum_variance,enter_once_then_drift,14,2026-02-01,-0.016246200320120363,1.2030498738498947,1.4915784662816838,BTC,0.2451747579418817,11
minimum_variance,enter_once_then_drift,14,2026-02-02,0.02441106116179781,1.2324175979011376,0.801313723686591,BTC,0.24663232197465162,11
minimum_variance,enter_once_then_drift,14,2026-02-03,-0.02264852943651996,1.2045051516569885,0.6982908296523737,BTC,0.24149684073472422,11
minimum_variance,enter_once_then_drift,14,2026-02-04,-0.010644165571540354,1.1916841993909781,0.6849037373974637,BTC,0.2354702096539546,11
minimum_variance,enter_once_then_drift,14,2026-02-05,-0.13796726008512283,1.0272707955142717,1.3082333583367434,BTC,0.23559563087848817,11
minimum_variance,enter_once_then_drift,14,2026-02-06,0.1319227584024143,1.162791192484757,1.545176156075485,BTC,0.2338546303382889,11
minimum_variance,enter_once_then_drift,14,2026-02-07,-0.00923343134075394,1.1520546398453155,0.8650710378294955,BTC,0.23125062789903786,11
minimum_variance,enter_once_then_drift,14,2026-02-08,0.014452040875307492,1.1687041805909477,0.671524077922838,BTC,0.23265588772293558,11
minimum_variance,enter_once_then_drift,14,2026-02-09,-0.002872648533865374,1.1653469042400508,0.5665527719217496,BTC,0.23104203007736943,11
minimum_variance,enter_once_then_drift,14,2026-02-10,-0.015578756110698477,1.1471922490345376,0.5027764738604029,BTC,0.2314377264571475,11
minimum_variance,enter_once_then_drift,14,2026-02-11,-0.01622034557438934,1.1285843943149365,0.64187675305925,BTC,0.2283945527191088,11
minimum_variance,enter_once_then_drift,14,2026-02-12,0.007413915564348228,1.1369516237216286,0.49614732661463956,BTC,0.2222028537156859,11
minimum_variance,enter_once_then_drift,14,2026-02-13,0.04283357782947439,1.1856513295846562,0.47264518156116087,BTC,0.22097960487024704,11
minimum_variance,enter_once_then_drift,14,2026-02-14,0.030495209001305534,1.2218080146830161,0.6445735526345576,BTC,0.2187930906804528,11
minimum_variance,enter_once_then_drift,14,2026-02-15,0.0,1.2218080146830161,0.0,CASH,1.0,0
minimum_variance,enter_once_then_drift,14,2026-02-16,0.0,1.2218080146830161,0.0,CASH,1.0,0
minimum_variance,enter_once_then_drift,14,2026-02-17,0.0,1.2218080146830161,0.0,CASH,1.0,0
minimum_variance,enter_once_then_drift,14,2026-02-18,0.0,1.2218080146830161,0.0,CASH,1.0,0
minimum_variance,enter_once_then_drift,14,2026-02-19,0.0,1.2218080146830161,0.0,CASH,1.0,0
minimum_variance,enter_once_then_drift,14,2026-02-20,0.0,1.2218080146830161,0.0,CASH,1.0,0
minimum_variance,enter_once_then_drift,14,2026-02-21,0.0,1.2218080146830161,0.0,CASH,1.0,0
minimum_variance,enter_once_then_drift,14,2026-02-22,0.0,1.2218080146830161,0.0,CASH,1.0,0
minimum_variance,enter_once_then_drift,14,2026-02-23,0.0,1.2218080146830161,0.0,CASH,1.0,0
minimum_variance,enter_once_then_drift,14,2026-02-24,0.0,1.2218080146830161,0.0,CASH,1.0,0
minimum_variance,enter_once_then_drift,14,2026-02-25,0.0,1.2218080146830161,0.0,CASH,1.0,0
minimum_variance,enter_once_then_drift,14,2026-02-26,0.0,1.2218080146830161,0.0,CASH,1.0,0
minimum_variance,enter_once_then_drift,14,2026-02-27,0.0,1.2218080146830161,0.0,CASH,1.0,0
minimum_variance,enter_once_then_drift,14,2026-02-28,0.0,1.2218080146830161,0.0,CASH,1.0,0
minimum_variance,enter_once_then_drift,14,2026-03-01,-0.012989303514024941,1.2059375795444303,0.45199934533081376,BTC,0.24898163144735183,14
minimum_variance,enter_once_then_drift,14,2026-03-02,0.026744912122895315,1.238190274135043,0.43567664482916635,BTC,0.25438028683908004,14
minimum_variance,enter_once_then_drift,14,2026-03-03,-0.0006628991991145528,1.2373694787939675,0.4448698013892841,BTC,0.2533919057651219,14
minimum_variance,enter_once_then_drift,14,2026-03-04,0.01990892014140422,1.2620041689326875,0.5083997726385154,BTC,0.2611707342287675,14
minimum_variance,enter_once_then_drift,14,2026-03-05,0.0008825723914969164,1.2631179789701414,0.4153148754630388,BTC,0.25708691599949174,14
minimum_variance,enter_once_then_drift,14,2026-03-06,-0.01826082651955452,1.2400524006824374,0.36119608171583223,BTC,0.25415459828953507,14
minimum_variance,enter_once_then_drift,14,2026-03-07,-0.0052684578812273175,1.2335192368389272,0.2990511589753713,BTC,0.2518892413847039,14
minimum_variance,enter_once_then_drift,14,2026-03-08,-0.022997414583712406,1.2051514835523578,0.32903527203984373,BTC,0.2538132505059415,14
minimum_variance,enter_once_then_drift,14,2026-03-09,0.014168530798197798,1.2222267094635633,0.3440520150388464,BTC,0.2569405458407008,14
minimum_variance,enter_once_then_drift,14,2026-03-10,0.01729835673212543,1.2433692230913957,0.33843176123128266,BTC,0.2573787677816621,14
minimum_variance,enter_once_then_drift,14,2026-03-11,0.0009627855748617353,1.244566321043615,0.2788911298887798,BTC,0.2582766120910324,14
minimum_variance,enter_once_then_drift,14,2026-03-12,0.006559597891605318,1.2527301756590958,0.22618481671252508,BTC,0.25753176527828137,14
minimum_variance,enter_once_then_drift,14,2026-03-13,0.009620976477439536,1.2647826632116907,0.33551370069896364,BTC,0.25800416986407343,14
minimum_variance,enter_once_then_drift,14,2026-03-14,0.023980589546445996,1.2951128971236312,0.36647856180543853,BTC,0.2538857892715344,14
minimum_variance,enter_once_then_drift,14,2026-03-15,0.0,1.2951128971236312,0.0,CASH,1.0,0
minimum_variance,enter_once_then_drift,14,2026-03-16,0.0,1.2951128971236312,0.0,CASH,1.0,0
minimum_variance,enter_once_then_drift,14,2026-03-17,0.0,1.2951128971236312,0.0,CASH,1.0,0
minimum_variance,enter_once_then_drift,14,2026-03-18,0.0,1.2951128971236312,0.0,CASH,1.0,0
minimum_variance,enter_once_then_drift,14,2026-03-19,0.0,1.2951128971236312,0.0,CASH,1.0,0
minimum_variance,enter_once_then_drift,14,2026-03-20,0.0,1.2951128971236312,0.0,CASH,1.0,0
minimum_variance,enter_once_then_drift,14,2026-03-21,0.0,1.2951128971236312,0.0,CASH,1.0,0
minimum_variance,enter_once_then_drift,14,2026-03-22,0.0,1.2951128971236312,0.0,CASH,1.0,0
minimum_variance,enter_once_then_drift,14,2026-03-23,0.0,1.2951128971236312,0.0,CASH,1.0,0
minimum_variance,enter_once_then_drift,14,2026-03-24,0.0,1.2951128971236312,0.0,CASH,1.0,0
minimum_variance,enter_once_then_drift,14,2026-03-25,0.0,1.2951128971236312,0.0,CASH,1.0,0
minimum_variance,enter_once_then_drift,14,2026-03-26,0.0,1.2951128971236312,0.0,CASH,1.0,0
minimum_variance,enter_once_then_drift,14,2026-03-27,0.0,1.2951128971236312,0.0,CASH,1.0,0
minimum_variance,enter_once_then_drift,14,2026-03-28,0.0,1.2951128971236312,0.0,CASH,1.0,0
minimum_variance,enter_once_then_drift,14,2026-03-29,0.0,1.2951128971236312,0.0,CASH,1.0,0
minimum_variance,enter_once_then_drift,14,2026-03-30,0.0,1.2951128971236312,0.0,CASH,1.0,0
equal_weight,enter_once_then_drift,14,2025-03-01,0.00826845591958758,1.0082684559195876,0.5509273815658186,CBK,0.023939984329340008,50
equal_weight,enter_once_then_drift,14,2025-03-02,0.12483876985146414,1.1341394496366242,1.070201819662147,ADA,0.03421284662116755,50
equal_weight,enter_once_then_drift,14,2025-03-03,-0.15637685567493576,0.9567862886055467,1.0701891115662239,ADA,0.02872807788257789,50
equal_weight,enter_once_then_drift,14,2025-03-04,-0.01680060528752514,0.9407116998261688,1.4228144004979495,ADA,0.03185664050318531,50
equal_weight,enter_once_then_drift,14,2025-03-05,0.026099967453228734,0.9652642445745032,0.7132296751570049,ADA,0.03219865863512191,50
equal_weight,enter_once_then_drift,14,2025-03-06,-0.018716882884531105,0.9471975067561769,0.7438247547373948,ADA,0.030464200726290438,50
equal_weight,enter_once_then_drift,14,2025-03-07,-0.020137116608882843,0.9281236801109847,1.1199264663223751,ADA,0.028001984401180714,50
equal_weight,enter_once_then_drift,14,2025-03-08,-0.01026138813223998,0.9185998427946429,0.530198124670412,ADA,0.027919729166841288,50
equal_weight,enter_once_then_drift,14,2025-03-09,-0.08058261586388527,0.8445766645300968,0.7628302317276366,AUCTION,0.028372028197710817,50
equal_weight,enter_once_then_drift,14,2025-03-10,-0.04019577627386128,0.810628249876521,1.2806497878324326,AUCTION,0.03458755238679915,50
equal_weight,enter_once_then_drift,14,2025-03-11,0.04651206148009601,0.8483322408722804,1.141912826951049,AUCTION,0.04256933714948536,50
equal_weight,enter_once_then_drift,14,2025-03-12,0.01767957420373545,0.8633303936742031,0.8129367415721994,AUCTION,0.040663322651639494,50
equal_weight,enter_once_then_drift,14,2025-03-13,-0.016931517547458697,0.8487128999644539,0.6300050064730252,AUCTION,0.0420844870630802,50
equal_weight,enter_once_then_drift,14,2025-03-14,0.030077830633983504,0.8742403428264618,0.4264379543294822,AUCTION,0.043708535094984895,50
equal_weight,enter_once_then_drift,14,2025-03-15,0.0,0.8742403428264618,0.0,CASH,1.0,0
equal_weight,enter_once_then_drift,14,2025-03-16,0.0,0.8742403428264618,0.0,CASH,1.0,0
equal_weight,enter_once_then_drift,14,2025-03-17,0.0,0.8742403428264618,0.0,CASH,1.0,0
equal_weight,enter_once_then_drift,14,2025-03-18,0.0,0.8742403428264618,0.0,CASH,1.0,0
equal_weight,enter_once_then_drift,14,2025-03-19,0.0,0.8742403428264618,0.0,CASH,1.0,0
equal_weight,enter_once_then_drift,14,2025-03-20,0.0,0.8742403428264618,0.0,CASH,1.0,0
equal_weight,enter_once_then_drift,14,2025-03-21,0.0,0.8742403428264618,0.0,CASH,1.0,0
equal_weight,enter_once_then_drift,14,2025-03-22,0.0,0.8742403428264618,0.0,CASH,1.0,0
equal_weight,enter_once_then_drift,14,2025-03-23,0.0,0.8742403428264618,0.0,CASH,1.0,0
equal_weight,enter_once_then_drift,14,2025-03-24,0.0,0.8742403428264618,0.0,CASH,1.0,0
equal_weight,enter_once_then_drift,14,2025-03-25,0.0,0.8742403428264618,0.0,CASH,1.0,0
equal_weight,enter_once_then_drift,14,2025-03-26,0.0,0.8742403428264618,0.0,CASH,1.0,0
equal_weight,enter_once_then_drift,14,2025-03-27,0.0,0.8742403428264618,0.0,CASH,1.0,0
equal_weight,enter_once_then_drift,14,2025-03-28,0.0,0.8742403428264618,0.0,CASH,1.0,0
equal_weight,enter_once_then_drift,14,2025-03-29,0.0,0.8742403428264618,0.0,CASH,1.0,0
equal_weight,enter_once_then_drift,14,2025-03-30,0.0,0.8742403428264618,0.0,CASH,1.0,0
equal_weight,enter_once_then_drift,14,2025-03-31,0.0,0.8742403428264618,0.0,CASH,1.0,0
equal_weight,enter_once_then_drift,14,2025-04-01,0.011691562650117282,0.8844615785658774,0.5877665902009898,CARV,0.02243327631615126,50
equal_weight,enter_once_then_drift,14,2025-04-02,-0.06561858679775479,0.8264244597034731,1.137122658456184,MEW,0.026062693930791823,50
equal_weight,enter_once_then_drift,14,2025-04-03,9.371916725231522e-05,0.8265019115156335,0.7094712239135725,BIGTIME,0.026717877149092163,50
equal_weight,enter_once_then_drift,14,2025-04-04,-0.0027520527236366554,0.8242273346789559,0.8131184103395471,BIGTIME,0.02784024457445407,50
equal_weight,enter_once_then_drift,14,2025-04-05,0.0017963932189781762,0.8257079710738697,0.31468202384484595,BIGTIME,0.029555438706346037,50
equal_weight,enter_once_then_drift,14,2025-04-06,-0.07312233921799138,0.7653302727180068,0.7165209452878605,AERGO,0.03627426352654911,50
equal_weight,enter_once_then_drift,14,2025-04-07,0.01573951073030533,0.7773761967576794,1.529354634150213,AERGO,0.04024537694484604,50
equal_weight,enter_once_then_drift,14,2025-04-08,-0.012867966637782224,0.7673729457927956,0.9271690748567967,AERGO,0.05249104640230048,50
equal_weight,enter_once_then_drift,14,2025-04-09,0.09934824470639514,0.8436101009924856,0.9532878132241286,AERGO,0.05221615508306368,50
equal_weight,enter_once_then_drift,14,2025-04-10,0.01992754030472832,0.8604211752814892,0.7417688201873129,AERGO,0.07736540834190017,50
equal_weight,enter_once_then_drift,14,2025-04-11,0.021521474650905148,0.8789387077944117,0.5808085124298693,AERGO,0.0766445747149594,50
equal_weight,enter_once_then_drift,14,2025-04-12,0.04097654362892289,0.9149545781014986,0.4877829851828079,AERGO,0.0780165628043027,50
equal_weight,enter_once_then_drift,14,2025-04-13,-0.02537037849592272,0.8917418341484863,0.7157721687325789,AERGO,0.09773869706354595,50
equal_weight,enter_once_then_drift,14,2025-04-14,0.027698596635564954,0.9164418315156241,0.7216299458518325,AERGO,0.1147110647312169,50
equal_weight,enter_once_then_drift,14,2025-04-15,0.0,0.9164418315156241,0.0,CASH,1.0,0
equal_weight,enter_once_then_drift,14,2025-04-16,0.0,0.9164418315156241,0.0,CASH,1.0,0
equal_weight,enter_once_then_drift,14,2025-04-17,0.0,0.9164418315156241,0.0,CASH,1.0,0
equal_weight,enter_once_then_drift,14,2025-04-18,0.0,0.9164418315156241,0.0,CASH,1.0,0
equal_weight,enter_once_then_drift,14,2025-04-19,0.0,0.9164418315156241,0.0,CASH,1.0,0
equal_weight,enter_once_then_drift,14,2025-04-20,0.0,0.9164418315156241,0.0,CASH,1.0,0
equal_weight,enter_once_then_drift,14,2025-04-21,0.0,0.9164418315156241,0.0,CASH,1.0,0
equal_weight,enter_once_then_drift,14,2025-04-22,0.0,0.9164418315156241,0.0,CASH,1.0,0
equal_weight,enter_once_then_drift,14,2025-04-23,0.0,0.9164418315156241,0.0,CASH,1.0,0
equal_weight,enter_once_then_drift,14,2025-04-24,0.0,0.9164418315156241,0.0,CASH,1.0,0
equal_weight,enter_once_then_drift,14,2025-04-25,0.0,0.9164418315156241,0.0,CASH,1.0,0
equal_weight,enter_once_then_drift,14,2025-04-26,0.0,0.9164418315156241,0.0,CASH,1.0,0
equal_weight,enter_once_then_drift,14,2025-04-27,0.0,0.9164418315156241,0.0,CASH,1.0,0
equal_weight,enter_once_then_drift,14,2025-04-28,0.0,0.9164418315156241,0.0,CASH,1.0,0
equal_weight,enter_once_then_drift,14,2025-04-29,0.0,0.9164418315156241,0.0,CASH,1.0,0
equal_weight,enter_once_then_drift,14,2025-04-30,0.0,0.9164418315156241,0.0,CASH,1.0,0
equal_weight,enter_once_then_drift,14,2025-05-01,0.007892485690993212,0.9236748355574887,0.36029589338788093,ME,0.022063433725798443,50
equal_weight,enter_once_then_drift,14,2025-05-02,-0.002687074394252531,0.9211928525582468,0.3840431270717194,VIRTUAL,0.02259168372363595,50
equal_weight,enter_once_then_drift,14,2025-05-03,-0.025992554818963343,0.8972486968392893,0.3705282717436831,AERGO,0.02384502218613729,50
equal_weight,enter_once_then_drift,14,2025-05-04,-0.02568582852577206,0.8742021206673029,0.4770306463898964,AWE,0.025561476717435378,50
equal_weight,enter_once_then_drift,14,2025-05-05,-0.001760767247851014,0.8726628542052299,0.5094411243968673,AWE,0.027629785687781357,50
equal_weight,enter_once_then_drift,14,2025-05-06,-0.033423291222713924,0.8434955894898838,0.6672702911505922,AWE,0.02449618873331671,50
equal_weight,enter_once_then_drift,14,2025-05-07,0.01688432716502719,0.8577374449850884,0.5218346690195633,AWE,0.028961598534969747,50
equal_weight,enter_once_then_drift,14,2025-05-08,0.10308290896219541,0.9461555159399524,0.5192303517026149,AWE,0.02560418817432126,50
equal_weight,enter_once_then_drift,14,2025-05-09,0.03707891015354292,0.981237931306769,0.7297458227369376,AWE,0.025502415575614553,50
equal_weight,enter_once_then_drift,14,2025-05-10,0.04422876472659287,1.0246368729113446,0.6390597501062529,PEPE,0.026135615367040343,50
equal_weight,enter_once_then_drift,14,2025-05-11,-0.0147233826830655,1.0095507521202913,0.7566451603953996,PEPE,0.027077620559777568,50
equal_weight,enter_once_then_drift,14,2025-05-12,0.019605605927928815,1.0293436063306058,1.014977619332004,PEPE,0.026667898252823126,50
equal_weight,enter_once_then_drift,14,2025-05-13,0.018915429951242624,1.048814083211912,0.6566681082541095,PEPE,0.027533869454464555,50
equal_weight,enter_once_then_drift,14,2025-05-14,-0.023106657464479263,1.0245794954472125,0.6433477961613617,ATH,0.027664888707779004,50
equal_weight,enter_once_then_drift,14,2025-05-15,0.0,1.0245794954472125,0.0,CASH,1.0,0
equal_weight,enter_once_then_drift,14,2025-05-16,0.0,1.0245794954472125,0.0,CASH,1.0,0
equal_weight,enter_once_then_drift,14,2025-05-17,0.0,1.0245794954472125,0.0,CASH,1.0,0
equal_weight,enter_once_then_drift,14,2025-05-18,0.0,1.0245794954472125,0.0,CASH,1.0,0
equal_weight,enter_once_then_drift,14,2025-05-19,0.0,1.0245794954472125,0.0,CASH,1.0,0
equal_weight,enter_once_then_drift,14,2025-05-20,0.0,1.0245794954472125,0.0,CASH,1.0,0
equal_weight,enter_once_then_drift,14,2025-05-21,0.0,1.0245794954472125,0.0,CASH,1.0,0
equal_weight,enter_once_then_drift,14,2025-05-22,0.0,1.0245794954472125,0.0,CASH,1.0,0
equal_weight,enter_once_then_drift,14,2025-05-23,0.0,1.0245794954472125,0.0,CASH,1.0,0
equal_weight,enter_once_then_drift,14,2025-05-24,0.0,1.0245794954472125,0.0,CASH,1.0,0
equal_weight,enter_once_then_drift,14,2025-05-25,0.0,1.0245794954472125,0.0,CASH,1.0,0
equal_weight,enter_once_then_drift,14,2025-05-26,0.0,1.0245794954472125,0.0,CASH,1.0,0
equal_weight,enter_once_then_drift,14,2025-05-27,0.0,1.0245794954472125,0.0,CASH,1.0,0
equal_weight,enter_once_then_drift,14,2025-05-28,0.0,1.0245794954472125,0.0,CASH,1.0,0
equal_weight,enter_once_then_drift,14,2025-05-29,0.0,1.0245794954472125,0.0,CASH,1.0,0
equal_weight,enter_once_then_drift,14,2025-05-30,0.0,1.0245794954472125,0.0,CASH,1.0,0
equal_weight,enter_once_then_drift,14,2025-05-31,0.0,1.0245794954472125,0.0,CASH,1.0,0
equal_weight,enter_once_then_drift,14,2025-06-01,0.020629809852292347,1.0457163756168462,0.4982253529327018,MASK,0.02567022222344092,50
equal_weight,enter_once_then_drift,14,2025-06-02,0.008755825579417564,1.054872485807288,0.4767027110364765,MASK,0.024687187805040697,50
equal_weight,enter_once_then_drift,14,2025-06-03,0.005005750730182612,1.0601529145233675,0.45931435136603754,MASK,0.027012685485530808,50
equal_weight,enter_once_then_drift,14,2025-06-04,-0.027727108676117718,1.0307579394490751,0.45685477604671115,ANIME,0.028581078523153027,50
equal_weight,enter_once_then_drift,14,2025-06-05,-0.05854859090652609,0.9704085145286174,0.7230955927346684,ANIME,0.02983077700054096,50
equal_weight,enter_once_then_drift,14,2025-06-06,0.003760872100568635,0.9740580968370625,0.47701864831783286,ANIME,0.02535252558911643,50
equal_weight,enter_once_then_drift,14,2025-06-07,0.022917649595667555,0.996381218986197,0.31759582018793486,ANIME,0.029147200308746585,50
equal_weight,enter_once_then_drift,14,2025-06-08,-0.0068865651845793074,0.989519574772958,0.31470119893831905,ANIME,0.03130593737438949,50
equal_weight,enter_once_then_drift,14,2025-06-09,0.04360939729503355,1.0326719270404445,0.37429577863054636,ANIME,0.03625736528149265,50
equal_weight,enter_once_then_drift,14,2025-06-10,0.014897678825707583,1.0480563417418176,0.528765087663613,ANIME,0.02616069729066321,50
equal_weight,enter_once_then_drift,14,2025-06-11,-0.026441686497960304,1.0203439645212813,0.481579327247673,ANIME,0.025775557476851722,50
equal_weight,enter_once_then_drift,14,2025-06-12,-0.05631572844459487,0.9628825508952195,0.5237620923827969,ANIME,0.023947368727856466,50
equal_weight,enter_once_then_drift,14,2025-06-13,-0.013889499962388752,0.9495085937407756,0.7574566994545064,MOVE,0.022767519757525313,50
equal_weight,enter_once_then_drift,14,2025-06-14,-0.011699755740161799,0.938399575120824,0.3607060399543672,ANIME,0.022974835477499567,50
equal_weight,enter_once_then_drift,14,2025-06-15,0.0,0.938399575120824,0.0,CASH,1.0,0
equal_weight,enter_once_then_drift,14,2025-06-16,0.0,0.938399575120824,0.0,CASH,1.0,0
equal_weight,enter_once_then_drift,14,2025-06-17,0.0,0.938399575120824,0.0,CASH,1.0,0
equal_weight,enter_once_then_drift,14,2025-06-18,0.0,0.938399575120824,0.0,CASH,1.0,0
equal_weight,enter_once_then_drift,14,2025-06-19,0.0,0.938399575120824,0.0,CASH,1.0,0
equal_weight,enter_once_then_drift,14,2025-06-20,0.0,0.938399575120824,0.0,CASH,1.0,0
equal_weight,enter_once_then_drift,14,2025-06-21,0.0,0.938399575120824,0.0,CASH,1.0,0
equal_weight,enter_once_then_drift,14,2025-06-22,0.0,0.938399575120824,0.0,CASH,1.0,0
equal_weight,enter_once_then_drift,14,2025-06-23,0.0,0.938399575120824,0.0,CASH,1.0,0
equal_weight,enter_once_then_drift,14,2025-06-24,0.0,0.938399575120824,0.0,CASH,1.0,0
equal_weight,enter_once_then_drift,14,2025-06-25,0.0,0.938399575120824,0.0,CASH,1.0,0
equal_weight,enter_once_then_drift,14,2025-06-26,0.0,0.938399575120824,0.0,CASH,1.0,0
equal_weight,enter_once_then_drift,14,2025-06-27,0.0,0.938399575120824,0.0,CASH,1.0,0
equal_weight,enter_once_then_drift,14,2025-06-28,0.0,0.938399575120824,0.0,CASH,1.0,0
equal_weight,enter_once_then_drift,14,2025-06-29,0.0,0.938399575120824,0.0,CASH,1.0,0
equal_weight,enter_once_then_drift,14,2025-06-30,0.0,0.938399575120824,0.0,CASH,1.0,0
equal_weight,enter_once_then_drift,14,2025-07-01,-0.02884483377743341,0.9113315953596497,0.37156678617617517,TOKAMAK,0.02145734827854547,50
equal_weight,enter_once_then_drift,14,2025-07-02,0.07242619153363927,0.9773358720358247,0.4948766183250448,CBK,0.03153552753747973,50
equal_weight,enter_once_then_drift,14,2025-07-03,0.0049644528540799815,0.9821878098951478,0.44016345262964146,CBK,0.030470409840144503,50
equal_weight,enter_once_then_drift,14,2025-07-04,-0.022418133680195962,0.9601689922738594,0.39368127538595193,CBK,0.026833544610280823,50
equal_weight,enter_once_then_drift,14,2025-07-05,0.0058354507910993725,0.965772011179413,0.2848858703146962,CBK,0.025612006493507457,50
equal_weight,enter_once_then_drift,14,2025-07-06,0.010886234568566744,0.9762856318328687,0.3209851735578763,BONK,0.029205126348505746,50
equal_weight,enter_once_then_drift,14,2025-07-07,-0.00454435932971875,0.9718490391133786,0.3451198389783379,BONK,0.030402640873870266,50
equal_weight,enter_once_then_drift,14,2025-07-08,0.006420501709526905,0.9780887975304082,0.3200606815785833,BONK,0.028947565474281935,50
equal_weight,enter_once_then_drift,14,2025-07-09,0.02661978039360946,1.0041253065261173,0.3418316409067682,BONK,0.026892953075362325,50
equal_weight,enter_once_then_drift,14,2025-07-10,0.050323470633919065,1.0546563769018593,0.4149887134223611,BONK,0.028762270357705004,50
equal_weight,enter_once_then_drift,14,2025-07-11,0.01642626732803465,1.0719804444880656,0.7774785360779287,BONK,0.02671307499918596,50
equal_weight,enter_once_then_drift,14,2025-07-12,0.053119148957232465,1.1289231333980674,0.7014965678153184,KNC,0.03653425782429873,50
equal_weight,enter_once_then_drift,14,2025-07-13,0.01987435120471237,1.151359748234345,0.5227158050594981,XLM,0.0320691282518987,50
equal_weight,enter_once_then_drift,14,2025-07-14,0.003462550854173241,1.1553463899140544,0.5747108440435271,XLM,0.031538095929333675,50
equal_weight,enter_once_then_drift,14,2025-07-15,0.0,1.1553463899140544,0.0,CASH,1.0,0
equal_weight,enter_once_then_drift,14,2025-07-16,0.0,1.1553463899140544,0.0,CASH,1.0,0
equal_weight,enter_once_then_drift,14,2025-07-17,0.0,1.1553463899140544,0.0,CASH,1.0,0
equal_weight,enter_once_then_drift,14,2025-07-18,0.0,1.1553463899140544,0.0,CASH,1.0,0
equal_weight,enter_once_then_drift,14,2025-07-19,0.0,1.1553463899140544,0.0,CASH,1.0,0
equal_weight,enter_once_then_drift,14,2025-07-20,0.0,1.1553463899140544,0.0,CASH,1.0,0
equal_weight,enter_once_then_drift,14,2025-07-21,0.0,1.1553463899140544,0.0,CASH,1.0,0
equal_weight,enter_once_then_drift,14,2025-07-22,0.0,1.1553463899140544,0.0,CASH,1.0,0
equal_weight,enter_once_then_drift,14,2025-07-23,0.0,1.1553463899140544,0.0,CASH,1.0,0
equal_weight,enter_once_then_drift,14,2025-07-24,0.0,1.1553463899140544,0.0,CASH,1.0,0
equal_weight,enter_once_then_drift,14,2025-07-25,0.0,1.1553463899140544,0.0,CASH,1.0,0
equal_weight,enter_once_then_drift,14,2025-07-26,0.0,1.1553463899140544,0.0,CASH,1.0,0
equal_weight,enter_once_then_drift,14,2025-07-27,0.0,1.1553463899140544,0.0,CASH,1.0,0
equal_weight,enter_once_then_drift,14,2025-07-28,0.0,1.1553463899140544,0.0,CASH,1.0,0
equal_weight,enter_once_then_drift,14,2025-07-29,0.0,1.1553463899140544,0.0,CASH,1.0,0
equal_weight,enter_once_then_drift,14,2025-07-30,0.0,1.1553463899140544,0.0,CASH,1.0,0
equal_weight,enter_once_then_drift,14,2025-07-31,0.0,1.1553463899140544,0.0,CASH,1.0,0
equal_weight,enter_once_then_drift,14,2025-08-01,-0.037301171742028516,1.1122506158023375,0.8813961818081953,ARK,0.020532958312886755,50
equal_weight,enter_once_then_drift,14,2025-08-02,-0.024109026766416686,1.0854353359349955,0.6187874037295349,TOKAMAK,0.021061466631776157,50
equal_weight,enter_once_then_drift,14,2025-08-03,0.03837960014070396,1.1270939101067714,0.38959303944377865,WAVES,0.020818289861804576,50
equal_weight,enter_once_then_drift,14,2025-08-04,0.037743767436535736,1.169634680528977,0.40045420437387375,MNT,0.02265190039452977,50
equal_weight,enter_once_then_drift,14,2025-08-05,-0.030369126223740106,1.1341138972803286,0.49195631469280054,MNT,0.02498340687733892,50
equal_weight,enter_once_then_drift,14,2025-08-06,0.0036600109879243448,1.1382647666059322,0.5040085796072471,MNT,0.023965983968390808,50
equal_weight,enter_once_then_drift,14,2025-08-07,0.04473903823161218,1.189189637516812,0.37668130763165053,MNT,0.02729747001310655,50
equal_weight,enter_once_then_drift,14,2025-08-08,0.017291827615312894,1.2097528997306692,0.4451620280443012,MNT,0.02690764710644165,50
equal_weight,enter_once_then_drift,14,2025-08-09,0.029363568035985166,1.245275561308641,0.3465760700172904,MNT,0.02642832454296497,50
equal_weight,enter_once_then_drift,14,2025-08-10,-0.010161123067351285,1.232622163077419,0.5258870534680226,MNT,0.02562581373864312,50
equal_weight,enter_once_then_drift,14,2025-08-11,-0.03904858648149245,1.184490009943486,0.5393372603278412,MNT,0.02545498521479531,50
equal_weight,enter_once_then_drift,14,2025-08-12,0.03587068892447598,1.2269784826243184,0.5776600096702006,LINK,0.025763911338444034,50
equal_weight,enter_once_then_drift,14,2025-08-13,0.02419306584905412,1.256662853849821,0.468226362604949,MNT,0.02743848145739192,50
equal_weight,enter_once_then_drift,14,2025-08-14,-0.047932622528051194,1.196427707631214,0.7590732865274308,MNT,0.02846363043679771,50
equal_weight,enter_once_then_drift,14,2025-08-15,0.0,1.196427707631214,0.0,CASH,1.0,0
equal_weight,enter_once_then_drift,14,2025-08-16,0.0,1.196427707631214,0.0,CASH,1.0,0
equal_weight,enter_once_then_drift,14,2025-08-17,0.0,1.196427707631214,0.0,CASH,1.0,0
equal_weight,enter_once_then_drift,14,2025-08-18,0.0,1.196427707631214,0.0,CASH,1.0,0
equal_weight,enter_once_then_drift,14,2025-08-19,0.0,1.196427707631214,0.0,CASH,1.0,0
equal_weight,enter_once_then_drift,14,2025-08-20,0.0,1.196427707631214,0.0,CASH,1.0,0
equal_weight,enter_once_then_drift,14,2025-08-21,0.0,1.196427707631214,0.0,CASH,1.0,0
equal_weight,enter_once_then_drift,14,2025-08-22,0.0,1.196427707631214,0.0,CASH,1.0,0
equal_weight,enter_once_then_drift,14,2025-08-23,0.0,1.196427707631214,0.0,CASH,1.0,0
equal_weight,enter_once_then_drift,14,2025-08-24,0.0,1.196427707631214,0.0,CASH,1.0,0
equal_weight,enter_once_then_drift,14,2025-08-25,0.0,1.196427707631214,0.0,CASH,1.0,0
equal_weight,enter_once_then_drift,14,2025-08-26,0.0,1.196427707631214,0.0,CASH,1.0,0
equal_weight,enter_once_then_drift,14,2025-08-27,0.0,1.196427707631214,0.0,CASH,1.0,0
equal_weight,enter_once_then_drift,14,2025-08-28,0.0,1.196427707631214,0.0,CASH,1.0,0
equal_weight,enter_once_then_drift,14,2025-08-29,0.0,1.196427707631214,0.0,CASH,1.0,0
equal_weight,enter_once_then_drift,14,2025-08-30,0.0,1.196427707631214,0.0,CASH,1.0,0
equal_weight,enter_once_then_drift,14,2025-08-31,0.0,1.196427707631214,0.0,CASH,1.0,0
equal_weight,enter_once_then_drift,14,2025-09-01,-0.029351790960983837,1.1613104116568935,0.4856246002254155,XLM,0.020982471907271,50
equal_weight,enter_once_then_drift,14,2025-09-02,0.025669940073021813,1.1911211803303023,0.46379100435414483,AERGO,0.023018762002826175,50
equal_weight,enter_once_then_drift,14,2025-09-03,0.004858047253495368,1.196907703308986,0.3279201609084761,AERGO,0.02179681087759151,50
equal_weight,enter_once_then_drift,14,2025-09-04,-0.019049702716832595,1.174106967381463,0.3089263462124031,PUNDIX,0.022362332284840313,50
equal_weight,enter_once_then_drift,14,2025-09-05,0.011960198421947732,1.1881495196799368,0.3425979003827164,PUNDIX,0.021947366973600113,50
equal_weight,enter_once_then_drift,14,2025-09-06,-0.004410195614996004,1.1829095478782847,0.17198528432401194,PUNDIX,0.021792361512182067,50
equal_weight,enter_once_then_drift,14,2025-09-07,0.00994941791144388,1.194678809321563,0.158656473670377,PUNDIX,0.022027211114880357,50
equal_weight,enter_once_then_drift,14,2025-09-08,0.037360319529660124,1.2393123913731305,0.333123856503172,ATH,0.028003183943250604,50
equal_weight,enter_once_then_drift,14,2025-09-09,0.006057397874541071,1.2468193996185266,0.4079987847081534,ATH,0.02805619171337065,50
equal_weight,enter_once_then_drift,14,2025-09-10,0.012901842203457248,1.262905666768614,0.34459832299007964,ATH,0.02756755177716725,50
equal_weight,enter_once_then_drift,14,2025-09-11,0.019004418020461822,1.2869064539802948,0.41660352914996535,ATH,0.0293293397353501,50
equal_weight,enter_once_then_drift,14,2025-09-12,0.03082478967634672,1.3265750747573706,0.31768079759317086,ATH,0.03086845807867225,50
equal_weight,enter_once_then_drift,14,2025-09-13,0.006302897832585197,1.3349363419208202,0.36173267673524045,ATH,0.031047688215378403,50
equal_weight,enter_once_then_drift,14,2025-09-14,-0.01581784027212685,1.3138205320908594,0.4155364201805254,ATH,0.03621559862567471,50
equal_weight,enter_once_then_drift,14,2025-09-15,0.0,1.3138205320908594,0.0,CASH,1.0,0
equal_weight,enter_once_then_drift,14,2025-09-16,0.0,1.3138205320908594,0.0,CASH,1.0,0
equal_weight,enter_once_then_drift,14,2025-09-17,0.0,1.3138205320908594,0.0,CASH,1.0,0
equal_weight,enter_once_then_drift,14,2025-09-18,0.0,1.3138205320908594,0.0,CASH,1.0,0
equal_weight,enter_once_then_drift,14,2025-09-19,0.0,1.3138205320908594,0.0,CASH,1.0,0
equal_weight,enter_once_then_drift,14,2025-09-20,0.0,1.3138205320908594,0.0,CASH,1.0,0
equal_weight,enter_once_then_drift,14,2025-09-21,0.0,1.3138205320908594,0.0,CASH,1.0,0
equal_weight,enter_once_then_drift,14,2025-09-22,0.0,1.3138205320908594,0.0,CASH,1.0,0
equal_weight,enter_once_then_drift,14,2025-09-23,0.0,1.3138205320908594,0.0,CASH,1.0,0
equal_weight,enter_once_then_drift,14,2025-09-24,0.0,1.3138205320908594,0.0,CASH,1.0,0
equal_weight,enter_once_then_drift,14,2025-09-25,0.0,1.3138205320908594,0.0,CASH,1.0,0
equal_weight,enter_once_then_drift,14,2025-09-26,0.0,1.3138205320908594,0.0,CASH,1.0,0
equal_weight,enter_once_then_drift,14,2025-09-27,0.0,1.3138205320908594,0.0,CASH,1.0,0
equal_weight,enter_once_then_drift,14,2025-09-28,0.0,1.3138205320908594,0.0,CASH,1.0,0
equal_weight,enter_once_then_drift,14,2025-09-29,0.0,1.3138205320908594,0.0,CASH,1.0,0
equal_weight,enter_once_then_drift,14,2025-09-30,0.0,1.3138205320908594,0.0,CASH,1.0,0
equal_weight,enter_once_then_drift,14,2025-10-01,0.045299220726933154,1.37333557836962,0.42604310826597197,XLM,0.020943182064813572,50
equal_weight,enter_once_then_drift,14,2025-10-02,0.01822869060510013,1.398369687724696,0.37295898987066695,VIRTUAL,0.021311773611974626,50
equal_weight,enter_once_then_drift,14,2025-10-03,0.003645835436425715,1.4034679134854264,0.5240416936541801,MOVE,0.02143402031511089,50
equal_weight,enter_once_then_drift,14,2025-10-04,-0.013893397611171587,1.383968975728852,0.31414534908536323,MOVE,0.0213431878979433,50
equal_weight,enter_once_then_drift,14,2025-10-05,0.001439090727373582,1.385960632648796,0.42692053371496336,MNT,0.02282587038735768,50
equal_weight,enter_once_then_drift,14,2025-10-06,0.026576622147649775,1.4227947846942208,0.3767355213443812,MNT,0.02558481013380744,50
equal_weight,enter_once_then_drift,14,2025-10-07,-0.038577232557523655,1.36790729940344,0.4742567399122503,MNT,0.025333326728002262,50
equal_weight,enter_once_then_drift,14,2025-10-08,0.022461245976168387,1.398632201727937,0.369608231721596,MNT,0.028891395888442743,50
equal_weight,enter_once_then_drift,14,2025-10-09,-0.018564100872703326,1.3726678524512483,0.37104416904132126,MNT,0.02580647855319904,50
equal_weight,enter_once_then_drift,14,2025-10-10,-0.17106741945056914,1.1378491051696586,2.7632569066691794,MNT,0.02484904050287578,50
equal_weight,enter_once_then_drift,14,2025-10-11,-0.018591033452024397,1.1166953143920935,1.179214406290562,BTC,0.024623594945805675,50
equal_weight,enter_once_then_drift,14,2025-10-12,0.07908358004006844,1.2050075776681899,0.8855491877952468,MNT,0.029276191419076544,50
equal_weight,enter_once_then_drift,14,2025-10-13,0.03333362866937706,1.245174852805967,0.810309394873019,MNT,0.026451361506868425,50
equal_weight,enter_once_then_drift,14,2025-10-14,-0.03277416517476983,1.2043652865086345,0.8781485036426736,MNT,0.02575777851931479,50
equal_weight,enter_once_then_drift,14,2025-10-15,0.0,1.2043652865086345,0.0,CASH,1.0,0
equal_weight,enter_once_then_drift,14,2025-10-16,0.0,1.2043652865086345,0.0,CASH,1.0,0
equal_weight,enter_once_then_drift,14,2025-10-17,0.0,1.2043652865086345,0.0,CASH,1.0,0
equal_weight,enter_once_then_drift,14,2025-10-18,0.0,1.2043652865086345,0.0,CASH,1.0,0
equal_weight,enter_once_then_drift,14,2025-10-19,0.0,1.2043652865086345,0.0,CASH,1.0,0
equal_weight,enter_once_then_drift,14,2025-10-20,0.0,1.2043652865086345,0.0,CASH,1.0,0
equal_weight,enter_once_then_drift,14,2025-10-21,0.0,1.2043652865086345,0.0,CASH,1.0,0
equal_weight,enter_once_then_drift,14,2025-10-22,0.0,1.2043652865086345,0.0,CASH,1.0,0
equal_weight,enter_once_then_drift,14,2025-10-23,0.0,1.2043652865086345,0.0,CASH,1.0,0
equal_weight,enter_once_then_drift,14,2025-10-24,0.0,1.2043652865086345,0.0,CASH,1.0,0
equal_weight,enter_once_then_drift,14,2025-10-25,0.0,1.2043652865086345,0.0,CASH,1.0,0
equal_weight,enter_once_then_drift,14,2025-10-26,0.0,1.2043652865086345,0.0,CASH,1.0,0
equal_weight,enter_once_then_drift,14,2025-10-27,0.0,1.2043652865086345,0.0,CASH,1.0,0
equal_weight,enter_once_then_drift,14,2025-10-28,0.0,1.2043652865086345,0.0,CASH,1.0,0
equal_weight,enter_once_then_drift,14,2025-10-29,0.0,1.2043652865086345,0.0,CASH,1.0,0
equal_weight,enter_once_then_drift,14,2025-10-30,0.0,1.2043652865086345,0.0,CASH,1.0,0
equal_weight,enter_once_then_drift,14,2025-10-31,0.0,1.2043652865086345,0.0,CASH,1.0,0
equal_weight,enter_once_then_drift,14,2025-11-01,0.017490021739728245,1.2254296615522446,0.33421575338040016,VIRTUAL,0.026524745982803046,50
equal_weight,enter_once_then_drift,14,2025-11-02,-0.003094943667071859,1.2216370257817815,0.37576118363398725,VIRTUAL,0.024099923932280352,50
equal_weight,enter_once_then_drift,14,2025-11-03,-0.10963417332006131,1.0877038603630174,1.2681500627587077,CARV,0.02384169542654182,50
equal_weight,enter_once_then_drift,14,2025-11-04,-0.022725513178739387,1.062985231949772,1.3967008114536503,CARV,0.02668038945433135,50
equal_weight,enter_once_then_drift,14,2025-11-05,0.024648646926252127,1.0891863796199222,0.8870205823402711,CARV,0.02710865221829296,50
equal_weight,enter_once_then_drift,14,2025-11-06,-0.0167534450823712,1.0709387554244931,0.704060262587963,CARV,0.025666009132969497,50
equal_weight,enter_once_then_drift,14,2025-11-07,0.09632537493700766,1.1740973325753297,0.9165317749461622,CARV,0.02448635569309572,50
equal_weight,enter_once_then_drift,14,2025-11-08,-0.01708909093508948,1.154033076492304,0.7264046454883759,GLM,0.024823108786100598,50
equal_weight,enter_once_then_drift,14,2025-11-09,0.0023938019078442174,1.1567956030725266,0.6257379204157127,GLM,0.0233508778757497,50
equal_weight,enter_once_then_drift,14,2025-11-10,0.021171898910392173,1.1812871626407642,0.5727730423604874,GLM,0.02556123456646066,50
equal_weight,enter_once_then_drift,14,2025-11-11,-0.03404333594407705,1.141072206916559,0.6666384800926535,GLM,0.025331233817634184,50
equal_weight,enter_once_then_drift,14,2025-11-12,-0.002128713868651988,1.1386431906845624,0.5701190265024622,GLM,0.0272740569017703,50
equal_weight,enter_once_then_drift,14,2025-11-13,-0.03813008062963219,1.0952266340153785,0.6702814450643659,GLM,0.027098502521288943,50
equal_weight,enter_once_then_drift,14,2025-11-14,-0.03644961413690484,1.0553060458130568,0.9124067413626754,GLM,0.029835467879607874,50
equal_weight,enter_once_then_drift,14,2025-11-15,0.0,1.0553060458130568,0.0,CASH,1.0,0
equal_weight,enter_once_then_drift,14,2025-11-16,0.0,1.0553060458130568,0.0,CASH,1.0,0
equal_weight,enter_once_then_drift,14,2025-11-17,0.0,1.0553060458130568,0.0,CASH,1.0,0
equal_weight,enter_once_then_drift,14,2025-11-18,0.0,1.0553060458130568,0.0,CASH,1.0,0
equal_weight,enter_once_then_drift,14,2025-11-19,0.0,1.0553060458130568,0.0,CASH,1.0,0
equal_weight,enter_once_then_drift,14,2025-11-20,0.0,1.0553060458130568,0.0,CASH,1.0,0
equal_weight,enter_once_then_drift,14,2025-11-21,0.0,1.0553060458130568,0.0,CASH,1.0,0
equal_weight,enter_once_then_drift,14,2025-11-22,0.0,1.0553060458130568,0.0,CASH,1.0,0
equal_weight,enter_once_then_drift,14,2025-11-23,0.0,1.0553060458130568,0.0,CASH,1.0,0
equal_weight,enter_once_then_drift,14,2025-11-24,0.0,1.0553060458130568,0.0,CASH,1.0,0
equal_weight,enter_once_then_drift,14,2025-11-25,0.0,1.0553060458130568,0.0,CASH,1.0,0
equal_weight,enter_once_then_drift,14,2025-11-26,0.0,1.0553060458130568,0.0,CASH,1.0,0
equal_weight,enter_once_then_drift,14,2025-11-27,0.0,1.0553060458130568,0.0,CASH,1.0,0
equal_weight,enter_once_then_drift,14,2025-11-28,0.0,1.0553060458130568,0.0,CASH,1.0,0
equal_weight,enter_once_then_drift,14,2025-11-29,0.0,1.0553060458130568,0.0,CASH,1.0,0
equal_weight,enter_once_then_drift,14,2025-11-30,0.0,1.0553060458130568,0.0,CASH,1.0,0
equal_weight,enter_once_then_drift,14,2025-12-01,-0.07053940885667842,0.980865381178525,0.807183222657227,VANA,0.022060830865323306,50
equal_weight,enter_once_then_drift,14,2025-12-02,0.05444335673547185,1.034266985035502,0.5569669305632293,SUI,0.021983567461340787,50
equal_weight,enter_once_then_drift,14,2025-12-03,0.025789824090787228,1.0609405486424763,0.4695972537661332,LINK,0.022222213312361957,50
equal_weight,enter_once_then_drift,14,2025-12-04,-0.02722323366103918,1.032058316186311,0.4618565290724846,SUI,0.022502827967707948,50
equal_weight,enter_once_then_drift,14,2025-12-05,-0.029927707646739576,1.0011711766251008,0.5630866471290499,LINK,0.021979664286671623,50
equal_weight,enter_once_then_drift,14,2025-12-06,0.007856566783244423,1.0090369448357153,0.3030147566855369,LINK,0.022323736666801812,50
equal_weight,enter_once_then_drift,14,2025-12-07,-0.015078926476016608,0.9938217509329531,0.5693330383878417,SUI,0.02224638654170115,50
equal_weight,enter_once_then_drift,14,2025-12-08,0.01352683009539013,1.0072650089029263,0.4262527695755797,SUI,0.022340271582386627,50
equal_weight,enter_once_then_drift,14,2025-12-09,0.02226550945800021,1.029692277485367,0.48036991766138154,ADA,0.022891611751080232,50
equal_weight,enter_once_then_drift,14,2025-12-10,-0.0203168687935944,1.0087721545859194,0.5004387228352737,ETH,0.022959955183750092,50
equal_weight,enter_once_then_drift,14,2025-12-11,-0.01950923592194953,0.9890917806306093,0.5155258012610069,MNT,0.02375134438314246,50
equal_weight,enter_once_then_drift,14,2025-12-12,-0.017918736559926707,0.9713685055799006,0.4841888753061354,MNT,0.025365438411137704,50
equal_weight,enter_once_then_drift,14,2025-12-13,0.016428564754204622,0.9873266959740149,0.21106052337859127,MNT,0.02651767564717222,50
equal_weight,enter_once_then_drift,14,2025-12-14,-0.0350462260011819,0.9527246214499093,0.34469570962804286,MNT,0.025875652348978102,50
equal_weight,enter_once_then_drift,14,2025-12-15,0.0,0.9527246214499093,0.0,CASH,1.0,0
equal_weight,enter_once_then_drift,14,2025-12-16,0.0,0.9527246214499093,0.0,CASH,1.0,0
equal_weight,enter_once_then_drift,14,2025-12-17,0.0,0.9527246214499093,0.0,CASH,1.0,0
equal_weight,enter_once_then_drift,14,2025-12-18,0.0,0.9527246214499093,0.0,CASH,1.0,0
equal_weight,enter_once_then_drift,14,2025-12-19,0.0,0.9527246214499093,0.0,CASH,1.0,0
equal_weight,enter_once_then_drift,14,2025-12-20,0.0,0.9527246214499093,0.0,CASH,1.0,0
equal_weight,enter_once_then_drift,14,2025-12-21,0.0,0.9527246214499093,0.0,CASH,1.0,0
equal_weight,enter_once_then_drift,14,2025-12-22,0.0,0.9527246214499093,0.0,CASH,1.0,0
equal_weight,enter_once_then_drift,14,2025-12-23,0.0,0.9527246214499093,0.0,CASH,1.0,0
equal_weight,enter_once_then_drift,14,2025-12-24,0.0,0.9527246214499093,0.0,CASH,1.0,0
equal_weight,enter_once_then_drift,14,2025-12-25,0.0,0.9527246214499093,0.0,CASH,1.0,0
equal_weight,enter_once_then_drift,14,2025-12-26,0.0,0.9527246214499093,0.0,CASH,1.0,0
equal_weight,enter_once_then_drift,14,2025-12-27,0.0,0.9527246214499093,0.0,CASH,1.0,0
equal_weight,enter_once_then_drift,14,2025-12-28,0.0,0.9527246214499093,0.0,CASH,1.0,0
equal_weight,enter_once_then_drift,14,2025-12-29,0.0,0.9527246214499093,0.0,CASH,1.0,0
equal_weight,enter_once_then_drift,14,2025-12-30,0.0,0.9527246214499093,0.0,CASH,1.0,0
equal_weight,enter_once_then_drift,14,2025-12-31,0.0,0.9527246214499093,0.0,CASH,1.0,0
equal_weight,enter_once_then_drift,14,2026-01-01,0.03937650532757675,0.9902395875821453,0.2491796445522128,PEPE,0.023358655796157812,50
equal_weight,enter_once_then_drift,14,2026-01-02,0.04839859620291698,1.0381657935256765,0.43039923074303366,PEPE,0.027203802817624734,50
equal_weight,enter_once_then_drift,14,2026-01-03,0.007177009242694821,1.04561671902126,0.40931580824694974,PEPE,0.02725746602133665,50
equal_weight,enter_once_then_drift,14,2026-01-04,0.03561367560872242,1.0828549736635398,0.4272750404254735,PEPE,0.0310702775964768,50
equal_weight,enter_once_then_drift,14,2026-01-05,0.037073009378895794,1.122999666258152,0.5057607798436298,PEPE,0.02909536678324831,50
equal_weight,enter_once_then_drift,14,2026-01-06,0.009851792705989793,1.134063226179023,0.6268159208931938,VIRTUAL,0.029559345239449236,50
equal_weight,enter_once_then_drift,14,2026-01-07,-0.026434884253474178,1.104084396058859,0.518200309044844,PEPE,0.027982285885015137,50
equal_weight,enter_once_then_drift,14,2026-01-08,-0.0013529562255686356,1.102590618201658,0.5515539290855895,VIRTUAL,0.028478847728899925,50
equal_weight,enter_once_then_drift,14,2026-01-09,-0.003166984567234077,1.0990987307298363,0.5876970962036389,VIRTUAL,0.028679632623851845,50
equal_weight,enter_once_then_drift,14,2026-01-10,-0.0008494903265190423,1.098165056990192,0.2450074563779631,VIRTUAL,0.028409616239834342,50
equal_weight,enter_once_then_drift,14,2026-01-11,-0.014605986036982821,1.0821252735014908,0.3604860628168328,VIRTUAL,0.028569298873007458,50
equal_weight,enter_once_then_drift,14,2026-01-12,-0.018899016564619564,1.0616741700325927,0.5279380760584411,VIRTUAL,0.027787360555124832,50
equal_weight,enter_once_then_drift,14,2026-01-13,0.06836106210995063,1.1342513439107211,0.5222209537630927,VIRTUAL,0.027666093800942836,50
equal_weight,enter_once_then_drift,14,2026-01-14,-0.000864774237202437,1.133270472569995,0.44923323845381524,VIRTUAL,0.026709387682962663,50
equal_weight,enter_once_then_drift,14,2026-01-15,0.0,1.133270472569995,0.0,CASH,1.0,0
equal_weight,enter_once_then_drift,14,2026-01-16,0.0,1.133270472569995,0.0,CASH,1.0,0
equal_weight,enter_once_then_drift,14,2026-01-17,0.0,1.133270472569995,0.0,CASH,1.0,0
equal_weight,enter_once_then_drift,14,2026-01-18,0.0,1.133270472569995,0.0,CASH,1.0,0
equal_weight,enter_once_then_drift,14,2026-01-19,0.0,1.133270472569995,0.0,CASH,1.0,0
equal_weight,enter_once_then_drift,14,2026-01-20,0.0,1.133270472569995,0.0,CASH,1.0,0
equal_weight,enter_once_then_drift,14,2026-01-21,0.0,1.133270472569995,0.0,CASH,1.0,0
equal_weight,enter_once_then_drift,14,2026-01-22,0.0,1.133270472569995,0.0,CASH,1.0,0
equal_weight,enter_once_then_drift,14,2026-01-23,0.0,1.133270472569995,0.0,CASH,1.0,0
equal_weight,enter_once_then_drift,14,2026-01-24,0.0,1.133270472569995,0.0,CASH,1.0,0
equal_weight,enter_once_then_drift,14,2026-01-25,0.0,1.133270472569995,0.0,CASH,1.0,0
equal_weight,enter_once_then_drift,14,2026-01-26,0.0,1.133270472569995,0.0,CASH,1.0,0
equal_weight,enter_once_then_drift,14,2026-01-27,0.0,1.133270472569995,0.0,CASH,1.0,0
equal_weight,enter_once_then_drift,14,2026-01-28,0.0,1.133270472569995,0.0,CASH,1.0,0
equal_weight,enter_once_then_drift,14,2026-01-29,0.0,1.133270472569995,0.0,CASH,1.0,0
equal_weight,enter_once_then_drift,14,2026-01-30,0.0,1.133270472569995,0.0,CASH,1.0,0
equal_weight,enter_once_then_drift,14,2026-01-31,0.0,1.133270472569995,0.0,CASH,1.0,0
equal_weight,enter_once_then_drift,14,2026-02-01,-0.03300109468502599,1.0958713064009684,1.0596028736459355,ARDR,0.023524006199009413,50
equal_weight,enter_once_then_drift,14,2026-02-02,0.03450561540777097,1.1336850202360518,0.9955921544310752,GAS,0.021600490200021083,50
equal_weight,enter_once_then_drift,14,2026-02-03,-0.03279442699223978,1.0965064696077247,0.8948785195910237,GAS,0.022445311666613038,50
equal_weight,enter_once_then_drift,14,2026-02-04,-0.017613578039671007,1.0771930673342849,0.8374118469122576,AWE,0.02348073319258875,50
equal_weight,enter_once_then_drift,14,2026-02-05,-0.1504240243013445,0.9151573511963526,1.527487820039109,AWE,0.02653145572341836,50
equal_weight,enter_once_then_drift,14,2026-02-06,0.11997638648476161,1.0249546232578568,1.848833000878809,AWE,0.029912080170288822,50
equal_weight,enter_once_then_drift,14,2026-02-07,-0.00907929535170715,1.015648757511201,0.7527069116231779,AWE,0.029647110756415983,50
equal_weight,enter_once_then_drift,14,2026-02-08,-0.012454187654492022,1.0029996772941048,0.5682918775842818,AWE,0.030566834223225123,50
equal_weight,enter_once_then_drift,14,2026-02-09,-0.0006741252715080082,1.0023235298643265,0.6521082813062286,AWE,0.032499169873891745,50
equal_weight,enter_once_then_drift,14,2026-02-10,-0.011985058868726917,0.9903106233533924,0.43101847152349293,AWE,0.032616984080367464,50
equal_weight,enter_once_then_drift,14,2026-02-11,-0.006835214040027071,0.9835416382766593,0.7159837445688105,AWE,0.03367641494257621,50
equal_weight,enter_once_then_drift,14,2026-02-12,0.016160713145687344,0.9994363725596879,0.5594834160940981,AWE,0.03478418261845771,50
equal_weight,enter_once_then_drift,14,2026-02-13,0.03689341702368898,1.0363089954411755,0.44132120390785795,AWE,0.03618799581481172,50
equal_weight,enter_once_then_drift,14,2026-02-14,0.06228447883427579,1.100854961133501,0.4050392097350347,AWE,0.033071566699302134,50
equal_weight,enter_once_then_drift,14,2026-02-15,0.0,1.100854961133501,0.0,CASH,1.0,0
equal_weight,enter_once_then_drift,14,2026-02-16,0.0,1.100854961133501,0.0,CASH,1.0,0
equal_weight,enter_once_then_drift,14,2026-02-17,0.0,1.100854961133501,0.0,CASH,1.0,0
equal_weight,enter_once_then_drift,14,2026-02-18,0.0,1.100854961133501,0.0,CASH,1.0,0
equal_weight,enter_once_then_drift,14,2026-02-19,0.0,1.100854961133501,0.0,CASH,1.0,0
equal_weight,enter_once_then_drift,14,2026-02-20,0.0,1.100854961133501,0.0,CASH,1.0,0
equal_weight,enter_once_then_drift,14,2026-02-21,0.0,1.100854961133501,0.0,CASH,1.0,0
equal_weight,enter_once_then_drift,14,2026-02-22,0.0,1.100854961133501,0.0,CASH,1.0,0
equal_weight,enter_once_then_drift,14,2026-02-23,0.0,1.100854961133501,0.0,CASH,1.0,0
equal_weight,enter_once_then_drift,14,2026-02-24,0.0,1.100854961133501,0.0,CASH,1.0,0
equal_weight,enter_once_then_drift,14,2026-02-25,0.0,1.100854961133501,0.0,CASH,1.0,0
equal_weight,enter_once_then_drift,14,2026-02-26,0.0,1.100854961133501,0.0,CASH,1.0,0
equal_weight,enter_once_then_drift,14,2026-02-27,0.0,1.100854961133501,0.0,CASH,1.0,0
equal_weight,enter_once_then_drift,14,2026-02-28,0.0,1.100854961133501,0.0,CASH,1.0,0
equal_weight,enter_once_then_drift,14,2026-03-01,-0.022472798489716506,1.0761156694255432,0.7382223502099958,ATH,0.021845698621330994,50
equal_weight,enter_once_then_drift,14,2026-03-02,0.022983962154131454,1.1008490712450876,0.6524977106524973,VIRTUAL,0.0215608089981038,50
equal_weight,enter_once_then_drift,14,2026-03-03,-0.009948849261665282,1.089896889775426,0.5996389633488202,AKT,0.022247890475118996,50
equal_weight,enter_once_then_drift,14,2026-03-04,0.022915162171422088,1.1148720537547585,0.6359707410325796,ARDR,0.022398507775191964,50
equal_weight,enter_once_then_drift,14,2026-03-05,-0.00580868133469381,1.1083961172655414,0.5493044926004614,ARDR,0.02243417919096902,50
equal_weight,enter_once_then_drift,14,2026-03-06,-0.02090115853978891,1.085229354293688,0.44619059933701133,AKT,0.023282008187036657,50
equal_weight,enter_once_then_drift,14,2026-03-07,-0.016172782133425656,1.0676781763818979,0.3002793506320928,AKT,0.026026663854333425,50
equal_weight,enter_once_then_drift,14,2026-03-08,-0.014442280355036585,1.0522584688296364,0.39943824769693215,AKT,0.027698502446037707,50
equal_weight,enter_once_then_drift,14,2026-03-09,0.008392438158613569,1.0610894829561666,0.48573334147491565,AKT,0.02509138193392141,50
equal_weight,enter_once_then_drift,14,2026-03-10,0.019610394778130757,1.0818978666118597,0.46258751384827934,AKT,0.029136094631078826,50
equal_weight,enter_once_then_drift,14,2026-03-11,0.006250459775092532,1.0886602257078757,0.40323037446210763,AKT,0.028019639024057665,50
equal_weight,enter_once_then_drift,14,2026-03-12,0.004867844718227321,1.0939596546375319,0.30720350450579115,AKT,0.028415870888468114,50
equal_weight,enter_once_then_drift,14,2026-03-13,0.014240568988836966,1.1095382625704018,0.40948979100491706,AKT,0.0282791429925808,50
equal_weight,enter_once_then_drift,14,2026-03-14,0.002842486762420382,1.1126921103941572,0.23178334481253285,AKT,0.028242571959193486,50
equal_weight,enter_once_then_drift,14,2026-03-15,0.0,1.1126921103941572,0.0,CASH,1.0,0
equal_weight,enter_once_then_drift,14,2026-03-16,0.0,1.1126921103941572,0.0,CASH,1.0,0
equal_weight,enter_once_then_drift,14,2026-03-17,0.0,1.1126921103941572,0.0,CASH,1.0,0
equal_weight,enter_once_then_drift,14,2026-03-18,0.0,1.1126921103941572,0.0,CASH,1.0,0
equal_weight,enter_once_then_drift,14,2026-03-19,0.0,1.1126921103941572,0.0,CASH,1.0,0
equal_weight,enter_once_then_drift,14,2026-03-20,0.0,1.1126921103941572,0.0,CASH,1.0,0
equal_weight,enter_once_then_drift,14,2026-03-21,0.0,1.1126921103941572,0.0,CASH,1.0,0
equal_weight,enter_once_then_drift,14,2026-03-22,0.0,1.1126921103941572,0.0,CASH,1.0,0
equal_weight,enter_once_then_drift,14,2026-03-23,0.0,1.1126921103941572,0.0,CASH,1.0,0
equal_weight,enter_once_then_drift,14,2026-03-24,0.0,1.1126921103941572,0.0,CASH,1.0,0
equal_weight,enter_once_then_drift,14,2026-03-25,0.0,1.1126921103941572,0.0,CASH,1.0,0
equal_weight,enter_once_then_drift,14,2026-03-26,0.0,1.1126921103941572,0.0,CASH,1.0,0
equal_weight,enter_once_then_drift,14,2026-03-27,0.0,1.1126921103941572,0.0,CASH,1.0,0
equal_weight,enter_once_then_drift,14,2026-03-28,0.0,1.1126921103941572,0.0,CASH,1.0,0
equal_weight,enter_once_then_drift,14,2026-03-29,0.0,1.1126921103941572,0.0,CASH,1.0,0
equal_weight,enter_once_then_drift,14,2026-03-30,0.0,1.1126921103941572,0.0,CASH,1.0,0
minimum_variance,daily_rebalance_to_target,14,2025-03-01,0.006964304334941218,1.0069643043349412,0.40660209932131935,BTC,0.2558795426424322,8
minimum_variance,daily_rebalance_to_target,14,2025-03-02,0.08670924750116282,1.0942774214243558,0.6832181334746092,BTC,0.2561488408676327,8
minimum_variance,daily_rebalance_to_target,14,2025-03-03,-0.09589884123403059,0.9893374847211971,0.7958336696345014,MASK,0.2623536562303148,8
minimum_variance,daily_rebalance_to_target,14,2025-03-04,-0.013677894828122539,0.9758054306556613,0.9221311081364301,BTC,0.25440996256834103,8
minimum_variance,daily_rebalance_to_target,14,2025-03-05,0.01577891958381672,0.9912025860754287,0.5082666149789193,BTC,0.2555080299437351,8
minimum_variance,daily_rebalance_to_target,14,2025-03-06,-0.013059624614788712,0.9782578523840758,0.5084229356192959,BTC,0.2505534978270704,8
minimum_variance,daily_rebalance_to_target,14,2025-03-07,-0.017387281912090935,0.9612486073219573,0.7889860501593539,MASK,0.2549708850666311,8
minimum_variance,daily_rebalance_to_target,14,2025-03-08,0.00683144841748895,0.9678153275992604,0.31132606729593676,MASK,0.248912686605789,8
minimum_variance,daily_rebalance_to_target,14,2025-03-09,-0.05231611431518979,0.9171829902845846,0.4962174207816084,MASK,0.26307498773744337,8
minimum_variance,daily_rebalance_to_target,14,2025-03-10,-0.040858190903859115,0.8797085525737647,0.7721487682838156,MASK,0.26009016855831407,8
minimum_variance,daily_rebalance_to_target,14,2025-03-11,0.02267662610238097,0.8996573744995467,0.7513495061504984,BTC,0.2560948677152225,8
minimum_variance,daily_rebalance_to_target,14,2025-03-12,-0.0017331845506323162,0.8980981022372017,0.5460215206056107,BTC,0.25172679717649304,8
minimum_variance,daily_rebalance_to_target,14,2025-03-13,-0.018297379804200098,0.8816652601591363,0.38197437987697946,MASK,0.2532413259911052,8
minimum_variance,daily_rebalance_to_target,14,2025-03-14,0.020265955912899924,0.8995330494514567,0.29598968771769124,BTC,0.25286900950668617,8
minimum_variance,daily_rebalance_to_target,14,2025-03-15,0.0,0.8995330494514567,0.0,CASH,1.0,0
minimum_variance,daily_rebalance_to_target,14,2025-03-16,0.0,0.8995330494514567,0.0,CASH,1.0,0
minimum_variance,daily_rebalance_to_target,14,2025-03-17,0.0,0.8995330494514567,0.0,CASH,1.0,0
minimum_variance,daily_rebalance_to_target,14,2025-03-18,0.0,0.8995330494514567,0.0,CASH,1.0,0
minimum_variance,daily_rebalance_to_target,14,2025-03-19,0.0,0.8995330494514567,0.0,CASH,1.0,0
minimum_variance,daily_rebalance_to_target,14,2025-03-20,0.0,0.8995330494514567,0.0,CASH,1.0,0
minimum_variance,daily_rebalance_to_target,14,2025-03-21,0.0,0.8995330494514567,0.0,CASH,1.0,0
minimum_variance,daily_rebalance_to_target,14,2025-03-22,0.0,0.8995330494514567,0.0,CASH,1.0,0
minimum_variance,daily_rebalance_to_target,14,2025-03-23,0.0,0.8995330494514567,0.0,CASH,1.0,0
minimum_variance,daily_rebalance_to_target,14,2025-03-24,0.0,0.8995330494514567,0.0,CASH,1.0,0
minimum_variance,daily_rebalance_to_target,14,2025-03-25,0.0,0.8995330494514567,0.0,CASH,1.0,0
minimum_variance,daily_rebalance_to_target,14,2025-03-26,0.0,0.8995330494514567,0.0,CASH,1.0,0
minimum_variance,daily_rebalance_to_target,14,2025-03-27,0.0,0.8995330494514567,0.0,CASH,1.0,0
minimum_variance,daily_rebalance_to_target,14,2025-03-28,0.0,0.8995330494514567,0.0,CASH,1.0,0
minimum_variance,daily_rebalance_to_target,14,2025-03-29,0.0,0.8995330494514567,0.0,CASH,1.0,0
minimum_variance,daily_rebalance_to_target,14,2025-03-30,0.0,0.8995330494514567,0.0,CASH,1.0,0
minimum_variance,daily_rebalance_to_target,14,2025-03-31,0.0,0.8995330494514567,0.0,CASH,1.0,0
minimum_variance,daily_rebalance_to_target,14,2025-04-01,-0.006714614504274907,0.8934930317905353,0.4205647459203813,BTC,0.25878161586903836,13
minimum_variance,daily_rebalance_to_target,14,2025-04-02,-0.051975649563490656,0.8470531510827696,0.6646827450119343,BTC,0.2556635983863585,13
minimum_variance,daily_rebalance_to_target,14,2025-04-03,-0.0317043351582843,0.8201978940839606,0.46182418026341926,BTC,0.25922004413699584,13
minimum_variance,daily_rebalance_to_target,14,2025-04-04,-0.006483548262495087,0.8148801014528704,0.5059874320177761,BTC,0.25179270155125844,13
minimum_variance,daily_rebalance_to_target,14,2025-04-05,-0.0029146961782009484,0.8125049735354737,0.25655993662797083,BTC,0.2505783767619229,13
minimum_variance,daily_rebalance_to_target,14,2025-04-06,-0.05168809718069167,0.7705081375035768,0.6077119535878667,BTC,0.2512162730341336,13
minimum_variance,daily_rebalance_to_target,14,2025-04-07,0.026031364409617064,0.7905655156115078,1.0540530964196173,BTC,0.24484144026686036,13
minimum_variance,daily_rebalance_to_target,14,2025-04-08,-0.012429146666274815,0.7807394608686732,0.8410870703258517,BTC,0.24576820152895748,13
minimum_variance,daily_rebalance_to_target,14,2025-04-09,0.12036999684132099,0.87471706730733,1.06162071123959,BTC,0.23657728476200815,13
minimum_variance,daily_rebalance_to_target,14,2025-04-10,-0.011763608647786805,0.8644272380499868,0.7906345674604177,BTC,0.24551082828071627,13
minimum_variance,daily_rebalance_to_target,14,2025-04-11,0.0037085443414384134,0.8676330047922424,0.688526422361835,BTC,0.25678494895118176,13
minimum_variance,daily_rebalance_to_target,14,2025-04-12,-0.00023138243590337115,0.8674322497541234,0.41061529372357397,BTC,0.2543562233255057,13
minimum_variance,daily_rebalance_to_target,14,2025-04-13,-0.017705346381849507,0.8520740613094396,0.4720165887229043,BTC,0.250234031417232,13
minimum_variance,daily_rebalance_to_target,14,2025-04-14,-0.007748788795539974,0.8454715193701948,0.48941690613458116,BTC,0.2546417506707907,13
minimum_variance,daily_rebalance_to_target,14,2025-04-15,0.0,0.8454715193701948,0.0,CASH,1.0,0
minimum_variance,daily_rebalance_to_target,14,2025-04-16,0.0,0.8454715193701948,0.0,CASH,1.0,0
minimum_variance,daily_rebalance_to_target,14,2025-04-17,0.0,0.8454715193701948,0.0,CASH,1.0,0
minimum_variance,daily_rebalance_to_target,14,2025-04-18,0.0,0.8454715193701948,0.0,CASH,1.0,0
minimum_variance,daily_rebalance_to_target,14,2025-04-19,0.0,0.8454715193701948,0.0,CASH,1.0,0
minimum_variance,daily_rebalance_to_target,14,2025-04-20,0.0,0.8454715193701948,0.0,CASH,1.0,0
minimum_variance,daily_rebalance_to_target,14,2025-04-21,0.0,0.8454715193701948,0.0,CASH,1.0,0
minimum_variance,daily_rebalance_to_target,14,2025-04-22,0.0,0.8454715193701948,0.0,CASH,1.0,0
minimum_variance,daily_rebalance_to_target,14,2025-04-23,0.0,0.8454715193701948,0.0,CASH,1.0,0
minimum_variance,daily_rebalance_to_target,14,2025-04-24,0.0,0.8454715193701948,0.0,CASH,1.0,0
minimum_variance,daily_rebalance_to_target,14,2025-04-25,0.0,0.8454715193701948,0.0,CASH,1.0,0
minimum_variance,daily_rebalance_to_target,14,2025-04-26,0.0,0.8454715193701948,0.0,CASH,1.0,0
minimum_variance,daily_rebalance_to_target,14,2025-04-27,0.0,0.8454715193701948,0.0,CASH,1.0,0
minimum_variance,daily_rebalance_to_target,14,2025-04-28,0.0,0.8454715193701948,0.0,CASH,1.0,0
minimum_variance,daily_rebalance_to_target,14,2025-04-29,0.0,0.8454715193701948,0.0,CASH,1.0,0
minimum_variance,daily_rebalance_to_target,14,2025-04-30,0.0,0.8454715193701948,0.0,CASH,1.0,0
minimum_variance,daily_rebalance_to_target,14,2025-05-01,0.0031238007126617173,0.8481126039049387,0.2617411918424011,BTC,0.255198095131395,19
minimum_variance,daily_rebalance_to_target,14,2025-05-02,0.004597268601499227,0.8520116053494066,0.2796260349383965,BTC,0.24756855021733024,19
minimum_variance,daily_rebalance_to_target,14,2025-05-03,-0.005960143304418852,0.8469334940844961,0.25452374115868326,MNT,0.24983183657831565,19
minimum_variance,daily_rebalance_to_target,14,2025-05-04,-0.01544713545324028,0.8338507976814868,0.2754614445435247,BTC,0.25056950066363143,19
minimum_variance,daily_rebalance_to_target,14,2025-05-05,-0.011805284889736756,0.8240069514593227,0.31178967443558675,BTC,0.25158772922403216,19
minimum_variance,daily_rebalance_to_target,14,2025-05-06,-0.023376345775803054,0.8047446800403442,0.37780305155629834,BTC,0.26084214284052476,19
minimum_variance,daily_rebalance_to_target,14,2025-05-07,0.008250508556430391,0.8113842329087588,0.3021517765475266,MNT,0.2489391738752953,19
minimum_variance,daily_rebalance_to_target,14,2025-05-08,0.060707518317536735,0.8606413560906278,0.3550998185182921,MNT,0.2478143610240459,19
minimum_variance,daily_rebalance_to_target,14,2025-05-09,0.016548048977981455,0.8748832914036918,0.4216791556802419,MNT,0.24940065735326183,19
minimum_variance,daily_rebalance_to_target,14,2025-05-10,0.025373383231588553,0.8970820404393913,0.33228809728395076,MNT,0.2492417561135369,19
minimum_variance,daily_rebalance_to_target,14,2025-05-11,0.008170945765235693,0.9044120491387886,0.43667286522432375,MNT,0.2533743381228995,19
minimum_variance,daily_rebalance_to_target,14,2025-05-12,0.0028562941564658217,0.9069953159897809,0.5408065066353422,MNT,0.25194467031185647,19
minimum_variance,daily_rebalance_to_target,14,2025-05-13,0.009077570658900358,0.9152286300579698,0.4101904187621241,BTC,0.24936673437261367,19
minimum_variance,daily_rebalance_to_target,14,2025-05-14,-0.012902373172205217,0.9034200087350758,0.4107316097094983,BTC,0.25315661942648365,19
minimum_variance,daily_rebalance_to_target,14,2025-05-15,0.0,0.9034200087350758,0.0,CASH,1.0,0
minimum_variance,daily_rebalance_to_target,14,2025-05-16,0.0,0.9034200087350758,0.0,CASH,1.0,0
minimum_variance,daily_rebalance_to_target,14,2025-05-17,0.0,0.9034200087350758,0.0,CASH,1.0,0
minimum_variance,daily_rebalance_to_target,14,2025-05-18,0.0,0.9034200087350758,0.0,CASH,1.0,0
minimum_variance,daily_rebalance_to_target,14,2025-05-19,0.0,0.9034200087350758,0.0,CASH,1.0,0
minimum_variance,daily_rebalance_to_target,14,2025-05-20,0.0,0.9034200087350758,0.0,CASH,1.0,0
minimum_variance,daily_rebalance_to_target,14,2025-05-21,0.0,0.9034200087350758,0.0,CASH,1.0,0
minimum_variance,daily_rebalance_to_target,14,2025-05-22,0.0,0.9034200087350758,0.0,CASH,1.0,0
minimum_variance,daily_rebalance_to_target,14,2025-05-23,0.0,0.9034200087350758,0.0,CASH,1.0,0
minimum_variance,daily_rebalance_to_target,14,2025-05-24,0.0,0.9034200087350758,0.0,CASH,1.0,0
minimum_variance,daily_rebalance_to_target,14,2025-05-25,0.0,0.9034200087350758,0.0,CASH,1.0,0
minimum_variance,daily_rebalance_to_target,14,2025-05-26,0.0,0.9034200087350758,0.0,CASH,1.0,0
minimum_variance,daily_rebalance_to_target,14,2025-05-27,0.0,0.9034200087350758,0.0,CASH,1.0,0
minimum_variance,daily_rebalance_to_target,14,2025-05-28,0.0,0.9034200087350758,0.0,CASH,1.0,0
minimum_variance,daily_rebalance_to_target,14,2025-05-29,0.0,0.9034200087350758,0.0,CASH,1.0,0
minimum_variance,daily_rebalance_to_target,14,2025-05-30,0.0,0.9034200087350758,0.0,CASH,1.0,0
minimum_variance,daily_rebalance_to_target,14,2025-05-31,0.0,0.9034200087350758,0.0,CASH,1.0,0
minimum_variance,daily_rebalance_to_target,14,2025-06-01,0.003840396607054597,0.9068894998713672,0.2862017370316805,BTC,0.2510454858759952,13
minimum_variance,daily_rebalance_to_target,14,2025-06-02,0.05066563125975598,0.9528376288651945,1.0292042075637406,BTC,0.23629431036521414,13
minimum_variance,daily_rebalance_to_target,14,2025-06-03,-0.021574053009029703,0.9322810593510586,0.35720356750655224,BTC,0.25410433361231494,13
minimum_variance,daily_rebalance_to_target,14,2025-06-04,-0.020927622371723076,0.9127706333966498,0.2613920110048185,BTC,0.2518115059751076,13
minimum_variance,daily_rebalance_to_target,14,2025-06-05,-0.04408565404449216,0.8725305430307531,0.42120227928115356,BTC,0.25513450661769593,13
minimum_variance,daily_rebalance_to_target,14,2025-06-06,0.011665395597930006,0.8827089569864836,0.37640524799421976,BTC,0.25333943082352695,13
minimum_variance,daily_rebalance_to_target,14,2025-06-07,0.0078076467878853695,0.8896008367391367,0.23476609921069494,BTC,0.25031098561093307,13
minimum_variance,daily_rebalance_to_target,14,2025-06-08,-0.006619909557244674,0.8837117596578744,0.20132834697440405,BTC,0.250204598948339,13
minimum_variance,daily_rebalance_to_target,14,2025-06-09,0.03958210053027833,0.9186909273684416,0.3674543720032555,BTC,0.2484071688615325,13
minimum_variance,daily_rebalance_to_target,14,2025-06-10,0.004107125666881872,0.9224641064561679,0.46615553481229605,BTC,0.24921398836009984,13
minimum_variance,daily_rebalance_to_target,14,2025-06-11,-0.011652946159696698,0.9117146818893815,0.2596102472722366,BTC,0.25126846517900925,13
minimum_variance,daily_rebalance_to_target,14,2025-06-12,-0.019808054076277615,0.8936553881683804,0.34529754792255585,BTC,0.24800608053363205,13
minimum_variance,daily_rebalance_to_target,14,2025-06-13,-0.014231095456080589,0.8809376930345154,0.5110366725082971,BTC,0.2565755691624298,13
minimum_variance,daily_rebalance_to_target,14,2025-06-14,-0.004450418957461677,0.877017151225092,0.22595831795578653,BTC,0.249739264288146,13
minimum_variance,daily_rebalance_to_target,14,2025-06-15,0.0,0.877017151225092,0.0,CASH,1.0,0
minimum_variance,daily_rebalance_to_target,14,2025-06-16,0.0,0.877017151225092,0.0,CASH,1.0,0
minimum_variance,daily_rebalance_to_target,14,2025-06-17,0.0,0.877017151225092,0.0,CASH,1.0,0
minimum_variance,daily_rebalance_to_target,14,2025-06-18,0.0,0.877017151225092,0.0,CASH,1.0,0
minimum_variance,daily_rebalance_to_target,14,2025-06-19,0.0,0.877017151225092,0.0,CASH,1.0,0
minimum_variance,daily_rebalance_to_target,14,2025-06-20,0.0,0.877017151225092,0.0,CASH,1.0,0
minimum_variance,daily_rebalance_to_target,14,2025-06-21,0.0,0.877017151225092,0.0,CASH,1.0,0
minimum_variance,daily_rebalance_to_target,14,2025-06-22,0.0,0.877017151225092,0.0,CASH,1.0,0
minimum_variance,daily_rebalance_to_target,14,2025-06-23,0.0,0.877017151225092,0.0,CASH,1.0,0
minimum_variance,daily_rebalance_to_target,14,2025-06-24,0.0,0.877017151225092,0.0,CASH,1.0,0
minimum_variance,daily_rebalance_to_target,14,2025-06-25,0.0,0.877017151225092,0.0,CASH,1.0,0
minimum_variance,daily_rebalance_to_target,14,2025-06-26,0.0,0.877017151225092,0.0,CASH,1.0,0
minimum_variance,daily_rebalance_to_target,14,2025-06-27,0.0,0.877017151225092,0.0,CASH,1.0,0
minimum_variance,daily_rebalance_to_target,14,2025-06-28,0.0,0.877017151225092,0.0,CASH,1.0,0
minimum_variance,daily_rebalance_to_target,14,2025-06-29,0.0,0.877017151225092,0.0,CASH,1.0,0
minimum_variance,daily_rebalance_to_target,14,2025-06-30,0.0,0.877017151225092,0.0,CASH,1.0,0
minimum_variance,daily_rebalance_to_target,14,2025-07-01,-0.011879485628070952,0.8665986385815418,0.25120398782417164,BTC,0.25207953490215823,14
minimum_variance,daily_rebalance_to_target,14,2025-07-02,0.10702673662357332,0.9593478628313558,1.2001560683059695,BTC,0.22952681027921865,14
minimum_variance,daily_rebalance_to_target,14,2025-07-03,0.00030403339122719863,0.959639536615459,0.6043917036789596,BTC,0.2523153969547705,14
minimum_variance,daily_rebalance_to_target,14,2025-07-04,-0.024040769320847533,0.9365690638845217,0.32320490840760424,BTC,0.2543034060289853,14
minimum_variance,daily_rebalance_to_target,14,2025-07-05,-0.0047100566831201895,0.9321577705059687,0.2978078163265673,BTC,0.25187138978923024,14
minimum_variance,daily_rebalance_to_target,14,2025-07-06,0.017984068104967665,0.9489217593353229,0.508852329578442,BTC,0.24585020200107185,14
minimum_variance,daily_rebalance_to_target,14,2025-07-07,-0.0014162387243067398,0.9475778595934149,0.2902574341069171,BTC,0.2499107635078932,14
minimum_variance,daily_rebalance_to_target,14,2025-07-08,0.012564929249661017,0.9594841083577514,0.38062139574851395,BTC,0.247237836000438,14
minimum_variance,daily_rebalance_to_target,14,2025-07-09,0.018185057488548706,0.976932382027586,0.2780714661099478,BTC,0.2499008006589215,14
minimum_variance,daily_rebalance_to_target,14,2025-07-10,0.025983964363829992,1.0023169582280624,0.3163459783694084,BTC,0.25270715719951137,14
minimum_variance,daily_rebalance_to_target,14,2025-07-11,0.0418659814223461,1.044279941380541,0.692791230408796,BTC,0.24250323478174224,14
minimum_variance,daily_rebalance_to_target,14,2025-07-12,0.04361187140144063,1.089822943891133,0.8530543969880594,BTC,0.24188000188832368,14
minimum_variance,daily_rebalance_to_target,14,2025-07-13,0.02201551988977135,1.1138159625886974,0.4292251211373004,BTC,0.24756708519222884,14
minimum_variance,daily_rebalance_to_target,14,2025-07-14,0.008903369009021223,1.1237326771117628,0.4118445731952832,BTC,0.2511382227066512,14
minimum_variance,daily_rebalance_to_target,14,2025-07-15,0.0,1.1237326771117628,0.0,CASH,1.0,0
minimum_variance,daily_rebalance_to_target,14,2025-07-16,0.0,1.1237326771117628,0.0,CASH,1.0,0
minimum_variance,daily_rebalance_to_target,14,2025-07-17,0.0,1.1237326771117628,0.0,CASH,1.0,0
minimum_variance,daily_rebalance_to_target,14,2025-07-18,0.0,1.1237326771117628,0.0,CASH,1.0,0
minimum_variance,daily_rebalance_to_target,14,2025-07-19,0.0,1.1237326771117628,0.0,CASH,1.0,0
minimum_variance,daily_rebalance_to_target,14,2025-07-20,0.0,1.1237326771117628,0.0,CASH,1.0,0
minimum_variance,daily_rebalance_to_target,14,2025-07-21,0.0,1.1237326771117628,0.0,CASH,1.0,0
minimum_variance,daily_rebalance_to_target,14,2025-07-22,0.0,1.1237326771117628,0.0,CASH,1.0,0
minimum_variance,daily_rebalance_to_target,14,2025-07-23,0.0,1.1237326771117628,0.0,CASH,1.0,0
minimum_variance,daily_rebalance_to_target,14,2025-07-24,0.0,1.1237326771117628,0.0,CASH,1.0,0
minimum_variance,daily_rebalance_to_target,14,2025-07-25,0.0,1.1237326771117628,0.0,CASH,1.0,0
minimum_variance,daily_rebalance_to_target,14,2025-07-26,0.0,1.1237326771117628,0.0,CASH,1.0,0
minimum_variance,daily_rebalance_to_target,14,2025-07-27,0.0,1.1237326771117628,0.0,CASH,1.0,0
minimum_variance,daily_rebalance_to_target,14,2025-07-28,0.0,1.1237326771117628,0.0,CASH,1.0,0
minimum_variance,daily_rebalance_to_target,14,2025-07-29,0.0,1.1237326771117628,0.0,CASH,1.0,0
minimum_variance,daily_rebalance_to_target,14,2025-07-30,0.0,1.1237326771117628,0.0,CASH,1.0,0
minimum_variance,daily_rebalance_to_target,14,2025-07-31,0.0,1.1237326771117628,0.0,CASH,1.0,0
minimum_variance,daily_rebalance_to_target,14,2025-08-01,-0.04241995265187126,1.0760639901553213,0.5016708177011674,BTC,0.25607894739354736,14
minimum_variance,daily_rebalance_to_target,14,2025-08-02,-0.015197555832797471,1.059710447585273,0.3275225741284022,BTC,0.2528411757444732,14
minimum_variance,daily_rebalance_to_target,14,2025-08-03,0.02805585609751371,1.0894415314077572,0.2787297483488122,BTC,0.24766874657169444,14
minimum_variance,daily_rebalance_to_target,14,2025-08-04,0.06234262513733846,1.157360176409359,0.39481020892241964,BTC,0.2353965027659019,14
minimum_variance,daily_rebalance_to_target,14,2025-08-05,-0.0012988687215044203,1.1558569174767062,0.5509432610516228,BTC,0.2497818707159474,14
minimum_variance,daily_rebalance_to_target,14,2025-08-06,-0.00790124210512122,1.1467242121328436,0.4173045558826221,BTC,0.25198789238434943,14
minimum_variance,daily_rebalance_to_target,14,2025-08-07,0.05832370599771397,1.2136054179417397,0.48958102993794167,BTC,0.23899528430344558,14
minimum_variance,daily_rebalance_to_target,14,2025-08-08,0.006287047353160435,1.2212354126723914,0.4404430771927831,BTC,0.2455665894849607,14
minimum_variance,daily_rebalance_to_target,14,2025-08-09,0.02035817579261856,1.246097537887747,0.2835258546102625,BTC,0.24521719115533203,14
minimum_variance,daily_rebalance_to_target,14,2025-08-10,-0.00605669801050257,1.2385503014091301,0.2903243439367239,BTC,0.25736460078569084,14
minimum_variance,daily_rebalance_to_target,14,2025-08-11,-0.019129636893995383,1.214857283868225,0.3637974553540285,BTC,0.2555522989962685,14
minimum_variance,daily_rebalance_to_target,14,2025-08-12,0.025040460000288034,1.2452778690909858,0.41576773944754153,BTC,0.24395961344833836,14
minimum_variance,daily_rebalance_to_target,14,2025-08-13,0.033116501362542294,1.2865171153394812,0.3461834081292867,BTC,0.24755515564622313,14
minimum_variance,daily_rebalance_to_target,14,2025-08-14,-0.014951356152976047,1.2672819397511412,0.5815472409271109,BTC,0.24846120664728186,14
minimum_variance,daily_rebalance_to_target,14,2025-08-15,0.0,1.2672819397511412,0.0,CASH,1.0,0
minimum_variance,daily_rebalance_to_target,14,2025-08-16,0.0,1.2672819397511412,0.0,CASH,1.0,0
minimum_variance,daily_rebalance_to_target,14,2025-08-17,0.0,1.2672819397511412,0.0,CASH,1.0,0
minimum_variance,daily_rebalance_to_target,14,2025-08-18,0.0,1.2672819397511412,0.0,CASH,1.0,0
minimum_variance,daily_rebalance_to_target,14,2025-08-19,0.0,1.2672819397511412,0.0,CASH,1.0,0
minimum_variance,daily_rebalance_to_target,14,2025-08-20,0.0,1.2672819397511412,0.0,CASH,1.0,0
minimum_variance,daily_rebalance_to_target,14,2025-08-21,0.0,1.2672819397511412,0.0,CASH,1.0,0
minimum_variance,daily_rebalance_to_target,14,2025-08-22,0.0,1.2672819397511412,0.0,CASH,1.0,0
minimum_variance,daily_rebalance_to_target,14,2025-08-23,0.0,1.2672819397511412,0.0,CASH,1.0,0
minimum_variance,daily_rebalance_to_target,14,2025-08-24,0.0,1.2672819397511412,0.0,CASH,1.0,0
minimum_variance,daily_rebalance_to_target,14,2025-08-25,0.0,1.2672819397511412,0.0,CASH,1.0,0
minimum_variance,daily_rebalance_to_target,14,2025-08-26,0.0,1.2672819397511412,0.0,CASH,1.0,0
minimum_variance,daily_rebalance_to_target,14,2025-08-27,0.0,1.2672819397511412,0.0,CASH,1.0,0
minimum_variance,daily_rebalance_to_target,14,2025-08-28,0.0,1.2672819397511412,0.0,CASH,1.0,0
minimum_variance,daily_rebalance_to_target,14,2025-08-29,0.0,1.2672819397511412,0.0,CASH,1.0,0
minimum_variance,daily_rebalance_to_target,14,2025-08-30,0.0,1.2672819397511412,0.0,CASH,1.0,0
minimum_variance,daily_rebalance_to_target,14,2025-08-31,0.0,1.2672819397511412,0.0,CASH,1.0,0
minimum_variance,daily_rebalance_to_target,14,2025-09-01,-0.015750979366798035,1.2473210080662052,0.3402573881148379,BTC,0.2568506330065654,13
minimum_variance,daily_rebalance_to_target,14,2025-09-02,0.023142870532019577,1.2761875966677496,0.3259687262477816,BTC,0.2483525436662703,13
minimum_variance,daily_rebalance_to_target,14,2025-09-03,0.003575497343446976,1.280750602029375,0.22253622931627093,BTC,0.24897430566409595,13
minimum_variance,daily_rebalance_to_target,14,2025-09-04,-0.009549830795197667,1.268519650489147,0.21429351242888006,BTC,0.2533327062936683,13
minimum_variance,daily_rebalance_to_target,14,2025-09-05,0.004559128257494605,1.2743029942728792,0.24365647667431173,BTC,0.2480410575712504,13
minimum_variance,daily_rebalance_to_target,14,2025-09-06,-0.005843933448829386,1.2668560523807044,0.16259023058059438,BTC,0.2504342430932712,13
minimum_variance,daily_rebalance_to_target,14,2025-09-07,0.004126911962757607,1.2720842557783663,0.1320317782931143,BTC,0.25008891591487603,13
minimum_variance,daily_rebalance_to_target,14,2025-09-08,0.011522140194281771,1.286741388912383,0.19549010006691783,BTC,0.24882953928007787,13
minimum_variance,daily_rebalance_to_target,14,2025-09-09,0.0014067020483825576,1.2885514506599047,0.24753981414418672,BTC,0.24858028207422203,13
minimum_variance,daily_rebalance_to_target,14,2025-09-10,0.013308351170951527,1.305699945867126,0.20023680648514242,BTC,0.2519144528699223,13
minimum_variance,daily_rebalance_to_target,14,2025-09-11,0.009240712941881224,1.317765544255114,0.2815535237479389,BTC,0.25070052191042563,13
minimum_variance,daily_rebalance_to_target,14,2025-09-12,0.02378775894484586,1.3491122333676782,0.3151636026223047,BTC,0.24491807879721264,13
minimum_variance,daily_rebalance_to_target,14,2025-09-13,0.001877918450267524,1.3516457561222008,0.20466098144658823,BTC,0.24880636067323555,13
minimum_variance,daily_rebalance_to_target,14,2025-09-14,0.008756412217080234,1.363481323534274,0.34941494030576314,BTC,0.2473052282229476,13
minimum_variance,daily_rebalance_to_target,14,2025-09-15,0.0,1.363481323534274,0.0,CASH,1.0,0
minimum_variance,daily_rebalance_to_target,14,2025-09-16,0.0,1.363481323534274,0.0,CASH,1.0,0
minimum_variance,daily_rebalance_to_target,14,2025-09-17,0.0,1.363481323534274,0.0,CASH,1.0,0
minimum_variance,daily_rebalance_to_target,14,2025-09-18,0.0,1.363481323534274,0.0,CASH,1.0,0
minimum_variance,daily_rebalance_to_target,14,2025-09-19,0.0,1.363481323534274,0.0,CASH,1.0,0
minimum_variance,daily_rebalance_to_target,14,2025-09-20,0.0,1.363481323534274,0.0,CASH,1.0,0
minimum_variance,daily_rebalance_to_target,14,2025-09-21,0.0,1.363481323534274,0.0,CASH,1.0,0
minimum_variance,daily_rebalance_to_target,14,2025-09-22,0.0,1.363481323534274,0.0,CASH,1.0,0
minimum_variance,daily_rebalance_to_target,14,2025-09-23,0.0,1.363481323534274,0.0,CASH,1.0,0
minimum_variance,daily_rebalance_to_target,14,2025-09-24,0.0,1.363481323534274,0.0,CASH,1.0,0
minimum_variance,daily_rebalance_to_target,14,2025-09-25,0.0,1.363481323534274,0.0,CASH,1.0,0
minimum_variance,daily_rebalance_to_target,14,2025-09-26,0.0,1.363481323534274,0.0,CASH,1.0,0
minimum_variance,daily_rebalance_to_target,14,2025-09-27,0.0,1.363481323534274,0.0,CASH,1.0,0
minimum_variance,daily_rebalance_to_target,14,2025-09-28,0.0,1.363481323534274,0.0,CASH,1.0,0
minimum_variance,daily_rebalance_to_target,14,2025-09-29,0.0,1.363481323534274,0.0,CASH,1.0,0
minimum_variance,daily_rebalance_to_target,14,2025-09-30,0.0,1.363481323534274,0.0,CASH,1.0,0
minimum_variance,daily_rebalance_to_target,14,2025-10-01,0.03315024312132464,1.4086810609008207,0.2816701018864287,BTC,0.2504075062103267,13
minimum_variance,daily_rebalance_to_target,14,2025-10-02,0.017112333027850646,1.4327868803449815,0.2849284747114472,BTC,0.24908475964961563,13
minimum_variance,daily_rebalance_to_target,14,2025-10-03,0.008645821939736287,1.4451745005900343,0.32584775368685187,BTC,0.2518211941657635,13
minimum_variance,daily_rebalance_to_target,14,2025-10-04,-0.0070772336758014864,1.4349466629470489,0.22904114277707882,BTC,0.25396177412600346,13
minimum_variance,daily_rebalance_to_target,14,2025-10-05,0.0033047946251754112,1.4396888669661696,0.27362722725237015,BTC,0.2520842395918398,13
minimum_variance,daily_rebalance_to_target,14,2025-10-06,0.006848005115898559,1.4495478636924561,0.20529010081930113,BTC,0.2492407720714436,13
minimum_variance,daily_rebalance_to_target,14,2025-10-07,-0.023330278390775394,1.4157295084917574,0.29588417859428473,BTC,0.2529872709449081,13
minimum_variance,daily_rebalance_to_target,14,2025-10-08,0.010377681394388771,1.4304214982715195,0.23977215535730118,BTC,0.2508317259223485,13
minimum_variance,daily_rebalance_to_target,14,2025-10-09,0.0021952791972672525,1.433561672829999,0.349400592468439,BTC,0.24921419887362964,13
minimum_variance,daily_rebalance_to_target,14,2025-10-10,-0.09982248194023668,1.290459988633711,1.523888747815999,BTC,0.26847509002488024,13
minimum_variance,daily_rebalance_to_target,14,2025-10-11,-0.005789480431713123,1.2829888957816074,0.7073600655413357,BTC,0.2491774143944965,13
minimum_variance,daily_rebalance_to_target,14,2025-10-12,0.0431166209609497,1.3383070416981302,0.5614137083200613,BTC,0.24450073805152545,13
minimum_variance,daily_rebalance_to_target,14,2025-10-13,0.01478431235999289,1.3580929910361734,0.46945088422742665,BTC,0.24333337522652815,13
minimum_variance,daily_rebalance_to_target,14,2025-10-14,-0.012840910250399795,1.340653840826581,0.6179613239071899,BTC,0.2508845936264674,13
minimum_variance,daily_rebalance_to_target,14,2025-10-15,0.0,1.340653840826581,0.0,CASH,1.0,0
minimum_variance,daily_rebalance_to_target,14,2025-10-16,0.0,1.340653840826581,0.0,CASH,1.0,0
minimum_variance,daily_rebalance_to_target,14,2025-10-17,0.0,1.340653840826581,0.0,CASH,1.0,0
minimum_variance,daily_rebalance_to_target,14,2025-10-18,0.0,1.340653840826581,0.0,CASH,1.0,0
minimum_variance,daily_rebalance_to_target,14,2025-10-19,0.0,1.340653840826581,0.0,CASH,1.0,0
minimum_variance,daily_rebalance_to_target,14,2025-10-20,0.0,1.340653840826581,0.0,CASH,1.0,0
minimum_variance,daily_rebalance_to_target,14,2025-10-21,0.0,1.340653840826581,0.0,CASH,1.0,0
minimum_variance,daily_rebalance_to_target,14,2025-10-22,0.0,1.340653840826581,0.0,CASH,1.0,0
minimum_variance,daily_rebalance_to_target,14,2025-10-23,0.0,1.340653840826581,0.0,CASH,1.0,0
minimum_variance,daily_rebalance_to_target,14,2025-10-24,0.0,1.340653840826581,0.0,CASH,1.0,0
minimum_variance,daily_rebalance_to_target,14,2025-10-25,0.0,1.340653840826581,0.0,CASH,1.0,0
minimum_variance,daily_rebalance_to_target,14,2025-10-26,0.0,1.340653840826581,0.0,CASH,1.0,0
minimum_variance,daily_rebalance_to_target,14,2025-10-27,0.0,1.340653840826581,0.0,CASH,1.0,0
minimum_variance,daily_rebalance_to_target,14,2025-10-28,0.0,1.340653840826581,0.0,CASH,1.0,0
minimum_variance,daily_rebalance_to_target,14,2025-10-29,0.0,1.340653840826581,0.0,CASH,1.0,0
minimum_variance,daily_rebalance_to_target,14,2025-10-30,0.0,1.340653840826581,0.0,CASH,1.0,0
minimum_variance,daily_rebalance_to_target,14,2025-10-31,0.0,1.340653840826581,0.0,CASH,1.0,0
minimum_variance,daily_rebalance_to_target,14,2025-11-01,4.0292844834644015e-05,1.3407078595837663,0.19782639897472998,BTC,0.2494848663060235,11
minimum_variance,daily_rebalance_to_target,14,2025-11-02,-0.004477095416131505,1.3347053825712523,0.18652027210985525,BTC,0.25113808886598665,11
minimum_variance,daily_rebalance_to_target,14,2025-11-03,-0.0803263647019068,1.2274933512412358,0.7823778834913274,BTC,0.2627344322548508,11
minimum_variance,daily_rebalance_to_target,14,2025-11-04,-0.03820519494518548,1.1805967284631453,0.9022426385675197,BTC,0.25113166616094446,11
minimum_variance,daily_rebalance_to_target,14,2025-11-05,0.014346393433085636,1.1975340336154914,0.7367520725883274,BTC,0.251053849145402,11
minimum_variance,daily_rebalance_to_target,14,2025-11-06,0.015998502188279362,1.216692784472828,0.8901144041706226,BTC,0.2388156201336661,11
minimum_variance,daily_rebalance_to_target,14,2025-11-07,0.054863834348757745,1.283445215853474,0.5963604358328681,BTC,0.24100771239264906,11
minimum_variance,daily_rebalance_to_target,14,2025-11-08,-0.009909013832964608,1.2707275394557296,0.42462798608407704,BTC,0.25016511210769277,11
minimum_variance,daily_rebalance_to_target,14,2025-11-09,0.011142824333060464,1.2848870332030669,0.47423559611517485,BTC,0.25179298813462725,11
minimum_variance,daily_rebalance_to_target,14,2025-11-10,0.005578821572827408,1.2920551887025464,0.303583324771888,BTC,0.25121198664168576,11
minimum_variance,daily_rebalance_to_target,14,2025-11-11,0.01884268296629754,1.3164009749982284,0.7717262483193453,BTC,0.24147791288191375,11
minimum_variance,daily_rebalance_to_target,14,2025-11-12,0.006743505867973232,1.3252781326977345,0.5104495557180838,BTC,0.24643018263496352,11
minimum_variance,daily_rebalance_to_target,14,2025-11-13,-0.04705280243525345,1.2629200825481464,0.4086789878492693,BTC,0.2588170318390949,11
minimum_variance,daily_rebalance_to_target,14,2025-11-14,-0.04047989486208192,1.2117972103873855,0.6653319702064718,BTC,0.24791062755904159,11
minimum_variance,daily_rebalance_to_target,14,2025-11-15,0.0,1.2117972103873855,0.0,CASH,1.0,0
minimum_variance,daily_rebalance_to_target,14,2025-11-16,0.0,1.2117972103873855,0.0,CASH,1.0,0
minimum_variance,daily_rebalance_to_target,14,2025-11-17,0.0,1.2117972103873855,0.0,CASH,1.0,0
minimum_variance,daily_rebalance_to_target,14,2025-11-18,0.0,1.2117972103873855,0.0,CASH,1.0,0
minimum_variance,daily_rebalance_to_target,14,2025-11-19,0.0,1.2117972103873855,0.0,CASH,1.0,0
minimum_variance,daily_rebalance_to_target,14,2025-11-20,0.0,1.2117972103873855,0.0,CASH,1.0,0
minimum_variance,daily_rebalance_to_target,14,2025-11-21,0.0,1.2117972103873855,0.0,CASH,1.0,0
minimum_variance,daily_rebalance_to_target,14,2025-11-22,0.0,1.2117972103873855,0.0,CASH,1.0,0
minimum_variance,daily_rebalance_to_target,14,2025-11-23,0.0,1.2117972103873855,0.0,CASH,1.0,0
minimum_variance,daily_rebalance_to_target,14,2025-11-24,0.0,1.2117972103873855,0.0,CASH,1.0,0
minimum_variance,daily_rebalance_to_target,14,2025-11-25,0.0,1.2117972103873855,0.0,CASH,1.0,0
minimum_variance,daily_rebalance_to_target,14,2025-11-26,0.0,1.2117972103873855,0.0,CASH,1.0,0
minimum_variance,daily_rebalance_to_target,14,2025-11-27,0.0,1.2117972103873855,0.0,CASH,1.0,0
minimum_variance,daily_rebalance_to_target,14,2025-11-28,0.0,1.2117972103873855,0.0,CASH,1.0,0
minimum_variance,daily_rebalance_to_target,14,2025-11-29,0.0,1.2117972103873855,0.0,CASH,1.0,0
minimum_variance,daily_rebalance_to_target,14,2025-11-30,0.0,1.2117972103873855,0.0,CASH,1.0,0
minimum_variance,daily_rebalance_to_target,14,2025-12-01,-0.05972756392034728,1.1394195150454745,0.6832148534944347,BTC,0.2529113768950742,19
minimum_variance,daily_rebalance_to_target,14,2025-12-02,0.038886822005726795,1.1837279189168994,0.40137317848928783,BTC,0.25324285708911887,19
minimum_variance,daily_rebalance_to_target,14,2025-12-03,0.019663094276785476,1.2070036725846254,0.3882248485236376,BTC,0.2504977869354802,19
minimum_variance,daily_rebalance_to_target,14,2025-12-04,-0.01990239720477649,1.1829814060652222,0.3019297975085659,BTC,0.2523787441270175,19
minimum_variance,daily_rebalance_to_target,14,2025-12-05,-0.020654068861901798,1.1585480266420016,0.40047666240656526,BTC,0.24835468392159557,19
minimum_variance,daily_rebalance_to_target,14,2025-12-06,0.0024632843167806673,1.161401859826266,0.3186139262763858,BTC,0.24921781342363766,19
minimum_variance,daily_rebalance_to_target,14,2025-12-07,-0.00228221530169892,1.158751290730349,0.41700497222872374,BTC,0.25335315667768926,19
minimum_variance,daily_rebalance_to_target,14,2025-12-08,0.002295359592122681,1.1614110416204113,0.29798417533438826,BTC,0.24926314521795334,19
minimum_variance,daily_rebalance_to_target,14,2025-12-09,0.011090747423580183,1.1742919581379805,0.3300391456523009,BTC,0.25113509446842525,19
minimum_variance,daily_rebalance_to_target,14,2025-12-10,-0.007896726369530649,1.1650188958666245,0.3195863101698614,BTC,0.25122170621347434,19
minimum_variance,daily_rebalance_to_target,14,2025-12-11,-0.011618825733710425,1.1514827443390705,0.3963204526483187,BTC,0.2545134869619048,19
minimum_variance,daily_rebalance_to_target,14,2025-12-12,-0.014699310988139702,1.134556741382554,0.32857640225593715,BTC,0.24869379537801337,19
minimum_variance,daily_rebalance_to_target,14,2025-12-13,0.016557432318546228,1.153342087839546,0.39558397369079973,BTC,0.24578760538914568,19
minimum_variance,daily_rebalance_to_target,14,2025-12-14,-0.026378292207328236,1.1229188932315044,0.2606901318586735,BTC,0.25120301935277795,19
minimum_variance,daily_rebalance_to_target,14,2025-12-15,0.0,1.1229188932315044,0.0,CASH,1.0,0
minimum_variance,daily_rebalance_to_target,14,2025-12-16,0.0,1.1229188932315044,0.0,CASH,1.0,0
minimum_variance,daily_rebalance_to_target,14,2025-12-17,0.0,1.1229188932315044,0.0,CASH,1.0,0
minimum_variance,daily_rebalance_to_target,14,2025-12-18,0.0,1.1229188932315044,0.0,CASH,1.0,0
minimum_variance,daily_rebalance_to_target,14,2025-12-19,0.0,1.1229188932315044,0.0,CASH,1.0,0
minimum_variance,daily_rebalance_to_target,14,2025-12-20,0.0,1.1229188932315044,0.0,CASH,1.0,0
minimum_variance,daily_rebalance_to_target,14,2025-12-21,0.0,1.1229188932315044,0.0,CASH,1.0,0
minimum_variance,daily_rebalance_to_target,14,2025-12-22,0.0,1.1229188932315044,0.0,CASH,1.0,0
minimum_variance,daily_rebalance_to_target,14,2025-12-23,0.0,1.1229188932315044,0.0,CASH,1.0,0
minimum_variance,daily_rebalance_to_target,14,2025-12-24,0.0,1.1229188932315044,0.0,CASH,1.0,0
minimum_variance,daily_rebalance_to_target,14,2025-12-25,0.0,1.1229188932315044,0.0,CASH,1.0,0
minimum_variance,daily_rebalance_to_target,14,2025-12-26,0.0,1.1229188932315044,0.0,CASH,1.0,0
minimum_variance,daily_rebalance_to_target,14,2025-12-27,0.0,1.1229188932315044,0.0,CASH,1.0,0
minimum_variance,daily_rebalance_to_target,14,2025-12-28,0.0,1.1229188932315044,0.0,CASH,1.0,0
minimum_variance,daily_rebalance_to_target,14,2025-12-29,0.0,1.1229188932315044,0.0,CASH,1.0,0
minimum_variance,daily_rebalance_to_target,14,2025-12-30,0.0,1.1229188932315044,0.0,CASH,1.0,0
minimum_variance,daily_rebalance_to_target,14,2025-12-31,0.0,1.1229188932315044,0.0,CASH,1.0,0
minimum_variance,daily_rebalance_to_target,14,2026-01-01,0.01531080865007528,1.1401116895353263,0.29442094924733353,BTC,0.24772243899681645,20
minimum_variance,daily_rebalance_to_target,14,2026-01-02,0.021241487150690963,1.1643293573389435,0.31822574599681297,BTC,0.2473639015160177,20
minimum_variance,daily_rebalance_to_target,14,2026-01-03,0.004515308798072271,1.16958666392999,0.2208565630868745,BTC,0.25064498822715037,20
minimum_variance,daily_rebalance_to_target,14,2026-01-04,0.012062176715556872,1.183694424954472,0.19527749794503232,BTC,0.24967188929047798,20
minimum_variance,daily_rebalance_to_target,14,2026-01-05,0.031184736101241173,1.2206076232211878,0.257749235600511,BTC,0.2491956215670641,20
minimum_variance,daily_rebalance_to_target,14,2026-01-06,0.007144905443597027,1.2293287492728369,0.36558081995665115,BTC,0.24815171090956062,20
minimum_variance,daily_rebalance_to_target,14,2026-01-07,0.0033599460574420537,1.2334592275572562,0.7029438348879181,BTC,0.24334637934076828,20
minimum_variance,daily_rebalance_to_target,14,2026-01-08,-0.0021446273572888197,1.2308139171537367,0.5117732671318354,BTC,0.2509895425773108,20
minimum_variance,daily_rebalance_to_target,14,2026-01-09,-0.0012604970919696257,1.2292624797904086,0.4053512772613718,BTC,0.2509732579687395,20
minimum_variance,daily_rebalance_to_target,14,2026-01-10,0.003969673358016568,1.234142250306442,0.32495748358090293,BTC,0.24897607908876312,20
minimum_variance,daily_rebalance_to_target,14,2026-01-11,-0.015501799849706344,1.2150108241561255,0.2049754022423766,BTC,0.2544290137741527,20
minimum_variance,daily_rebalance_to_target,14,2026-01-12,-0.0038103416474707386,1.2103812178107156,0.3247464283150814,BTC,0.252477460017322,20
minimum_variance,daily_rebalance_to_target,14,2026-01-13,0.03393601654564349,1.2514567348448762,0.298968351611315,BTC,0.2514859259179987,20
minimum_variance,daily_rebalance_to_target,14,2026-01-14,0.0022326667132355205,1.2542508206398189,0.26309008820816177,BTC,0.25306723185085495,20
minimum_variance,daily_rebalance_to_target,14,2026-01-15,0.0,1.2542508206398189,0.0,CASH,1.0,0
minimum_variance,daily_rebalance_to_target,14,2026-01-16,0.0,1.2542508206398189,0.0,CASH,1.0,0
minimum_variance,daily_rebalance_to_target,14,2026-01-17,0.0,1.2542508206398189,0.0,CASH,1.0,0
minimum_variance,daily_rebalance_to_target,14,2026-01-18,0.0,1.2542508206398189,0.0,CASH,1.0,0
minimum_variance,daily_rebalance_to_target,14,2026-01-19,0.0,1.2542508206398189,0.0,CASH,1.0,0
minimum_variance,daily_rebalance_to_target,14,2026-01-20,0.0,1.2542508206398189,0.0,CASH,1.0,0
minimum_variance,daily_rebalance_to_target,14,2026-01-21,0.0,1.2542508206398189,0.0,CASH,1.0,0
minimum_variance,daily_rebalance_to_target,14,2026-01-22,0.0,1.2542508206398189,0.0,CASH,1.0,0
minimum_variance,daily_rebalance_to_target,14,2026-01-23,0.0,1.2542508206398189,0.0,CASH,1.0,0
minimum_variance,daily_rebalance_to_target,14,2026-01-24,0.0,1.2542508206398189,0.0,CASH,1.0,0
minimum_variance,daily_rebalance_to_target,14,2026-01-25,0.0,1.2542508206398189,0.0,CASH,1.0,0
minimum_variance,daily_rebalance_to_target,14,2026-01-26,0.0,1.2542508206398189,0.0,CASH,1.0,0
minimum_variance,daily_rebalance_to_target,14,2026-01-27,0.0,1.2542508206398189,0.0,CASH,1.0,0
minimum_variance,daily_rebalance_to_target,14,2026-01-28,0.0,1.2542508206398189,0.0,CASH,1.0,0
minimum_variance,daily_rebalance_to_target,14,2026-01-29,0.0,1.2542508206398189,0.0,CASH,1.0,0
minimum_variance,daily_rebalance_to_target,14,2026-01-30,0.0,1.2542508206398189,0.0,CASH,1.0,0
minimum_variance,daily_rebalance_to_target,14,2026-01-31,0.0,1.2542508206398189,0.0,CASH,1.0,0
minimum_variance,daily_rebalance_to_target,14,2026-02-01,-0.016246200320120474,1.2338740105560289,1.4915784662816838,BTC,0.2451747579418817,11
minimum_variance,daily_rebalance_to_target,14,2026-02-02,0.02628573443757909,1.2663072951269352,0.7954605087651997,BTC,0.25102687067203977,11
minimum_variance,daily_rebalance_to_target,14,2026-02-03,-0.022939913447460714,1.2372583153788352,0.6962388290694912,BTC,0.244867399436784,11
minimum_variance,daily_rebalance_to_target,14,2026-02-04,-0.011863622499472037,1.222579949790848,0.673328362970054,BTC,0.24406199497681802,11
minimum_variance,daily_rebalance_to_target,14,2026-02-05,-0.13935942179380856,1.052201914891292,1.2939786087540963,BTC,0.25053777274632455,11
minimum_variance,daily_rebalance_to_target,14,2026-02-06,0.12780637118030547,1.1866800233825165,1.5341667267960462,BTC,0.24905828779335876,11
minimum_variance,daily_rebalance_to_target,14,2026-02-07,-0.008490539770229288,1.1766044694494506,0.8636157850301017,BTC,0.2470309891951476,11
minimum_variance,daily_rebalance_to_target,14,2026-02-08,0.014040375027248864,1.1931244374592582,0.6521441318749698,BTC,0.2516213039098588,11
minimum_variance,daily_rebalance_to_target,14,2026-02-09,-0.005903124306571472,1.186081275591728,0.5357141349042945,BTC,0.24902266318955207,11
minimum_variance,daily_rebalance_to_target,14,2026-02-10,-0.01616946469737146,1.1669029762778342,0.47446388473743484,BTC,0.25057852626091914,11
minimum_variance,daily_rebalance_to_target,14,2026-02-11,-0.01884259885705719,1.144915491590725,0.6072463766260059,BTC,0.24737211852035368,11
minimum_variance,daily_rebalance_to_target,14,2026-02-12,0.003875834364210018,1.1493529943971486,0.44985606161727715,BTC,0.24407980345111155,11
minimum_variance,daily_rebalance_to_target,14,2026-02-13,0.0395147985582569,1.1947694464430811,0.43921593500657347,BTC,0.2494174870178283,11
minimum_variance,daily_rebalance_to_target,14,2026-02-14,0.03683605318379435,1.238780037314631,0.6676373956188725,BTC,0.24601257454786116,11
minimum_variance,daily_rebalance_to_target,14,2026-02-15,0.0,1.238780037314631,0.0,CASH,1.0,0
minimum_variance,daily_rebalance_to_target,14,2026-02-16,0.0,1.238780037314631,0.0,CASH,1.0,0
minimum_variance,daily_rebalance_to_target,14,2026-02-17,0.0,1.238780037314631,0.0,CASH,1.0,0
minimum_variance,daily_rebalance_to_target,14,2026-02-18,0.0,1.238780037314631,0.0,CASH,1.0,0
minimum_variance,daily_rebalance_to_target,14,2026-02-19,0.0,1.238780037314631,0.0,CASH,1.0,0
minimum_variance,daily_rebalance_to_target,14,2026-02-20,0.0,1.238780037314631,0.0,CASH,1.0,0
minimum_variance,daily_rebalance_to_target,14,2026-02-21,0.0,1.238780037314631,0.0,CASH,1.0,0
minimum_variance,daily_rebalance_to_target,14,2026-02-22,0.0,1.238780037314631,0.0,CASH,1.0,0
minimum_variance,daily_rebalance_to_target,14,2026-02-23,0.0,1.238780037314631,0.0,CASH,1.0,0
minimum_variance,daily_rebalance_to_target,14,2026-02-24,0.0,1.238780037314631,0.0,CASH,1.0,0
minimum_variance,daily_rebalance_to_target,14,2026-02-25,0.0,1.238780037314631,0.0,CASH,1.0,0
minimum_variance,daily_rebalance_to_target,14,2026-02-26,0.0,1.238780037314631,0.0,CASH,1.0,0
minimum_variance,daily_rebalance_to_target,14,2026-02-27,0.0,1.238780037314631,0.0,CASH,1.0,0
minimum_variance,daily_rebalance_to_target,14,2026-02-28,0.0,1.238780037314631,0.0,CASH,1.0,0
minimum_variance,daily_rebalance_to_target,14,2026-03-01,-0.012989303514025274,1.2226891474228356,0.45199934533081376,BTC,0.24898163144735183,14
minimum_variance,daily_rebalance_to_target,14,2026-03-02,0.026745813182156075,1.2553909629396565,0.4362761555238239,BTC,0.25542051246852443,14
minimum_variance,daily_rebalance_to_target,14,2026-03-03,-0.0009184960372403683,1.254237891315009,0.4446275191532052,BTC,0.2490923477469952,14
minimum_variance,daily_rebalance_to_target,14,2026-03-04,0.02011153811284938,1.2794625444687706,0.5077144889973131,BTC,0.2576235208007777,14
minimum_variance,daily_rebalance_to_target,14,2026-03-05,0.0008966028003321025,1.2806097141690613,0.4113926501197149,BTC,0.24608740423701836,14
minimum_variance,daily_rebalance_to_target,14,2026-03-06,-0.01796309953296149,1.257605994410565,0.36085972047117004,BTC,0.24707358648741115,14
minimum_variance,daily_rebalance_to_target,14,2026-03-07,-0.004864106838603721,1.2514888644928837,0.3028125562232673,BTC,0.24767099785216556,14
minimum_variance,daily_rebalance_to_target,14,2026-03-08,-0.022731991140521712,1.2230400307127698,0.3299192066765269,BTC,0.25184116051758004,14
minimum_variance,daily_rebalance_to_target,14,2026-03-09,0.013879298636835014,1.2400149685438362,0.3447336972050087,BTC,0.25315250826245667,14
minimum_variance,daily_rebalance_to_target,14,2026-03-10,0.016861769690054595,1.2609238153556426,0.3357261943026395,BTC,0.2505339045122944,14
minimum_variance,daily_rebalance_to_target,14,2026-03-11,0.0010729546973526904,1.2622767294863324,0.27779236943540897,BTC,0.2508444953583357,14
minimum_variance,daily_rebalance_to_target,14,2026-03-12,0.006359780271191884,1.2703045321273043,0.22587205152389073,BTC,0.24932851776165474,14
minimum_variance,daily_rebalance_to_target,14,2026-03-13,0.009768649231398197,1.2827136915187114,0.3327820094318314,BTC,0.2504219605548337,14
minimum_variance,daily_rebalance_to_target,14,2026-03-14,0.02203016800132529,1.3109720896404686,0.3464943755088445,BTC,0.24647886492684157,14
minimum_variance,daily_rebalance_to_target,14,2026-03-15,0.0,1.3109720896404686,0.0,CASH,1.0,0
minimum_variance,daily_rebalance_to_target,14,2026-03-16,0.0,1.3109720896404686,0.0,CASH,1.0,0
minimum_variance,daily_rebalance_to_target,14,2026-03-17,0.0,1.3109720896404686,0.0,CASH,1.0,0
minimum_variance,daily_rebalance_to_target,14,2026-03-18,0.0,1.3109720896404686,0.0,CASH,1.0,0
minimum_variance,daily_rebalance_to_target,14,2026-03-19,0.0,1.3109720896404686,0.0,CASH,1.0,0
minimum_variance,daily_rebalance_to_target,14,2026-03-20,0.0,1.3109720896404686,0.0,CASH,1.0,0
minimum_variance,daily_rebalance_to_target,14,2026-03-21,0.0,1.3109720896404686,0.0,CASH,1.0,0
minimum_variance,daily_rebalance_to_target,14,2026-03-22,0.0,1.3109720896404686,0.0,CASH,1.0,0
minimum_variance,daily_rebalance_to_target,14,2026-03-23,0.0,1.3109720896404686,0.0,CASH,1.0,0
minimum_variance,daily_rebalance_to_target,14,2026-03-24,0.0,1.3109720896404686,0.0,CASH,1.0,0
minimum_variance,daily_rebalance_to_target,14,2026-03-25,0.0,1.3109720896404686,0.0,CASH,1.0,0
minimum_variance,daily_rebalance_to_target,14,2026-03-26,0.0,1.3109720896404686,0.0,CASH,1.0,0
minimum_variance,daily_rebalance_to_target,14,2026-03-27,0.0,1.3109720896404686,0.0,CASH,1.0,0
minimum_variance,daily_rebalance_to_target,14,2026-03-28,0.0,1.3109720896404686,0.0,CASH,1.0,0
minimum_variance,daily_rebalance_to_target,14,2026-03-29,0.0,1.3109720896404686,0.0,CASH,1.0,0
minimum_variance,daily_rebalance_to_target,14,2026-03-30,0.0,1.3109720896404686,0.0,CASH,1.0,0
equal_weight,daily_rebalance_to_target,14,2025-03-01,0.00826845591958758,1.0082684559195876,0.5509273815658186,CBK,0.023939984329340008,50
equal_weight,daily_rebalance_to_target,14,2025-03-02,0.12391755544244032,1.1332106182068669,1.0645005256139062,ADA,0.03293872222566351,50
equal_weight,daily_rebalance_to_target,14,2025-03-03,-0.15264624896114576,0.9602302680546475,1.0423112381328112,WAVES,0.022586348574742808,50
equal_weight,daily_rebalance_to_target,14,2025-03-04,-0.01843045575976321,0.9425327865800808,1.4198862604264666,ADA,0.02221487779319309,50
equal_weight,daily_rebalance_to_target,14,2025-03-05,0.02523641274808286,0.9663189330108163,0.7054833910245815,ONDO,0.022808998094336504,50
equal_weight,daily_rebalance_to_target,14,2025-03-06,-0.019459620704857294,0.9475147330945034,0.7399587305389338,CRO,0.022450297084772967,50
equal_weight,daily_rebalance_to_target,14,2025-03-07,-0.01828585974807484,0.9301886115759027,1.1093653530451704,AUCTION,0.024363135514737493,50
equal_weight,daily_rebalance_to_target,14,2025-03-08,-0.009711849036571407,0.9211547602047396,0.5284035025726495,AUCTION,0.02223804761650722,50
equal_weight,daily_rebalance_to_target,14,2025-03-09,-0.08259765965788535,0.8450695328291076,0.7735823558116436,AUCTION,0.022255230779453634,50
equal_weight,daily_rebalance_to_target,14,2025-03-10,-0.04277000300746425,0.8089259063684903,1.295246179533637,AUCTION,0.024447012793415893,50
equal_weight,daily_rebalance_to_target,14,2025-03-11,0.04331397371898649,0.8439637018175424,1.1591440199594951,AUCTION,0.024690862870326125,50
equal_weight,daily_rebalance_to_target,14,2025-03-12,0.01921831400352869,0.8601832612466525,0.8148214216784986,ATH,0.021843831190319712,50
equal_weight,daily_rebalance_to_target,14,2025-03-13,-0.016984965203161395,0.8455730784860361,0.6415832120002146,AKT,0.02177717788021859,50
equal_weight,daily_rebalance_to_target,14,2025-03-14,0.03078125809248089,0.8716008816509684,0.44343061149566915,VIRTUAL,0.02250747260838877,50
equal_weight,daily_rebalance_to_target,14,2025-03-15,0.0,0.8716008816509684,0.0,CASH,1.0,0
equal_weight,daily_rebalance_to_target,14,2025-03-16,0.0,0.8716008816509684,0.0,CASH,1.0,0
equal_weight,daily_rebalance_to_target,14,2025-03-17,0.0,0.8716008816509684,0.0,CASH,1.0,0
equal_weight,daily_rebalance_to_target,14,2025-03-18,0.0,0.8716008816509684,0.0,CASH,1.0,0
equal_weight,daily_rebalance_to_target,14,2025-03-19,0.0,0.8716008816509684,0.0,CASH,1.0,0
equal_weight,daily_rebalance_to_target,14,2025-03-20,0.0,0.8716008816509684,0.0,CASH,1.0,0
equal_weight,daily_rebalance_to_target,14,2025-03-21,0.0,0.8716008816509684,0.0,CASH,1.0,0
equal_weight,daily_rebalance_to_target,14,2025-03-22,0.0,0.8716008816509684,0.0,CASH,1.0,0
equal_weight,daily_rebalance_to_target,14,2025-03-23,0.0,0.8716008816509684,0.0,CASH,1.0,0
equal_weight,daily_rebalance_to_target,14,2025-03-24,0.0,0.8716008816509684,0.0,CASH,1.0,0
equal_weight,daily_rebalance_to_target,14,2025-03-25,0.0,0.8716008816509684,0.0,CASH,1.0,0
equal_weight,daily_rebalance_to_target,14,2025-03-26,0.0,0.8716008816509684,0.0,CASH,1.0,0
equal_weight,daily_rebalance_to_target,14,2025-03-27,0.0,0.8716008816509684,0.0,CASH,1.0,0
equal_weight,daily_rebalance_to_target,14,2025-03-28,0.0,0.8716008816509684,0.0,CASH,1.0,0
equal_weight,daily_rebalance_to_target,14,2025-03-29,0.0,0.8716008816509684,0.0,CASH,1.0,0
equal_weight,daily_rebalance_to_target,14,2025-03-30,0.0,0.8716008816509684,0.0,CASH,1.0,0
equal_weight,daily_rebalance_to_target,14,2025-03-31,0.0,0.8716008816509684,0.0,CASH,1.0,0
equal_weight,daily_rebalance_to_target,14,2025-04-01,0.011691562650116838,0.8817912579646878,0.5877665902009898,CARV,0.02243327631615126,50
equal_weight,daily_rebalance_to_target,14,2025-04-02,-0.06640892321056646,0.823232450026762,1.1313827002398014,BIGTIME,0.023470497760287434,50
equal_weight,daily_rebalance_to_target,14,2025-04-03,-7.754510574953244e-05,0.8231686123793682,0.7063641411768804,BIGTIME,0.023374009849482593,50
equal_weight,daily_rebalance_to_target,14,2025-04-04,-0.0031196837837019764,0.8206005866080759,0.8028519390788392,PEPE,0.021390704148601582,50
equal_weight,daily_rebalance_to_target,14,2025-04-05,0.0020476266929296827,0.8222808702734483,0.3127868130971294,AUCTION,0.022990114909682093,50
equal_weight,daily_rebalance_to_target,14,2025-04-06,-0.07135107728987156,0.7636102443445847,0.7168385301635408,AERGO,0.03803229503346999,50
equal_weight,daily_rebalance_to_target,14,2025-04-07,0.013942619906062381,0.7742569717378566,1.5296841906701681,CBK,0.025017867488658592,50
equal_weight,daily_rebalance_to_target,14,2025-04-08,-0.02016817773800661,0.7586416195169567,0.8805517990392563,AERGO,0.0262798530270667,50
equal_weight,daily_rebalance_to_target,14,2025-04-09,0.10383097632876037,0.8374121195550344,0.9915456432054003,ARDR,0.029263806335460656,50
equal_weight,daily_rebalance_to_target,14,2025-04-10,0.003003739689971141,0.8399274875754047,0.7134683595640682,AERGO,0.030132744892153125,50
equal_weight,daily_rebalance_to_target,14,2025-04-11,0.024414342423660473,0.8604337648681154,0.5172543237897229,BONK,0.022762761820541176,50
equal_weight,daily_rebalance_to_target,14,2025-04-12,0.04047856706194208,0.8952628907216887,0.41888594453559724,ARK,0.026750929044324637,50
equal_weight,daily_rebalance_to_target,14,2025-04-13,-0.03980696350611268,0.8596251935023536,0.6579230986564443,AERGO,0.025432601290446978,50
equal_weight,daily_rebalance_to_target,14,2025-04-14,0.011953329303016291,0.8699005765174562,0.6340670460017925,AERGO,0.023838231948752307,50
equal_weight,daily_rebalance_to_target,14,2025-04-15,0.0,0.8699005765174562,0.0,CASH,1.0,0
equal_weight,daily_rebalance_to_target,14,2025-04-16,0.0,0.8699005765174562,0.0,CASH,1.0,0
equal_weight,daily_rebalance_to_target,14,2025-04-17,0.0,0.8699005765174562,0.0,CASH,1.0,0
equal_weight,daily_rebalance_to_target,14,2025-04-18,0.0,0.8699005765174562,0.0,CASH,1.0,0
equal_weight,daily_rebalance_to_target,14,2025-04-19,0.0,0.8699005765174562,0.0,CASH,1.0,0
equal_weight,daily_rebalance_to_target,14,2025-04-20,0.0,0.8699005765174562,0.0,CASH,1.0,0
equal_weight,daily_rebalance_to_target,14,2025-04-21,0.0,0.8699005765174562,0.0,CASH,1.0,0
equal_weight,daily_rebalance_to_target,14,2025-04-22,0.0,0.8699005765174562,0.0,CASH,1.0,0
equal_weight,daily_rebalance_to_target,14,2025-04-23,0.0,0.8699005765174562,0.0,CASH,1.0,0
equal_weight,daily_rebalance_to_target,14,2025-04-24,0.0,0.8699005765174562,0.0,CASH,1.0,0
equal_weight,daily_rebalance_to_target,14,2025-04-25,0.0,0.8699005765174562,0.0,CASH,1.0,0
equal_weight,daily_rebalance_to_target,14,2025-04-26,0.0,0.8699005765174562,0.0,CASH,1.0,0
equal_weight,daily_rebalance_to_target,14,2025-04-27,0.0,0.8699005765174562,0.0,CASH,1.0,0
equal_weight,daily_rebalance_to_target,14,2025-04-28,0.0,0.8699005765174562,0.0,CASH,1.0,0
equal_weight,daily_rebalance_to_target,14,2025-04-29,0.0,0.8699005765174562,0.0,CASH,1.0,0
equal_weight,daily_rebalance_to_target,14,2025-04-30,0.0,0.8699005765174562,0.0,CASH,1.0,0
equal_weight,daily_rebalance_to_target,14,2025-05-01,0.007892485690993878,0.8767662543702076,0.36029589338788093,ME,0.022063433725798443,50
equal_weight,daily_rebalance_to_target,14,2025-05-02,-0.0011317209749269752,0.8757739996100287,0.3801698761333011,PUNDIX,0.027548977107981716,50
equal_weight,daily_rebalance_to_target,14,2025-05-03,-0.02563286256992392,0.8533254050357122,0.36852982654048194,AERGO,0.024877791173325767,50
equal_weight,daily_rebalance_to_target,14,2025-05-04,-0.02588229772758943,0.8312393828440621,0.48146140656687203,AWE,0.023548248737245318,50
equal_weight,daily_rebalance_to_target,14,2025-05-05,-0.0009247774375785722,0.8304706714175811,0.513120977963222,AKT,0.023452773639899067,50
equal_weight,daily_rebalance_to_target,14,2025-05-06,-0.03215523646058016,0.8037666906045721,0.6664898128602849,CRO,0.021059019321076143,50
equal_weight,daily_rebalance_to_target,14,2025-05-07,0.01613002438978728,0.8167314669277224,0.5244254472334825,AWE,0.023663352601259752,50
equal_weight,daily_rebalance_to_target,14,2025-05-08,0.10419306101374826,0.9018292184931707,0.5197328196085941,VIRTUAL,0.02692538911998856,50
equal_weight,daily_rebalance_to_target,14,2025-05-09,0.03863281636670979,0.9366694210853507,0.7215481793093387,PYTH,0.024266456555356662,50
equal_weight,daily_rebalance_to_target,14,2025-05-10,0.04343528407952624,0.9773539234787982,0.6282997126818268,DOGE,0.023165411713949056,50
equal_weight,daily_rebalance_to_target,14,2025-05-11,-0.012929280252492292,0.964717440696268,0.7363593730037588,PUNDIX,0.022944811030536343,50
equal_weight,daily_rebalance_to_target,14,2025-05-12,0.019781355634955533,0.9838008594779251,0.9990582393099229,ATH,0.022825863630367867,50
equal_weight,daily_rebalance_to_target,14,2025-05-13,0.01764771387326003,1.0011626955542587,0.639473950849633,ATH,0.021735663448375266,50
equal_weight,daily_rebalance_to_target,14,2025-05-14,-0.023102169195991618,0.9780336655688492,0.6294388109325358,WAVES,0.02164970272716487,50
equal_weight,daily_rebalance_to_target,14,2025-05-15,0.0,0.9780336655688492,0.0,CASH,1.0,0
equal_weight,daily_rebalance_to_target,14,2025-05-16,0.0,0.9780336655688492,0.0,CASH,1.0,0
equal_weight,daily_rebalance_to_target,14,2025-05-17,0.0,0.9780336655688492,0.0,CASH,1.0,0
equal_weight,daily_rebalance_to_target,14,2025-05-18,0.0,0.9780336655688492,0.0,CASH,1.0,0
equal_weight,daily_rebalance_to_target,14,2025-05-19,0.0,0.9780336655688492,0.0,CASH,1.0,0
equal_weight,daily_rebalance_to_target,14,2025-05-20,0.0,0.9780336655688492,0.0,CASH,1.0,0
equal_weight,daily_rebalance_to_target,14,2025-05-21,0.0,0.9780336655688492,0.0,CASH,1.0,0
equal_weight,daily_rebalance_to_target,14,2025-05-22,0.0,0.9780336655688492,0.0,CASH,1.0,0
equal_weight,daily_rebalance_to_target,14,2025-05-23,0.0,0.9780336655688492,0.0,CASH,1.0,0
equal_weight,daily_rebalance_to_target,14,2025-05-24,0.0,0.9780336655688492,0.0,CASH,1.0,0
equal_weight,daily_rebalance_to_target,14,2025-05-25,0.0,0.9780336655688492,0.0,CASH,1.0,0
equal_weight,daily_rebalance_to_target,14,2025-05-26,0.0,0.9780336655688492,0.0,CASH,1.0,0
equal_weight,daily_rebalance_to_target,14,2025-05-27,0.0,0.9780336655688492,0.0,CASH,1.0,0
equal_weight,daily_rebalance_to_target,14,2025-05-28,0.0,0.9780336655688492,0.0,CASH,1.0,0
equal_weight,daily_rebalance_to_target,14,2025-05-29,0.0,0.9780336655688492,0.0,CASH,1.0,0
equal_weight,daily_rebalance_to_target,14,2025-05-30,0.0,0.9780336655688492,0.0,CASH,1.0,0
equal_weight,daily_rebalance_to_target,14,2025-05-31,0.0,0.9780336655688492,0.0,CASH,1.0,0
equal_weight,daily_rebalance_to_target,14,2025-06-01,0.020629809852292125,0.9982103141186748,0.4982253529327018,MASK,0.02567022222344092,50
equal_weight,daily_rebalance_to_target,14,2025-06-02,0.00926331583827289,1.0074570515313777,0.47627188825660777,TOKAMAK,0.02592482841863512,50
equal_weight,daily_rebalance_to_target,14,2025-06-03,0.0047714082362892984,1.0122640404047623,0.4604637158535681,ME,0.023326464521325266,50
equal_weight,daily_rebalance_to_target,14,2025-06-04,-0.02850997309966774,0.9834044198430615,0.45468509483934344,ANIME,0.023006056030504117,50
equal_weight,daily_rebalance_to_target,14,2025-06-05,-0.05902190547242625,0.9253620171339181,0.7263947445143631,AERGO,0.02152255442505288,50
equal_weight,daily_rebalance_to_target,14,2025-06-06,0.009197601910451603,0.9338731285905683,0.45187771550990435,VIRTUAL,0.022128080938105598,50
equal_weight,daily_rebalance_to_target,14,2025-06-07,0.02223034728739237,0.9546334525615002,0.30589553727466334,ANIME,0.02300898779480855,50
equal_weight,daily_rebalance_to_target,14,2025-06-08,-0.007371222986234605,0.9475966365125504,0.305931443854198,ANIME,0.021491753843277433,50
equal_weight,daily_rebalance_to_target,14,2025-06-09,0.041530604447963526,0.986950897599774,0.37533571591252396,ANIME,0.023209483229335078,50
equal_weight,daily_rebalance_to_target,14,2025-06-10,0.019303438390287697,1.0060024434458303,0.5249086845239789,ENS,0.021343093334514122,50
equal_weight,daily_rebalance_to_target,14,2025-06-11,-0.025642404829873344,0.9802061215311506,0.4795194906557952,ARDR,0.021445176158987004,50
equal_weight,daily_rebalance_to_target,14,2025-06-12,-0.05624019561297733,0.9250791375152009,0.524081095188124,TOKAMAK,0.021678521897412515,50
equal_weight,daily_rebalance_to_target,14,2025-06-13,-0.013452921937179174,0.9126341200924959,0.7616754487743741,GAS,0.022123560823157248,50
equal_weight,daily_rebalance_to_target,14,2025-06-14,-0.011861069879886998,0.9018093030193096,0.36415540911495053,STRAX,0.02217568818612695,50
equal_weight,daily_rebalance_to_target,14,2025-06-15,0.0,0.9018093030193096,0.0,CASH,1.0,0
equal_weight,daily_rebalance_to_target,14,2025-06-16,0.0,0.9018093030193096,0.0,CASH,1.0,0
equal_weight,daily_rebalance_to_target,14,2025-06-17,0.0,0.9018093030193096,0.0,CASH,1.0,0
equal_weight,daily_rebalance_to_target,14,2025-06-18,0.0,0.9018093030193096,0.0,CASH,1.0,0
equal_weight,daily_rebalance_to_target,14,2025-06-19,0.0,0.9018093030193096,0.0,CASH,1.0,0
equal_weight,daily_rebalance_to_target,14,2025-06-20,0.0,0.9018093030193096,0.0,CASH,1.0,0
equal_weight,daily_rebalance_to_target,14,2025-06-21,0.0,0.9018093030193096,0.0,CASH,1.0,0
equal_weight,daily_rebalance_to_target,14,2025-06-22,0.0,0.9018093030193096,0.0,CASH,1.0,0
equal_weight,daily_rebalance_to_target,14,2025-06-23,0.0,0.9018093030193096,0.0,CASH,1.0,0
equal_weight,daily_rebalance_to_target,14,2025-06-24,0.0,0.9018093030193096,0.0,CASH,1.0,0
equal_weight,daily_rebalance_to_target,14,2025-06-25,0.0,0.9018093030193096,0.0,CASH,1.0,0
equal_weight,daily_rebalance_to_target,14,2025-06-26,0.0,0.9018093030193096,0.0,CASH,1.0,0
equal_weight,daily_rebalance_to_target,14,2025-06-27,0.0,0.9018093030193096,0.0,CASH,1.0,0
equal_weight,daily_rebalance_to_target,14,2025-06-28,0.0,0.9018093030193096,0.0,CASH,1.0,0
equal_weight,daily_rebalance_to_target,14,2025-06-29,0.0,0.9018093030193096,0.0,CASH,1.0,0
equal_weight,daily_rebalance_to_target,14,2025-06-30,0.0,0.9018093030193096,0.0,CASH,1.0,0
equal_weight,daily_rebalance_to_target,14,2025-07-01,-0.028844833777433188,0.8757967635747748,0.37156678617617517,TOKAMAK,0.02145734827854547,50
equal_weight,daily_rebalance_to_target,14,2025-07-02,0.0714893992034018,0.9384069480270192,0.48795289400478664,CBK,0.02947353481822649,50
equal_weight,daily_rebalance_to_target,14,2025-07-03,0.005860010988199216,0.9439060230538601,0.4271753002089326,BONK,0.02125023796711446,50
equal_weight,daily_rebalance_to_target,14,2025-07-04,-0.02116020112099093,0.9239327817667257,0.3939822589089894,CARV,0.022974234664190324,50
equal_weight,daily_rebalance_to_target,14,2025-07-05,0.006080756946730492,0.9295509924477657,0.28559494577780337,SAFE,0.021968604039399344,50
equal_weight,daily_rebalance_to_target,14,2025-07-06,0.009930290329759783,0.9387817036790884,0.3141564418872256,BONK,0.022941040007326153,50
equal_weight,daily_rebalance_to_target,14,2025-07-07,-0.005236181294921649,0.9338660724822693,0.3403033052434205,PUNDIX,0.021782439914634442,50
equal_weight,daily_rebalance_to_target,14,2025-07-08,0.007907814647580613,0.9412509122891232,0.32110501596105406,CRO,0.023692966792744612,50
equal_weight,daily_rebalance_to_target,14,2025-07-09,0.02803595892422761,0.9676397842034529,0.3437162164334057,XLM,0.021653545322243457,50
equal_weight,daily_rebalance_to_target,14,2025-07-10,0.05028199665690991,1.016294644597864,0.4130616990009182,SEI,0.02196802932142523,50
equal_weight,daily_rebalance_to_target,14,2025-07-11,0.01621074720714999,1.0327695401694204,0.7707291411298226,XLM,0.023347916360345798,50
equal_weight,daily_rebalance_to_target,14,2025-07-12,0.052950945810591676,1.0874556641257611,0.6904817123899214,KNC,0.037702681432621225,50
equal_weight,daily_rebalance_to_target,14,2025-07-13,0.023564628149686184,1.1130811524801547,0.5074881305082793,HBAR,0.024130264058668083,50
equal_weight,daily_rebalance_to_target,14,2025-07-14,0.004746634645288683,1.118364542041535,0.5666684946169502,PUNDIX,0.023116792369467717,50
equal_weight,daily_rebalance_to_target,14,2025-07-15,0.0,1.118364542041535,0.0,CASH,1.0,0
equal_weight,daily_rebalance_to_target,14,2025-07-16,0.0,1.118364542041535,0.0,CASH,1.0,0
equal_weight,daily_rebalance_to_target,14,2025-07-17,0.0,1.118364542041535,0.0,CASH,1.0,0
equal_weight,daily_rebalance_to_target,14,2025-07-18,0.0,1.118364542041535,0.0,CASH,1.0,0
equal_weight,daily_rebalance_to_target,14,2025-07-19,0.0,1.118364542041535,0.0,CASH,1.0,0
equal_weight,daily_rebalance_to_target,14,2025-07-20,0.0,1.118364542041535,0.0,CASH,1.0,0
equal_weight,daily_rebalance_to_target,14,2025-07-21,0.0,1.118364542041535,0.0,CASH,1.0,0
equal_weight,daily_rebalance_to_target,14,2025-07-22,0.0,1.118364542041535,0.0,CASH,1.0,0
equal_weight,daily_rebalance_to_target,14,2025-07-23,0.0,1.118364542041535,0.0,CASH,1.0,0
equal_weight,daily_rebalance_to_target,14,2025-07-24,0.0,1.118364542041535,0.0,CASH,1.0,0
equal_weight,daily_rebalance_to_target,14,2025-07-25,0.0,1.118364542041535,0.0,CASH,1.0,0
equal_weight,daily_rebalance_to_target,14,2025-07-26,0.0,1.118364542041535,0.0,CASH,1.0,0
equal_weight,daily_rebalance_to_target,14,2025-07-27,0.0,1.118364542041535,0.0,CASH,1.0,0
equal_weight,daily_rebalance_to_target,14,2025-07-28,0.0,1.118364542041535,0.0,CASH,1.0,0
equal_weight,daily_rebalance_to_target,14,2025-07-29,0.0,1.118364542041535,0.0,CASH,1.0,0
equal_weight,daily_rebalance_to_target,14,2025-07-30,0.0,1.118364542041535,0.0,CASH,1.0,0
equal_weight,daily_rebalance_to_target,14,2025-07-31,0.0,1.118364542041535,0.0,CASH,1.0,0
equal_weight,daily_rebalance_to_target,14,2025-08-01,-0.03730117174202907,1.0766482341886479,0.8813961818081953,ARK,0.020532958312886755,50
equal_weight,daily_rebalance_to_target,14,2025-08-02,-0.02416819167667883,1.0506275932964189,0.6178096230114022,TOKAMAK,0.021428938346404,50
equal_weight,daily_rebalance_to_target,14,2025-08-03,0.03856174124826084,1.0911416226973985,0.39146340431683607,XLM,0.02102172437839211,50
equal_weight,daily_rebalance_to_target,14,2025-08-04,0.03795513052542243,1.1325560454085994,0.39984528543214176,ATH,0.022934617989028395,50
equal_weight,daily_rebalance_to_target,14,2025-08-05,-0.030369740162539127,1.0981606125900274,0.4897535868444974,GAS,0.02292254015166491,50
equal_weight,daily_rebalance_to_target,14,2025-08-06,0.004011539934865693,1.102565927742329,0.504919105981688,ATH,0.021299836241592107,50
equal_weight,daily_rebalance_to_target,14,2025-08-07,0.04420322570725754,1.151302898303455,0.37761366428143284,MNT,0.022791868018932262,50
equal_weight,daily_rebalance_to_target,14,2025-08-08,0.017419670037978507,1.1713582149056696,0.4444571856162658,DRIFT,0.02246965885914611,50
equal_weight,daily_rebalance_to_target,14,2025-08-09,0.02962460225835173,1.206059236124303,0.34415470149589883,GLM,0.021703095484223313,50
equal_weight,daily_rebalance_to_target,14,2025-08-10,-0.009938772146229735,1.1940724881816076,0.5218151856367378,CRO,0.02104246964452422,50
equal_weight,daily_rebalance_to_target,14,2025-08-11,-0.0388574965711882,1.1476738205663406,0.536364469160919,CRO,0.021086016479727736,50
equal_weight,daily_rebalance_to_target,14,2025-08-12,0.03533975506483045,1.1882323322794732,0.5752373120789553,LINK,0.021360827388744615,50
equal_weight,daily_rebalance_to_target,14,2025-08-13,0.0236308648478305,1.216311289931392,0.464970597110406,MNT,0.0214043882391318,50
equal_weight,daily_rebalance_to_target,14,2025-08-14,-0.047744469032815484,1.1582391532149987,0.7544379483523717,AQT,0.022622551481837033,50
equal_weight,daily_rebalance_to_target,14,2025-08-15,0.0,1.1582391532149987,0.0,CASH,1.0,0
equal_weight,daily_rebalance_to_target,14,2025-08-16,0.0,1.1582391532149987,0.0,CASH,1.0,0
equal_weight,daily_rebalance_to_target,14,2025-08-17,0.0,1.1582391532149987,0.0,CASH,1.0,0
equal_weight,daily_rebalance_to_target,14,2025-08-18,0.0,1.1582391532149987,0.0,CASH,1.0,0
equal_weight,daily_rebalance_to_target,14,2025-08-19,0.0,1.1582391532149987,0.0,CASH,1.0,0
equal_weight,daily_rebalance_to_target,14,2025-08-20,0.0,1.1582391532149987,0.0,CASH,1.0,0
equal_weight,daily_rebalance_to_target,14,2025-08-21,0.0,1.1582391532149987,0.0,CASH,1.0,0
equal_weight,daily_rebalance_to_target,14,2025-08-22,0.0,1.1582391532149987,0.0,CASH,1.0,0
equal_weight,daily_rebalance_to_target,14,2025-08-23,0.0,1.1582391532149987,0.0,CASH,1.0,0
equal_weight,daily_rebalance_to_target,14,2025-08-24,0.0,1.1582391532149987,0.0,CASH,1.0,0
equal_weight,daily_rebalance_to_target,14,2025-08-25,0.0,1.1582391532149987,0.0,CASH,1.0,0
equal_weight,daily_rebalance_to_target,14,2025-08-26,0.0,1.1582391532149987,0.0,CASH,1.0,0
equal_weight,daily_rebalance_to_target,14,2025-08-27,0.0,1.1582391532149987,0.0,CASH,1.0,0
equal_weight,daily_rebalance_to_target,14,2025-08-28,0.0,1.1582391532149987,0.0,CASH,1.0,0
equal_weight,daily_rebalance_to_target,14,2025-08-29,0.0,1.1582391532149987,0.0,CASH,1.0,0
equal_weight,daily_rebalance_to_target,14,2025-08-30,0.0,1.1582391532149987,0.0,CASH,1.0,0
equal_weight,daily_rebalance_to_target,14,2025-08-31,0.0,1.1582391532149987,0.0,CASH,1.0,0
equal_weight,daily_rebalance_to_target,14,2025-09-01,-0.029351790960983504,1.1242427597070055,0.4856246002254155,XLM,0.020982471907271,50
equal_weight,daily_rebalance_to_target,14,2025-09-02,0.025525123481409118,1.152939194971607,0.4650688352831073,AERGO,0.02282172789653084,50
equal_weight,daily_rebalance_to_target,14,2025-09-03,0.005165111403315548,1.1588942543548844,0.32888923972799056,VIRTUAL,0.021119813204285114,50
equal_weight,daily_rebalance_to_target,14,2025-09-04,-0.019246794916756627,1.1365892543111082,0.30951776362356115,PUNDIX,0.021620953331790167,50
equal_weight,daily_rebalance_to_target,14,2025-09-05,0.012310590275599331,1.1505813389325812,0.34494667484040975,VANA,0.02124505220403227,50
equal_weight,daily_rebalance_to_target,14,2025-09-06,-0.003908043500149172,1.1460848170095728,0.1737665097726733,PYTH,0.02245743287100708,50
equal_weight,daily_rebalance_to_target,14,2025-09-07,0.009868256075964421,1.157394675468598,0.15936679658326466,DOGE,0.020850349027088523,50
equal_weight,daily_rebalance_to_target,14,2025-09-08,0.037314184683037155,1.2005819141401972,0.3337728882521178,ATH,0.028624568942795234,50
equal_weight,daily_rebalance_to_target,14,2025-09-09,0.006144597707391064,1.2079590070173583,0.40278531034796144,MNT,0.022537063604831317,50
equal_weight,daily_rebalance_to_target,14,2025-09-10,0.013255242757929109,1.2239707968970004,0.33945219101742613,MNT,0.021645807806295752,50
equal_weight,daily_rebalance_to_target,14,2025-09-11,0.017885505266483692,1.2458621330309239,0.40886608060263724,MNT,0.021676568469553514,50
equal_weight,daily_rebalance_to_target,14,2025-09-12,0.02964384314503099,1.2827942746828263,0.30994358029620667,AWE,0.022792402948460015,50
equal_weight,daily_rebalance_to_target,14,2025-09-13,0.006353562454850081,1.2909445882237476,0.3553347809204234,ARK,0.02113506687780564,50
equal_weight,daily_rebalance_to_target,14,2025-09-14,-0.017956293663336842,1.2677640080945065,0.39938940586241034,ATH,0.023379814820715203,50
equal_weight,daily_rebalance_to_target,14,2025-09-15,0.0,1.2677640080945065,0.0,CASH,1.0,0
equal_weight,daily_rebalance_to_target,14,2025-09-16,0.0,1.2677640080945065,0.0,CASH,1.0,0
equal_weight,daily_rebalance_to_target,14,2025-09-17,0.0,1.2677640080945065,0.0,CASH,1.0,0
equal_weight,daily_rebalance_to_target,14,2025-09-18,0.0,1.2677640080945065,0.0,CASH,1.0,0
equal_weight,daily_rebalance_to_target,14,2025-09-19,0.0,1.2677640080945065,0.0,CASH,1.0,0
equal_weight,daily_rebalance_to_target,14,2025-09-20,0.0,1.2677640080945065,0.0,CASH,1.0,0
equal_weight,daily_rebalance_to_target,14,2025-09-21,0.0,1.2677640080945065,0.0,CASH,1.0,0
equal_weight,daily_rebalance_to_target,14,2025-09-22,0.0,1.2677640080945065,0.0,CASH,1.0,0
equal_weight,daily_rebalance_to_target,14,2025-09-23,0.0,1.2677640080945065,0.0,CASH,1.0,0
equal_weight,daily_rebalance_to_target,14,2025-09-24,0.0,1.2677640080945065,0.0,CASH,1.0,0
equal_weight,daily_rebalance_to_target,14,2025-09-25,0.0,1.2677640080945065,0.0,CASH,1.0,0
equal_weight,daily_rebalance_to_target,14,2025-09-26,0.0,1.2677640080945065,0.0,CASH,1.0,0
equal_weight,daily_rebalance_to_target,14,2025-09-27,0.0,1.2677640080945065,0.0,CASH,1.0,0
equal_weight,daily_rebalance_to_target,14,2025-09-28,0.0,1.2677640080945065,0.0,CASH,1.0,0
equal_weight,daily_rebalance_to_target,14,2025-09-29,0.0,1.2677640080945065,0.0,CASH,1.0,0
equal_weight,daily_rebalance_to_target,14,2025-09-30,0.0,1.2677640080945065,0.0,CASH,1.0,0
equal_weight,daily_rebalance_to_target,14,2025-10-01,0.04529922072693382,1.3251927297268418,0.42604310826597197,XLM,0.020943182064813572,50
equal_weight,daily_rebalance_to_target,14,2025-10-02,0.018094084074255168,1.349170878393111,0.3717289476937868,CRO,0.02100403428277171,50
equal_weight,daily_rebalance_to_target,14,2025-10-03,0.0036822509411078563,1.3541388641297893,0.5209251008718652,VANA,0.020570542310823843,50
equal_weight,daily_rebalance_to_target,14,2025-10-04,-0.013377763182951918,1.3360235150886295,0.31093399881483935,AWE,0.022382764658312033,50
equal_weight,daily_rebalance_to_target,14,2025-10-05,0.0012400921199202664,1.3376803073217192,0.42641581561297576,MNT,0.021656453560368993,50
equal_weight,daily_rebalance_to_target,14,2025-10-06,0.026113367322982084,1.3726116445475307,0.3739019051410854,MNT,0.022427500340216438,50
equal_weight,daily_rebalance_to_target,14,2025-10-07,-0.03818834685617567,1.320193874966724,0.4689236730068927,AWE,0.020794091997770048,50
equal_weight,daily_rebalance_to_target,14,2025-10-08,0.02170388607219942,1.3488472124222173,0.36630079329430354,MNT,0.02282591036330201,50
equal_weight,daily_rebalance_to_target,14,2025-10-09,-0.017529401724709515,1.3252027277704137,0.36440143888585935,AQT,0.021411120011335712,50
equal_weight,daily_rebalance_to_target,14,2025-10-10,-0.1709367655254378,1.098676859819852,2.7676186291187497,BTC,0.023320319140928705,50
equal_weight,daily_rebalance_to_target,14,2025-10-11,-0.018027928454798947,1.0788699919960765,1.1962126655464635,PUNDIX,0.022960346583650693,50
equal_weight,daily_rebalance_to_target,14,2025-10-12,0.07929366698127649,1.1644175498575058,0.8945742333155268,MNT,0.025127544828325694,50
equal_weight,daily_rebalance_to_target,14,2025-10-13,0.0353814133840773,1.2056162885406887,0.8186527142554734,ANIME,0.021274311806538153,50
equal_weight,daily_rebalance_to_target,14,2025-10-14,-0.032645784329927374,1.166257999200342,0.8794097445810012,TOKAMAK,0.021139081486993897,50
equal_weight,daily_rebalance_to_target,14,2025-10-15,0.0,1.166257999200342,0.0,CASH,1.0,0
equal_weight,daily_rebalance_to_target,14,2025-10-16,0.0,1.166257999200342,0.0,CASH,1.0,0
equal_weight,daily_rebalance_to_target,14,2025-10-17,0.0,1.166257999200342,0.0,CASH,1.0,0
equal_weight,daily_rebalance_to_target,14,2025-10-18,0.0,1.166257999200342,0.0,CASH,1.0,0
equal_weight,daily_rebalance_to_target,14,2025-10-19,0.0,1.166257999200342,0.0,CASH,1.0,0
equal_weight,daily_rebalance_to_target,14,2025-10-20,0.0,1.166257999200342,0.0,CASH,1.0,0
equal_weight,daily_rebalance_to_target,14,2025-10-21,0.0,1.166257999200342,0.0,CASH,1.0,0
equal_weight,daily_rebalance_to_target,14,2025-10-22,0.0,1.166257999200342,0.0,CASH,1.0,0
equal_weight,daily_rebalance_to_target,14,2025-10-23,0.0,1.166257999200342,0.0,CASH,1.0,0
equal_weight,daily_rebalance_to_target,14,2025-10-24,0.0,1.166257999200342,0.0,CASH,1.0,0
equal_weight,daily_rebalance_to_target,14,2025-10-25,0.0,1.166257999200342,0.0,CASH,1.0,0
equal_weight,daily_rebalance_to_target,14,2025-10-26,0.0,1.166257999200342,0.0,CASH,1.0,0
equal_weight,daily_rebalance_to_target,14,2025-10-27,0.0,1.166257999200342,0.0,CASH,1.0,0
equal_weight,daily_rebalance_to_target,14,2025-10-28,0.0,1.166257999200342,0.0,CASH,1.0,0
equal_weight,daily_rebalance_to_target,14,2025-10-29,0.0,1.166257999200342,0.0,CASH,1.0,0
equal_weight,daily_rebalance_to_target,14,2025-10-30,0.0,1.166257999200342,0.0,CASH,1.0,0
equal_weight,daily_rebalance_to_target,14,2025-10-31,0.0,1.166257999200342,0.0,CASH,1.0,0
equal_weight,daily_rebalance_to_target,14,2025-11-01,0.017490021739729356,1.1866558769604891,0.33421575338040016,VIRTUAL,0.026524745982803046,50
equal_weight,daily_rebalance_to_target,14,2025-11-02,-0.00236613438817157,1.183848089683087,0.37388558825124363,CARV,0.02353747420364216,50
equal_weight,daily_rebalance_to_target,14,2025-11-03,-0.1095694897771643,1.0541344585228405,1.2633060428699574,PUNDIX,0.021760700874157612,50
equal_weight,daily_rebalance_to_target,14,2025-11-04,-0.02276910815872546,1.0301327570228944,1.403230118224714,CARV,0.022382283817100848,50
equal_weight,daily_rebalance_to_target,14,2025-11-05,0.02480408526404343,1.0556842577613745,0.891165408036751,BONK,0.020756822310185604,50
equal_weight,daily_rebalance_to_target,14,2025-11-06,-0.01618626365398912,1.038596674029883,0.7036366079887354,ARDR,0.023568839380098235,50
equal_weight,daily_rebalance_to_target,14,2025-11-07,0.09728901474515683,1.1396407211638473,0.9219351851913065,VIRTUAL,0.02288081016479122,50
equal_weight,daily_rebalance_to_target,14,2025-11-08,-0.01659454760399237,1.1207288989650457,0.7229353058824173,GLM,0.02123004595494274,50
equal_weight,daily_rebalance_to_target,14,2025-11-09,0.003117915217725864,1.1242232366540739,0.6265578473503378,VIRTUAL,0.02103953498801461,50
equal_weight,daily_rebalance_to_target,14,2025-11-10,0.021584239124639026,1.148488739823491,0.5748311496743101,GLM,0.021884331259109727,50
equal_weight,daily_rebalance_to_target,14,2025-11-11,-0.03418478725672014,1.1092278965858864,0.6661334320955813,STRAX,0.021960000262720006,50
equal_weight,daily_rebalance_to_target,14,2025-11-12,-0.002600636147638835,1.1063431984220558,0.5741210863331521,GLM,0.02154412366486733,50
equal_weight,daily_rebalance_to_target,14,2025-11-13,-0.03767172641274785,1.0646653401324957,0.6791549200721864,SAFE,0.023900368129332238,50
equal_weight,daily_rebalance_to_target,14,2025-11-14,-0.03737850827736444,1.0248697379037301,0.922236921621383,AERGO,0.02213581495757108,50
equal_weight,daily_rebalance_to_target,14,2025-11-15,0.0,1.0248697379037301,0.0,CASH,1.0,0
equal_weight,daily_rebalance_to_target,14,2025-11-16,0.0,1.0248697379037301,0.0,CASH,1.0,0
equal_weight,daily_rebalance_to_target,14,2025-11-17,0.0,1.0248697379037301,0.0,CASH,1.0,0
equal_weight,daily_rebalance_to_target,14,2025-11-18,0.0,1.0248697379037301,0.0,CASH,1.0,0
equal_weight,daily_rebalance_to_target,14,2025-11-19,0.0,1.0248697379037301,0.0,CASH,1.0,0
equal_weight,daily_rebalance_to_target,14,2025-11-20,0.0,1.0248697379037301,0.0,CASH,1.0,0
equal_weight,daily_rebalance_to_target,14,2025-11-21,0.0,1.0248697379037301,0.0,CASH,1.0,0
equal_weight,daily_rebalance_to_target,14,2025-11-22,0.0,1.0248697379037301,0.0,CASH,1.0,0
equal_weight,daily_rebalance_to_target,14,2025-11-23,0.0,1.0248697379037301,0.0,CASH,1.0,0
equal_weight,daily_rebalance_to_target,14,2025-11-24,0.0,1.0248697379037301,0.0,CASH,1.0,0
equal_weight,daily_rebalance_to_target,14,2025-11-25,0.0,1.0248697379037301,0.0,CASH,1.0,0
equal_weight,daily_rebalance_to_target,14,2025-11-26,0.0,1.0248697379037301,0.0,CASH,1.0,0
equal_weight,daily_rebalance_to_target,14,2025-11-27,0.0,1.0248697379037301,0.0,CASH,1.0,0
equal_weight,daily_rebalance_to_target,14,2025-11-28,0.0,1.0248697379037301,0.0,CASH,1.0,0
equal_weight,daily_rebalance_to_target,14,2025-11-29,0.0,1.0248697379037301,0.0,CASH,1.0,0
equal_weight,daily_rebalance_to_target,14,2025-11-30,0.0,1.0248697379037301,0.0,CASH,1.0,0
equal_weight,daily_rebalance_to_target,14,2025-12-01,-0.07053940885667787,0.9525760324369027,0.807183222657227,VANA,0.022060830865323306,50
equal_weight,daily_rebalance_to_target,14,2025-12-02,0.05478326731980032,1.0047612598643283,0.5590226652261707,SUI,0.02246092347501847,50
equal_weight,daily_rebalance_to_target,14,2025-12-03,0.025598250954744106,1.0304813907439403,0.4679747045355699,LINK,0.02116397491965464,50
equal_weight,daily_rebalance_to_target,14,2025-12-04,-0.027158373745789444,1.0024951919960354,0.45865948835063164,PEPE,0.02044315811058427,50
equal_weight,daily_rebalance_to_target,14,2025-12-05,-0.02949385862928966,0.9729277405267618,0.5602087740098748,MNT,0.021286894768899566,50
equal_weight,daily_rebalance_to_target,14,2025-12-06,0.008121268625951084,0.9808291480612193,0.3033630206535066,SAFE,0.020808784052706378,50
equal_weight,daily_rebalance_to_target,14,2025-12-07,-0.015136690853975177,0.9659826404664488,0.5682416974769117,WAVES,0.021699893145536827,50
equal_weight,daily_rebalance_to_target,14,2025-12-08,0.013535030851259622,0.9790572453069435,0.426046750417937,PEPE,0.02116803544178037,50
equal_weight,daily_rebalance_to_target,14,2025-12-09,0.021866271589131125,1.0004655769341317,0.47811023505372,ADA,0.021180277159999584,50
equal_weight,daily_rebalance_to_target,14,2025-12-10,-0.020375556826861985,0.9800805337179911,0.496708108599181,SEI,0.021516849155246813,50
equal_weight,daily_rebalance_to_target,14,2025-12-11,-0.019874900289891584,0.9606015308342822,0.5129152982068509,CARV,0.02106992545829674,50
equal_weight,daily_rebalance_to_target,14,2025-12-12,-0.018193117157802585,0.9431251946418496,0.48304444812050584,MNT,0.021365129276449023,50
equal_weight,daily_rebalance_to_target,14,2025-12-13,0.016389627531487427,0.9585826652975911,0.21140754547921278,AERGO,0.025087545697952858,50
equal_weight,daily_rebalance_to_target,14,2025-12-14,-0.03458158270873324,0.9254333595744445,0.34654749353663866,MOVE,0.023174897587062628,50
equal_weight,daily_rebalance_to_target,14,2025-12-15,0.0,0.9254333595744445,0.0,CASH,1.0,0
equal_weight,daily_rebalance_to_target,14,2025-12-16,0.0,0.9254333595744445,0.0,CASH,1.0,0
equal_weight,daily_rebalance_to_target,14,2025-12-17,0.0,0.9254333595744445,0.0,CASH,1.0,0
equal_weight,daily_rebalance_to_target,14,2025-12-18,0.0,0.9254333595744445,0.0,CASH,1.0,0
equal_weight,daily_rebalance_to_target,14,2025-12-19,0.0,0.9254333595744445,0.0,CASH,1.0,0
equal_weight,daily_rebalance_to_target,14,2025-12-20,0.0,0.9254333595744445,0.0,CASH,1.0,0
equal_weight,daily_rebalance_to_target,14,2025-12-21,0.0,0.9254333595744445,0.0,CASH,1.0,0
equal_weight,daily_rebalance_to_target,14,2025-12-22,0.0,0.9254333595744445,0.0,CASH,1.0,0
equal_weight,daily_rebalance_to_target,14,2025-12-23,0.0,0.9254333595744445,0.0,CASH,1.0,0
equal_weight,daily_rebalance_to_target,14,2025-12-24,0.0,0.9254333595744445,0.0,CASH,1.0,0
equal_weight,daily_rebalance_to_target,14,2025-12-25,0.0,0.9254333595744445,0.0,CASH,1.0,0
equal_weight,daily_rebalance_to_target,14,2025-12-26,0.0,0.9254333595744445,0.0,CASH,1.0,0
equal_weight,daily_rebalance_to_target,14,2025-12-27,0.0,0.9254333595744445,0.0,CASH,1.0,0
equal_weight,daily_rebalance_to_target,14,2025-12-28,0.0,0.9254333595744445,0.0,CASH,1.0,0
equal_weight,daily_rebalance_to_target,14,2025-12-29,0.0,0.9254333595744445,0.0,CASH,1.0,0
equal_weight,daily_rebalance_to_target,14,2025-12-30,0.0,0.9254333595744445,0.0,CASH,1.0,0
equal_weight,daily_rebalance_to_target,14,2025-12-31,0.0,0.9254333595744445,0.0,CASH,1.0,0
equal_weight,daily_rebalance_to_target,14,2026-01-01,0.03937650532757653,0.9618736911880447,0.2491796445522128,PEPE,0.023358655796157812,50
equal_weight,daily_rebalance_to_target,14,2026-01-02,0.04735374736420339,1.0074220149568371,0.4229864032364899,PEPE,0.023315503936502262,50
equal_weight,daily_rebalance_to_target,14,2026-01-03,0.007003839670921774,1.0144778372305518,0.39928756096858076,VIRTUAL,0.02224208853920385,50
equal_weight,daily_rebalance_to_target,14,2026-01-04,0.033131327131025845,1.0480888343230128,0.4077540927116025,BONK,0.02499284925769498,50
equal_weight,daily_rebalance_to_target,14,2026-01-05,0.03671845010788655,1.0865730318947353,0.483713666740302,VIRTUAL,0.023309501729080924,50
equal_weight,daily_rebalance_to_target,14,2026-01-06,0.010665188412663618,1.0981615380040117,0.6089968761038628,SONIC,0.020962867743808667,50
equal_weight,daily_rebalance_to_target,14,2026-01-07,-0.024017689125245267,1.0717862355749301,0.5090142883712903,STRAX,0.023724378889345935,50
equal_weight,daily_rebalance_to_target,14,2026-01-08,-0.0005870748658567404,1.0711570168144529,0.5410594671678343,SAFE,0.021497336703266576,50
equal_weight,daily_rebalance_to_target,14,2026-01-09,-0.0033922610496355254,1.0675233725882693,0.5736427133064514,GLM,0.020912524902090696,50
equal_weight,daily_rebalance_to_target,14,2026-01-10,-0.0005590409031615007,1.0669265833579116,0.23838832250079145,AKT,0.022273598349353142,50
equal_weight,daily_rebalance_to_target,14,2026-01-11,-0.014967549960531512,1.0509573064172828,0.3510137153563456,AKT,0.021436735233930707,50
equal_weight,daily_rebalance_to_target,14,2026-01-12,-0.018761113769903415,1.031240176824277,0.5165618848778032,GLM,0.021435868635393877,50
equal_weight,daily_rebalance_to_target,14,2026-01-13,0.06685988668916898,1.1001887781960666,0.5093655759502099,SAFE,0.022408731495545824,50
equal_weight,daily_rebalance_to_target,14,2026-01-14,0.0014721060387690166,1.101808372740235,0.4334619087293757,AXS,0.02283994040419662,50
equal_weight,daily_rebalance_to_target,14,2026-01-15,0.0,1.101808372740235,0.0,CASH,1.0,0
equal_weight,daily_rebalance_to_target,14,2026-01-16,0.0,1.101808372740235,0.0,CASH,1.0,0
equal_weight,daily_rebalance_to_target,14,2026-01-17,0.0,1.101808372740235,0.0,CASH,1.0,0
equal_weight,daily_rebalance_to_target,14,2026-01-18,0.0,1.101808372740235,0.0,CASH,1.0,0
equal_weight,daily_rebalance_to_target,14,2026-01-19,0.0,1.101808372740235,0.0,CASH,1.0,0
equal_weight,daily_rebalance_to_target,14,2026-01-20,0.0,1.101808372740235,0.0,CASH,1.0,0
equal_weight,daily_rebalance_to_target,14,2026-01-21,0.0,1.101808372740235,0.0,CASH,1.0,0
equal_weight,daily_rebalance_to_target,14,2026-01-22,0.0,1.101808372740235,0.0,CASH,1.0,0
equal_weight,daily_rebalance_to_target,14,2026-01-23,0.0,1.101808372740235,0.0,CASH,1.0,0
equal_weight,daily_rebalance_to_target,14,2026-01-24,0.0,1.101808372740235,0.0,CASH,1.0,0
equal_weight,daily_rebalance_to_target,14,2026-01-25,0.0,1.101808372740235,0.0,CASH,1.0,0
equal_weight,daily_rebalance_to_target,14,2026-01-26,0.0,1.101808372740235,0.0,CASH,1.0,0
equal_weight,daily_rebalance_to_target,14,2026-01-27,0.0,1.101808372740235,0.0,CASH,1.0,0
equal_weight,daily_rebalance_to_target,14,2026-01-28,0.0,1.101808372740235,0.0,CASH,1.0,0
equal_weight,daily_rebalance_to_target,14,2026-01-29,0.0,1.101808372740235,0.0,CASH,1.0,0
equal_weight,daily_rebalance_to_target,14,2026-01-30,0.0,1.101808372740235,0.0,CASH,1.0,0
equal_weight,daily_rebalance_to_target,14,2026-01-31,0.0,1.101808372740235,0.0,CASH,1.0,0
equal_weight,daily_rebalance_to_target,14,2026-02-01,-0.03300109468502899,1.0654474903066768,1.0596028736459355,ARDR,0.023524006199009413,50
equal_weight,daily_rebalance_to_target,14,2026-02-02,0.0353730998069548,1.1031356707203643,0.9945164316246361,AUCTION,0.022465052057833144,50
equal_weight,daily_rebalance_to_target,14,2026-02-03,-0.03281902342244569,1.0669318353048574,0.8927247234096692,AWE,0.021298059866629436,50
equal_weight,daily_rebalance_to_target,14,2026-02-04,-0.01801044860723655,1.0477159143176746,0.8359204744902811,AWE,0.021050265667571837,50
equal_weight,daily_rebalance_to_target,14,2026-02-05,-0.15099132040484742,0.8895199050056769,1.5240567834335241,AERGO,0.023226788720620867,50
equal_weight,daily_rebalance_to_target,14,2026-02-06,0.11969147405897962,0.9959878536406098,1.8635745798686887,AWE,0.022554127294128576,50
equal_weight,daily_rebalance_to_target,14,2026-02-07,-0.008732376213801074,0.9872905129982438,0.7566240860032106,ARDR,0.020902165754965667,50
equal_weight,daily_rebalance_to_target,14,2026-02-08,-0.012988426265985176,0.9744671629670594,0.566858761590374,SNT,0.021138756713795944,50
equal_weight,daily_rebalance_to_target,14,2026-02-09,-0.0003962099069264591,0.9740810694231173,0.6599143874739122,VANA,0.02402572814641598,50
equal_weight,daily_rebalance_to_target,14,2026-02-10,-0.012189475179931963,0.9622075324041427,0.4328090877819703,SONIC,0.023421495741011933,50
equal_weight,daily_rebalance_to_target,14,2026-02-11,-0.008101000283029625,0.9544126889118035,0.7179171055328649,SONIC,0.02593625065271656,50
equal_weight,daily_rebalance_to_target,14,2026-02-12,0.018343273255627235,0.9719197416631508,0.5597687709017573,ME,0.024386789675896327,50
equal_weight,daily_rebalance_to_target,14,2026-02-13,0.03743089860242188,1.0082995709630362,0.44911972377851456,ATH,0.02253886971680813,50
equal_weight,daily_rebalance_to_target,14,2026-02-14,0.06505139206464561,1.0738908616723666,0.412865610384825,PEPE,0.024255480557848253,50
equal_weight,daily_rebalance_to_target,14,2026-02-15,0.0,1.0738908616723666,0.0,CASH,1.0,0
equal_weight,daily_rebalance_to_target,14,2026-02-16,0.0,1.0738908616723666,0.0,CASH,1.0,0
equal_weight,daily_rebalance_to_target,14,2026-02-17,0.0,1.0738908616723666,0.0,CASH,1.0,0
equal_weight,daily_rebalance_to_target,14,2026-02-18,0.0,1.0738908616723666,0.0,CASH,1.0,0
equal_weight,daily_rebalance_to_target,14,2026-02-19,0.0,1.0738908616723666,0.0,CASH,1.0,0
equal_weight,daily_rebalance_to_target,14,2026-02-20,0.0,1.0738908616723666,0.0,CASH,1.0,0
equal_weight,daily_rebalance_to_target,14,2026-02-21,0.0,1.0738908616723666,0.0,CASH,1.0,0
equal_weight,daily_rebalance_to_target,14,2026-02-22,0.0,1.0738908616723666,0.0,CASH,1.0,0
equal_weight,daily_rebalance_to_target,14,2026-02-23,0.0,1.0738908616723666,0.0,CASH,1.0,0
equal_weight,daily_rebalance_to_target,14,2026-02-24,0.0,1.0738908616723666,0.0,CASH,1.0,0
equal_weight,daily_rebalance_to_target,14,2026-02-25,0.0,1.0738908616723666,0.0,CASH,1.0,0
equal_weight,daily_rebalance_to_target,14,2026-02-26,0.0,1.0738908616723666,0.0,CASH,1.0,0
equal_weight,daily_rebalance_to_target,14,2026-02-27,0.0,1.0738908616723666,0.0,CASH,1.0,0
equal_weight,daily_rebalance_to_target,14,2026-02-28,0.0,1.0738908616723666,0.0,CASH,1.0,0
equal_weight,daily_rebalance_to_target,14,2026-03-01,-0.02247279848971695,1.049757528738055,0.7382223502099958,ATH,0.021845698621330994,50
equal_weight,daily_rebalance_to_target,14,2026-03-02,0.02307982163971878,1.073985745266281,0.6545355267839086,VIRTUAL,0.02189702301673535,50
equal_weight,daily_rebalance_to_target,14,2026-03-03,-0.009887992689938785,1.0633661820679896,0.5998221285333232,AKT,0.022696331270046194,50
equal_weight,daily_rebalance_to_target,14,2026-03-04,0.023033844550974125,1.0878595934065065,0.634549185269059,ARDR,0.02203219635375371,50
equal_weight,daily_rebalance_to_target,14,2026-03-05,-0.005815039679894385,1.0815336467046939,0.5473572913601173,ATH,0.02099535827704436,50
equal_weight,daily_rebalance_to_target,14,2026-03-06,-0.020766607594610464,1.0590738618632094,0.44525289629309617,AKT,0.021197165325996806,50
equal_weight,daily_rebalance_to_target,14,2026-03-07,-0.01645176407971838,1.0416502285448397,0.29851752342440996,AKT,0.022364089960291194,50
equal_weight,daily_rebalance_to_target,14,2026-03-08,-0.014729795382715127,1.0263069338180157,0.4010686373152003,AKT,0.021290923335160958,50
equal_weight,daily_rebalance_to_target,14,2026-03-09,0.008950011039386974,1.0354923922054864,0.48986799303332124,SUI,0.021023495921137093,50
equal_weight,daily_rebalance_to_target,14,2026-03-10,0.018741922369975184,1.0548995102349015,0.46386815018269517,AKT,0.023243783928075586,50
equal_weight,daily_rebalance_to_target,14,2026-03-11,0.006653887688383264,1.061918693098535,0.40224949746335503,BIGTIME,0.02120604760002227,50
equal_weight,daily_rebalance_to_target,14,2026-03-12,0.004905813688278471,1.0671282683589765,0.306999798481368,SEI,0.020745133776214744,50
equal_weight,daily_rebalance_to_target,14,2026-03-13,0.014344230011034576,1.0824354016915947,0.4083492052800088,MEW,0.020698668755685195,50
equal_weight,daily_rebalance_to_target,14,2026-03-14,0.0027309542240845364,1.085391483224143,0.23218367566586762,AXS,0.02240488996726895,50
equal_weight,daily_rebalance_to_target,14,2026-03-15,0.0,1.085391483224143,0.0,CASH,1.0,0
equal_weight,daily_rebalance_to_target,14,2026-03-16,0.0,1.085391483224143,0.0,CASH,1.0,0
equal_weight,daily_rebalance_to_target,14,2026-03-17,0.0,1.085391483224143,0.0,CASH,1.0,0
equal_weight,daily_rebalance_to_target,14,2026-03-18,0.0,1.085391483224143,0.0,CASH,1.0,0
equal_weight,daily_rebalance_to_target,14,2026-03-19,0.0,1.085391483224143,0.0,CASH,1.0,0
equal_weight,daily_rebalance_to_target,14,2026-03-20,0.0,1.085391483224143,0.0,CASH,1.0,0
equal_weight,daily_rebalance_to_target,14,2026-03-21,0.0,1.085391483224143,0.0,CASH,1.0,0
equal_weight,daily_rebalance_to_target,14,2026-03-22,0.0,1.085391483224143,0.0,CASH,1.0,0
equal_weight,daily_rebalance_to_target,14,2026-03-23,0.0,1.085391483224143,0.0,CASH,1.0,0
equal_weight,daily_rebalance_to_target,14,2026-03-24,0.0,1.085391483224143,0.0,CASH,1.0,0
equal_weight,daily_rebalance_to_target,14,2026-03-25,0.0,1.085391483224143,0.0,CASH,1.0,0
equal_weight,daily_rebalance_to_target,14,2026-03-26,0.0,1.085391483224143,0.0,CASH,1.0,0
equal_weight,daily_rebalance_to_target,14,2026-03-27,0.0,1.085391483224143,0.0,CASH,1.0,0
equal_weight,daily_rebalance_to_target,14,2026-03-28,0.0,1.085391483224143,0.0,CASH,1.0,0
equal_weight,daily_rebalance_to_target,14,2026-03-29,0.0,1.085391483224143,0.0,CASH,1.0,0
equal_weight,daily_rebalance_to_target,14,2026-03-30,0.0,1.085391483224143,0.0,CASH,1.0,0
