strategy,cycle_days,date,daily_return,equity,realized_risk_annualized,ending_top_ticker,ending_top_weight,ending_active_count
btc_hodl,,2025-03-01,0.030646262601918384,1.0306462626019184,0.5133474608474464,BTC,1.0,1
btc_hodl,,2025-03-02,0.11343725643024105,1.1475599469815618,0.9956098740832398,BTC,1.0,1
btc_hodl,,2025-03-03,-0.09127500805017785,1.042816403582758,0.9472805011002806,BTC,1.0,1
btc_hodl,,2025-03-04,0.0037206794284172506,1.0466963891231844,1.0587190020283437,BTC,1.0,1
btc_hodl,,2025-03-05,0.038158682404948685,1.0866369442101427,0.7482956167574804,BTC,1.0,1
btc_hodl,,2025-03-06,-0.010874547201892293,1.0748202594690095,0.7242875715516705,BTC,1.0,1
btc_hodl,,2025-03-07,-0.03280293574690285,1.039562999558178,1.0228077913113414,BTC,1.0,1
btc_hodl,,2025-03-08,-0.006382814311102436,1.0329276619673056,0.38610608201662644,BTC,1.0,1
btc_hodl,,2025-03-09,-0.057798793006908156,0.9732256898421476,0.5809408443636426,BTC,1.0,1
btc_hodl,,2025-03-10,-0.027725501848916645,0.946242519179016,0.8610431880396938,BTC,1.0,1
btc_hodl,,2025-03-11,0.047608941108557845,0.9912921235490233,0.8138819118825981,BTC,1.0,1
btc_hodl,,2025-03-12,0.005162032722586085,0.9964092059284253,0.6494746915477472,BTC,1.0,1
btc_hodl,,2025-03-13,-0.03128073654847807,0.9652407920633,0.4488646249904235,BTC,1.0,1
btc_hodl,,2025-03-14,0.03197456682035149,0.9961039482668571,0.4536928878237601,BTC,1.0,1
btc_hodl,,2025-03-15,0.001056451612903242,0.997156283889623,0.24886852341066462,BTC,1.0,1
btc_hodl,,2025-03-16,-0.020228629431807588,0.9769851789372215,0.4070061295765484,BTC,1.0,1
btc_hodl,,2025-03-17,0.010064134188456864,0.9868176888781792,0.4095685569977218,BTC,1.0,1
btc_hodl,,2025-03-18,-0.012910683468465911,0.97407719805599,0.3822698453648563,BTC,1.0,1
btc_hodl,,2025-03-19,0.052037803691304285,1.0247660360686033,0.47811134580377385,BTC,1.0,1
btc_hodl,,2025-03-20,-0.026009657594380342,0.9981122223561085,0.4472409204469168,BTC,1.0,1
btc_hodl,,2025-03-21,0.0020120724346086583,1.0001204964453572,0.34028330843337057,BTC,1.0,1
btc_hodl,,2025-03-22,-0.002449799196787894,0.9976704020564742,0.1471060568746271,BTC,1.0,1
btc_hodl,,2025-03-23,0.022295583558115117,1.0199140458689826,0.2467008691882331,BTC,1.0,1
btc_hodl,,2025-03-24,0.014066979616268016,1.034261155962567,0.4257921050606196,BTC,1.0,1
btc_hodl,,2025-03-25,0.001281553398059021,1.0355866168614711,0.3589595584366051,BTC,1.0,1
btc_hodl,,2025-03-26,-0.0027537524725584905,1.0327348676547403,0.3115456981426546,BTC,1.0,1
btc_hodl,,2025-03-27,0.0010889856876137305,1.033859501144716,0.29922553360820386,BTC,1.0,1
btc_hodl,,2025-03-28,-0.023224553224550304,1.0098485761336735,0.3780416601106073,BTC,1.0,1
btc_hodl,,2025-03-29,-0.01855048484222055,0.9911153954291678,0.3309928068852181,BTC,1.0,1
btc_hodl,,2025-03-30,-0.0020992227202354385,0.9890348234727078,0.329723133125345,BTC,1.0,1
btc_hodl,,2025-03-31,0.0005685510071480326,0.9895971402176976,0.4665409784050418,BTC,1.0,1
btc_hodl,,2025-04-01,0.028175988310739974,1.0174800176728132,0.3763866378435397,BTC,1.0,1
btc_hodl,,2025-04-02,-0.030498732838047604,0.9864481664457581,0.718795837602126,BTC,1.0,1
btc_hodl,,2025-04-03,0.004006579911726593,0.9904004498533993,0.45955268199132043,BTC,1.0,1
btc_hodl,,2025-04-04,0.0006407656744273904,0.9910350644656027,0.6344188825408671,BTC,1.0,1
btc_hodl,,2025-04-05,-0.0006079323006589199,0.9904325822388285,0.23333181892116886,BTC,1.0,1
btc_hodl,,2025-04-06,-0.047074472399303624,0.9438084909828557,0.5270299465199656,BTC,1.0,1
btc_hodl,,2025-04-07,0.004859988084090272,0.9483953890026956,1.1165287199948712,BTC,1.0,1
btc_hodl,,2025-04-08,-0.029145949975011187,0.9207535044382917,0.6389966936555297,BTC,1.0,1
btc_hodl,,2025-04-09,0.06021636712615619,0.9761979354942428,0.848468854418335,BTC,1.0,1
btc_hodl,,2025-04-10,-0.029509060087885675,0.9473912519580733,0.5703663665146296,BTC,1.0,1
btc_hodl,,2025-04-11,0.030948989282324035,0.9767120536610912,0.5133156333453998,BTC,1.0,1
btc_hodl,,2025-04-12,0.01718947905186341,0.9935012250472011,0.3058757705310702,BTC,1.0,1
btc_hodl,,2025-04-13,-0.016785795142145843,0.9768245170100878,0.49651776139574055,BTC,1.0,1
btc_hodl,,2025-04-14,0.01067434210526419,0.9872514760814629,0.4533657757710358,BTC,1.0,1
btc_hodl,,2025-04-15,-0.006761704828396664,0.9805759730088012,0.3542338375244189,BTC,1.0,1
btc_hodl,,2025-04-16,-0.0021709389105972754,0.9784472024741996,0.424129845495922,BTC,1.0,1
btc_hodl,,2025-04-17,0.008062264987441115,0.986335703096767,0.2560845256373407,BTC,1.0,1
btc_hodl,,2025-04-18,-0.004357245243683527,0.9820379965457734,0.1385876777833494,BTC,1.0,1
btc_hodl,,2025-04-19,0.004809855295342391,0.9867614572036866,0.14139431128379387,BTC,1.0,1
btc_hodl,,2025-04-20,8.140869608874723e-06,0.9867694903000447,0.20022858776851488,BTC,1.0,1
btc_hodl,,2025-04-21,0.02769501294387733,1.0140980841065277,0.42699851901687663,BTC,1.0,1
btc_hodl,,2025-04-22,0.06266634980988317,1.0776479093866798,0.5173918839739671,BTC,1.0,1
btc_hodl,,2025-04-23,0.000976511542964964,1.0787002450094478,0.4486975320205452,BTC,1.0,1
btc_hodl,,2025-04-24,0.0027405013330155104,1.0816564244688205,0.3163609124624835,BTC,1.0,1
btc_hodl,,2025-04-25,0.013895284069811886,1.0966863477527518,0.32231738652032677,BTC,1.0,1
btc_hodl,,2025-04-26,0.0004175181840169184,1.0971442342451017,0.19342257255836318,BTC,1.0,1
btc_hodl,,2025-04-27,-0.010470207500478113,1.0856569064546022,0.20898088134537443,BTC,1.0,1
btc_hodl,,2025-04-28,0.012586201793587826,1.0993212033578421,0.3214073929441027,BTC,1.0,1
btc_hodl,,2025-04-29,-0.003719427982667778,1.095232357312133,0.27605281450615315,BTC,1.0,1
btc_hodl,,2025-04-30,-0.0017089628868972584,1.0933606458609575,0.30360195438853027,BTC,1.0,1
btc_hodl,,2025-05-01,0.023981132491347257,1.1195806723701742,0.286779221109103,BTC,1.0,1
btc_hodl,,2025-05-02,-0.005173242640146847,1.1137888098967845,0.2993447861773978,BTC,1.0,1
btc_hodl,,2025-05-03,-0.008618824377931267,1.104189259750179,0.17324078082196182,BTC,1.0,1
btc_hodl,,2025-05-04,-0.013204321414282183,1.0896091898622393,0.1975312064793098,BTC,1.0,1
btc_hodl,,2025-05-05,-0.005529342376876856,1.0835843675944996,0.33021252632647596,BTC,1.0,1
btc_hodl,,2025-05-06,0.018978426866332,1.1041490942683925,0.3260772093615963,BTC,1.0,1
btc_hodl,,2025-05-07,0.0025536558748635585,1.1069687110896962,0.3192072886883811,BTC,1.0,1
btc_hodl,,2025-05-08,0.05055115710336344,1.1629272603124992,0.4406116936410995,BTC,1.0,1
btc_hodl,,2025-05-09,-0.007232311231154531,1.1545166084267253,0.28574983061000403,BTC,1.0,1
btc_hodl,,2025-05-10,0.00873921514055076,1.1646061774511054,0.215478144663946,BTC,1.0,1
btc_hodl,,2025-05-11,0.0034557443990750336,1.1686307587259603,0.28029368887710304,BTC,1.0,1
btc_hodl,,2025-05-12,-0.003931893014018972,1.164035827609758,0.39152192174802614,BTC,1.0,1
btc_hodl,,2025-05-13,0.006521514095442216,1.1716271036671149,0.3104607875855791,BTC,1.0,1
btc_hodl,,2025-05-14,-0.00043880699348242125,1.1711129855002722,0.25275272857926445,BTC,1.0,1
btc_hodl,,2025-05-15,0.0019206233794728522,1.1733622524802283,0.36428718439637053,BTC,1.0,1
btc_hodl,,2025-05-16,0.003162953733244045,1.1770735429971584,0.2245094532848654,BTC,1.0,1
btc_hodl,,2025-05-17,0.0007370604935577063,1.1779411174037135,0.1624434458718305,BTC,1.0,1
btc_hodl,,2025-05-18,0.0269647289887891,1.2097039803992562,0.3282692195872331,BTC,1.0,1
btc_hodl,,2025-05-19,-0.01337406202271485,1.1935253243362716,0.380064613892412,BTC,1.0,1
btc_hodl,,2025-05-20,0.012074628472972027,1.2079366992007154,0.3822712855133029,BTC,1.0,1
btc_hodl,,2025-05-21,0.01394560085123353,1.2247821022613252,0.41065438336079524,BTC,1.0,1
btc_hodl,,2025-05-22,0.015747669987601798,1.2440695666144577,0.3420991509244599,BTC,1.0,1
btc_hodl,,2025-05-23,-0.03260195779631647,1.2035104631080114,0.38793097352401645,BTC,1.0,1
btc_hodl,,2025-05-24,0.0047457265099886126,1.2092219946178318,0.28928749614289534,BTC,1.0,1
btc_hodl,,2025-05-25,0.012010894838236919,1.2237458328312696,0.31500678572387447,BTC,1.0,1
btc_hodl,,2025-05-26,-0.0004266827712035015,1.2232236815680684,0.2785687164004994,BTC,1.0,1
btc_hodl,,2025-05-27,-0.006764166989554066,1.2149495923203648,0.32741969857122133,BTC,1.0,1
btc_hodl,,2025-05-28,-0.006082926151954271,1.207559143671933,0.2412087856638721,BTC,1.0,1
btc_hodl,,2025-05-29,-0.01965767048289302,1.1838213439370258,0.24279885984774086,BTC,1.0,1
btc_hodl,,2025-05-30,-0.0011467889908257645,1.1824637506526943,0.337229444827812,BTC,1.0,1
btc_hodl,,2025-05-31,0.004864163479371797,1.1882154476443,0.21393958428774476,BTC,1.0,1
btc_hodl,,2025-06-01,0.008038400432679893,1.197766799212761,0.24976206975230628,BTC,1.0,1
btc_hodl,,2025-06-02,-0.00693475694817447,1.1894605775796276,0.26747805808100117,BTC,1.0,1
btc_hodl,,2025-06-03,-0.005510907003443255,1.1829055709523244,0.24846839825505182,BTC,1.0,1
btc_hodl,,2025-06-04,-0.013833240523175916,1.1665421536731362,0.21587425293553963,BTC,1.0,1
btc_hodl,,2025-06-05,-0.0244530599034547,1.138016628509462,0.378468115541679,BTC,1.0,1
btc_hodl,,2025-06-06,0.02517894201854931,1.1666706832148466,0.30874185440486496,BTC,1.0,1
btc_hodl,,2025-06-07,0.009061301494840635,1.177242238020648,0.18593471629300207,BTC,1.0,1
btc_hodl,,2025-06-08,-0.005806931470022758,1.1704060730208459,0.18372560449157085,BTC,1.0,1
btc_hodl,,2025-06-09,0.032958585567406384,1.2089810017271154,0.29342444849412797,BTC,1.0,1
btc_hodl,,2025-06-10,0.0009501661129569516,1.2101297345061652,0.24854644067914042,BTC,1.0,1
btc_hodl,,2025-06-11,-0.006638210869405414,1.2020966381491758,0.20335492027290306,BTC,1.0,1
btc_hodl,,2025-06-12,-0.02762574928329531,1.1688878178093745,0.3160954949863791,BTC,1.0,1
btc_hodl,,2025-06-13,0.011696870983926244,1.1825601478089738,0.4468290318037083,BTC,1.0,1
btc_hodl,,2025-06-14,-0.005488720272259107,1.176069405952529,0.19570520538528463,BTC,1.0,1
btc_hodl,,2025-06-15,-0.003367417334344869,1.1721090894485318,0.18582739432655726,BTC,1.0,1
btc_hodl,,2025-06-16,0.0046672606401179095,1.1775796280676394,0.3182516664761412,BTC,1.0,1
btc_hodl,,2025-06-17,-0.007606196833364387,1.168622725629597,0.30802108932341576,BTC,1.0,1
btc_hodl,,2025-06-18,-0.00035057329044141383,1.1682130377153883,0.32699734148107246,BTC,1.0,1
btc_hodl,,2025-06-19,-0.0030668729585693333,1.1646302767401708,0.21622937335759404,BTC,1.0,1
btc_hodl,,2025-06-20,-0.0067595996661574675,1.156757842310321,0.2991023086389106,BTC,1.0,1
btc_hodl,,2025-06-21,-0.007298661796265371,1.1483150580391204,0.2740208615260184,BTC,1.0,1
btc_hodl,,2025-06-22,-0.014389848056634902,1.1317909788327916,0.5315912115150123,BTC,1.0,1
btc_hodl,,2025-06-23,0.03748997451931113,1.1742217937904191,0.5312511719375737,BTC,1.0,1
btc_hodl,,2025-06-24,-0.0037147763266826006,1.1698598224685717,0.26671419407229,BTC,1.0,1
btc_hodl,,2025-06-25,0.012209022866167762,1.1841426677913014,0.26731711122254154,BTC,1.0,1
btc_hodl,,2025-06-26,-0.004124606534247177,1.1792585452062485,0.22434298040696313,BTC,1.0,1
btc_hodl,,2025-06-27,0.000980926430519613,1.1804153110816573,0.24205842108585424,BTC,1.0,1
btc_hodl,,2025-06-28,0.0015652221254365273,1.1822629232437663,0.08031667619313465,BTC,1.0,1
btc_hodl,,2025-06-29,0.00580265536031721,1.189123187532631,0.1406571323114243,BTC,1.0,1
btc_hodl,,2025-06-30,-0.01625368173588604,1.1697955576977133,0.21290637224821307,BTC,1.0,1
btc_hodl,,2025-07-01,-0.0036601612393717398,1.1655139173394389,0.2215719648136516,BTC,1.0,1
btc_hodl,,2025-07-02,0.0163692630040857,1.1845925211872903,0.2334175763971774,BTC,1.0,1
btc_hodl,,2025-07-03,0.009568437042262623,1.195927220147006,0.2381080783752868,BTC,1.0,1
btc_hodl,,2025-07-04,-0.007240973971453513,1.1872675422741688,0.1795996750547231,BTC,1.0,1
btc_hodl,,2025-07-05,0.0027402450658673416,1.19052094629875,0.10872426219137511,BTC,1.0,1
btc_hodl,,2025-07-06,0.0010863551099167257,1.1918142748122247,0.1591942683256479,BTC,1.0,1
btc_hodl,,2025-07-07,-0.0017726791720310553,1.1897015704703358,0.19418138872657065,BTC,1.0,1
btc_hodl,,2025-07-08,0.0013774476704928595,1.191340322127162,0.18251582123048887,BTC,1.0,1
btc_hodl,,2025-07-09,0.01778104434135508,1.2125235972205493,0.26416300720441865,BTC,1.0,1
btc_hodl,,2025-07-10,0.03709396386667496,1.2575009037233391,0.3317163514546603,BTC,1.0,1
btc_hodl,,2025-07-11,0.010623482815894425,1.2708599429650158,0.373442841390614,BTC,1.0,1
btc_hodl,,2025-07-12,0.009715365701029599,1.2832068120657105,0.19676817771636382,BTC,1.0,1
btc_hodl,,2025-07-13,0.012069613121322265,1.298694621841989,0.15834808913797435,BTC,1.0,1
btc_hodl,,2025-07-14,0.01349679590271502,1.3162228380929442,0.3592688491668707,BTC,1.0,1
btc_hodl,,2025-07-15,-0.018486420506560908,1.291890589227619,0.4771872370596441,BTC,1.0,1
btc_hodl,,2025-07-16,0.0023566574017090947,1.2949351327469205,0.3391527853963455,BTC,1.0,1
btc_hodl,,2025-07-17,0.0072146401985120345,1.304277623810102,0.3494766150831788,BTC,1.0,1
btc_hodl,,2025-07-18,-0.007581776636303772,1.2943888821946448,0.5547619498795316,BTC,1.0,1
btc_hodl,,2025-07-19,0.0018866519375417834,1.2968309434871699,0.16306529338152342,BTC,1.0,1
btc_hodl,,2025-07-20,-0.00932257984588003,1.2847411334699028,0.16468961937810508,BTC,1.0,1
btc_hodl,,2025-07-21,0.0008128505417952514,1.2857854359963106,0.25565706154490647,BTC,1.0,1
btc_hodl,,2025-07-22,0.01543786431422789,1.305635217094432,0.34088760971918824,BTC,1.0,1
btc_hodl,,2025-07-23,-0.0032793542194782255,1.3013535767361541,0.3074039194070126,BTC,1.0,1
btc_hodl,,2025-07-24,-0.005864233729836021,1.2937221351970152,0.31421604967232586,BTC,1.0,1
btc_hodl,,2025-07-25,-0.005271687498833333,1.286902036389933,0.3284009466887127,BTC,1.0,1
btc_hodl,,2025-07-26,0.0047253433208489515,1.292983090332175,0.1214709575811416,BTC,1.0,1
btc_hodl,,2025-07-27,0.010120715470592456,1.3060690042977143,0.1699296571935944,BTC,1.0,1
btc_hodl,,2025-07-28,-0.0006335108803985356,1.3052415953729404,0.20691720419023021,BTC,1.0,1
btc_hodl,,2025-07-29,0.004782038736357963,1.3114833112423194,0.2550970775010624,BTC,1.0,1
btc_hodl,,2025-07-30,-0.0008514026705865874,1.310366710848698,0.20231728695021045,BTC,1.0,1
btc_hodl,,2025-07-31,-0.012309880395533268,1.2942362533638623,0.18258743995606372,BTC,1.0,1
btc_hodl,,2025-08-01,-0.019135637720109733,1.2694702172952592,0.3741556202421605,BTC,1.0,1
btc_hodl,,2025-08-02,-0.004005568562933659,1.2643852673012808,0.21987400319724873,BTC,1.0,1
btc_hodl,,2025-08-03,0.01846922114144678,1.2877374784110553,0.21747680217703666,BTC,1.0,1
btc_hodl,,2025-08-04,0.00028695478590790024,1.2881070008434785,0.225188004283312,BTC,1.0,1
btc_hodl,,2025-08-05,-0.0021702525724978106,1.2853114833112456,0.23510623555068133,BTC,1.0,1
btc_hodl,,2025-08-06,-1.2499843751623274e-05,1.285295417118532,0.2307612374393817,BTC,1.0,1
btc_hodl,,2025-08-07,0.011737499999998624,1.300381572076959,0.21435863375001932,BTC,1.0,1
btc_hodl,,2025-08-08,-0.011558086954373104,1.285351648793029,0.18838926876616388,BTC,1.0,1
btc_hodl,,2025-08-09,0.0008374633609784521,1.2864280837048665,0.1420215933227689,BTC,1.0,1
btc_hodl,,2025-08-10,0.023223284480552886,1.3163031690565172,0.26635974573957566,BTC,1.0,1
btc_hodl,,2025-08-11,0.0026547052361782786,1.3197975659718097,0.32320433074409455,BTC,1.0,1
btc_hodl,,2025-08-12,0.0002738975623099993,1.3201590553078721,0.256417692798948,BTC,1.0,1
btc_hodl,,2025-08-13,0.023013265181942133,1.3505402257300143,0.284872235496114,BTC,1.0,1
btc_hodl,,2025-08-14,-0.02101450137399985,1.322159296300769,0.4178610514090176,BTC,1.0,1
btc_hodl,,2025-08-15,-0.004751228818452247,1.3158774149496002,0.2458874936477859,BTC,1.0,1
btc_hodl,,2025-08-16,-0.004584663659060739,1.309844559585502,0.12590131843534458,BTC,1.0,1
btc_hodl,,2025-08-17,0.0006930134432319157,1.310752299473839,0.1210768131924437,BTC,1.0,1
btc_hodl,,2025-08-18,-0.01014898663349062,1.297449491906662,0.2819466586984101,BTC,1.0,1
btc_hodl,,2025-08-19,-0.02625175682452585,1.2633891633530236,0.2594199851053689,BTC,1.0,1
btc_hodl,,2025-08-20,0.012576856803138803,1.279278627947152,0.3074356501427621,BTC,1.0,1
btc_hodl,,2025-08-21,-0.009111402754141573,1.2676226051331598,0.21815981724276465,BTC,1.0,1
btc_hodl,,2025-08-22,0.02124841571609748,1.2945575772181517,0.43862887921955024,BTC,1.0,1
btc_hodl,,2025-08-23,-0.008923197210106482,1.2830059846567965,0.177634510616077,BTC,1.0,1
btc_hodl,,2025-08-24,-0.013236076761731552,1.2660240189581182,0.25774791992253504,BTC,1.0,1
btc_hodl,,2025-08-25,-0.011268964029413575,1.2517572398281056,0.3489622739941589,BTC,1.0,1
btc_hodl,,2025-08-26,0.0053778276913227785,1.258488974575267,0.3497142124583913,BTC,1.0,1
btc_hodl,,2025-08-27,-0.0067278170340182575,1.2500220910149953,0.29832806699079095,BTC,1.0,1
btc_hodl,,2025-08-28,0.0068505035055821395,1.2585853717315487,0.24288245105147915,BTC,1.0,1
btc_hodl,,2025-08-29,-0.02920057443753099,1.221833955898314,0.33185160251118284,BTC,1.0,1
btc_hodl,,2025-08-30,-0.002228796844179315,1.2191107362332967,0.2336936186952064,BTC,1.0,1
btc_hodl,,2025-08-31,-0.0063125572446156575,1.2114150299232984,0.18020386756411605,BTC,1.0,1
btc_hodl,,2025-09-01,0.011219935942919035,1.2250070289593271,0.34239751755202996,BTC,1.0,1
btc_hodl,,2025-09-02,0.016400537722547348,1.2450978029481603,0.3592925440653053,BTC,1.0,1
btc_hodl,,2025-09-03,-0.0005419494696647931,1.2444230228541717,0.2626238244268123,BTC,1.0,1
btc_hodl,,2025-09-04,0.0036536872546966137,1.248969755392225,0.2778690402239265,BTC,1.0,1
btc_hodl,,2025-09-05,-0.00331236573663074,1.2448327107683756,0.30501849730521957,BTC,1.0,1
btc_hodl,,2025-09-06,-0.004117111826694275,1.2397075952926153,0.12447882932955837,BTC,1.0,1
btc_hodl,,2025-09-07,0.004484043414874073,1.2452664979716566,0.14221012764018476,BTC,1.0,1
btc_hodl,,2025-09-08,0.006786352464566603,1.2537173153392087,0.2106815284851029,BTC,1.0,1
btc_hodl,,2025-09-09,-0.0042801581351862295,1.2483512069727358,0.2071034031827648,BTC,1.0,1
btc_hodl,,2025-09-10,0.02106807549501366,1.274651564445529,0.2314472798676639,BTC,1.0,1
btc_hodl,,2025-09-11,0.012068693871118308,1.290034943969164,0.22174784246209403,BTC,1.0,1
btc_hodl,,2025-09-12,0.0029765240675010407,1.2938747640278057,0.20592254819642755,BTC,1.0,1
btc_hodl,,2025-09-13,-0.0029056050860503113,1.2901152749327343,0.12505378411288245,BTC,1.0,1
btc_hodl,,2025-09-14,-0.0021170610211717067,1.287384022171356,0.15308020192254562,BTC,1.0,1
btc_hodl,,2025-09-15,0.002265069262449071,1.2903000361489443,0.24306514595383474,BTC,1.0,1
btc_hodl,,2025-09-16,0.010428145408815759,1.3037554725469058,0.1909952653132514,BTC,1.0,1
btc_hodl,,2025-09-17,-0.005409801722760399,1.2967024139454633,0.267439187653121,BTC,1.0,1
btc_hodl,,2025-09-18,0.006579110395245058,1.3052335622765912,0.18477635550200108,BTC,1.0,1
btc_hodl,,2025-09-19,-0.002024839674552137,1.3025906735751365,0.15378150556474424,BTC,1.0,1
btc_hodl,,2025-09-20,0.00011717328695803886,1.3027433024059203,0.07400967968166486,BTC,1.0,1
btc_hodl,,2025-09-21,-0.004291739634460723,1.2971522673414566,0.09168224104352053,BTC,1.0,1
btc_hodl,,2025-09-22,-0.004681810299983269,1.2910792464955707,0.2559193781623731,BTC,1.0,1
btc_hodl,,2025-09-23,-0.006794425087109701,1.2823071052737345,0.23251611850952988,BTC,1.0,1
btc_hodl,,2025-09-24,0.0069599318415316525,1.2912318753263514,0.2164948870438957,BTC,1.0,1
btc_hodl,,2025-09-25,-0.016106856456740815,1.2704341888581017,0.252961042885359,BTC,1.0,1
btc_hodl,,2025-09-26,-0.00013278533038196816,1.2702654938346056,0.23264559115410732,BTC,1.0,1
btc_hodl,,2025-09-27,-0.0015051002662358481,1.268353616901645,0.08871505560163016,BTC,1.0,1
btc_hodl,,2025-09-28,0.0182530986566658,1.2915050006024895,0.16035346500069467,BTC,1.0,1
btc_hodl,,2025-09-29,0.01390780790306767,1.3094670040567202,0.2557672562544398,BTC,1.0,1
btc_hodl,,2025-09-30,-0.001110368139182416,1.308013013616105,0.22409094979370164,BTC,1.0,1
btc_hodl,,2025-10-01,0.03483430368241347,1.3535767361529571,0.24985842705184128,BTC,1.0,1
btc_hodl,,2025-10-02,0.01338872403560809,1.3716994015343282,0.2621278142991267,BTC,1.0,1
btc_hodl,,2025-10-03,0.01599358148469099,1.3936377876852692,0.3707700534227317,BTC,1.0,1
btc_hodl,,2025-10-04,0.008657709223167664,1.405703498413467,0.16843199117906069,BTC,1.0,1
btc_hodl,,2025-10-05,0.011669304927737878,1.4221070811744418,0.3805611798195179,BTC,1.0,1
btc_hodl,,2025-10-06,0.0037902966147180805,1.427497288829984,0.25507118539132134,BTC,1.0,1
btc_hodl,,2025-10-07,-0.011659970062236957,1.410852713178302,0.32869983970692074,BTC,1.0,1
btc_hodl,,2025-10-08,0.013739110630300644,1.4302365746877184,0.2458211093540477,BTC,1.0,1
btc_hodl,,2025-10-09,-0.0009548255196775157,1.4288709483070303,0.24477771015801994,BTC,1.0,1
btc_hodl,,2025-10-10,-0.03329903920212807,1.3812909185845725,0.7238164769743456,BTC,1.0,1
btc_hodl,,2025-10-11,-0.00906077348066181,1.3687753544603825,0.6886916075342094,BTC,1.0,1
btc_hodl,,2025-10-12,0.020171134795061496,1.3963851066393609,0.44370036025195386,BTC,1.0,1
btc_hodl,,2025-10-13,-0.012276432586047159,1.3792424790135425,0.35162762788314483,BTC,1.0,1
btc_hodl,,2025-10-14,-0.009347971693994261,1.3663493593605693,0.39002867741253633,BTC,1.0,1
btc_hodl,,2025-10-15,-0.008524898583101903,1.3547013696429342,0.32640303149298294,BTC,1.0,1
btc_hodl,,2025-10-16,-0.01980550284629945,1.3278708278105853,0.3718172583437719,BTC,1.0,1
btc_hodl,,2025-10-17,-0.010048396854205888,1.3145278547616217,0.4931680827542842,BTC,1.0,1
btc_hodl,,2025-10-18,0.00012222025311747764,1.3146885166887605,0.22674488995199213,BTC,1.0,1
btc_hodl,,2025-10-19,0.00742397301706732,1.3244487287625062,0.3126460735162236,BTC,1.0,1
btc_hodl,,2025-10-20,0.006592913376272325,1.3331807045025514,0.37274499754665263,BTC,1.0,1
btc_hodl,,2025-10-21,-0.017232964371147297,1.310206048921558,0.49406758861793637,BTC,1.0,1
btc_hodl,,2025-10-22,-0.00036787021538575715,1.3097240631401414,0.3333542950828577,BTC,1.0,1
btc_hodl,,2025-10-23,0.01632104807992829,1.3311001325460907,0.3247952511879783,BTC,1.0,1
btc_hodl,,2025-10-24,0.0005672834365317847,1.3318552436036493,0.2851251838497801,BTC,1.0,1
btc_hodl,,2025-10-25,0.003220825592899823,1.3361449170582858,0.12800283981568544,BTC,1.0,1
btc_hodl,,2025-10-26,0.019533457584319347,1.3622444471221478,0.26731871327407636,BTC,1.0,1
btc_hodl,,2025-10-27,-0.004004033518300809,1.3567899746957515,0.24987761660914107,BTC,1.0,1
btc_hodl,,2025-10-28,-0.00473653049141709,1.350363497610156,0.3086849977373558,BTC,1.0,1
btc_hodl,,2025-10-29,-0.022212968471150285,1.3203679158131494,0.38217177090555443,BTC,1.0,1
btc_hodl,,2025-10-30,-0.0006570701970004533,1.319500341406593,0.48058159079997526,BTC,1.0,1
btc_hodl,,2025-10-31,0.00043833481474297997,1.3200787243442966,0.3922691321530774,BTC,1.0,1
btc_hodl,,2025-11-01,-0.002020324955879449,1.3174117363537783,0.15006708621247297,BTC,1.0,1
btc_hodl,,2025-11-02,5.487871803255828e-05,1.3174840342209904,0.1590882206079233,BTC,1.0,1
btc_hodl,,2025-11-03,-0.03348027828080258,1.2733743021247572,0.4494233225666017,BTC,1.0,1
btc_hodl,,2025-11-04,-0.033851472406573935,1.2302687070731406,0.7224146866630003,BTC,1.0,1
btc_hodl,,2025-11-05,0.01862226575253012,1.2531790978832784,0.6675835114200473,BTC,1.0,1
btc_hodl,,2025-11-06,-0.029454750580120148,1.2162670201229064,0.5017450058063564,BTC,1.0,1
btc_hodl,,2025-11-07,0.016921278408530194,1.2368478129895195,0.49171565086726077,BTC,1.0,1
btc_hodl,,2025-11-08,-0.009255109794830352,1.2254006506808057,0.28936020623858355,BTC,1.0,1
btc_hodl,,2025-11-09,0.01839469267883298,1.247941519058521,0.3876399998249672,BTC,1.0,1
btc_hodl,,2025-11-10,0.01045381396845979,1.260987267542276,0.36356668490384597,BTC,1.0,1
btc_hodl,,2025-11-11,-0.015887981449156152,1.2409527252279422,0.4153490981401673,BTC,1.0,1
btc_hodl,,2025-11-12,-0.007632055929568615,1.231481704623052,0.3292453500076164,BTC,1.0,1
btc_hodl,,2025-11-13,-0.013444139307635883,1.2149254930312947,0.4783138783305558,BTC,1.0,1
btc_hodl,,2025-11-14,-0.04849907431896405,1.1560027312527659,0.6167012391972548,BTC,1.0,1
btc_hodl,,2025-11-15,0.002501650394355792,1.1588946459412808,0.32101906306655065,BTC,1.0,1
btc_hodl,,2025-11-16,-0.027310851557896476,1.1272442462947374,0.40324593599622455,BTC,1.0,1
btc_hodl,,2025-11-17,-0.018136468911455816,1.1068000160661955,0.5737917736736928,BTC,1.0,1
btc_hodl,,2025-11-18,-0.00037015532007589336,1.1063903281519885,0.6333186805962244,BTC,1.0,1
btc_hodl,,2025-11-19,-0.008284384552272206,1.0972245652086627,0.5547011339413646,BTC,1.0,1
btc_hodl,,2025-11-20,-0.04723694614460805,1.04539502751336,0.6188791777172973,BTC,1.0,1
btc_hodl,,2025-11-21,-0.015983279031166808,1.0286861870908197,0.9131189838164805,BTC,1.0,1
btc_hodl,,2025-11-22,-0.005692821890422972,1.0228300598465734,0.36950844001751604,BTC,1.0,1
btc_hodl,,2025-11-23,0.03608818239650513,1.0597421376069447,0.47183682599920246,BTC,1.0,1
btc_hodl,,2025-11-24,0.004396537347827856,1.0644013334940006,0.6394456755546435,BTC,1.0,1
btc_hodl,,2025-11-25,-0.013577153552396415,1.049949793147777,0.4632651479364081,BTC,1.0,1
btc_hodl,,2025-11-26,0.036273077129060916,1.0880347029762678,0.44047069868625316,BTC,1.0,1
btc_hodl,,2025-11-27,0.01140692832462098,1.1004458368478183,0.4461220835196986,BTC,1.0,1
btc_hodl,,2025-11-28,-0.005051500485438454,1.0948869341687828,0.3660778692286421,BTC,1.0,1
btc_hodl,,2025-11-29,-0.002201075592272672,1.0924770052616857,0.2077761971246728,BTC,1.0,1
btc_hodl,,2025-11-30,-0.0014485613653250073,1.0908944852793576,0.2243692244563467,BTC,1.0,1
btc_hodl,,2025-12-01,-0.04877761413843906,1.03768325501065,0.6914456300946101,BTC,1.0,1
btc_hodl,,2025-12-02,0.05236266798786193,1.0920191187693367,0.5243492939856147,BTC,1.0,1
btc_hodl,,2025-12-03,0.021693394144474354,1.1157087199261013,0.49094462677585854,BTC,1.0,1
btc_hodl,,2025-12-04,-0.010576791538564834,1.103908101377684,0.4160826514036077,BTC,1.0,1
btc_hodl,,2025-12-05,-0.027099403289186808,1.0739928505442495,0.496133771093611,BTC,1.0,1
btc_hodl,,2025-12-06,-0.0006731689803733953,1.0732698718721203,0.22305533054659046,BTC,1.0,1
btc_hodl,,2025-12-07,0.011099800907145019,1.0851829537695379,0.43231035820284675,BTC,1.0,1
btc_hodl,,2025-12-08,-0.0006588249228319798,1.084468008193762,0.38722882233645917,BTC,1.0,1
btc_hodl,,2025-12-09,0.015681481481484072,1.1014740731815145,0.43828915559989,BTC,1.0,1
btc_hodl,,2025-12-10,-0.003048491434322953,1.0981162389042918,0.4337638055760795,BTC,1.0,1
btc_hodl,,2025-12-11,0.006225356440061169,1.1049524039040903,0.533066401671456,BTC,1.0,1
btc_hodl,,2025-12-12,-0.01984732824427593,1.083022050849504,0.41469048929482105,BTC,1.0,1
btc_hodl,,2025-12-13,-0.000571131879543274,1.0824035024300156,0.14528111949585984,BTC,1.0,1
btc_hodl,,2025-12-14,-0.021693149180292526,1.0589227617785302,0.2687333545707387,BTC,1.0,1
btc_hodl,,2025-12-15,-0.020634198148991145,1.037072739687515,0.4304212110485968,BTC,1.0,1
btc_hodl,,2025-12-16,0.011014717273432284,1.048495802707157,0.4241048028011512,BTC,1.0,1
btc_hodl,,2025-12-17,-0.014120224942919313,1.033690806121225,0.7096754075898125,BTC,1.0,1
btc_hodl,,2025-12-18,-0.011237264821767012,1.022074948789015,0.5483940796183336,BTC,1.0,1
btc_hodl,,2025-12-19,0.03167417258101435,1.0544483271076897,0.5402331108507052,BTC,1.0,1
btc_hodl,,2025-12-20,0.0026435476867061602,1.0572358115435663,0.19046076379828497,BTC,1.0,1
btc_hodl,,2025-12-21,0.0031380594179790666,1.0605534803390053,0.23068801652175128,BTC,1.0,1
btc_hodl,,2025-12-22,0.0004999128939635611,1.0610836646985646,0.3690933372919227,BTC,1.0,1
btc_hodl,,2025-12-23,-0.012559713526486993,1.0477567578423157,0.3543838055415598,BTC,1.0,1
btc_hodl,,2025-12-24,-0.009300007666948051,1.0380126119612856,0.23524225910613725,BTC,1.0,1
btc_hodl,,2025-12-25,-0.0054404606205075146,1.03236534522232,0.21034748528890004,BTC,1.0,1
btc_hodl,,2025-12-26,-0.0028245949857592656,1.0294493312447335,0.39729013870393853,BTC,1.0,1
btc_hodl,,2025-12-27,0.0016855116230065637,1.031184480057843,0.09370095982631277,BTC,1.0,1
btc_hodl,,2025-12-28,-0.0033887214003591737,1.0276900831425526,0.11957700292228209,BTC,1.0,1
btc_hodl,,2025-12-29,-0.006112622330611717,1.0214082017913872,0.3691160314473065,BTC,1.0,1
btc_hodl,,2025-12-30,0.010625245772708292,1.0322609149696809,0.3066671823389822,BTC,1.0,1
btc_hodl,,2025-12-31,-0.0036653411257460133,1.0284773265855423,0.18682581646375535,BTC,1.0,1
btc_hodl,,2026-01-01,0.0060610794345064,1.034711009358566,0.13436865396171266,BTC,1.0,1
btc_hodl,,2026-01-02,0.01047311460645961,1.045547656344144,0.3958745376875122,BTC,1.0,1
btc_hodl,,2026-01-03,0.0071069109907409,1.0529782704743595,0.18264522954675066,BTC,1.0,1
btc_hodl,,2026-01-04,0.01073390296002752,1.064280837048649,0.25221099445783957,BTC,1.0,1
btc_hodl,,2026-01-05,0.027866885052870716,1.0939390287986568,0.296304727057296,BTC,1.0,1
btc_hodl,,2026-01-06,-0.000301074321295669,1.0936096718480224,0.39006911926086685,BTC,1.0,1
btc_hodl,,2026-01-07,-0.023343959805492753,1.068080491625504,0.29879912245950263,BTC,1.0,1
btc_hodl,,2026-01-08,0.0018050541516234642,1.0700084347511807,0.3149977347727762,BTC,1.0,1
btc_hodl,,2026-01-09,0.0026276276276286925,1.0728200184761285,0.3975416982498183,BTC,1.0,1
btc_hodl,,2026-01-10,-0.00014226881317991324,1.0726673896453442,0.08664079723363968,BTC,1.0,1
btc_hodl,,2026-01-11,0.0019396245066714002,1.0747479616018076,0.17897094891517246,BTC,1.0,1
btc_hodl,,2026-01-12,0.006061738545481532,1.081262802747327,0.3581409417858676,BTC,1.0,1
btc_hodl,,2026-01-13,0.04008142584378804,1.1246013575932905,0.42461740371954876,BTC,1.0,1
btc_hodl,,2026-01-14,0.014528986542475364,1.1409406755834128,0.36811598441296856,BTC,1.0,1
btc_hodl,,2026-01-15,-0.007927902555800892,1.1318954090854378,0.3644647196370401,BTC,1.0,1
btc_hodl,,2026-01-16,0.0006813149378330774,1.1326665863357124,0.2853302452224378,BTC,1.0,1
btc_hodl,,2026-01-17,-0.003546099290783311,1.1286500381572133,0.11097431255460599,BTC,1.0,1
btc_hodl,,2026-01-18,-0.013494661921708784,1.113419287464358,0.2188956351914435,BTC,1.0,1
btc_hodl,,2026-01-19,-0.011219012438312581,1.1009278226292383,0.27886241942527445,BTC,1.0,1
btc_hodl,,2026-01-20,-0.03794993031689042,1.0591476884765327,0.410274853119646,BTC,1.0,1
btc_hodl,,2026-01-21,0.004967841757174796,1.0644093665903616,0.5508791374061456,BTC,1.0,1
btc_hodl,,2026-01-22,0.0029659705817979276,1.0675663734586587,0.3418551782034354,BTC,1.0,1
btc_hodl,,2026-01-23,-0.006885083072478704,1.060216090292011,0.3474488011514167,BTC,1.0,1
btc_hodl,,2026-01-24,-0.002220016517530121,1.0578623930594115,0.11228069015237513,BTC,1.0,1
btc_hodl,,2026-01-25,-0.024360609926491472,1.0320922199461864,0.3016356976568663,BTC,1.0,1
btc_hodl,,2026-01-26,0.00830479452054722,1.0406635337590948,0.3452139896280326,BTC,1.0,1
btc_hodl,,2026-01-27,0.0010420928311725142,1.0417480017672878,0.3469276938123413,BTC,1.0,1
btc_hodl,,2026-01-28,-0.0046421245816666845,1.0369120777603817,0.30587119506709737,BTC,1.0,1
btc_hodl,,2026-01-29,-0.03747288503253943,0.9980559906816154,0.444415173729739,BTC,1.0,1
btc_hodl,,2026-01-30,0.007018504060590125,1.0050608507049106,0.5899965496679166,BTC,1.0,1
btc_hodl,,2026-01-31,-0.05994485073731859,0.9448126280274822,0.6967824574289153,BTC,1.0,1
btc_hodl,,2026-02-01,-0.03523360115631613,0.911523476724111,0.7130164370219529,BTC,1.0,1
btc_hodl,,2026-02-02,0.030501185324885105,0.9393260232156567,0.7495793661654372,BTC,1.0,1
btc_hodl,,2026-02-03,-0.0429993500496022,0.8989356147327059,0.7584099401076634,BTC,1.0,1
btc_hodl,,2026-02-04,-0.035333857592219964,0.8671727517371658,0.7983958322934955,BTC,1.0,1
btc_hodl,,2026-02-05,-0.13750810560444737,0.7479294694139924,1.3152530865474008,BTC,1.0,1
btc_hodl,,2026-02-06,0.12355809507443039,0.8403422099048147,1.4620467936948243,BTC,1.0,1
btc_hodl,,2026-02-07,-0.02026574897237321,0.8233120456279943,0.8022840418424192,BTC,1.0,1
btc_hodl,,2026-02-08,0.02061664552639475,0.8402859782303176,0.581231607225098,BTC,1.0,1
btc_hodl,,2026-02-09,-0.009789394185637734,0.8320600875607568,0.5908638095051716,BTC,1.0,1
btc_hodl,,2026-02-10,-0.013892777493504704,0.8205004619030491,0.5588227973044603,BTC,1.0,1
btc_hodl,,2026-02-11,-0.029156060309382448,0.7965779009519277,0.7390807943918102,BTC,1.0,1
btc_hodl,,2026-02-12,-0.0198967346362513,0.7807286018395851,0.5568894909724713,BTC,1.0,1
btc_hodl,,2026-02-13,0.03709267509697556,0.8096879142065369,0.47059336712434324,BTC,1.0,1
btc_hodl,,2026-02-14,0.020298827311152845,0.8261236293529429,0.34957974245916723,BTC,1.0,1
btc_hodl,,2026-02-15,-0.008168028004670536,0.819375828413068,0.5320230729169427,BTC,1.0,1
btc_hodl,,2026-02-16,-0.0009019607843098187,0.818636783548228,0.4625610860432568,BTC,1.0,1
btc_hodl,,2026-02-17,-0.018654080150725005,0.8033658673735876,0.42992754803587924,BTC,1.0,1
btc_hodl,,2026-02-18,-0.013859029867909212,0.7922319958227982,0.45833338369271676,BTC,1.0,1
btc_hodl,,2026-02-19,0.0012269192159863884,0.7932040004819925,0.38067176822812093,BTC,1.0,1
btc_hodl,,2026-02-20,0.013803649915942628,0.8041531108165711,0.4504020115161506,BTC,1.0,1
btc_hodl,,2026-02-21,-0.0011987413216084652,0.8031891392537354,0.21331687977072375,BTC,1.0,1
btc_hodl,,2026-02-22,-0.0045806871030691365,0.7995099811222306,0.2093034483266235,BTC,1.0,1
btc_hodl,,2026-02-23,-0.04146613481768391,0.7663573924569322,0.5453288231862132,BTC,1.0,1
btc_hodl,,2026-02-24,-0.01633123689727556,0.7538418283327397,0.5021271142682832,BTC,1.0,1
btc_hodl,,2026-02-25,0.041804309371072046,0.7853556653412161,0.6443429445618634,BTC,1.0,1
btc_hodl,,2026-02-26,-0.002925382294275636,0.7830581997831179,0.5050847289214361,BTC,1.0,1
btc_hodl,,2026-02-27,-0.013336205746880436,0.7726151745190284,0.46095563317074556,BTC,1.0,1
btc_hodl,,2026-02-28,0.015897441229373976,0.7848977788488672,0.698473466742078,BTC,1.0,1
btc_hodl,,2026-03-01,-0.017009866131739382,0.7715467727035484,0.6360461843955643,BTC,1.0,1
btc_hodl,,2026-03-02,0.04900776711159249,0.8093585572559048,0.7034930146256786,BTC,1.0,1
btc_hodl,,2026-03-03,-0.004545770349271616,0.8056793991244017,0.6315098148735059,BTC,1.0,1
btc_hodl,,2026-03-04,0.05121890423251485,0.8469454151102646,0.6851849951711897,BTC,1.0,1
btc_hodl,,2026-03-05,-0.014767812428865823,0.8344378840824282,0.5828267153006887,BTC,1.0,1
btc_hodl,,2026-03-06,-0.02945848375451321,0.8098566092300357,0.5014072073681342,BTC,1.0,1
btc_hodl,,2026-03-07,-0.014134801368842265,0.798409446921325,0.27565494341187835,BTC,1.0,1
btc_hodl,,2026-03-08,-0.015534762048496797,0.7860063461461303,0.3799485484902374,BTC,1.0,1
btc_hodl,,2026-03-09,0.026664350101179624,0.8069646945415198,0.5382417498978644,BTC,1.0,1
btc_hodl,,2026-03-10,0.01903339803892279,0.8223239747760863,0.5777560346878015,BTC,1.0,1
btc_hodl,,2026-03-11,0.004454560551742315,0.8259870667148759,0.5045550665075601,BTC,1.0,1
btc_hodl,,2026-03-12,0.0036567693998428297,0.8290075109451048,0.3705895823543541,BTC,1.0,1
btc_hodl,,2026-03-13,0.011472979389331561,0.8385186970317791,0.505180308812084,BTC,1.0,1
btc_hodl,,2026-03-14,0.007635342919823707,0.8449210748283004,0.23438009619704908,BTC,1.0,1
btc_hodl,,2026-03-15,0.018254420992583675,0.8603446198337225,0.31804324645795995,BTC,1.0,1
btc_hodl,,2026-03-16,0.025536881419234936,0.8823151383700929,0.5510338978960098,BTC,1.0,1
btc_hodl,,2026-03-17,-0.006628124004185665,0.8764670442222057,0.5413084117150957,BTC,1.0,1
btc_hodl,,2026-03-18,-0.02951231360041373,0.8506004739526922,0.42562297987008896,BTC,1.0,1
btc_hodl,,2026-03-19,-0.01707480616128232,0.8360766357392552,0.5039633969288776,BTC,1.0,1
btc_hodl,,2026-03-20,0.012692281824381535,0.8466883560268386,0.4315183894697369,BTC,1.0,1
btc_hodl,,2026-03-21,-0.017144212523715896,0.8321725509097588,0.301814779558039,BTC,1.0,1
btc_hodl,,2026-03-22,-0.014296332763799158,0.8202755352050534,0.37942081002419853,BTC,1.0,1
btc_hodl,,2026-03-23,0.03440340018802912,0.8484958027071625,0.7178007026184905,BTC,1.0,1
btc_hodl,,2026-03-24,-0.004052071005918201,0.8450576374663695,0.3872364565038873,BTC,1.0,1
btc_hodl,,2026-03-25,0.01245282660151803,0.8555809936940266,0.3999772703534038,BTC,1.0,1
btc_hodl,,2026-03-26,-0.02634568619902844,0.8330401253163109,0.34987589779345923,BTC,1.0,1
btc_hodl,,2026-03-27,-0.025911032680494772,0.8114551954050765,0.4354265764682181,BTC,1.0,1
btc_hodl,,2026-03-28,-0.0012077533807169916,0.8104751576495256,0.2776035408919177,BTC,1.0,1
btc_hodl,,2026-03-29,-0.003726757324662988,0.8074547134192979,0.4578941177082309,BTC,1.0,1
btc_hodl,,2026-03-30,0.009590512953160157,0.8151986183074359,0.4472226952058399,BTC,1.0,1
minimum_variance,7,2025-03-01,0.027984087171858185,1.0279840871718582,0.44574885245976487,BTC,0.832659010065741,6
minimum_variance,7,2025-03-02,0.10437773486964086,1.1352827376728922,0.8723165229905172,BTC,0.8394895464086438,6
minimum_variance,7,2025-03-03,-0.0870349740348102,1.0364734340773638,0.8803325674503698,BTC,0.8355907505828616,6
minimum_variance,7,2025-03-04,0.0020623946177595887,1.0386110513092557,0.9296836564449514,BTC,0.836973546162317,6
minimum_variance,7,2025-03-05,0.0319318051606845,1.0717757770373966,0.659017541933018,BTC,0.8420240073484012,6
minimum_variance,7,2025-03-06,-0.011507528958603963,1.0594422862460084,0.6363238131697659,BTC,0.8425631979350556,6
minimum_variance,7,2025-03-07,-0.026927189872656743,1.0309144826451406,0.9007029796758814,BTC,0.8374755136605252,6
minimum_variance,7,2025-03-08,-0.003939054739529491,1.0268536540662276,0.2660582852279674,MASK,0.48746693628457916,8
minimum_variance,7,2025-03-09,-0.033052156301339064,0.9929139265934296,0.43598128194347613,MASK,0.5027419910332414,8
minimum_variance,7,2025-03-10,-0.01609424799334458,0.9769337236227894,0.5545913339193618,MASK,0.5098687691408229,8
minimum_variance,7,2025-03-11,0.017267368857910137,0.9938027985783158,0.5361754446323739,MASK,0.49874963759430085,8
minimum_variance,7,2025-03-12,0.007069029397057669,1.0008280197763442,0.4248350602016801,MASK,0.49433101618695663,8
minimum_variance,7,2025-03-13,-0.017501699060323506,0.9833118289630791,0.28617928224473693,MASK,0.5003346413548981,8
minimum_variance,7,2025-03-14,0.013446498798645568,0.9965339302899252,0.2711473874446498,MASK,0.4927745084953483,8
minimum_variance,7,2025-03-15,0.003405195118345139,0.9999273227646138,0.20448975128592614,MASK,0.5416714498890453,7
minimum_variance,7,2025-03-16,-0.012938156851641125,0.9869901062224437,0.2566531211792493,MASK,0.5450175079958922,7
minimum_variance,7,2025-03-17,0.0019023465079823776,0.988867703404429,0.23857280214936194,MASK,0.54040607212747,7
minimum_variance,7,2025-03-18,-0.00516861826036441,0.9837566237355282,0.24843349829170688,MASK,0.5425289414359503,7
minimum_variance,7,2025-03-19,0.02372178801079783,1.0070930898180006,0.2892364867684535,MASK,0.5338037344043124,7
minimum_variance,7,2025-03-20,-0.00917225181122927,0.9978557784008409,0.28535248102265776,MASK,0.5392515809333382,7
minimum_variance,7,2025-03-21,0.00687820175397591,1.0047192317660527,0.2509249343443446,MASK,0.5436139268698712,7
minimum_variance,7,2025-03-22,-0.0062369555460000115,0.9984528425813166,0.19653696881886407,MASK,0.5400524128620756,7
minimum_variance,7,2025-03-23,0.008031324402358653,1.0064717412605444,0.2850632559781564,MASK,0.538753837308711,7
minimum_variance,7,2025-03-24,0.013611787925657426,1.02017162115575,0.2673197147649811,MASK,0.5385992470702246,7
minimum_variance,7,2025-03-25,0.004925354846605945,1.0251963283943795,0.37313840920169783,MASK,0.5390726420339703,7
minimum_variance,7,2025-03-26,-0.00396054902278109,1.0211359880777984,0.37773022265054557,MASK,0.5387486042890183,7
minimum_variance,7,2025-03-27,4.4453042229664064e-05,1.0211813806789987,0.3444843515256973,MASK,0.5365862073215921,7
minimum_variance,7,2025-03-28,-0.014229888104770327,1.0066500838972616,0.3114358841537147,MASK,0.5451663437834752,7
minimum_variance,7,2025-03-29,-0.013868317908286576,0.992689540511371,0.2952344892043601,MASK,0.4987535371236934,8
minimum_variance,7,2025-03-30,-0.00017561018245948468,0.9925152141200362,0.30845872875687735,MASK,0.5028330961113221,8
minimum_variance,7,2025-03-31,-0.03297449137938202,0.9597875297481295,0.7649399118383324,MASK,0.48647819753865795,8
minimum_variance,7,2025-04-01,-0.1377150595402451,0.8276103329428811,2.1562879824679784,BTC,0.40944603364399623,8
minimum_variance,7,2025-04-02,-0.09132247243858005,0.7520309111228208,1.0500249205528558,BTC,0.4368529389271791,8
minimum_variance,7,2025-04-03,-0.0021890844750155347,0.75038465193055,0.6999504030822168,BTC,0.4395654710851686,8
minimum_variance,7,2025-04-04,-0.010781620778574363,0.7422942891753723,0.6911598946009853,BTC,0.44464108106936834,8
minimum_variance,7,2025-04-05,-0.0013415022854592618,0.7412984996899602,0.24214525619670918,BTC,0.6024927522981892,7
minimum_variance,7,2025-04-06,-0.04666278191734674,0.7067074494632712,0.4996635019413757,BTC,0.6022325709826334,7
minimum_variance,7,2025-04-07,0.013130831108328467,0.715987105625171,0.9851784029842693,BTC,0.5973161565317655,7
minimum_variance,7,2025-04-08,-0.01550748705124183,0.7048839448558325,0.6817082001007033,BTC,0.5890413609924604,7
minimum_variance,7,2025-04-09,0.0711280227443678,0.7550209461176779,0.7422392105481989,BTC,0.5830407557057413,7
minimum_variance,7,2025-04-10,-0.032457367532300885,0.7305149537749509,0.5751149482454287,BTC,0.5848174044473671,7
minimum_variance,7,2025-04-11,0.017680579445364497,0.7434308814511956,0.43546814424945257,BTC,0.5924421908083515,7
minimum_variance,7,2025-04-12,0.015358601602205368,0.7548489401781809,0.32190021898783466,BTC,0.5762488073939425,9
minimum_variance,7,2025-04-13,-0.010206038458032918,0.747144922864717,0.4295426762525285,BTC,0.5724181344564602,9
minimum_variance,7,2025-04-14,0.0020228171680465312,0.7486562604417065,0.4055071006885368,BTC,0.5773604268672875,9
minimum_variance,7,2025-04-15,0.019533046556699185,0.7632797980318787,0.46173685703693057,BTC,0.5624697384925058,9
minimum_variance,7,2025-04-16,0.009152529339589544,0.7702657387776815,0.44248681998221023,BTC,0.5561583950232698,9
minimum_variance,7,2025-04-17,-0.007292795602061974,0.7646483481855045,0.3283781015372907,BTC,0.5647609777537168,9
minimum_variance,7,2025-04-18,-0.008267375697064705,0.758326713014915,0.23627258869641002,BTC,0.5669876758010343,9
minimum_variance,7,2025-04-19,0.004411223617354132,0.761671861721037,0.16763745889257878,BTC,0.6448039278760126,11
minimum_variance,7,2025-04-20,-0.004271185584588277,0.7584186198450675,0.22289097947715855,BTC,0.6475750905323319,11
minimum_variance,7,2025-04-21,0.017645358435584457,0.7718011882364549,0.3361657902256282,BTC,0.6539701532858551,11
minimum_variance,7,2025-04-22,0.05208672009816451,0.8120017806995579,0.40477388393201136,BTC,0.6605463812070983,11
minimum_variance,7,2025-04-23,0.0037501205269361293,0.8150468852452679,0.3949327612680373,BTC,0.658721128746573,11
minimum_variance,7,2025-04-24,0.016486216591035996,0.8284839247272706,0.3388771685197183,BTC,0.6498133905771778,11
minimum_variance,7,2025-04-25,0.02075673240383491,0.8456805438537134,0.3253499821568791,BTC,0.6454453948886248,11
minimum_variance,7,2025-04-26,-0.00751195616983269,0.839327828674604,0.22639450441385867,BTC,0.6579718279706143,9
minimum_variance,7,2025-04-27,-0.015872431508082152,0.826005655201139,0.21345448969778558,BTC,0.6615836678572233,9
minimum_variance,7,2025-04-28,0.013452661001279953,0.8371176292657,0.2789708393180852,BTC,0.6610180417725213,9
minimum_variance,7,2025-04-29,0.0003370175212795701,0.8373997525741345,0.2533053437465955,BTC,0.6583375614777701,9
minimum_variance,7,2025-04-30,-0.0011172057948630743,0.8364642047179417,0.32829331314100113,BTC,0.6579475498335445,9
minimum_variance,7,2025-05-01,0.012908432051697227,0.8472616460682202,0.25924161353320707,BTC,0.6651399631788968,9
minimum_variance,7,2025-05-02,-0.0007092481058488254,0.846660727350588,0.26516197270096836,BTC,0.6621686746379541,9
minimum_variance,7,2025-05-03,-0.003656348418790034,0.843565040738888,0.16595970104446298,BTC,0.6803039145454919,10
minimum_variance,7,2025-05-04,-0.014709259103664496,0.8311568239838665,0.1851216145808084,BTC,0.6813430139287899,10
minimum_variance,7,2025-05-05,-0.011064026849936903,0.8219608825668007,0.2885646113144209,BTC,0.6851562219649046,10
minimum_variance,7,2025-05-06,0.0017060744895220914,0.8233632090599329,0.29594941221845344,BTC,0.6969703259224697,10
minimum_variance,7,2025-05-07,0.003950335808155403,0.8266157702278001,0.27842752620721833,BTC,0.6960007117557176,10
minimum_variance,7,2025-05-08,0.05148142947591894,0.869171131706465,0.37199091165435033,BTC,0.6953849422183066,10
minimum_variance,7,2025-05-09,0.0001634391588232198,0.8693131883051045,0.2996155718435579,BTC,0.6902428891735346,10
minimum_variance,7,2025-05-10,0.014417196703575996,0.8818462475379121,0.22728614289141214,BTC,0.5955028216161601,13
minimum_variance,7,2025-05-11,0.0030827403780990803,0.8845647505724723,0.3209280076846866,BTC,0.5957242639140132,13
minimum_variance,7,2025-05-12,0.0010901501100617494,0.8855290589326655,0.3929685602551783,BTC,0.5927357688787671,13
minimum_variance,7,2025-05-13,0.007157250091268885,0.8918670118705326,0.32015616391595725,BTC,0.5923616232681811,13
minimum_variance,7,2025-05-14,-0.006894289560684164,0.885718222441075,0.27891681885064673,BTC,0.5962121500472434,13
minimum_variance,7,2025-05-15,-0.013773579406274439,0.8735187121726986,0.41116257102390275,BTC,0.6056999047765627,13
minimum_variance,7,2025-05-16,0.006497927108835233,0.8791947730926004,0.22946077336142562,BTC,0.6036929527485234,13
minimum_variance,7,2025-05-17,-0.0027171968409051006,0.876805827832613,0.17432432442619294,BTC,0.769066857219766,10
minimum_variance,7,2025-05-18,0.022143202028568787,0.8962211164181371,0.29243385307025593,BTC,0.7726946038788818,10
minimum_variance,7,2025-05-19,-0.015977209634615464,0.8819020037621553,0.3359625412838428,BTC,0.7747387009592656,10
minimum_variance,7,2025-05-20,0.010594296228796374,0.8912451348347806,0.34320286975154296,BTC,0.7758735487256947,10
minimum_variance,7,2025-05-21,0.008607660168234998,0.8989166700820311,0.348215678488361,BTC,0.779979770742604,10
minimum_variance,7,2025-05-22,0.018217112872096042,0.9152923365235242,0.2940425054362302,BTC,0.7780881157403856,10
minimum_variance,7,2025-05-23,-0.032965187384059846,0.8851195531388322,0.37696887325571204,BTC,0.7783803747385335,10
minimum_variance,7,2025-05-24,0.004782295777644663,0.8893524566405188,0.2494407504087477,BTC,0.8226406392037539,6
minimum_variance,7,2025-05-25,0.009260210547991754,0.8975880476403836,0.2903337670213631,BTC,0.8248827019137732,6
minimum_variance,7,2025-05-26,-0.002702143748801844,0.8951626357084529,0.24888107081650432,BTC,0.8267647759476591,6
minimum_variance,7,2025-05-27,-0.005950063822957374,0.8898363608940608,0.3025932853742234,BTC,0.8260876753336628,6
minimum_variance,7,2025-05-28,-0.0065778460968188845,0.8839831542607463,0.22501923608631383,BTC,0.8264992297419498,6
minimum_variance,7,2025-05-29,-0.01653816212918191,0.8693636975361164,0.21686903224145623,BTC,0.82387760157883,6
minimum_variance,7,2025-05-30,-0.010975722843994618,0.8598218025413297,0.3176144366156405,BTC,0.8320653060023375,6
minimum_variance,7,2025-05-31,0.002910472510492923,0.8623242902615488,0.22624128561072657,BTC,0.756253261254684,8
minimum_variance,7,2025-06-01,0.006162899975668212,0.8676387086090197,0.2257571512766055,BTC,0.7576629269630248,8
minimum_variance,7,2025-06-02,0.017022526439527397,0.8824081114662741,0.5266806379666445,BTC,0.7398151949986667,8
minimum_variance,7,2025-06-03,-0.014410588058711316,0.8696920916722681,0.257163094521794,BTC,0.7464955825876137,8
minimum_variance,7,2025-06-04,-0.015812715276028677,0.8559398982488408,0.2143597120750724,BTC,0.7479969931237826,8
minimum_variance,7,2025-06-05,-0.03100805142993901,0.8293988698630039,0.36260342580051724,BTC,0.7530570082859283,8
minimum_variance,7,2025-06-06,0.02015159820557666,0.8461125826406425,0.30730003913464143,BTC,0.7567681003413459,8
minimum_variance,7,2025-06-07,0.010338840997212495,0.8548604060983048,0.18322811226100655,BTC,0.7568446767478766,8
minimum_variance,7,2025-06-08,-0.0056862795628493945,0.8499994308420189,0.16525801381685862,BTC,0.756752839783541,8
minimum_variance,7,2025-06-09,0.030195152702625183,0.8756652934534381,0.2690236061666041,BTC,0.7587827810645582,8
minimum_variance,7,2025-06-10,0.004944701740651869,0.8799951971542057,0.24948079218974328,BTC,0.7557667097848209,8
minimum_variance,7,2025-06-11,-0.007543596433932653,0.8733568685230754,0.19959617599250573,BTC,0.7564561710717158,8
minimum_variance,7,2025-06-12,-0.026891767485389795,0.8498707586829847,0.2767147174495865,BTC,0.7558856024114913,8
minimum_variance,7,2025-06-13,0.005949884644691927,0.8549273916600453,0.422878675268272,BTC,0.7602039728366908,8
minimum_variance,7,2025-06-14,-0.0035955020287832262,0.8518534984888693,0.2092626681045685,BTC,0.7810699033448195,7
minimum_variance,7,2025-06-15,-0.00438025376298945,0.8481221639965977,0.16679119350948282,BTC,0.7818644798429407,7
minimum_variance,7,2025-06-16,0.002679770490497946,0.850394936744013,0.29160820700561957,BTC,0.7834142747004409,7
minimum_variance,7,2025-06-17,-0.010395379867671029,0.8415547583390149,0.2733067378457104,BTC,0.7856223139106218,7
minimum_variance,7,2025-06-18,-0.0004200540288783472,0.8412012598722529,0.3171506371314959,BTC,0.7856769224676698,7
minimum_variance,7,2025-06-19,-9.128570692229498e-05,0.8411244702205816,0.20405202425477398,BTC,0.783338858801466,7
minimum_variance,7,2025-06-20,-0.003562185238398574,0.838128229049106,0.2760252429888562,BTC,0.780825245877658,7
minimum_variance,7,2025-06-21,-0.012836395089191543,0.8273696839656273,0.2538727310009063,BTC,0.7747148849054275,9
minimum_variance,7,2025-06-22,-0.02142589590930355,0.8096425472384664,0.5302940761050158,BTC,0.780285164130663,9
minimum_variance,7,2025-06-23,0.04003288830716922,0.842054876900796,0.48386751983196913,BTC,0.7783773418640445,9
minimum_variance,7,2025-06-24,-0.0013344502668014568,0.8409311965456542,0.2537733229832937,BTC,0.7765220742303967,9
minimum_variance,7,2025-06-25,0.015460719040347293,0.8539325975077096,0.3144137535714192,BTC,0.7740355045279986,9
minimum_variance,7,2025-06-26,-0.014957107406962544,0.8411602359284802,0.23836909517095542,BTC,0.782547560542373,9
minimum_variance,7,2025-06-27,-0.0001968632543819515,0.8409946423869786,0.258052163349841,BTC,0.783469418467076,9
minimum_variance,7,2025-06-28,0.003710738564720817,0.8441153536392076,0.09236853987918164,BTC,0.8520805642268319,7
minimum_variance,7,2025-06-29,0.004824216406455806,0.8481875487771752,0.14547559127779533,BTC,0.852910270360756,7
minimum_variance,7,2025-06-30,-0.01743223507979308,0.833401744035138,0.2089861701600609,BTC,0.8539333043814865,7
minimum_variance,7,2025-07-01,-0.0026800743827311013,0.831168165370426,0.22382124961493113,BTC,0.8530941265143113,7
minimum_variance,7,2025-07-02,0.03646343199786806,0.8614754092472033,0.48433261634146657,BTC,0.8365549829067668,7
minimum_variance,7,2025-07-03,0.0031946645894758152,0.8642275342318295,0.2918264512286049,BTC,0.8418700142695715,7
minimum_variance,7,2025-07-04,-0.014613412993227715,0.8515982203539809,0.206987006423343,BTC,0.8481686948344412,7
minimum_variance,7,2025-07-05,0.0014463847037160527,0.8528299589936127,0.11100955360470369,BTC,0.8804771851917351,9
minimum_variance,7,2025-07-06,0.0014845297477692476,0.8540960104375275,0.15428100227037805,BTC,0.8801271211878101,9
minimum_variance,7,2025-07-07,-0.0020359959287282736,0.8523570744375336,0.1796937172314106,BTC,0.8803593462160562,9
minimum_variance,7,2025-07-08,0.0012266219990886285,0.8534025943761174,0.1684434144223347,BTC,0.8804919643332262,9
minimum_variance,7,2025-07-09,0.01719921485193865,0.8680804489519942,0.24367944181500054,BTC,0.8809955984125323,9
minimum_variance,7,2025-07-10,0.035796400870491185,0.8991546046905157,0.30795050221095116,BTC,0.8820992393281984,9
minimum_variance,7,2025-07-11,0.010300696044106328,0.9084165229700912,0.38070948310775204,BTC,0.8823810662802865,9
minimum_variance,7,2025-07-12,0.02045354013378975,0.9269968567808576,0.3821233188702067,BTC,0.8764890120787601,8
minimum_variance,7,2025-07-13,0.007259198339733652,0.9337261108245395,0.171992707241532,BTC,0.8806749015762753,8
minimum_variance,7,2025-07-14,0.01141637800682016,0.9443858810605505,0.34246846797176655,BTC,0.8824863927341661,8
minimum_variance,7,2025-07-15,-0.011156812395568205,0.9338495449565346,0.44152673466921166,BTC,0.8759451337124046,8
minimum_variance,7,2025-07-16,0.0018128951032272411,0.9355425162237373,0.30927446711836704,BTC,0.876420577721539,8
minimum_variance,7,2025-07-17,0.00604690001795638,0.9411996482818896,0.3262483808220084,BTC,0.87743785785396,8
minimum_variance,7,2025-07-18,-0.004327666861708268,0.9371264497537686,0.540366566076143,BTC,0.8745701683392344,8
minimum_variance,7,2025-07-19,0.004598355264530785,0.9414356900975248,0.22674991949344683,BTC,0.6810264484385471,13
minimum_variance,7,2025-07-20,0.0032841747975242974,0.944527529464433,0.20940171610490424,BTC,0.6724690191908804,13
minimum_variance,7,2025-07-21,0.00988397735648805,0.953863218178239,0.2400449801921084,BTC,0.6664286701123655,13
minimum_variance,7,2025-07-22,0.02374667178367673,0.9765142949468394,0.46070087268966675,BTC,0.6610198832857991,13
minimum_variance,7,2025-07-23,-0.010034186730340955,0.9667157681664955,0.6309265862231533,BTC,0.6655302194389212,13
minimum_variance,7,2025-07-24,-0.0139833127729444,0.9531978792176862,0.4588548820575303,BTC,0.6710103421662527,13
minimum_variance,7,2025-07-25,-0.01715631136743545,0.9368445196070484,0.45712674219267396,BTC,0.6791242524663557,13
minimum_variance,7,2025-07-26,0.0066959258420160594,0.9431175610358364,0.11795592043420781,BTC,0.9019226187542106,8
minimum_variance,7,2025-07-27,0.010562629549846436,0.9530793624550126,0.1607128590008982,BTC,0.9015282124186009,8
minimum_variance,7,2025-07-28,0.00026380271032389047,0.9533307873739819,0.2034334496039148,BTC,0.900719472249027,8
minimum_variance,7,2025-07-29,0.0010151887389606706,0.9542985980538286,0.25892341403751457,BTC,0.9041089064752657,8
minimum_variance,7,2025-07-30,-0.0008159770178984838,0.9535199123296039,0.20342022296888648,BTC,0.90407685167117,8
minimum_variance,7,2025-07-31,-0.012025476914250155,0.9420533806366064,0.18099735706377532,BTC,0.9038165994096446,8
minimum_variance,7,2025-08-01,-0.021931893456135554,0.921392366262492,0.37297946914686964,BTC,0.9064005731978761,8
minimum_variance,7,2025-08-02,-0.005402000377359828,0.9164150043522455,0.2131441037275384,BTC,0.921907893009523,7
minimum_variance,7,2025-08-03,0.018781768070524896,0.9336268984203384,0.2109557255808538,BTC,0.9216250655288165,7
minimum_variance,7,2025-08-04,0.004092314315660817,0.93744759314223,0.21836376562998283,BTC,0.9181322445242461,7
minimum_variance,7,2025-08-05,-0.002784313644200176,0.9348374450179215,0.2373556928726617,BTC,0.9186976079433649,7
minimum_variance,7,2025-08-06,-0.0006152877266196732,0.9342622510116175,0.22161371456306944,BTC,0.9192517286731363,7
minimum_variance,7,2025-08-07,0.014495666766542792,0.947805005274842,0.21374855552545652,BTC,0.9167525069897191,7
minimum_variance,7,2025-08-08,-0.010012750043414509,0.9383148706671278,0.181457302412856,BTC,0.9153214870575654,7
minimum_variance,7,2025-08-09,0.0025441387124560677,0.9407020738540652,0.13742766293021277,BTC,0.905953945378111,6
minimum_variance,7,2025-08-10,0.020493920222721673,0.9599807471089793,0.2502612019395492,BTC,0.908376966494411,6
minimum_variance,7,2025-08-11,0.0003472645799249552,0.96031411441986,0.30521224795516605,BTC,0.9104722648152133,6
minimum_variance,7,2025-08-12,0.0010782796054653598,0.9613496015442795,0.2529185302333155,BTC,0.909740686120991,6
minimum_variance,7,2025-08-13,0.021466107109248345,0.9819860350604623,0.2629925418503295,BTC,0.9111186198936285,6
minimum_variance,7,2025-08-14,-0.0183466686551107,0.9639698626512622,0.41394888843399286,BTC,0.9086424788901519,6
minimum_variance,7,2025-08-15,-0.005025449738893628,0.9591254805567001,0.2365435430807746,BTC,0.9088929061768074,6
minimum_variance,7,2025-08-16,-0.0039306583920458715,0.9553554859375248,0.11783001655892425,BTC,0.8969642151840092,8
minimum_variance,7,2025-08-17,-0.00019388064604808353,0.9551702609987057,0.11516053981602095,BTC,0.8977598817090916,8
minimum_variance,7,2025-08-18,-0.010587873422141514,0.9450570391786576,0.2567996025122088,BTC,0.8981581130839446,8
minimum_variance,7,2025-08-19,-0.02600130906643594,0.9204843190175624,0.25867916285692033,BTC,0.8979271664841944,8
minimum_variance,7,2025-08-20,0.011900754051453744,0.9314387765064103,0.29593693028600354,BTC,0.8985271176411049,8
minimum_variance,7,2025-08-21,-0.009888468826377728,0.9222282732012472,0.2088529391637417,BTC,0.8992323058104378,8
minimum_variance,7,2025-08-22,0.021845467041683886,0.9423747805483741,0.4299696056528016,BTC,0.898706895797367,8
minimum_variance,7,2025-08-23,-0.009287120518475689,0.9336228323878493,0.18853461419538162,BTC,0.6344622898297637,8
minimum_variance,7,2025-08-24,-0.013912425885433288,0.920633873927305,0.23890141459175337,BTC,0.6348974621461104,8
minimum_variance,7,2025-08-25,-0.01063858187480593,0.9108396350828096,0.3232406637830567,BTC,0.634492930472639,8
minimum_variance,7,2025-08-26,0.00819998943520206,0.918308510467652,0.40211599128487147,BTC,0.6327168526171477,8
minimum_variance,7,2025-08-27,-0.008158429090797115,0.9108165556015262,0.2540599784529812,BTC,0.6336294705033412,8
minimum_variance,7,2025-08-28,0.005364378673990755,0.9157025205083128,0.22370811649635886,BTC,0.6345660985658799,8
minimum_variance,7,2025-08-29,-0.028358138176038494,0.8897349019035914,0.3241731261429661,BTC,0.6340159148894144,8
minimum_variance,7,2025-08-30,-0.0028370050429222804,0.887210719500027,0.22812142711114913,BTC,0.8203118493928927,7
minimum_variance,7,2025-08-31,-0.006317392280351997,0.8816058613496119,0.16517607639601428,BTC,0.8203158408455709,7
minimum_variance,7,2025-09-01,0.004235084411191581,0.8853395365898289,0.31588903366294213,BTC,0.826021461418258,7
minimum_variance,7,2025-09-02,0.0168271506901998,0.9002372783840176,0.31618387920863555,BTC,0.8256749015661128,7
minimum_variance,7,2025-09-03,8.443452919926209e-05,0.9003132894947855,0.22641723669519737,BTC,0.8251577556844782,7
minimum_variance,7,2025-09-04,0.00025845931149404144,0.9005459838477173,0.23671726901406603,BTC,0.8279586304419677,7
minimum_variance,7,2025-09-05,-0.00016564530647833475,0.900396812632225,0.2702390335662222,BTC,0.8253528444680188,7
minimum_variance,7,2025-09-06,-0.006780091794911347,0.894292039590733,0.15418711144367309,BTC,0.501886650999911,9
minimum_variance,7,2025-09-07,0.004332882705946783,0.8981669021031417,0.1140459430525172,BTC,0.5019621892435278,9
minimum_variance,7,2025-09-08,0.009069223237216928,0.9063125782425946,0.1773109160758935,BTC,0.5008265735846501,9
minimum_variance,7,2025-09-09,-0.0004895284027149893,0.905868912493807,0.22188172212828433,BTC,0.49892719568457944,9
minimum_variance,7,2025-09-10,0.015892968413593778,0.9202658585069275,0.18499174726066245,BTC,0.5014688036529178,9
minimum_variance,7,2025-09-11,0.00920203912384876,0.9287341809412506,0.22423777093662992,BTC,0.5028932339165024,9
minimum_variance,7,2025-09-12,0.014486149617645827,0.9421879632413872,0.21017812322921378,BTC,0.49718777128770103,9
minimum_variance,7,2025-09-13,0.0009300857274117114,0.943064278818537,0.12552885583916107,BTC,0.6649288020768325,9
minimum_variance,7,2025-09-14,-0.0015931564020612576,0.941561829925182,0.1466355835850546,BTC,0.664579886929645,9
minimum_variance,7,2025-09-15,-0.008206810673658804,0.9338346102494423,0.20921896041751667,BTC,0.6715968748045119,9
minimum_variance,7,2025-09-16,0.008150752449191945,0.9414460649860732,0.16282548657813228,BTC,0.6731139990943749,9
minimum_variance,7,2025-09-17,-0.0015796002972683354,0.939958956501959,0.2212263655310471,BTC,0.6705317579867032,9
minimum_variance,7,2025-09-18,0.006158662816243998,0.9457478467761632,0.16687343509841474,BTC,0.6708119557971552,9
minimum_variance,7,2025-09-19,-0.006653275744562204,0.9394555255667354,0.14395629743465008,BTC,0.6739375615666137,9
minimum_variance,7,2025-09-20,0.0014803423875067168,0.9408462414024092,0.07459043181823408,BTC,0.6623399091703006,9
minimum_variance,7,2025-09-21,-0.006279607713327695,0.9349380960878433,0.10220854435514987,BTC,0.6636648737911527,9
minimum_variance,7,2025-09-22,-0.02079708091968735,0.9154941128486059,0.2746708163372271,BTC,0.6745871645988447,9
minimum_variance,7,2025-09-23,-0.005116542881430264,0.9108099479625191,0.25432431032142594,BTC,0.6734494657140548,9
minimum_variance,7,2025-09-24,0.00454231546571382,0.9149471340754753,0.18885970442823383,BTC,0.6750702460749511,9
minimum_variance,7,2025-09-25,-0.011903059855728038,0.9040564635737481,0.4445573643158475,BTC,0.6721982019560006,9
minimum_variance,7,2025-09-26,-0.004540444893090689,0.8999516450206491,0.2580049314882097,BTC,0.6751745366726513,9
minimum_variance,7,2025-09-27,-0.0013708740298867816,0.8987179246823364,0.12288871191965042,BTC,0.7932490047209465,8
minimum_variance,7,2025-09-28,0.014713713895567526,0.9119414030989305,0.14753406952172662,BTC,0.7960159067551051,8
minimum_variance,7,2025-09-29,0.008120819365987852,0.9193471145058624,0.23981700610028284,BTC,0.800585334188042,8
minimum_variance,7,2025-09-30,-0.002118435259982454,0.91739953716233,0.26180628088974284,BTC,0.8013940912402883,8
minimum_variance,7,2025-10-01,0.0337984265834641,0.9484061980668149,0.24545150519837047,BTC,0.8021970967053791,8
minimum_variance,7,2025-10-02,0.013086123639476366,0.960817158835163,0.2448974757311799,BTC,0.8024367063037883,8
minimum_variance,7,2025-10-03,0.01438100687970012,0.9746346770065054,0.3239004501202768,BTC,0.8037123503132113,8
minimum_variance,7,2025-10-04,0.003226346547360981,0.9777791862316036,0.16249336693117697,BTC,0.6966158468546225,11
minimum_variance,7,2025-10-05,0.008010258737623399,0.9856114505015817,0.29063375474559666,BTC,0.6991445409212883,11
minimum_variance,7,2025-10-06,0.005060259154405999,0.9905988998666697,0.19981037664276952,BTC,0.6982611238637423,11
minimum_variance,7,2025-10-07,-0.016139630325437082,0.974610999822037,0.28254649741997934,BTC,0.7014404089598019,11
minimum_variance,7,2025-10-08,0.01128586398189313,0.9856103270012854,0.21596782725206592,BTC,0.703142011240252,11
minimum_variance,7,2025-10-09,0.004782494604832488,0.9903240030726361,0.2890632967261102,BTC,0.6991270619023234,11
minimum_variance,7,2025-10-10,-0.06015511660277473,0.9307509471932751,0.7681814367673309,BTC,0.7191046250289828,11
minimum_variance,7,2025-10-11,-0.011674578425481585,0.9198848222656759,0.6531527697906755,BTC,0.6551390641155458,4
minimum_variance,7,2025-10-12,0.027412140155176123,0.9451008339402419,0.44731407331451684,BTC,0.6505217685926773,4
minimum_variance,7,2025-10-13,-0.0005975373572632003,0.944536100885582,0.34564022386238585,BTC,0.6429198505832426,4
minimum_variance,7,2025-10-14,-0.007702253601964859,0.9372610443003502,0.5091233252925146,BTC,0.641853573013158,4
minimum_variance,7,2025-10-15,-0.012269592452754163,0.9257612332649421,0.342924700374397,BTC,0.6442869750039342,4
minimum_variance,7,2025-10-16,-0.02238590406851626,0.9050372311067217,0.36371380243815943,BTC,0.6459875631037537,4
minimum_variance,7,2025-10-17,-0.012231348829150113,0.8939674050296873,0.6595776135982139,BTC,0.6474151846677658,4
minimum_variance,7,2025-10-18,0.0017351183448039986,0.8955185442738111,0.22932718420016737,BTC,0.7915002529065301,6
minimum_variance,7,2025-10-19,0.006689552262288068,0.9015091623775789,0.2764358163292943,BTC,0.7920776843617797,6
minimum_variance,7,2025-10-20,0.005239717615521444,0.9062328158162428,0.33705517825996667,BTC,0.7931439336811021,6
minimum_variance,7,2025-10-21,-0.0173746404334163,0.8904873464924732,0.4303348470040594,BTC,0.7932582900919585,6
minimum_variance,7,2025-10-22,-0.0030212853996501865,0.8877969300739422,0.29905761460765506,BTC,0.7953695122887308,6
minimum_variance,7,2025-10-23,0.014522835589845018,0.9006902589265752,0.28467978324821736,BTC,0.7967792818287123,6
minimum_variance,7,2025-10-24,0.0006167198283790754,0.901245732468483,0.2588518807629167,BTC,0.7967399162134751,6
minimum_variance,7,2025-10-25,0.0012027508221337246,0.902329706514154,0.12727234715971658,BTC,0.7068825699524564,6
minimum_variance,7,2025-10-26,0.01826493207284785,0.9188106973109477,0.22520616898868487,BTC,0.7077631841672402,6
minimum_variance,7,2025-10-27,-0.005453565985770958,0.9137999025447302,0.22845425399918817,BTC,0.7087947355153158,6
minimum_variance,7,2025-10-28,-0.005311079823696496,0.908946638319429,0.2664702415311331,BTC,0.7092041474769383,6
minimum_variance,7,2025-10-29,-0.017083712984628296,0.8934184548320372,0.30394138560683437,BTC,0.7055032328491474,6
minimum_variance,7,2025-10-30,-0.01035341481195784,0.8841685229685027,0.4169214788629056,BTC,0.7124156019464178,6
minimum_variance,7,2025-10-31,0.0032017957277652442,0.8869994499679676,0.30333539383129227,BTC,0.7104531526384228,6
minimum_variance,7,2025-11-01,-0.0011881095074323111,0.8859455974883734,0.14034207383596592,BTC,0.6411634586643483,6
minimum_variance,7,2025-11-02,-0.0039179204619231855,0.882474533103823,0.15345616134299617,BTC,0.6437206913614577,6
minimum_variance,7,2025-11-03,-0.05630265270493684,0.8327888759455271,0.56897110706102,BTC,0.6592884310450785,6
minimum_variance,7,2025-11-04,-0.036003189264440794,0.8028058204275393,0.7532722392843151,BTC,0.6607600147842333,6
minimum_variance,7,2025-11-05,0.014817565297604585,0.8147014480930215,0.6673532952910106,BTC,0.66323730135752,6
minimum_variance,7,2025-11-06,-0.0031842655757349236,0.8121072223173574,0.61022907193702,BTC,0.6457580772863588,6
minimum_variance,7,2025-11-07,0.03519512121608859,0.8406894344472778,0.49628017793909723,BTC,0.6343587948185477,6
minimum_variance,7,2025-11-08,-0.009614061122913853,0.8326069948391138,0.28891560461626237,BTC,0.8281138920043498,6
minimum_variance,7,2025-11-09,0.017055457965366783,0.8468074884412627,0.34927979475195836,BTC,0.8292043329062593,6
minimum_variance,7,2025-11-10,0.008379881438042247,0.8539036347952469,0.3159816500072671,BTC,0.8309097555074362,6
minimum_variance,7,2025-11-11,-0.007009141784164785,0.8479185031489533,0.38295704336332825,BTC,0.8234801659657124,6
minimum_variance,7,2025-11-12,-0.0032541311843836684,0.8451592651060404,0.31353366561612694,BTC,0.8198632618896171,6
minimum_variance,7,2025-11-13,-0.021633825522009875,0.8268752370264263,0.41306591422914585,BTC,0.8267261553836105,6
minimum_variance,7,2025-11-14,-0.046391704983526294,0.788515084972113,0.5664615516889348,BTC,0.8248991816064697,6
minimum_variance,7,2025-11-15,0.0021494459123792,0.7902099554983556,0.28577087136803775,BTC,0.8652609429358421,7
minimum_variance,7,2025-11-16,-0.0288041023504646,0.7674486670618249,0.3812228784351563,BTC,0.866591314688795,7
minimum_variance,7,2025-11-17,-0.015643990272007358,0.7554427075800447,0.5311725962885856,BTC,0.8643970269314727,7
minimum_variance,7,2025-11-18,-0.0006684002577654891,0.7549377694795711,0.5797389973595799,BTC,0.8646550013991098,7
minimum_variance,7,2025-11-19,-0.010009695471394298,0.747381072307227,0.5007762025745751,BTC,0.8661618835456955,7
minimum_variance,7,2025-11-20,-0.042630163452893055,0.7155200950331714,0.5579267581435151,BTC,0.8619939858106537,7
minimum_variance,7,2025-11-21,-0.01955087946417977,0.7015310479009794,0.8578539585211621,BTC,0.8651305586858996,7
minimum_variance,7,2025-11-22,0.0013023078397964571,0.7024446572845215,0.504364549687439,BTC,0.6007097858054367,7
minimum_variance,7,2025-11-23,0.030631750066857366,0.7239617664622603,0.5610833676295741,BTC,0.6038900995264064,7
minimum_variance,7,2025-11-24,0.0058606483384622265,0.7282046517859875,0.5043407203129173,BTC,0.6030110889663329,7
minimum_variance,7,2025-11-25,0.004705381329953129,0.7316311323588863,0.4138351940068627,BTC,0.5920381495620687,7
minimum_variance,7,2025-11-26,0.020164983185480212,0.7463844618408771,0.4518529598936005,BTC,0.6013862513774738,7
minimum_variance,7,2025-11-27,0.015615933924695957,0.758039952279404,0.3717595843761463,BTC,0.5988939331543098,7
minimum_variance,7,2025-11-28,-0.005334821289388891,0.7539959446037765,0.3186828870447071,BTC,0.5990645223276855,7
minimum_variance,7,2025-11-29,0.02036828939489954,0.7693535522060468,0.3073266407497234,BTC,0.569691812325285,9
minimum_variance,7,2025-11-30,-0.02235821599134913,0.7521521793121123,0.28246629233268944,BTC,0.5818762946518818,9
minimum_variance,7,2025-12-01,-0.057972803597082456,0.7085478087457336,0.647059088467274,BTC,0.5875560274570997,9
minimum_variance,7,2025-12-02,0.04514387486964311,0.7405344023629109,0.43027327583715813,BTC,0.5916142681544425,9
minimum_variance,7,2025-12-03,0.015904171000303613,0.7523119881296984,0.41080729022661394,BTC,0.5949856363517506,9
minimum_variance,7,2025-12-04,-0.01376098431288797,0.741959434662648,0.3111618298246835,BTC,0.5969066199408833,9
minimum_variance,7,2025-12-05,-0.02167675763599497,0.7258761598217259,0.39313113047773,BTC,0.5935980886213551,9
minimum_variance,7,2025-12-06,0.002647447118185653,0.7277978785692056,0.40219834358453455,BTC,0.3738913598058352,12
minimum_variance,7,2025-12-07,-0.0003336440726342538,0.7275550531209453,0.391200498440974,BTC,0.3781676528564192,12
minimum_variance,7,2025-12-08,-0.0008962315888065842,0.7269029952997424,0.27925686215641515,BTC,0.3782575129134852,12
minimum_variance,7,2025-12-09,0.01003216436893184,0.7341954056288584,0.30255988832356107,BTC,0.3803731847861616,12
minimum_variance,7,2025-12-10,-0.0056899093485438534,0.7300179003267129,0.2903571404342951,BTC,0.3813836588362897,12
minimum_variance,7,2025-12-11,-0.00939283605163499,0.7231609618741852,0.4569362430830563,BTC,0.38739666138025636,12
minimum_variance,7,2025-12-12,-0.01360465709647063,0.713322604962333,0.3274527545161244,BTC,0.38494491626796135,12
minimum_variance,7,2025-12-13,0.015122609916713659,0.7241099044619523,0.5021283323795716,BTC,0.3061934917876179,12
minimum_variance,7,2025-12-14,-0.024301304693171266,0.7065130890422793,0.3192105322946198,BTC,0.3070119824215142,12
minimum_variance,7,2025-12-15,-0.03941576720763551,0.6786653335954413,0.4145917995544158,BTC,0.31301475297805237,12
minimum_variance,7,2025-12-16,0.0009873264485638078,0.6793353978290235,0.4011638233796918,BTC,0.31615037835424586,12
minimum_variance,7,2025-12-17,-0.01375765330676959,0.6699893369466754,0.698729941838829,BTC,0.3160341521950929,12
minimum_variance,7,2025-12-18,-0.019683484406501583,0.6568016122803632,0.4562718338259626,BTC,0.3187570419998199,12
minimum_variance,7,2025-12-19,0.03325339940879335,0.6786424986258616,0.5022996269582524,BTC,0.3182698530173716,12
minimum_variance,7,2025-12-20,0.004931980982540107,0.6819895505230278,0.17291199491260692,BTC,0.5212862639818485,12
minimum_variance,7,2025-12-21,-0.006114524749774364,0.6778195085372672,0.29704605167962944,BTC,0.5261391823040236,12
minimum_variance,7,2025-12-22,0.00410769328377425,0.680603783180097,0.31609439777835335,BTC,0.5242487529836175,12
minimum_variance,7,2025-12-23,-0.005609991026942485,0.6767856020635535,0.31064443898889926,BTC,0.5205848149702719,12
minimum_variance,7,2025-12-24,-0.009540212903680234,0.6703289233297218,0.23026359882001496,BTC,0.5207110666367684,12
minimum_variance,7,2025-12-25,-0.008300616887957468,0.6647647797482448,0.19389641223449236,BTC,0.522212847364007,12
minimum_variance,7,2025-12-26,-0.0004470161096378211,0.6644676191825775,0.33306156345712895,BTC,0.5209706898648617,12
minimum_variance,7,2025-12-27,0.009340372406783315,0.6706739941979915,0.18211742304937184,BTC,0.33827993653490573,14
minimum_variance,7,2025-12-28,0.0003667708715600071,0.6709199778833761,0.20557398042834246,BTC,0.33700999462520526,14
minimum_variance,7,2025-12-29,-0.0029129805152443566,0.6689656010605136,0.33337399396935774,BTC,0.33592853307779014,14
minimum_variance,7,2025-12-30,0.008472856824886188,0.6746336508190732,0.3379745847202307,BTC,0.3366455071212278,14
minimum_variance,7,2025-12-31,-0.01699555648057327,0.6631678765028823,0.26915354809141734,BTC,0.34121065139676615,14
minimum_variance,7,2026-01-01,0.013125331536068652,0.6718721747460533,0.2912680054775415,BTC,0.3388314807392225,14
minimum_variance,7,2026-01-02,0.016898167576174794,0.6832255833446811,0.32184371426721303,BTC,0.33669064670001286,14
minimum_variance,7,2026-01-03,0.005203719052568667,0.6867808973299342,0.17143205103661566,BTC,0.5368709391567589,14
minimum_variance,7,2026-01-04,0.00986790590882225,0.6935579866047625,0.19103498124001808,BTC,0.5373313247650813,14
minimum_variance,7,2026-01-05,0.024663397481819338,0.7106634829050862,0.239953771700319,BTC,0.5390112268916253,14
minimum_variance,7,2026-01-06,0.005658542519763499,0.7146848024403478,0.3350708109821824,BTC,0.5358170011683943,14
minimum_variance,7,2026-01-07,-0.0017076972611138608,0.7134643371606607,0.49432040727852494,BTC,0.5242040925230863,14
minimum_variance,7,2026-01-08,-0.0011177136513389474,0.7126668883312728,0.42905731087027016,BTC,0.5257379337621857,14
minimum_variance,7,2026-01-09,0.0001308113491791385,0.7127601132484507,0.3575102535432181,BTC,0.5270504331035928,14
minimum_variance,7,2026-01-10,0.002515768915395844,0.7145532529854952,0.23719864537361807,BTC,0.45149454875798833,19
minimum_variance,7,2026-01-11,-0.012888157094517516,0.7053439784086196,0.1912593580880532,BTC,0.45827661971704536,19
minimum_variance,7,2026-01-12,-0.0027085860719961996,0.7034334935327357,0.3169786448321994,BTC,0.4623067704466988,19
minimum_variance,7,2026-01-13,0.03328872003079075,0.726849894159228,0.286940638682832,BTC,0.4653459150982619,19
minimum_variance,7,2026-01-14,0.007867129473879242,0.732568116384654,0.2658106767674024,BTC,0.46842178480685953,19
minimum_variance,7,2026-01-15,-0.018270461841448093,0.7191837585679867,0.2800155773281577,BTC,0.4733566267279259,19
minimum_variance,7,2026-01-16,0.00387794951105791,0.7219727168728862,0.21420808996590746,BTC,0.47184932381405964,19
minimum_variance,7,2026-01-17,-0.0033116636223371465,0.7195817860900984,0.15196284539489913,BTC,0.608590543966752,11
minimum_variance,7,2026-01-18,-0.016113724124012796,0.7079866437043781,0.21116132628248302,BTC,0.6102105853571708,11
minimum_variance,7,2026-01-19,-0.017121742257810157,0.6958646788688997,0.28242103391115725,BTC,0.6138752388277172,11
minimum_variance,7,2026-01-20,-0.031450524355075116,0.6739793698382969,0.35574685129764183,BTC,0.6097558577456185,11
minimum_variance,7,2026-01-21,0.006157580661853235,0.6781294521725012,0.43048139550834036,BTC,0.6090348471601431,11
minimum_variance,7,2026-01-22,6.801450061488801e-05,0.678175574808543,0.2691688690681963,BTC,0.6107996833646703,11
minimum_variance,7,2026-01-23,-0.0018958150211784153,0.6768898793668247,0.2790690048373743,BTC,0.607746451656179,11
minimum_variance,7,2026-01-24,0.000341146928241276,0.6771207982699283,0.14207424271636546,BTC,0.5649624019913015,12
minimum_variance,7,2026-01-25,-0.020734557158679,0.6630809983748701,0.3099516348448009,BTC,0.5628704426595139,12
minimum_variance,7,2026-01-26,0.0035031124885316345,0.6654038457011852,0.2846078333904947,BTC,0.5655637326525753,12
minimum_variance,7,2026-01-27,0.001574483428190998,0.6664515130292963,0.27855230355019533,BTC,0.5652631051722826,12
minimum_variance,7,2026-01-28,-0.008932722191038134,0.6604982868096085,0.2416092912713265,BTC,0.5677102816476075,12
minimum_variance,7,2026-01-29,-0.03735303832877179,0.6358266689863211,0.4410192308065375,BTC,0.5676396033941465,12
minimum_variance,7,2026-01-30,-0.007432322820552839,0.631100999924498,0.5041432473615246,BTC,0.5759038878637355,12
minimum_variance,7,2026-01-31,-0.011817865453590315,0.6236427332197639,1.0514533144819156,BTC,0.5552163807952795,8
minimum_variance,7,2026-02-01,-0.04686313365571648,0.5944168804594698,1.092267471162789,BTC,0.5619907561999617,8
minimum_variance,7,2026-02-02,0.020028627837690216,0.6063222349386334,0.7110111276430335,BTC,0.567760673181657,8
minimum_variance,7,2026-02-03,-0.03446280826784909,0.5854266680074095,0.5997305595905718,BTC,0.5627409673120595,8
minimum_variance,7,2026-02-04,-0.023881685229731775,0.5714456925969659,0.6300970767320494,BTC,0.5561386871831311,8
minimum_variance,7,2026-02-05,-0.13800769263920443,0.4925817910930465,1.1944913735829619,BTC,0.5564610098712466,8
minimum_variance,7,2026-02-06,0.12176838061513395,0.552562678114949,1.410102388882454,BTC,0.5573488101806608,8
minimum_variance,7,2026-02-07,-0.008959332478536641,0.5476120853664865,0.742764308432968,BTC,0.5505373293158841,6
minimum_variance,7,2026-02-08,0.01516813639019432,0.5559183401662442,0.5343746317391335,BTC,0.5534921183415361,6
minimum_variance,7,2026-02-09,-0.00590297332276124,0.5526367690346091,0.5403409979385072,BTC,0.5513282417194023,6
minimum_variance,7,2026-02-10,-0.010935492837236493,0.5465934136052376,0.4580609940111029,BTC,0.5496797804330087,6
minimum_variance,7,2026-02-11,-0.01687694462442746,0.5373685868317453,0.603176486180806,BTC,0.5428143310096526,6
minimum_variance,7,2026-02-12,-0.005988293534584521,0.5341506659975319,0.4355822039824878,BTC,0.5352191476703806,6
minimum_variance,7,2026-02-13,0.04251941712003915,0.5568624409700277,0.5123402651832984,BTC,0.5324331120411978,6
minimum_variance,7,2026-02-14,0.03335531664763325,0.5754367640177569,0.6707721432672361,BTC,0.4094921086450438,14
minimum_variance,7,2026-02-15,-0.015603411706725079,0.5664579872776022,0.5684238860597621,BTC,0.4125851008261916,14
minimum_variance,7,2026-02-16,0.0035040655914637675,0.5684428932198314,0.3759887279890656,BTC,0.41077358765068694,14
minimum_variance,7,2026-02-17,-0.025781428282917185,0.5537876235353504,0.33636408913136706,BTC,0.41377879248632937,14
minimum_variance,7,2026-02-18,-0.011112544683964165,0.5476336338233875,0.38633826716007824,BTC,0.4126295845386658,14
minimum_variance,7,2026-02-19,-0.02689611968246086,0.5329044140659327,0.437804932852942,BTC,0.42455472232852337,14
minimum_variance,7,2026-02-20,0.006223775627855144,0.5362210915701727,0.3763455730685505,BTC,0.4277528890799063,14
minimum_variance,7,2026-02-21,-0.0009733346419771305,0.5356991690059887,0.162256004927779,BTC,0.46924815049691826,15
minimum_variance,7,2026-02-22,-0.01541907472516113,0.5274391834888786,0.23372068907124524,BTC,0.4744136917088966,15
minimum_variance,7,2026-02-23,-0.04069626968622908,0.5059743762345308,0.48793851443547676,BTC,0.4740329629077978,15
minimum_variance,7,2026-02-24,-0.010971419799779447,0.5004231189449302,0.3846657227604131,BTC,0.4714640482877011,15
minimum_variance,7,2026-02-25,0.035634928844600955,0.5182556611807261,0.4718141145615041,BTC,0.47427260662947324,15
minimum_variance,7,2026-02-26,0.004764341927466775,0.5207248083564364,0.47036670363951805,BTC,0.4706428743641833,15
minimum_variance,7,2026-02-27,-0.007689399519706153,0.5167207472651614,0.3274006956681728,BTC,0.46796465132348614,15
minimum_variance,7,2026-02-28,0.007355521294300171,0.520521497724877,0.5657324078548805,BTC,0.43001660831789673,15
minimum_variance,7,2026-03-01,-0.012933053243578962,0.5137895654803737,0.47615263027432025,BTC,0.4282405410950259,15
minimum_variance,7,2026-03-02,0.033551851295640756,0.531028156578623,0.4705313645574259,BTC,0.43464452532072834,15
minimum_variance,7,2026-03-03,-0.0007362980826280952,0.5306371615651126,0.4702385689294607,BTC,0.43298753901983517,15
minimum_variance,7,2026-03-04,0.026202127969889633,0.5445409843780207,0.5075380519658057,BTC,0.4435429180167519,15
minimum_variance,7,2026-03-05,-0.00196344282912142,0.5434718092870809,0.4247566279157813,BTC,0.4378524576675488,15
minimum_variance,7,2026-03-06,-0.020900958098793,0.5321127277732964,0.35176206024704415,BTC,0.43402553773446945,15
minimum_variance,7,2026-03-07,-0.004750054059028508,0.5295851635508761,0.29841926043853195,BTC,0.25894014095964346,15
minimum_variance,7,2026-03-08,-0.022488826436644627,0.5176754147243584,0.30588865450764813,BTC,0.2607822543406553,15
minimum_variance,7,2026-03-09,0.0145526132342082,0.5252089448157004,0.30142565565847,BTC,0.26389547489023424,15
minimum_variance,7,2026-03-10,0.017436821126854518,0.5343669192406757,0.31906121375807617,BTC,0.26430958357360373,15
minimum_variance,7,2026-03-11,0.0006219245948571039,0.5346992551704295,0.25474210721379054,BTC,0.26532195636781697,15
minimum_variance,7,2026-03-12,0.007452113345844058,0.5386838946258979,0.21183391114093653,BTC,0.2643224169678774,15
minimum_variance,7,2026-03-13,0.009061306267458491,0.5435650743764505,0.3113832790674678,BTC,0.26495415189275356,15
minimum_variance,7,2026-03-14,0.0220496213328627,0.5555504784362206,0.3680348202839622,MNT,0.22478476069750356,16
minimum_variance,7,2026-03-15,0.013684173986061143,0.5631527278411814,0.4115228317559243,MNT,0.2240207719287668,16
minimum_variance,7,2026-03-16,0.03356160690525045,0.5820530383206066,0.35277959923536195,MNT,0.23194063050536926,16
minimum_variance,7,2026-03-17,0.00036261751224775374,0.5822641009453586,0.44064095236293066,MNT,0.2261836640086943,16
minimum_variance,7,2026-03-18,-0.035938735872066085,0.5613382652136973,0.46165918585316723,MNT,0.21829107084210736,16
minimum_variance,7,2026-03-19,-0.015159191582059361,0.552828830908982,0.31563398193902403,MNT,0.21471247883485287,16
minimum_variance,7,2026-03-20,0.008164417021956138,0.5573423560262835,0.21964657481852348,MNT,0.21450310687124208,16
minimum_variance,7,2026-03-21,-0.010326264653672035,0.551587091355255,0.21422889001918347,BTC,0.1926388071302156,18
minimum_variance,7,2026-03-22,-0.019236863570893825,0.5409762857313878,0.21643497152536662,BTC,0.1936092126500783,18
minimum_variance,7,2026-03-23,0.01188212732686278,0.5474042348392615,0.43995264489103025,BTC,0.19791833699250244,18
minimum_variance,7,2026-03-24,0.00627382239295704,0.5508385517857955,0.2350215922957955,BTC,0.19588739511168618,18
minimum_variance,7,2026-03-25,0.007530686298979017,0.5549867441206783,0.22298001472090984,BTC,0.19684437364876717,18
minimum_variance,7,2026-03-26,-0.02685033513454438,0.5400851640458084,0.28656262368205443,BTC,0.19694645178454695,18
minimum_variance,7,2026-03-27,-0.010188924776106778,0.5345822769366544,0.30540307460370564,BTC,0.193818164534738,18
minimum_variance,7,2026-03-28,-0.0015021412966068626,0.5337792588220337,0.26336161045014495,BTC,0.1632067363710201,17
minimum_variance,7,2026-03-29,-0.008961107105130317,0.5289960057132324,0.3026067525449531,BTC,0.16406874204084682,17
minimum_variance,7,2026-03-30,0.010909851212652866,0.5347672734276514,0.2508377868008219,BTC,0.163854615956012,17
equal_weight,7,2025-03-01,0.00826845591958758,1.0082684559195876,0.5509273815658186,CBK,0.023939984329340008,50
equal_weight,7,2025-03-02,0.12483876985146414,1.1341394496366242,1.070201819662147,ADA,0.03421284662116755,50
equal_weight,7,2025-03-03,-0.15637685567493576,0.9567862886055467,1.0701891115662239,ADA,0.02872807788257789,50
equal_weight,7,2025-03-04,-0.01680060528752514,0.9407116998261688,1.4228144004979495,ADA,0.03185664050318531,50
equal_weight,7,2025-03-05,0.026099967453228734,0.9652642445745032,0.7132296751570049,ADA,0.03219865863512191,50
equal_weight,7,2025-03-06,-0.018716882884531105,0.9471975067561769,0.7438247547373948,ADA,0.030464200726290438,50
equal_weight,7,2025-03-07,-0.020137116608882843,0.9281236801109847,1.1199264663223751,ADA,0.028001984401180714,50
equal_weight,7,2025-03-08,-0.009711849036571851,0.9191098830424793,0.5284035025726495,AUCTION,0.02223804761650722,50
equal_weight,7,2025-03-09,-0.08240476945809849,0.843370845023704,0.7716302288618007,AUCTION,0.024740442240056556,50
equal_weight,7,2025-03-10,-0.041557998291142484,0.8083220408874094,1.2850684486340869,AUCTION,0.030203253297686503,50
equal_weight,7,2025-03-11,0.04532619352827738,0.8449602021458442,1.1478878656630198,AUCTION,0.03721544255461284,50
equal_weight,7,2025-03-12,0.018465063536856174,0.860562445964582,0.8126097663055104,AUCTION,0.03552172800564934,50
equal_weight,7,2025-03-13,-0.016305458924268934,0.8465305803501381,0.6355048400070153,AUCTION,0.03673979862902377,50
equal_weight,7,2025-03-14,0.03047671290333165,0.8723300498113599,0.42646412022078556,AUCTION,0.03814282391999072,50
equal_weight,7,2025-03-15,0.017625025072422584,0.8877048888107127,0.3159466465834521,DRIFT,0.02213474680999602,50
equal_weight,7,2025-03-16,-0.029123796581353556,0.8618515522047164,0.550630405687665,AUCTION,0.0253438410922587,50
equal_weight,7,2025-03-17,0.03531366824708737,0.8922866919975111,0.5301949502536689,DRIFT,0.025183480284672217,50
equal_weight,7,2025-03-18,-0.01349844373032516,0.8802422102942647,0.47805764971753667,AUCTION,0.02667919805758731,50
equal_weight,7,2025-03-19,0.032479184218342505,0.9088317591991731,0.5655657333727359,AUCTION,0.027702872180142377,50
equal_weight,7,2025-03-20,-0.010982139158173476,0.8988508423482802,0.4012518015184463,AUCTION,0.031710797392492114,50
equal_weight,7,2025-03-21,0.004247313530248764,0.9026685436926615,0.43213511981115094,AUCTION,0.03640387186867417,50
equal_weight,7,2025-03-22,0.004170557690199583,0.9064331749292601,0.28996314010498375,AKT,0.02231669926694753,50
equal_weight,7,2025-03-23,-0.003187413135877226,0.9035439979206957,0.32697184901545356,BONK,0.022903228367790584,50
equal_weight,7,2025-03-24,0.03430934054838031,0.9345439966458019,0.422642993444824,CRO,0.022964914296019802,50
equal_weight,7,2025-03-25,0.020779328752734028,0.9539631935859989,0.431379050606348,CRO,0.02525455104360917,50
equal_weight,7,2025-03-26,0.0003581687524576438,0.9543048733929361,0.45645592322803885,MEW,0.02765473104358176,50
equal_weight,7,2025-03-27,0.01179606207325179,0.9655619129162858,0.47683672814828204,SAFE,0.026848658891301738,50
equal_weight,7,2025-03-28,-0.058382416428956696,0.9091900752284672,0.5818975349413066,CARV,0.02716365298397362,50
equal_weight,7,2025-03-29,-0.0451778612902235,0.8681148121233476,0.5692557515943837,MEW,0.02425812385356735,50
equal_weight,7,2025-03-30,-0.0064836409241118,0.862486267400637,0.5847420969975017,MEW,0.023985914806679765,50
equal_weight,7,2025-03-31,-0.017847142948233308,0.8470933516954497,0.7583236148091848,MEW,0.02338854480582087,50
equal_weight,7,2025-04-01,0.011728974477641652,0.8570288879976656,0.5863762540443805,MEW,0.026168774591034717,50
equal_weight,7,2025-04-02,-0.06481592794106794,0.8014797653497954,1.135713049375674,MEW,0.030451138853170485,50
equal_weight,7,2025-04-03,-0.0004633166014325063,0.8011084264687965,0.7053208122640979,MEW,0.02916745131021141,50
equal_weight,7,2025-04-04,-0.002878363898072167,0.7988025448956073,0.8129636357261505,MEW,0.02750518202895429,50
equal_weight,7,2025-04-05,0.0020476266929287945,0.800438194308915,0.3127868130971294,AUCTION,0.022990114909682093,50
equal_weight,7,2025-04-06,-0.07055130901110251,0.7439662319179379,0.7160762848495602,AERGO,0.03873983307109154,50
equal_weight,7,2025-04-07,0.015718121305539068,0.7556599833984489,1.5192376064684388,AERGO,0.04298176903743276,50
equal_weight,7,2025-04-08,-0.010607593297375817,0.7476442496234563,0.9360941860232427,AERGO,0.05593197947817423,50
equal_weight,7,2025-04-09,0.10071916347995669,0.8229463530261307,0.9395443005675029,AERGO,0.05556977117614735,50
equal_weight,7,2025-04-10,0.022371235087519148,0.8413566793540949,0.7461932459387309,AERGO,0.08213745419176371,50
equal_weight,7,2025-04-11,0.019407227983490705,0.8576850802457524,0.5977915264471614,AERGO,0.08154092371562974,50
equal_weight,7,2025-04-12,0.04047856706194097,0.8924029432845063,0.41888594453559724,ARK,0.026750929044324637,50
equal_weight,7,2025-04-13,-0.04070168399536622,0.8560806406904056,0.6623293505218255,AERGO,0.02592440823429934,50
equal_weight,7,2025-04-14,0.013871507844227082,0.8679557700130335,0.6376338845879718,AERGO,0.03084114280480026,50
equal_weight,7,2025-04-15,0.024617058358506805,0.8893222878560471,0.5654817602425483,AERGO,0.036664594230551774,50
equal_weight,7,2025-04-16,-0.023087672685624283,0.8687899059619961,0.8790051604312891,STRAX,0.038471245820396384,50
equal_weight,7,2025-04-17,0.01584891873495864,0.8825592865793401,0.5353501542174038,ARDR,0.038030073424749414,50
equal_weight,7,2025-04-18,0.008465518091784086,0.8900306081869496,0.36106636643561,ARDR,0.03434989654554203,50
equal_weight,7,2025-04-19,0.007435691872511363,0.8966486015465317,0.256894499426077,AERGO,0.02110934050740173,50
equal_weight,7,2025-04-20,-0.00894402451519638,0.888628954472783,0.3808642968877283,WAVES,0.021288427778424636,50
equal_weight,7,2025-04-21,-0.004204089295581803,0.8848930789975399,0.42731643858543583,PEPE,0.021119083615776874,50
equal_weight,7,2025-04-22,0.05620818437476571,0.9346313123337877,0.5631917903965277,BONK,0.024357560132469414,50
equal_weight,7,2025-04-23,0.01992033602550447,0.953249482135435,0.7048655896620726,SUI,0.025981208404539678,50
equal_weight,7,2025-04-24,0.02622480793027493,0.9782482667140708,0.5988611420628632,SUI,0.02828774829691084,50
equal_weight,7,2025-04-25,0.03697305129962625,1.0144170900630607,0.5895356766833912,SUI,0.029137407756060104,50
equal_weight,7,2025-04-26,0.002673542964295672,1.0171291777370601,0.4577149199772897,VIRTUAL,0.02351230712392464,50
equal_weight,7,2025-04-27,-0.03267070214543211,0.9838988533277844,0.47386788887647724,VIRTUAL,0.023720346384585814,50
equal_weight,7,2025-04-28,0.03532878650920357,1.0186588058636519,0.5331362229589769,VIRTUAL,0.029882527682353242,50
equal_weight,7,2025-04-29,0.0012055836611974957,1.019886884276336,0.4646795564300911,PUNDIX,0.03181454917231878,50
equal_weight,7,2025-04-30,0.009656648852636396,1.029735573787202,0.543394631155921,PUNDIX,0.034382306909745856,50
equal_weight,7,2025-05-01,0.005950527145370588,1.0358630432715765,0.37323407305719947,VIRTUAL,0.03454272598244146,50
equal_weight,7,2025-05-02,0.002356238309319192,1.038303783457341,0.39082351128640536,PUNDIX,0.038504677954492236,50
equal_weight,7,2025-05-03,-0.025632862569924475,1.0116890852701463,0.36852982654048194,AERGO,0.024877791173325767,50
equal_weight,7,2025-05-04,-0.025789743812001498,0.9855978829436312,0.4769039948976209,AWE,0.025204180176110282,50
equal_weight,7,2025-05-05,-0.0017673104634383652,0.9838560254923622,0.5065449419843882,AWE,0.027243757043923216,50
equal_weight,7,2025-05-06,-0.0330793322508639,0.9513107251380859,0.6639967953122454,AWE,0.024145348847869338,50
equal_weight,7,2025-05-07,0.016734840344427626,0.9672307582412134,0.5195362577116251,AWE,0.02855100118577405,50
equal_weight,7,2025-05-08,0.10234024715997814,1.0662173931003522,0.5145196342688528,AWE,0.02525819518524405,50
equal_weight,7,2025-05-09,0.03778472235327657,1.1065041212668834,0.728931555422557,PEPE,0.026144454135952042,50
equal_weight,7,2025-05-10,0.04343528407952579,1.1545654421092766,0.6282997126818268,DOGE,0.023165411713949056,50
equal_weight,7,2025-05-11,-0.013367270372276474,1.139132053682115,0.7440103937889755,DOGE,0.021954637779175893,50
equal_weight,7,2025-05-12,0.01945381298235671,1.1612925156166547,1.0017237718250431,ATH,0.023556228356187554,50
equal_weight,7,2025-05-13,0.018058137460044588,1.1822632954949812,0.6438007138790611,ATH,0.0255901919012529,50
equal_weight,7,2025-05-14,-0.023009878393199013,1.155059560836899,0.6340360028264475,ATH,0.027267309603834226,50
equal_weight,7,2025-05-15,-0.05469101747221039,1.0918881782137244,0.9359535386539893,ATH,0.027472845988744832,50
equal_weight,7,2025-05-16,0.003900653908668561,1.0961472561039027,0.6387826233640058,ATH,0.027414621757071666,50
equal_weight,7,2025-05-17,-0.023293489506010623,1.070614161496804,0.6457339720945131,ANIME,0.022121964412563033,50
equal_weight,7,2025-05-18,0.038503466165421996,1.1118365176402178,0.646949024334486,ANIME,0.023963672310609002,50
equal_weight,7,2025-05-19,-0.025127376441241855,1.0838989829203527,0.6436592357930513,ANIME,0.02435885077059445,50
equal_weight,7,2025-05-20,0.003203763332149334,1.0873715387375869,0.5603175912534645,MASK,0.02312770986273369,50
equal_weight,7,2025-05-21,-8.759331533869652e-05,1.0872762922595038,0.6082526545188474,ANIME,0.022481943168574884,50
equal_weight,7,2025-05-22,0.04647615339999889,1.1378087120067386,0.4521267020387304,ANIME,0.026037071254316393,50
equal_weight,7,2025-05-23,-0.05382526733206783,1.07656585391022,0.8523666671201093,MASK,0.025109933085742088,50
equal_weight,7,2025-05-24,0.009115819715160178,1.086379634145963,0.45391932314424877,AERGO,0.02138098061014691,50
equal_weight,7,2025-05-25,-8.19812671850606e-05,1.0862905713669118,0.5497339236088884,AERGO,0.024349063793266942,50
equal_weight,7,2025-05-26,-0.0025610386921762762,1.0835085391826949,0.4123047230998396,AERGO,0.02408581480013496,50
equal_weight,7,2025-05-27,0.019745868658775256,1.1049033564880577,0.4781079376556787,SNT,0.024899024751749276,50
equal_weight,7,2025-05-28,-0.00749974226209138,1.0966168660898776,0.47466863548999066,SNT,0.028844478992069683,50
equal_weight,7,2025-05-29,-0.014234982377949179,1.0810065443257264,0.4864140598332968,SNT,0.03407508101797432,50
equal_weight,7,2025-05-30,-0.0850479955783362,0.9890691045237595,0.8627811346892507,SNT,0.028093154506176832,50
equal_weight,7,2025-05-31,0.0018407617677578259,0.9908897451170373,0.7660138832678558,VANA,0.021431069651281515,50
equal_weight,7,2025-06-01,0.020657907467732217,1.0113594537823898,0.4996269902030497,MASK,0.025604771248291185,50
equal_weight,7,2025-06-02,0.008766746634439215,1.0202257858700448,0.4785905644399034,MASK,0.024623976672168344,50
equal_weight,7,2025-06-03,0.004996258191573233,1.0253230973099523,0.46028631084810406,MASK,0.02694377444551165,50
equal_weight,7,2025-06-04,-0.027801819223688073,0.9968172499126691,0.4581886624765447,ANIME,0.02892667060342986,50
equal_weight,7,2025-06-05,-0.05863623634717641,0.9383676380518474,0.7238803745391075,ANIME,0.030194290953799153,50
equal_weight,7,2025-06-06,0.0038421597695890153,0.9419729964398544,0.47826005992527987,ANIME,0.025659390178429844,50
equal_weight,7,2025-06-07,0.02223034728739326,0.9629133832860588,0.30589553727466334,ANIME,0.02300898779480855,50
equal_weight,7,2025-06-08,-0.007111286045193288,0.9560658307807668,0.30961046557125577,ANIME,0.024718702075587868,50
equal_weight,7,2025-06-09,0.042426435402070695,0.996628295990514,0.3758813733260974,ANIME,0.02866076365247528,50
equal_weight,7,2025-06-10,0.017139509528806718,1.0137100161663217,0.529366851659512,MOVE,0.02211994939718864,50
equal_weight,7,2025-06-11,-0.02619578504159259,0.9871550864883194,0.48396421870357476,MOVE,0.021481457238304347,50
equal_weight,7,2025-06-12,-0.05632258828933823,0.9315559569743117,0.5268052981580551,TOKAMAK,0.021448073132105002,50
equal_weight,7,2025-06-13,-0.013185286267989538,0.9192731250069545,0.7586719285503909,SNT,0.02286785955448909,50
equal_weight,7,2025-06-14,-0.011861069879886332,0.9083695622325455,0.36415540911495053,STRAX,0.02217568818612695,50
equal_weight,7,2025-06-15,8.445933032552588e-05,0.9084462825174598,0.34811676883201476,SNT,0.022258384141109634,50
equal_weight,7,2025-06-16,-0.009699479066103356,0.8996348268175023,0.5452051934576531,SNT,0.027777974266620268,50
equal_weight,7,2025-06-17,-0.020161754945499766,0.8814966098987707,0.5942573700124635,SNT,0.030161290541082658,50
equal_weight,7,2025-06-18,0.005848642993468323,0.8866521688700212,0.6201403472009794,SNT,0.03358344226358554,50
equal_weight,7,2025-06-19,0.0010381406896193823,0.8875726385640644,0.39789278846607146,SNT,0.039522022839599574,50
equal_weight,7,2025-06-20,-0.02811829991480974,0.862615604916741,0.5142498663012434,AERGO,0.02651172217868221,50
equal_weight,7,2025-06-21,-0.03690131040835265,0.8307839587166195,0.6143133771216785,SEI,0.021940370470682907,50
equal_weight,7,2025-06-22,-0.04696466432470958,0.79176646896914,0.9616281459025375,SEI,0.021481666413869917,50
equal_weight,7,2025-06-23,0.09938367503856527,0.8704551304276013,0.7593576430640085,MOVE,0.02596661641793879,50
equal_weight,7,2025-06-24,0.0012898473414442169,0.8715778846634298,0.5196813276411182,SEI,0.029446708987966662,50
equal_weight,7,2025-06-25,-0.016900891113585947,0.8568474417377235,0.5738054155753906,SEI,0.027391643807868227,50
equal_weight,7,2025-06-26,-0.03188991836581789,0.8295226467687477,0.49917148024933067,MOVE,0.02968435328007871,50
equal_weight,7,2025-06-27,0.013908802067867043,0.8410603130734673,0.47735059378738764,MOVE,0.02954414340618687,50
equal_weight,7,2025-06-28,0.018354587879276574,0.8564976285015462,0.23161382672453365,BONK,0.021619531188729654,50
equal_weight,7,2025-06-29,0.026442595397729862,0.8791456487511277,0.3245088907047507,PYTH,0.02268015059508445,50
equal_weight,7,2025-06-30,-0.03609609846278028,0.8474119208506821,0.4568872165498872,PYTH,0.021998974860956397,50
equal_weight,7,2025-07-01,-0.02910309653169041,0.8227496099160595,0.3732770411583552,PYTH,0.02171894860898439,50
equal_weight,7,2025-07-02,0.07266335887034114,0.8825333600818233,0.49502013003509515,CBK,0.03143749012024625,50
equal_weight,7,2025-07-03,0.005238142949484548,0.8871561959796207,0.44204863906340397,CBK,0.030367413449763885,50
equal_weight,7,2025-07-04,-0.02213284890087097,0.8675209019425323,0.3959891290644388,CBK,0.026735039582587463,50
equal_weight,7,2025-07-05,0.006080756946730048,0.8727960856934528,0.28559494577780337,SAFE,0.021968604039399344,50
equal_weight,7,2025-07-06,0.009873806987087397,0.8814139057826753,0.31339823402806777,BONK,0.02448373056140945,50
equal_weight,7,2025-07-07,-0.00500731686220246,0.87700038706967,0.34499240410212506,BONK,0.02549951007293219,50
equal_weight,7,2025-07-08,0.007468734310589253,0.8835504699509773,0.32243509550401256,BONK,0.024253837848821937,50
equal_weight,7,2025-07-09,0.02801684698455542,0.9083047682707258,0.3449567857374848,XLM,0.023085719170801242,50
equal_weight,7,2025-07-10,0.05091964030838825,0.9545553203614652,0.4166050363916865,BONK,0.02405218562106906,50
equal_weight,7,2025-07-11,0.016086743959552674,0.9699110073953487,0.781711994072759,XLM,0.026626660910449136,50
equal_weight,7,2025-07-12,0.052950945810591676,1.0212687125890363,0.6904817123899214,KNC,0.037702681432621225,50
equal_weight,7,2025-07-13,0.018450317734195032,1.0401114448282962,0.5127432843124633,KNC,0.028570972596693216,50
equal_weight,7,2025-07-14,0.0034399770206070546,1.0436894042973759,0.5663423688236782,KNC,0.02800837103800813,50
equal_weight,7,2025-07-15,0.01932939186377336,1.063863285777108,0.7141720596757207,KNC,0.026763941295791648,50
equal_weight,7,2025-07-16,0.021969729463429122,1.0872360743517058,0.49025947097593775,BONK,0.03086544109081587,50
equal_weight,7,2025-07-17,0.016672537143187727,1.1053630581847482,0.6985676473891944,BONK,0.02785307929858365,50
equal_weight,7,2025-07-18,-0.004986802636778198,1.0998508307715953,1.0553195729252784,BONK,0.0260115633758347,50
equal_weight,7,2025-07-19,0.019332259001078933,1.1211134318946236,0.4758579721468921,MEW,0.021840692341807588,50
equal_weight,7,2025-07-20,0.03184492691360741,1.1568152071951716,0.4393752118047122,DOGE,0.021959585186124873,50
equal_weight,7,2025-07-21,0.03685069847969191,1.1994446555922433,0.5585178137584295,DRIFT,0.025989044644465394,50
equal_weight,7,2025-07-22,-0.0029313760674388734,1.1959286322346228,0.7664760504452888,DRIFT,0.024193301872388738,50
equal_weight,7,2025-07-23,-0.06320370811183162,1.1203415080402837,0.8939106014060605,DRIFT,0.02456354459727231,50
equal_weight,7,2025-07-24,-0.02591011663112397,1.0913133289002706,0.9480153522779534,ARDR,0.024162909288883077,50
equal_weight,7,2025-07-25,0.018741892675963268,1.1117666061863676,0.8272924635112718,DRIFT,0.02481284749317066,50
equal_weight,7,2025-07-26,0.011693892818169793,1.1247674857179313,0.3368553849594746,BIGTIME,0.022868530212468544,50
equal_weight,7,2025-07-27,0.01936090566304305,1.1465440029017742,0.3187290521609688,GLM,0.022032622146733693,50
equal_weight,7,2025-07-28,-0.03274228662500056,1.1090035305305888,0.5150679871694653,TOKAMAK,0.02449607013478953,50
equal_weight,7,2025-07-29,-0.015591420254537192,1.0917125904223208,0.6590419787100873,CRO,0.02262416047244004,50
equal_weight,7,2025-07-30,-0.015337824420780133,1.0749680943924682,0.6583007686918421,CRO,0.02314846563231629,50
equal_weight,7,2025-07-31,-0.032648344116969374,1.03987216613198,0.4519340639496252,AQT,0.02356610652215735,50
equal_weight,7,2025-08-01,-0.037816343036510824,1.0005480035834136,0.8704106162522062,AQT,0.022764824828934514,50
equal_weight,7,2025-08-02,-0.024168191676679607,0.9763665676510905,0.6178096230114022,TOKAMAK,0.021428938346404,50
equal_weight,7,2025-08-03,0.038389385939770815,1.0138486806353375,0.3897868614390185,TOKAMAK,0.021091540422858674,50
equal_weight,7,2025-08-04,0.037931785247233396,1.052305771062388,0.40047088157400496,MNT,0.023010499869811487,50
equal_weight,7,2025-08-05,-0.030338725246999876,1.0203801553982939,0.49141544164712986,MNT,0.02537812046380977,50
equal_weight,7,2025-08-06,0.0036547445249530686,1.0241093841846065,0.5034971289443049,MNT,0.0243447510033262,50
equal_weight,7,2025-08-07,0.044800098877141314,1.0699895858570851,0.37637558937365795,MNT,0.027727268508984805,50
equal_weight,7,2025-08-08,0.01726830247496336,1.0884664896707261,0.4445283568706762,MNT,0.027331939901354102,50
equal_weight,7,2025-08-09,0.02962460225835195,1.120711876498766,0.34415470149589883,GLM,0.021703095484223313,50
equal_weight,7,2025-08-10,-0.009979534818359337,1.1095276933058977,0.5237920673504373,LINK,0.021768466738953253,50
equal_weight,7,2025-08-11,-0.038917521474078565,1.0663476254755806,0.5368639928212934,CRO,0.022059651352335025,50
equal_weight,7,2025-08-12,0.03536481341605113,1.1040588102871738,0.575229825091131,LINK,0.023320275308739407,50
equal_weight,7,2025-08-13,0.02373155753968259,1.1302598454706974,0.4664340287879495,LINK,0.023047674280498757,50
equal_weight,7,2025-08-14,-0.04769858277458272,1.0763480526747262,0.758188290214171,ADA,0.023971960847743713,50
equal_weight,7,2025-08-15,0.007178811202150248,1.0840749521326802,0.5871882431292584,ADA,0.024541411331392902,50
equal_weight,7,2025-08-16,0.008528552753533258,1.0933205425507277,0.32930756402818134,MNT,0.022395411943511877,50
equal_weight,7,2025-08-17,0.003113380259607279,1.0967244651453283,0.2713515182239621,LINK,0.023128092719174376,50
equal_weight,7,2025-08-18,-0.025334237736734377,1.0689397868136437,0.5318642617734857,LINK,0.023862565737746776,50
equal_weight,7,2025-08-19,-0.03695429714811571,1.0294378682982888,0.5520583200283659,WAVES,0.024501620015419105,50
equal_weight,7,2025-08-20,0.03855283762406292,1.069125619278854,0.5583756438504787,LINK,0.02456484044518162,50
equal_weight,7,2025-08-21,-0.020862599746034993,1.0468208794056075,0.4875744480646914,LINK,0.023767812464241856,50
equal_weight,7,2025-08-22,0.05756626155442568,1.1070824439501046,0.6698030690667895,LINK,0.023761238959007783,50
equal_weight,7,2025-08-23,-0.00453989548645739,1.1020564053596793,0.392098268588112,QTUM,0.021631497345594688,50
equal_weight,7,2025-08-24,-0.010244474797855285,1.090766416289157,0.5740472797492668,QTUM,0.026803083664038847,50
equal_weight,7,2025-08-25,-0.054329467182469005,1.031505658071636,0.5657123703480837,QTUM,0.02855274253264611,50
equal_weight,7,2025-08-26,0.03206246541549973,1.0645782725594501,0.5431504294272294,CRO,0.02783039602840948,50
equal_weight,7,2025-08-27,0.010609285044615335,1.0758726869053377,0.5087327211838364,CRO,0.03528030112297425,50
equal_weight,7,2025-08-28,0.04924037659397107,1.128849063175724,0.4545900190335051,CRO,0.043618594598865995,50
equal_weight,7,2025-08-29,-0.047830246629276485,1.0748559340768014,0.6241696987597571,CRO,0.0387469481786338,50
equal_weight,7,2025-08-30,0.0016413430468424917,1.0766201413905556,0.366946756240107,CRO,0.021584825062024138,50
equal_weight,7,2025-08-31,-0.018915153554604935,1.0562557060961728,0.29222614530032653,AXS,0.022496900578849163,50
equal_weight,7,2025-09-01,-0.029280090199892417,1.0253284437475259,0.48499807148084845,AXS,0.0215167718458825,50
equal_weight,7,2025-09-02,0.02560229931818614,1.0515792094638,0.46310823088849884,AERGO,0.022945888156688014,50
equal_weight,7,2025-09-03,0.004942531502193592,1.0567766728336265,0.3269066008477847,AERGO,0.021725978910877675,50
equal_weight,7,2025-09-04,-0.018891033109557753,1.0368130697177182,0.3082229459156939,PUNDIX,0.022250952711605113,50
equal_weight,7,2025-09-05,0.011992403681417407,1.0492469505919426,0.34193170202298645,PUNDIX,0.02183735924301135,50
equal_weight,7,2025-09-06,-0.003908043500148173,1.0451464478666315,0.1737665097726733,PYTH,0.02245743287100708,50
equal_weight,7,2025-09-07,0.009753569451245836,1.0553403563326216,0.16008449395797922,PYTH,0.02176931131191948,50
equal_weight,7,2025-09-08,0.037336430252124186,1.0947429979390864,0.33554285865331096,ATH,0.028458683887060618,50
equal_weight,7,2025-09-09,0.005907791649806038,1.1012105114809945,0.40957431944309797,ATH,0.028516794484805735,50
equal_weight,7,2025-09-10,0.013118064974082078,1.1156562625207442,0.3454854194347825,ATH,0.028014152329590203,50
equal_weight,7,2025-09-11,0.019089837697192857,1.136953959498122,0.4175896923962592,ATH,0.02980198345082199,50
equal_weight,7,2025-09-12,0.030622784858170604,1.1717706559934782,0.3190025573256475,ATH,0.031372052561108164,50
equal_weight,7,2025-09-13,0.0063535624548509695,1.1792155740390944,0.3553347809204234,ARK,0.02113506687780564,50
equal_weight,7,2025-09-14,-0.018080734309560476,1.1578944905511976,0.39989982312729294,ATH,0.023517360126063692,50
equal_weight,7,2025-09-15,-0.02568557219616785,1.1281533080186,0.506225062460242,ATH,0.025006397987504595,50
equal_weight,7,2025-09-16,0.008779143460660555,1.138057527755314,0.34237098648144965,ATH,0.024622033155372453,50
equal_weight,7,2025-09-17,0.0245453667689699,1.1659915671782553,0.47451661812707246,DRIFT,0.02592787441661657,50
equal_weight,7,2025-09-18,0.011185266392184756,1.179033493468185,0.3056920993366545,DRIFT,0.028158800212555443,50
equal_weight,7,2025-09-19,-0.03017833610790821,1.1434522244198209,0.4006152971599692,DRIFT,0.028078581062284367,50
equal_weight,7,2025-09-20,0.004186803924861371,1.1482396346809132,0.2666836930113241,AWE,0.021831671993089972,50
equal_weight,7,2025-09-21,-0.009382472089411897,1.137466308356563,0.28642112971159317,VANA,0.024477424425019136,50
equal_weight,7,2025-09-22,-0.04492222435413484,1.0863687916573,0.5742383054776858,ME,0.023856194363195467,50
equal_weight,7,2025-09-23,-0.004285634781317604,1.0817130117784355,0.5094163445823486,AWE,0.025613750296646635,50
equal_weight,7,2025-09-24,0.011339851193774564,1.0939794763663726,0.4135125951124433,AWE,0.02954764280686436,50
equal_weight,7,2025-09-25,-0.044536056933604296,1.0452579441227252,0.6208488141687828,AWE,0.028400433663407193,50
equal_weight,7,2025-09-26,0.026201136826380145,1.0726448905355455,0.5112703238688688,AWE,0.029930334289051418,50
equal_weight,7,2025-09-27,-0.00778482123643498,1.064294541812551,0.25624409853726776,DRIFT,0.022703055014280778,50
equal_weight,7,2025-09-28,0.014349219737471497,1.0795663380584106,0.3045354941096379,AWE,0.022593934319343492,50
equal_weight,7,2025-09-29,-0.01575396723786071,1.0625588853375412,0.39272852215842097,AWE,0.023923581911467345,50
equal_weight,7,2025-09-30,-0.014008321260643442,1.0476742191133817,0.39138270630895455,AWE,0.02356221599958058,50
equal_weight,7,2025-10-01,0.04497101719531904,1.094789194436222,0.4241532510378846,DRIFT,0.023533303573510956,50
equal_weight,7,2025-10-02,0.01792673552636792,1.1144151907820057,0.3732865703609101,DRIFT,0.023247807727015766,50
equal_weight,7,2025-10-03,0.003375419675493152,1.1181768097436398,0.5233248884162337,DRIFT,0.023628586350109577,50
equal_weight,7,2025-10-04,-0.013377763182953473,1.1032181051862189,0.31093399881483935,AWE,0.022382764658312033,50
equal_weight,7,2025-10-05,0.0011650515206615975,1.1045034111172876,0.42518863685626834,MNT,0.022563300782650963,50
equal_weight,7,2025-10-06,0.026234363742966504,1.1334793553598859,0.3731887098507885,MNT,0.025298938618841645,50
equal_weight,7,2025-10-07,-0.03829667993735453,1.0900708592720694,0.4709070169991979,MNT,0.025042957378034792,50
equal_weight,7,2025-10-08,0.022215092982430518,1.1142868847682363,0.366750786898746,MNT,0.028567121531404702,50
equal_weight,7,2025-10-09,-0.018466884440338727,1.0937094776338363,0.3683892191523142,MNT,0.025514301696257343,50
equal_weight,7,2025-10-10,-0.17047688678470618,0.9072572908398927,2.7549785765007937,MNT,0.024550214002777904,50
equal_weight,7,2025-10-11,-0.018027928454798725,0.8909013213105366,1.1962126655464635,PUNDIX,0.022960346583650693,50
equal_weight,7,2025-10-12,0.07878425610797413,0.9610903191755985,0.8893561193936337,MNT,0.02355625894192824,50
equal_weight,7,2025-10-13,0.034979394978747136,0.994708677060292,0.8223086279208961,PUNDIX,0.02399964857842004,50
equal_weight,7,2025-10-14,-0.03279097381951224,0.9620912108727663,0.8843574413105953,PUNDIX,0.023662684103303154,50
equal_weight,7,2025-10-15,-0.035429770159478124,0.9280045403990902,0.6534077740466032,PUNDIX,0.02422065546170705,50
equal_weight,7,2025-10-16,-0.034988449951349754,0.8955350999827113,0.8281068504849396,PUNDIX,0.024615121169478345,50
equal_weight,7,2025-10-17,-0.023843019500389584,0.8741828391305402,0.8974346038477957,PUNDIX,0.025821988204287858,50
equal_weight,7,2025-10-18,0.009318377458890748,0.8823288047936433,0.43803459029886593,PUNDIX,0.022223615586199983,50
equal_weight,7,2025-10-19,0.017627428287025237,0.89788199252572,0.5323508598248841,AUCTION,0.023353700105703642,50
equal_weight,7,2025-10-20,0.010736774247477987,0.9075223487803444,0.5431983191193476,AUCTION,0.03131530953285198,50
equal_weight,7,2025-10-21,-0.030819887372143806,0.8795526122032308,0.6833430790428445,AUCTION,0.02549959849302994,50
equal_weight,7,2025-10-22,-0.024191326813611025,0.8582750675116572,0.6180462834658826,AUCTION,0.025661925716174604,50
equal_weight,7,2025-10-23,0.023406923529534884,0.878364646384209,0.3898266085203444,AUCTION,0.02575269980114676,50
equal_weight,7,2025-10-24,0.011044683554108259,0.8880659059486388,0.47480559344597384,VIRTUAL,0.02558836763720071,50
equal_weight,7,2025-10-25,0.0037175724497513496,0.8913673552941569,0.2018572996734196,VIRTUAL,0.026133460587940062,50
equal_weight,7,2025-10-26,0.03646328994907244,0.9238695416213856,0.3292155986133836,VIRTUAL,0.029297585584812467,50
equal_weight,7,2025-10-27,-0.017992551796672696,0.9072467710403945,0.47004885300789506,VIRTUAL,0.027907028355069634,50
equal_weight,7,2025-10-28,-0.017435952211620642,0.891428059696387,0.534198397084777,VIRTUAL,0.03025632159753882,50
equal_weight,7,2025-10-29,-0.0002711819028918816,0.8911863205388674,0.6761765882997068,VIRTUAL,0.030533307908963126,50
equal_weight,7,2025-10-30,-0.04894821676169703,0.8475643393460717,0.7387051570710822,VIRTUAL,0.02681992593333409,50
equal_weight,7,2025-10-31,0.012408054283605585,0.8580809636775261,0.42565329684236913,VIRTUAL,0.02831964608061703,50
equal_weight,7,2025-11-01,0.01749002173972869,0.8730888183866933,0.33421575338040016,VIRTUAL,0.026524745982803046,50
equal_weight,7,2025-11-02,-0.0030949436670709707,0.870386657677437,0.37576118363398725,VIRTUAL,0.024099923932280352,50
equal_weight,7,2025-11-03,-0.10963417332006131,0.77496253599416,1.2681500627587077,CARV,0.02384169542654182,50
equal_weight,7,2025-11-04,-0.02272551317873961,0.7573511146693952,1.3967008114536503,CARV,0.02668038945433135,50
equal_weight,7,2025-11-05,0.02464864692625257,0.7760187948940849,0.8870205823402711,CARV,0.02710865221829296,50
equal_weight,7,2025-11-06,-0.01675344508237031,0.7630178066309397,0.704060262587963,CARV,0.025666009132969497,50
equal_weight,7,2025-11-07,0.09632537493700744,0.8365157829382779,0.9165317749461622,CARV,0.02448635569309572,50
equal_weight,7,2025-11-08,-0.016594547603992593,0.8226341819568175,0.7229353058824173,GLM,0.02123004595494274,50
equal_weight,7,2025-11-09,0.0029931772836280235,0.8250964719029865,0.625055383183861,ANIME,0.02117400292889313,50
equal_weight,7,2025-11-10,0.021444651179008956,0.842790377931977,0.5731446504273688,GLM,0.02184243237668659,50
equal_weight,7,2025-11-11,-0.03441723569987887,0.8137838628491021,0.6651538820523553,STRAX,0.022267825445230375,50
equal_weight,7,2025-11-12,-0.002161300585906134,0.8120250313095254,0.5694331439632327,GLM,0.023315849159337,50
equal_weight,7,2025-11-13,-0.03831799976525563,0.7809098563504253,0.6700234963496505,GLM,0.023170299243900825,50
equal_weight,7,2025-11-14,-0.03749756787021208,0.7516276360114077,0.9154225562242297,GLM,0.02553828901028623,50
equal_weight,7,2025-11-15,0.004992593532591627,0.7553802072858754,0.4068922898243197,DRIFT,0.02096675011042778,50
equal_weight,7,2025-11-16,-0.03973713132928536,0.7253635647854138,0.6547041165936115,AWE,0.024944356141874985,50
equal_weight,7,2025-11-17,-0.02605594241637521,0.7064635335104283,0.8204225871044754,ARDR,0.024120601226101268,50
equal_weight,7,2025-11-18,0.01893540789412551,0.7198407086797736,0.7214449231646972,ARDR,0.02212280556012871,50
equal_weight,7,2025-11-19,-0.02636069356363291,0.7008652083436377,0.6703566979469595,ARDR,0.022550374460110732,50
equal_weight,7,2025-11-20,-0.03215323600335418,0.6783301238932248,0.6972943568790138,ARDR,0.023274231660669862,50
equal_weight,7,2025-11-21,-0.04909521260411642,0.6450273622449103,1.163573890111289,ARDR,0.023438315716042057,50
equal_weight,7,2025-11-22,0.00015547112486835601,0.6451276453744894,0.6826031501204891,MOVE,0.022054985551121536,50
equal_weight,7,2025-11-23,0.028870355304498663,0.6637527097132055,0.5026137599415377,HBAR,0.02221231243179156,50
equal_weight,7,2025-11-24,0.027109453435270936,0.6817466828897106,0.6827784660651229,WAVES,0.021949609255105255,50
equal_weight,7,2025-11-25,0.00795925226605676,0.6871728767203773,0.5846694413365264,WAVES,0.02580060937680975,50
equal_weight,7,2025-11-26,0.00697595450876376,0.691966563448035,0.4287309506647636,WAVES,0.023309209297347096,50
equal_weight,7,2025-11-27,0.029267172921669582,0.7122184685164821,0.39149448171096185,SAFE,0.02630134194345139,50
equal_weight,7,2025-11-28,-0.004481743464794685,0.7090264880497023,0.39716482620507426,AWE,0.023505764678153997,50
equal_weight,7,2025-11-29,-0.005241738184863065,0.7053099568332127,0.24693363929367856,AQT,0.021874316090278706,50
equal_weight,7,2025-11-30,-0.021106653172224044,0.6904232241954178,0.28836082469595375,STRAX,0.021472480611962386,50
equal_weight,7,2025-12-01,-0.0704562509094333,0.6417785922778055,0.8055327616236724,VANA,0.022856155606356218,50
equal_weight,7,2025-12-02,0.05439304392259481,0.6766868834361532,0.5561812448100932,SUI,0.02229772971440944,50
equal_weight,7,2025-12-03,0.025796329606017965,0.6941429213213414,0.4688684521388879,LINK,0.022565045903505707,50
equal_weight,7,2025-12-04,-0.027186345565168968,0.6752717119906835,0.4597640566797753,SUI,0.022823400633430222,50
equal_weight,7,2025-12-05,-0.02968636343390163,0.6552253505318951,0.560805010239726,LINK,0.022312357565263598,50
equal_weight,7,2025-12-06,0.008121268625951084,0.6605466116140976,0.3033630206535066,SAFE,0.020808784052706378,50
equal_weight,7,2025-12-07,-0.015277333211510813,0.6504552209267346,0.5696704694564471,WAVES,0.02150767297844754,50
equal_weight,7,2025-12-08,0.013514425207728165,0.6592457493609253,0.4255450935820272,WAVES,0.02163698069907757,50
equal_weight,7,2025-12-09,0.022009719158900376,0.673755563161058,0.479460158213396,ADA,0.021861610168810112,50
equal_weight,7,2025-12-10,-0.020540298836470683,0.6599164225509953,0.5002749305679903,SEI,0.02258959303842418,50
equal_weight,7,2025-12-11,-0.019734701468311133,0.6468931689579155,0.515399064685052,CARV,0.02282836830432918,50
equal_weight,7,2025-12-12,-0.01815071168875726,0.6351515975547338,0.48403930033793424,MNT,0.023657289784658603,50
equal_weight,7,2025-12-13,0.016389627531488093,0.6455614956646856,0.21140754547921278,AERGO,0.025087545697952858,50
equal_weight,7,2025-12-14,-0.034715617951093125,0.6231504294172541,0.3471102245151611,AERGO,0.02463426149893449,50
equal_weight,7,2025-12-15,-0.043107551184589865,0.5962879403854506,0.5803384821448621,AERGO,0.02293806097302868,50
equal_weight,7,2025-12-16,-0.004051026201593255,0.5938723623152551,0.47391820887008596,AERGO,0.023797250132428668,50
equal_weight,7,2025-12-17,-0.04142731341397532,0.5692698258337231,0.7320539281795765,AERGO,0.025196671639354046,50
equal_weight,7,2025-12-18,-0.03288080777588753,0.5505517741178715,0.6733662782634636,AERGO,0.0293579381820341,50
equal_weight,7,2025-12-19,0.06213482947987581,0.5847602147225286,0.6338079982865873,AERGO,0.027779397389718154,50
equal_weight,7,2025-12-20,0.014809816289700573,0.5934204060760951,0.27949037594157833,ANIME,0.02727358027809541,50
equal_weight,7,2025-12-21,-0.018751701700607692,0.5822927636383027,0.3790889769208268,ANIME,0.025377842330933965,50
equal_weight,7,2025-12-22,0.013222015208107063,0.589991847414699,0.41282519064098716,ANIME,0.031487248339623325,50
equal_weight,7,2025-12-23,-0.007018067177062437,0.5858512449956235,0.39192260680364527,ANIME,0.03243046681475871,50
equal_weight,7,2025-12-24,-0.010180235314927288,0.5798871414620249,0.29054499094920516,ANIME,0.03324940494136183,50
equal_weight,7,2025-12-25,-0.018284115957605707,0.5692844177252088,0.35716981735769343,ANIME,0.03189093133644705,50
equal_weight,7,2025-12-26,-0.0033251438864749794,0.5673914651239443,0.4438943633477641,ANIME,0.02902083151307761,50
equal_weight,7,2025-12-27,0.029466664094397244,0.5841105988367795,0.2674998990804785,MASK,0.02369268785362982,50
equal_weight,7,2025-12-28,-0.0084778335743384,0.5791586063908342,0.25291131015403834,GAS,0.023091738188987063,50
equal_weight,7,2025-12-29,-0.014320222587722808,0.5708649262337221,0.431206606047684,STRAX,0.0232380229955629,50
equal_weight,7,2025-12-30,-0.0037614279251263483,0.5687176589587114,0.31038684165500097,STRAX,0.022201628096791718,50
equal_weight,7,2025-12-31,-0.01816152167136209,0.5583888808706464,0.26864680219428555,GLM,0.02236880621667642,50
equal_weight,7,2026-01-01,0.03875706999109063,0.5800303978087968,0.24775261784794858,PEPE,0.023669037675842435,50
equal_weight,7,2026-01-02,0.048049155918193254,0.6079003688304034,0.42715513438275166,PEPE,0.02757446851206804,50
equal_weight,7,2026-01-03,0.0070038396709228845,0.6121580055495864,0.39928756096858076,VIRTUAL,0.02224208853920385,50
equal_weight,7,2026-01-04,0.03308936363051518,0.6324139243945477,0.40850313008012323,BONK,0.02482002894958133,50
equal_weight,7,2026-01-05,0.03691740366108198,0.6557610045223102,0.49291969986557727,VIRTUAL,0.02598276848050654,50
equal_weight,7,2026-01-06,0.01043753879002507,0.6626055354439976,0.6180853697471265,VIRTUAL,0.027034313042267874,50
equal_weight,7,2026-01-07,-0.02540621044492486,0.6457712397685352,0.5123065885835923,VIRTUAL,0.025331327255970308,50
equal_weight,7,2026-01-08,-0.0007165840729530526,0.6453084903833459,0.5451893796966446,VIRTUAL,0.026002053486288635,50
equal_weight,7,2026-01-09,-0.003272641534309506,0.6431966270152748,0.5773314479614109,VIRTUAL,0.026188151948968265,50
equal_weight,7,2026-01-10,-0.0005590409031615007,0.6428370537919977,0.23838832250079145,AKT,0.022273598349353142,50
equal_weight,7,2026-01-11,-0.01481532213354253,0.6333132157606919,0.3498949747701479,AKT,0.02386997263842438,50
equal_weight,7,2026-01-12,-0.018797505328026154,0.6214085072131209,0.5155987137179167,GLM,0.023012315342684515,50
equal_weight,7,2026-01-13,0.06677217262359236,0.6629013033265243,0.5074729755337383,AKT,0.024967588507717145,50
equal_weight,7,2026-01-14,0.0007212141149743889,0.6633793971033183,0.43565828485170105,AXS,0.02477190163599258,50
equal_weight,7,2026-01-15,-0.035666725479506445,0.6397188262580737,0.4634901027918364,MOVE,0.023086367765554925,50
equal_weight,7,2026-01-16,0.015891347243804477,0.6498848202645399,0.34119326299947406,AXS,0.02730522861360768,50
equal_weight,7,2026-01-17,0.011016090660175726,0.657044010363246,0.2571257325489819,AXS,0.029560603830263113,50
equal_weight,7,2026-01-18,-0.04399383353633879,0.6281381255452769,0.6261077418521602,AXS,0.029380237194461322,50
equal_weight,7,2026-01-19,-0.021235009764700385,0.6147996063157424,0.460201510674342,AXS,0.02728480907846018,50
equal_weight,7,2026-01-20,-0.04031357238877287,0.5900148378819436,0.4857738948103866,AXS,0.035504531611650056,50
equal_weight,7,2026-01-21,0.03045561319594081,0.6079841015643419,0.6384565697510886,AXS,0.03924154059368485,50
equal_weight,7,2026-01-22,-0.005642733687490131,0.6045534091929864,0.3779449329208002,AXS,0.044833584885208055,50
equal_weight,7,2026-01-23,0.000966582675166805,0.6051377600445254,0.4366849264381495,AXS,0.04811097004602022,50
equal_weight,7,2026-01-24,0.0017539905780041831,0.606199165974038,0.18053502979041597,ANIME,0.02073607171431476,50
equal_weight,7,2026-01-25,-0.029974111110621426,0.5880288848179661,0.5027781779529847,AUCTION,0.03327289431833807,50
equal_weight,7,2026-01-26,0.020544006909689383,0.6001093542907633,0.5026106283121167,AUCTION,0.02794152327323248,50
equal_weight,7,2026-01-27,-0.002335025575996963,0.5987080836000993,0.4221199558238473,AUCTION,0.025782594322136573,50
equal_weight,7,2026-01-28,-0.012471592956118993,0.5912412400819008,0.32612776354847056,AUCTION,0.024819086035805158,50
equal_weight,7,2026-01-29,-0.05603162176234533,0.5581130345473317,0.5706073846086975,AUCTION,0.025061710425267437,50
equal_weight,7,2026-01-30,-0.012009150354544085,0.551410571200622,0.7573862523389608,AUCTION,0.026338461755359706,50
equal_weight,7,2026-01-31,-0.07033763541284455,0.5126256554807243,0.9823782379356685,CBK,0.027550294747846826,50
equal_weight,7,2026-02-01,-0.034031014093889755,0.49518048457417024,1.0568268292905683,AWE,0.025021350595571507,50
equal_weight,7,2026-02-02,0.03385777435417903,0.5119461936854756,0.9846237094872606,AWE,0.025098294879588628,50
equal_weight,7,2026-02-03,-0.032318391491293896,0.4954009161754706,0.8829606267269308,AWE,0.026713421951217186,50
equal_weight,7,2026-02-04,-0.017442144307389662,0.486760061905525,0.8262189885799858,AWE,0.02809996922488072,50
equal_weight,7,2026-02-05,-0.1496265127894253,0.41392785127743653,1.5150357768216554,AWE,0.0317210665815616,50
equal_weight,7,2026-02-06,0.12052301172867397,0.4638156825517718,1.8360149977102092,AWE,0.03574550232042668,50
equal_weight,7,2026-02-07,-0.008732376213801185,0.45976546951786873,0.7566240860032106,ARDR,0.020902165754965667,50
equal_weight,7,2026-02-08,-0.012967551041884962,0.45380343732459955,0.5665258616175817,ARDR,0.021973587387819894,50
equal_weight,7,2026-02-09,-0.0008428543844835046,0.4534209471077568,0.6539624775685537,VANA,0.02320834818612649,50
equal_weight,7,2026-02-10,-0.011814051852760521,0.448064208527498,0.43291565908845325,SONIC,0.024338754627639406,50
equal_weight,7,2026-02-11,-0.007036515332595861,0.44491139785420686,0.7143423107662913,SONIC,0.03152896581305832,50
equal_weight,7,2026-02-12,0.015001157262036324,0.4515855837010902,0.557170151895299,SONIC,0.024950591248676882,50
equal_weight,7,2026-02-13,0.03662559739238569,0.46812517547793187,0.44758398884454664,SONIC,0.024262373674116156,50
equal_weight,7,2026-02-14,0.06505139206464738,0.4985773698032787,0.412865610384825,PEPE,0.024255480557848253,50
equal_weight,7,2026-02-15,-0.03750655381354029,0.4798774508525387,0.6633427272107002,MOVE,0.023123196216158506,50
equal_weight,7,2026-02-16,0.0014456756199243692,0.48057119798378767,0.49021256861227824,PEPE,0.02336432111567394,50
equal_weight,7,2026-02-17,-0.01660101936247227,0.4725932262210123,0.4688496918145395,PEPE,0.02332806839362343,50
equal_weight,7,2026-02-18,-0.030413058497872236,0.45822022078625446,0.4603921117380091,PEPE,0.023171438648969884,50
equal_weight,7,2026-02-19,-0.017485597652235563,0.45020796636946747,0.47595794007895237,PEPE,0.023470794281207477,50
equal_weight,7,2026-02-20,0.022822808662159133,0.4604829766440976,0.5731454545382242,VANA,0.023411735210139815,50
equal_weight,7,2026-02-21,-0.011535888005614225,0.4551708965970394,0.241197372616233,CARV,0.02216357121214994,50
equal_weight,7,2026-02-22,-0.027842486351754125,0.44249780712082065,0.30509592688869713,CARV,0.021497527686107062,50
equal_weight,7,2026-02-23,-0.03899436175429005,0.4252428875544713,0.6765551807271463,AQT,0.021150474450790505,50
equal_weight,7,2026-02-24,-0.012138102107294046,0.42008124596493457,0.4513752158537966,GAS,0.021184109395967776,50
equal_weight,7,2026-02-25,0.053619896484591756,0.4426059588886927,0.6463349427833323,VIRTUAL,0.021696474141943943,50
equal_weight,7,2026-02-26,-0.014466073078193808,0.4362031887425648,0.571639729541336,AQT,0.021525064531315315,50
equal_weight,7,2026-02-27,-0.005663686278714053,0.43373267072775223,0.46868953845533623,ATH,0.022960618988317045,50
equal_weight,7,2026-02-28,0.004951019082027219,0.435880089457024,0.9027075663107136,VIRTUAL,0.020719882866755936,50
equal_weight,7,2026-03-01,-0.022590796446134154,0.42603321108117764,0.7398480241718874,ATH,0.020947065690328445,50
equal_weight,7,2026-03-02,0.02311684876251907,0.4358817563895516,0.6539731496285722,VIRTUAL,0.02233666691709144,50
equal_weight,7,2026-03-03,-0.009916246620837454,0.43155944539566904,0.6009101974249029,AKT,0.022484021245276334,50
equal_weight,7,2026-03-04,0.022987106829511772,0.4414797484702641,0.6371150263693063,ARDR,0.02207408019895323,50
equal_weight,7,2026-03-05,-0.005878050345535124,0.4388847082822217,0.5504030915980275,AKT,0.02219718372955216,50
equal_weight,7,2026-03-06,-0.020973470474232703,0.4296797728114723,0.44699065085067013,AKT,0.023530839550003357,50
equal_weight,7,2026-03-07,-0.01645176407971838,0.422610782559351,0.29851752342440996,AKT,0.022364089960291194,50
equal_weight,7,2026-03-08,-0.014628083576190942,0.41642879671187333,0.3997981047974899,AKT,0.02380514877765198,50
equal_weight,7,2026-03-09,0.008533929137503282,0.4199825705538282,0.48712030071081663,AKT,0.021561464672132557,50
equal_weight,7,2026-03-10,0.01895948468470765,0.4279452236680877,0.4636188888257371,AKT,0.025053150954845813,50
equal_weight,7,2026-03-11,0.0064437443196814215,0.43070279327223376,0.40289952562531045,AKT,0.024088521190865315,50
equal_weight,7,2026-03-12,0.004917794412121035,0.4328209010622729,0.30721311277813873,AKT,0.024427947997597232,50
equal_weight,7,2026-03-13,0.014258685818363759,0.438992358306141,0.409251754556435,AKT,0.02430997444912189,50
equal_weight,7,2026-03-14,0.002730954224082982,0.44019122634139723,0.23218367566586762,AXS,0.02240488996726895,50
equal_weight,7,2026-03-15,0.018026710988263916,0.4481264263582231,0.29970155539649446,MNT,0.02205069911487812,50
equal_weight,7,2026-03-16,0.04298476413373953,0.4673890350973269,0.45654130397488446,MNT,0.022623995797936145,50
equal_weight,7,2026-03-17,0.0038765449626771975,0.46920088970694396,0.44830557378038977,ANIME,0.022661816485498625,50
equal_weight,7,2026-03-18,-0.0358944279602329,0.4523591921724809,0.5125360816591004,AKT,0.023308819263123257,50
equal_weight,7,2026-03-19,-0.01664494904320879,0.44482969646954285,0.4027309724274158,ATH,0.02310190193133455,50
equal_weight,7,2026-03-20,0.013621252430010555,0.4508888340535194,0.33705064356058045,ATH,0.02522549253991946,50
equal_weight,7,2026-03-21,-0.01537675580531872,0.4439556265569336,0.2840014356105007,ANIME,0.022522633576544056,50
equal_weight,7,2026-03-22,-0.02698731236966101,0.4319744573847731,0.3424615575855038,AKT,0.022204404393875093,50
equal_weight,7,2026-03-23,0.021348682980752764,0.44119654313126333,0.658739469455182,ANIME,0.021086891921400043,50
equal_weight,7,2026-03-24,0.009032760849006838,0.44518176599277653,0.3173682072070989,KNC,0.0218769041311409,50
equal_weight,7,2026-03-25,0.009485127953438921,0.44940437200575595,0.2608567412207382,XLM,0.02152247137101524,50
equal_weight,7,2026-03-26,-0.03327031762333976,0.4344525458078069,0.38995071172341406,XLM,0.022012085818216755,50
equal_weight,7,2026-03-27,-0.016168994731652675,0.4274278848834874,0.4444893706477581,KNC,0.025950261342308184,50
equal_weight,7,2026-03-28,-0.006339488139315286,0.4247182108768559,0.3362799013387143,AKT,0.020873065290581572,50
equal_weight,7,2026-03-29,-0.014552621526082166,0.4185374474987303,0.4456625245014254,AKT,0.021209326466190094,50
equal_weight,7,2026-03-30,0.011310235679200309,0.4232712046705118,0.376749542413757,AWE,0.021102838045051985,50
minimum_variance,14,2025-03-01,0.027984087171858185,1.0279840871718582,0.44574885245976487,BTC,0.832659010065741,6
minimum_variance,14,2025-03-02,0.10437773486964086,1.1352827376728922,0.8723165229905172,BTC,0.8394895464086438,6
minimum_variance,14,2025-03-03,-0.0870349740348102,1.0364734340773638,0.8803325674503698,BTC,0.8355907505828616,6
minimum_variance,14,2025-03-04,0.0020623946177595887,1.0386110513092557,0.9296836564449514,BTC,0.836973546162317,6
minimum_variance,14,2025-03-05,0.0319318051606845,1.0717757770373966,0.659017541933018,BTC,0.8420240073484012,6
minimum_variance,14,2025-03-06,-0.011507528958603963,1.0594422862460084,0.6363238131697659,BTC,0.8425631979350556,6
minimum_variance,14,2025-03-07,-0.026927189872656743,1.0309144826451406,0.9007029796758814,BTC,0.8374755136605252,6
minimum_variance,14,2025-03-08,-0.0052985220730066285,1.0254521595034631,0.32725422385099556,BTC,0.8365626084128629,6
minimum_variance,14,2025-03-09,-0.05026399555996608,0.9739088367112234,0.5291574469747387,BTC,0.8299256800700301,6
minimum_variance,14,2025-03-10,-0.024378998262870155,0.9501659148728466,0.7528966959992712,BTC,0.8270789298877753,6
minimum_variance,14,2025-03-11,0.03888856233725413,0.9871165012841134,0.7145630953763246,BTC,0.8340213891696062,6
minimum_variance,14,2025-03-12,0.004139544308760845,0.9912027137790881,0.5730087240669699,BTC,0.8348706508206809,6
minimum_variance,14,2025-03-13,-0.027315067312960517,0.9641279449314232,0.38493511868907887,BTC,0.8314668550546155,6
minimum_variance,14,2025-03-14,0.026560286614266904,0.989735459481626,0.3845973670334355,BTC,0.8358521742550937,6
minimum_variance,14,2025-03-15,0.003405195118345139,0.9931057018367059,0.20448975128592614,MASK,0.5416714498890453,7
minimum_variance,14,2025-03-16,-0.012938156851641791,0.9802567444960828,0.2566531211792493,MASK,0.5450175079958922,7
minimum_variance,14,2025-03-17,0.0019023465079825996,0.9821215324909014,0.23857280214936194,MASK,0.54040607212747,7
minimum_variance,14,2025-03-18,-0.005168618260364077,0.9770453212041722,0.24843349829170688,MASK,0.5425289414359503,7
minimum_variance,14,2025-03-19,0.023721788010798495,1.00022258319072,0.2892364867684535,MASK,0.5338037344043124,7
minimum_variance,14,2025-03-20,-0.00917225181122927,0.9910482897904166,0.28535248102265776,MASK,0.5392515809333382,7
minimum_variance,14,2025-03-21,0.006878201753975688,0.9978649198755276,0.2509249343443446,MASK,0.5436139268698712,7
minimum_variance,14,2025-03-22,-0.00593448324491086,0.991943107227842,0.1982541253568167,MASK,0.5412945436875519,7
minimum_variance,14,2025-03-23,0.008269943285116765,1.0001464204666788,0.2867720728608015,MASK,0.5398651857266434,7
minimum_variance,14,2025-03-24,0.013640424782890292,1.0137888424869315,0.267573578491848,MASK,0.5396950289753076,7
minimum_variance,14,2025-03-25,0.004766446571377259,1.0186210128393038,0.37358936305817336,MASK,0.5402548172498398,7
minimum_variance,14,2025-03-26,-0.003827125805478837,1.0147226220750636,0.37873595440205826,MASK,0.5398577529275537,7
minimum_variance,14,2025-03-27,-0.0001603362449854595,1.0145599252601383,0.3444060958315939,MASK,0.5378010351205617,7
minimum_variance,14,2025-03-28,-0.013744680842122547,1.00061512289223,0.31140900953971196,MASK,0.5461317846805264,7
minimum_variance,14,2025-03-29,-0.013868317908286909,0.986738274264121,0.2952344892043601,MASK,0.4987535371236934,8
minimum_variance,14,2025-03-30,-0.00017561018245837445,0.9865649929757387,0.30845872875687735,MASK,0.5028330961113221,8
minimum_variance,14,2025-03-31,-0.03297449137938224,0.95403351411966,0.7649399118383324,MASK,0.48647819753865795,8
minimum_variance,14,2025-04-01,-0.13771505954024454,0.8226487319192822,2.1562879824679784,BTC,0.40944603364399623,8
minimum_variance,14,2025-04-02,-0.09132247243857938,0.7475224157719513,1.0500249205528558,BTC,0.4368529389271791,8
minimum_variance,14,2025-04-03,-0.0021890844750147576,0.7458860260568594,0.6999504030822168,BTC,0.4395654710851686,8
minimum_variance,14,2025-04-04,-0.010781620778574585,0.7378441657798763,0.6911598946009853,BTC,0.44464108106936834,8
minimum_variance,14,2025-04-05,-0.0003225468311468527,0.7376061764823238,0.5134687421568378,BTC,0.4445141460231856,8
minimum_variance,14,2025-04-06,-0.05420499958410108,0.6976242339928691,0.7646251846948775,BTC,0.44786542214628977,8
minimum_variance,14,2025-04-07,0.0008604538370455828,0.6982245074418242,1.1567378322200907,BTC,0.44965513527470224,8
minimum_variance,14,2025-04-08,-0.01745041367236122,0.6860402009507837,0.7956398906650719,BTC,0.4443027764406465,8
minimum_variance,14,2025-04-09,0.08387262424750519,0.7435801929438117,0.9740771652430527,BTC,0.43460556619280355,8
minimum_variance,14,2025-04-10,-0.0377548449210644,0.715506438072843,0.6529889806145336,BTC,0.43832983954166077,8
minimum_variance,14,2025-04-11,0.005997780720523815,0.7197978887925269,0.4540007337248712,BTC,0.4492014929934518,8
minimum_variance,14,2025-04-12,0.015358601602205146,0.7308529778005998,0.32190021898783466,BTC,0.5762488073939425,9
minimum_variance,14,2025-04-13,-0.010206038458032585,0.7233938642019992,0.4295426762525285,BTC,0.5724181344564602,9
minimum_variance,14,2025-04-14,0.0020228171680467533,0.7248571577297667,0.4055071006885368,BTC,0.5773604268672875,9
minimum_variance,14,2025-04-15,0.019533046556699407,0.739015826338659,0.46173685703693057,BTC,0.5624697384925058,9
minimum_variance,14,2025-04-16,0.009152529339589544,0.7457796903716446,0.44248681998221023,BTC,0.5561583950232698,9
minimum_variance,14,2025-04-17,-0.007292795602061419,0.7403408715255956,0.3283781015372907,BTC,0.5647609777537168,9
minimum_variance,14,2025-04-18,-0.008267375697065038,0.734220195396801,0.23627258869641002,BTC,0.5669876758010343,9
minimum_variance,14,2025-04-19,0.0009380115408976764,0.7349089024136433,0.19294867812106922,BTC,0.56918090621699,9
minimum_variance,14,2025-04-20,-0.003868104826354579,0.7320661977412861,0.2407685462469859,BTC,0.5713957585358824,9
minimum_variance,14,2025-04-21,0.012652764221211976,0.7413288587356257,0.3236731262374208,BTC,0.5798834429847397,9
minimum_variance,14,2025-04-22,0.04575610317181056,0.7752491784801736,0.392662686854074,BTC,0.589260363676348,9
minimum_variance,14,2025-04-23,0.003075444467181887,0.7776334142768178,0.39087956891038417,BTC,0.5880273378006982,9
minimum_variance,14,2025-04-24,0.02274112573770881,0.7953176735287307,0.341346797177763,BTC,0.5765279332817287,9
minimum_variance,14,2025-04-25,0.02227802403378787,0.8130357797741,0.3412603824702367,BTC,0.5718003702968583,9
minimum_variance,14,2025-04-26,-0.007511956169831802,0.8069282906319319,0.22639450441385867,BTC,0.6579718279706143,9
minimum_variance,14,2025-04-27,-0.015872431508082485,0.7941203766069426,0.21345448969778558,BTC,0.6615836678572233,9
minimum_variance,14,2025-04-28,0.013452661001279509,0.8048034088276442,0.2789708393180852,BTC,0.6610180417725213,9
minimum_variance,14,2025-04-29,0.0003370175212786819,0.805074641677604,0.2533053437465955,BTC,0.6583375614777701,9
minimum_variance,14,2025-04-30,-0.0011172057948626302,0.8041752076226248,0.32829331314100113,BTC,0.6579475498335445,9
minimum_variance,14,2025-05-01,0.012908432051697893,0.8145558486478816,0.25924161353320707,BTC,0.6651399631788968,9
minimum_variance,14,2025-05-02,-0.0007092481058486033,0.8139781264551201,0.26516197270096836,BTC,0.6621686746379541,9
minimum_variance,14,2025-05-03,-0.005790326814249402,0.8092649270832946,0.17788739210090174,BTC,0.6602848240443878,9
minimum_variance,14,2025-05-04,-0.01613294499900353,0.7962091005250371,0.19978773796770372,BTC,0.6622502579904698,9
minimum_variance,14,2025-05-05,-0.012004653242076224,0.7866508863650487,0.29319183547803396,BTC,0.6665906390510855,9
minimum_variance,14,2025-05-06,0.0013021374843713573,0.7876752139712985,0.2957997223465681,BTC,0.6783581651494281,9
minimum_variance,14,2025-05-07,0.002199518091720698,0.7894077198548283,0.2807234991509565,BTC,0.6785978701706813,9
minimum_variance,14,2025-05-08,0.05287536927986114,0.8311479445545256,0.37516932570429623,BTC,0.6770998719471358,9
minimum_variance,14,2025-05-09,0.0011401104761434855,0.8320955450333374,0.311411212727717,BTC,0.6714373621679582,9
minimum_variance,14,2025-05-10,0.014417196703575108,0.8440920301822515,0.22728614289141214,BTC,0.5955028216161601,13
minimum_variance,14,2025-05-11,0.0030827403780988583,0.8466941467665259,0.3209280076846866,BTC,0.5957242639140132,13
minimum_variance,14,2025-05-12,0.0010901501100606392,0.8476171704838111,0.3929685602551783,BTC,0.5927357688787671,13
minimum_variance,14,2025-05-13,0.007157250091268885,0.8536837785546174,0.32015616391595725,BTC,0.5923616232681811,13
minimum_variance,14,2025-05-14,-0.006894289560684719,0.8477982353920024,0.27891681885064673,BTC,0.5962121500472434,13
minimum_variance,14,2025-05-15,-0.013773579406273884,0.8361210190763317,0.41116257102390275,BTC,0.6056999047765627,13
minimum_variance,14,2025-05-16,0.006497927108835233,0.8415540725124547,0.22946077336142562,BTC,0.6036929527485234,13
minimum_variance,14,2025-05-17,-0.00589537624546832,0.8365927946240876,0.20843335729649223,BTC,0.6077206528750734,13
minimum_variance,14,2025-05-18,0.01959662891511038,0.8529871931733911,0.29282283861873876,BTC,0.6121123372532263,13
minimum_variance,14,2025-05-19,-0.015060466292075247,0.8401408083030314,0.33565371730425164,BTC,0.6131603902793709,13
minimum_variance,14,2025-05-20,0.011497365423397632,0.8498002141832,0.3358813110074139,BTC,0.6135103218252853,13
minimum_variance,14,2025-05-21,0.0024482483465804172,0.8518807361524976,0.33061297057602196,BTC,0.6205468391187252,13
minimum_variance,14,2025-05-22,0.02012919753933451,0.869028411770465,0.2718575804372713,BTC,0.617881546252588,13
minimum_variance,14,2025-05-23,-0.03354966899062728,0.8398727962121153,0.393978838931852,BTC,0.6184874472899754,13
minimum_variance,14,2025-05-24,0.004782295777643997,0.8438893163391985,0.2494407504087477,BTC,0.8226406392037539,6
minimum_variance,14,2025-05-25,0.009260210547991088,0.8517039090876998,0.2903337670213631,BTC,0.8248827019137732,6
minimum_variance,14,2025-05-26,-0.00270214374880251,0.8494024826939278,0.24888107081650432,BTC,0.8267647759476591,6
minimum_variance,14,2025-05-27,-0.005950063822957152,0.8443484837105207,0.3025932853742234,BTC,0.8260876753336628,6
minimum_variance,14,2025-05-28,-0.006577846096818218,0.8387944893325912,0.22501923608631383,BTC,0.8264992297419498,6
minimum_variance,14,2025-05-29,-0.0165381621291818,0.8249223700749445,0.21686903224145623,BTC,0.82387760157883,6
minimum_variance,14,2025-05-30,-0.010975722843995062,0.8158682507731904,0.3176144366156405,BTC,0.8320653060023375,6
minimum_variance,14,2025-05-31,0.002627579995243323,0.8180120098676761,0.23191409758136702,BTC,0.8339214124552727,6
minimum_variance,14,2025-06-01,0.004220292129137437,0.8214642595144604,0.24123186958177342,BTC,0.8370920337764639,6
minimum_variance,14,2025-06-02,0.01957203819921216,0.837541989380965,0.4390529517881759,BTC,0.8153293468573424,6
minimum_variance,14,2025-06-03,-0.014923431096434459,0.8250429892120675,0.2740653317068529,BTC,0.8231199160001653,6
minimum_variance,14,2025-06-04,-0.016186105591674216,0.8116887562710104,0.20789162644811174,BTC,0.8250884693094337,6
minimum_variance,14,2025-06-05,-0.03148645293849206,0.7861315564459801,0.3773415328434946,BTC,0.8310803023725207,6
minimum_variance,14,2025-06-06,0.02162919415608533,0.8031349485125757,0.31347055042738414,BTC,0.8339679699761465,6
minimum_variance,14,2025-06-07,0.010338840997211829,0.8114384330445512,0.18322811226100655,BTC,0.7568446767478766,8
minimum_variance,14,2025-06-08,-0.00568627956284995,0.806824367266219,0.16525801381685862,BTC,0.756752839783541,8
minimum_variance,14,2025-06-09,0.030195152702625183,0.8311865522400214,0.2690236061666041,BTC,0.7587827810645582,8
minimum_variance,14,2025-06-10,0.004944701740651203,0.8352965218316885,0.24948079218974328,BTC,0.7557667097848209,8
minimum_variance,14,2025-06-11,-0.007543596433932542,0.8289953819683227,0.19959617599250573,BTC,0.7564561710717158,8
minimum_variance,14,2025-06-12,-0.026891767485390128,0.8067022309099684,0.2767147174495865,BTC,0.7558856024114913,8
minimum_variance,14,2025-06-13,0.005949884644690817,0.8115020161264975,0.422878675268272,BTC,0.7602039728366908,8
minimum_variance,14,2025-06-14,-0.0028367927151725647,0.809199953118802,0.19386085637004297,BTC,0.7581822317116228,8
minimum_variance,14,2025-06-15,-0.005170367162202205,0.805016092253541,0.1706747457215881,BTC,0.7595563006768281,8
minimum_variance,14,2025-06-16,0.0044232609510852505,0.8085768884994013,0.29487216581241055,BTC,0.7597408160184919,8
minimum_variance,14,2025-06-17,-0.008082160224578416,0.8020418405326581,0.276432393054526,BTC,0.7601053712273363,8
minimum_variance,14,2025-06-18,0.0010409258410672972,0.8028767066100857,0.3232279067638385,BTC,0.7590487850912303,8
minimum_variance,14,2025-06-19,0.004731192376887572,0.8066752707639799,0.2197125401768918,BTC,0.7531575456593792,8
minimum_variance,14,2025-06-20,-0.01067198590229923,0.7980664436466534,0.2806920467169937,BTC,0.7561359746266116,8
minimum_variance,14,2025-06-21,-0.012836395089191877,0.7878221474685786,0.2538727310009063,BTC,0.7747148849054275,9
minimum_variance,14,2025-06-22,-0.021425895909303883,0.7709423521418726,0.5302940761050158,BTC,0.780285164130663,9
minimum_variance,14,2025-06-23,0.040032888307169,0.8018054012164343,0.48386751983196913,BTC,0.7783773418640445,9
minimum_variance,14,2025-06-24,-0.001334450266802567,0.8007354317848573,0.2537733229832937,BTC,0.7765220742303967,9
minimum_variance,14,2025-06-25,0.015460719040348181,0.8131153773213348,0.3144137535714192,BTC,0.7740355045279986,9
minimum_variance,14,2025-06-26,-0.014957107406962433,0.8009535232884868,0.23836909517095542,BTC,0.782547560542373,9
minimum_variance,14,2025-06-27,-0.00019686325438250663,0.8007958449712831,0.258052163349841,BTC,0.783469418467076,9
minimum_variance,14,2025-06-28,0.003307921583033391,0.803444814830467,0.11205398616664147,BTC,0.7821085683220358,9
minimum_variance,14,2025-06-29,0.005979819962867339,0.8082492701732524,0.15056251522599165,BTC,0.7819708300186345,9
minimum_variance,14,2025-06-30,-0.015809367691972054,0.7954713602743154,0.19408147258415578,BTC,0.781617808347525,9
minimum_variance,14,2025-07-01,-0.0008294583331970307,0.7948115499257163,0.21799020548211245,BTC,0.7794034438228106,9
minimum_variance,14,2025-07-02,0.08155413610114715,0.859631719243122,0.91188906789169,BTC,0.732429082687132,9
minimum_variance,14,2025-07-03,0.0003418735970361908,0.8599256046311061,0.6164611296053096,BTC,0.7391845765626821,9
minimum_variance,14,2025-07-04,-0.02687509208884853,0.8368150248170864,0.2568163242008725,BTC,0.7540986304203127,9
minimum_variance,14,2025-07-05,0.0014463847037164967,0.8380253812688219,0.11100955360470369,BTC,0.8804771851917351,9
minimum_variance,14,2025-07-06,0.0014845297477701358,0.8392694548767019,0.15428100227037805,BTC,0.8801271211878101,9
minimum_variance,14,2025-07-07,-0.0020359959287284957,0.8375607056834667,0.1796937172314106,BTC,0.8803593462160562,9
minimum_variance,14,2025-07-08,0.0012266219990886285,0.8385880760706302,0.1684434144223347,BTC,0.8804919643332262,9
minimum_variance,14,2025-07-09,0.017199214851938427,0.8530111325632427,0.24367944181500054,BTC,0.8809955984125323,9
minimum_variance,14,2025-07-10,0.03579640087049207,0.8835458610114689,0.30795050221095116,BTC,0.8820992393281984,9
minimum_variance,14,2025-07-11,0.010300696044105884,0.8926469983667759,0.38070948310775204,BTC,0.8823810662802865,9
minimum_variance,14,2025-07-12,0.01946205368352505,0.9100197421694275,0.29405321461117784,BTC,0.8739449573504634,9
minimum_variance,14,2025-07-13,0.009284693575853042,0.9184689966234475,0.1698309880893204,BTC,0.876356433922815,9
minimum_variance,14,2025-07-14,0.013192483489876006,0.9305858836973653,0.3405947451814535,BTC,0.8766196476213569,9
minimum_variance,14,2025-07-15,-0.013683169298270403,0.9178525195041537,0.4479754336485518,BTC,0.8723506092651405,9
minimum_variance,14,2025-07-16,0.002791859506517058,0.920415034786312,0.3162288404034312,BTC,0.8719720174191014,9
minimum_variance,14,2025-07-17,0.008693014380058983,0.928416215919332,0.33609635313195674,BTC,0.8706940260984466,9
minimum_variance,14,2025-07-18,-0.004755713947031781,0.9240009339726339,0.5754848497593913,BTC,0.8682216321993673,9
minimum_variance,14,2025-07-19,0.004598355264532339,0.9282498185317998,0.22674991949344683,BTC,0.6810264484385471,13
minimum_variance,14,2025-07-20,0.0032841747975245195,0.9312983531916287,0.20940171610490424,BTC,0.6724690191908804,13
minimum_variance,14,2025-07-21,0.009883977356488716,0.94050328502671,0.2400449801921084,BTC,0.6664286701123655,13
minimum_variance,14,2025-07-22,0.023746671783676065,0.9628371078477085,0.46070087268966675,BTC,0.6610198832857991,13
minimum_variance,14,2025-07-23,-0.010034186730340733,0.9531758205166634,0.6309265862231533,BTC,0.6655302194389212,13
minimum_variance,14,2025-07-24,-0.01398331277294429,0.9398472648907711,0.4588548820575303,BTC,0.6710103421662527,13
minimum_variance,14,2025-07-25,-0.01715631136743556,0.9237229525764723,0.45712674219267396,BTC,0.6791242524663557,13
minimum_variance,14,2025-07-26,0.008186912703994631,0.9312853917518921,0.14207105534521916,BTC,0.676792506546956,13
minimum_variance,14,2025-07-27,0.011324549696565933,0.9418317794524722,0.1608744150636723,BTC,0.6759868838776492,13
minimum_variance,14,2025-07-28,-0.0029478714638382364,0.9390553804260883,0.24083528050835093,BTC,0.6775559867903186,13
minimum_variance,14,2025-07-29,-0.004936415725227183,0.9344198126792937,0.2958774892248727,BTC,0.6841734503442641,13
minimum_variance,14,2025-07-30,-0.0018893232033524443,0.9326543916455265,0.24298412703573774,BTC,0.6848849121977374,13
minimum_variance,14,2025-07-31,-0.01222927898347037,0.9212487008949346,0.2054483796025055,BTC,0.6848290260595398,13
minimum_variance,14,2025-08-01,-0.02694396572739932,0.8964266074716103,0.4240650340859539,BTC,0.6903244646324911,13
minimum_variance,14,2025-08-02,-0.005402000377359495,0.8915841105997736,0.2131441037275384,BTC,0.921907893009523,7
minimum_variance,14,2025-08-03,0.01878176807052534,0.9083296365804242,0.2109557255808538,BTC,0.9216250655288165,7
minimum_variance,14,2025-08-04,0.004092314315661261,0.9120468069555417,0.21836376562998283,BTC,0.9181322445242461,7
minimum_variance,14,2025-08-05,-0.0027843136441990657,0.9095073825867872,0.2373556928726617,BTC,0.9186976079433649,7
minimum_variance,14,2025-08-06,-0.0006152877266193402,0.9089477738570119,0.22161371456306944,BTC,0.9192517286731363,7
minimum_variance,14,2025-08-07,0.014495666766543458,0.9221235778950346,0.21374855552545652,BTC,0.9167525069897191,7
minimum_variance,14,2025-08-08,-0.010012750043414398,0.9128905850004326,0.181457302412856,BTC,0.9153214870575654,7
minimum_variance,14,2025-08-09,0.0022327555199161964,0.9149288464931719,0.1392082576440252,BTC,0.9140471913545313,7
minimum_variance,14,2025-08-10,0.020108902613497293,0.9333270615655825,0.2505622936028946,BTC,0.916837767920517,7
minimum_variance,14,2025-08-11,0.0003582582403511836,0.9336614336763311,0.30795700251314756,BTC,0.9189424832267165,7
minimum_variance,14,2025-08-12,0.0014784893619941286,0.9350418421737258,0.25241385546629214,BTC,0.9178371668455505,7
minimum_variance,14,2025-08-13,0.02320832545156959,0.9567425975577288,0.267591756280778,BTC,0.9176621941046279,7
minimum_variance,14,2025-08-14,-0.019715579307079567,0.9378798629991181,0.4108862734248238,BTC,0.9164462493759955,7
minimum_variance,14,2025-08-15,-0.002335327405207366,0.9356896064522641,0.24350741955287472,BTC,0.914227022966714,7
minimum_variance,14,2025-08-16,-0.003930658392046427,0.9320117302483119,0.11783001655892425,BTC,0.8969642151840092,8
minimum_variance,14,2025-08-17,-0.00019388064604752842,0.9318310312119275,0.11516053981602095,BTC,0.8977598817090916,8
minimum_variance,14,2025-08-18,-0.01058787342214118,0.9219649222026323,0.2567996025122088,BTC,0.8981581130839446,8
minimum_variance,14,2025-08-19,-0.026001309066436162,0.8979926273120289,0.25867916285692033,BTC,0.8979271664841944,8
minimum_variance,14,2025-08-20,0.01190075405145441,0.9086794167096887,0.29593693028600354,BTC,0.8985271176411049,8
minimum_variance,14,2025-08-21,-0.00988846882637795,0.8996939686243836,0.2088529391637417,BTC,0.8992323058104378,8
minimum_variance,14,2025-08-22,0.021845467041683886,0.9193482035635693,0.4299696056528016,BTC,0.898706895797367,8
minimum_variance,14,2025-08-23,-0.009143902713553476,0.9109417730303039,0.17674067266561583,BTC,0.8989070757815543,8
minimum_variance,14,2025-08-24,-0.013085822808656777,0.8990213503994257,0.2468438230770678,BTC,0.8987702205770144,8
minimum_variance,14,2025-08-25,-0.011042420591868551,0.8890939785272456,0.33271655123824556,BTC,0.8985643366244845,8
minimum_variance,14,2025-08-26,0.006016403652870483,0.894443126787402,0.31043382109329454,BTC,0.8979939666154177,8
minimum_variance,14,2025-08-27,-0.0071301020159646455,0.8880656560459295,0.28034142449351196,BTC,0.8983578103449762,8
minimum_variance,14,2025-08-28,0.00676540137878634,0.8940737766597955,0.2309146103206122,BTC,0.8984337487514603,8
minimum_variance,14,2025-08-29,-0.029225837065675275,0.8679437221384434,0.3160706029423738,BTC,0.8984571288521831,8
minimum_variance,14,2025-08-30,-0.0028370050429217253,0.8654813614217644,0.22812142711114913,BTC,0.8203118493928927,7
minimum_variance,14,2025-08-31,-0.0063173922803516636,0.8600137761503303,0.16517607639601428,BTC,0.8203158408455709,7
minimum_variance,14,2025-09-01,0.004235084411192025,0.863656007087115,0.31588903366294213,BTC,0.826021461418258,7
minimum_variance,14,2025-09-02,0.016827150690200465,0.8781888768628667,0.31618387920863555,BTC,0.8256749015661128,7
minimum_variance,14,2025-09-03,8.443452919815186e-05,0.8782630263272316,0.22641723669519737,BTC,0.8251577556844782,7
minimum_variance,14,2025-09-04,0.00025845931149404144,0.8784900215843268,0.23671726901406603,BTC,0.8279586304419677,7
minimum_variance,14,2025-09-05,-0.00016564530647922293,0.8783445038354625,0.2702390335662222,BTC,0.8253528444680188,7
minimum_variance,14,2025-09-06,-0.004813656474383254,0.874116455127836,0.11768955311942604,BTC,0.8259305203073314,7
minimum_variance,14,2025-09-07,0.00442123248499815,0.8779811271949185,0.12092969469182896,BTC,0.8259821694185967,7
minimum_variance,14,2025-09-08,0.007196334666870641,0.8842993732174094,0.18684090731979106,BTC,0.825645950970192,7
minimum_variance,14,2025-09-09,-0.003323221653213304,0.8813606503924103,0.1883441728163627,BTC,0.8248532258371891,7
minimum_variance,14,2025-09-10,0.01864992243199226,0.8977979581568389,0.19923053619083578,BTC,0.826811328724821,7
minimum_variance,14,2025-09-11,0.009959928945261431,0.9067399620272819,0.2002687725517222,BTC,0.8285376850686178,7
minimum_variance,14,2025-09-12,0.00423643369797011,0.9105813057577103,0.18223435663581694,BTC,0.8274982061435403,7
minimum_variance,14,2025-09-13,0.0009300857274117114,0.9114282244338434,0.12552885583916107,BTC,0.6649288020768325,9
minimum_variance,14,2025-09-14,-0.0015931564020610356,0.9099761767230675,0.1466355835850546,BTC,0.664579886929645,9
minimum_variance,14,2025-09-15,-0.00820681067365836,0.9025081745231618,0.20921896041751667,BTC,0.6715968748045119,9
minimum_variance,14,2025-09-16,0.008150752449191723,0.9098642952370719,0.16282548657813228,BTC,0.6731139990943749,9
minimum_variance,14,2025-09-17,-0.0015796002972697787,0.9084270733258403,0.2212263655310471,BTC,0.6705317579867032,9
minimum_variance,14,2025-09-18,0.00615866281624422,0.9140217693636017,0.16687343509841474,BTC,0.6708119557971552,9
minimum_variance,14,2025-09-19,-0.006653275744562981,0.9079405304954923,0.14395629743465008,BTC,0.6739375615666137,9
minimum_variance,14,2025-09-20,0.0014325690735907948,0.9092412180201398,0.07631900375076581,BTC,0.6730523350857551,9
minimum_variance,14,2025-09-21,-0.0062511646522671604,0.9035574014576679,0.10427966661105471,BTC,0.6743794265365836,9
minimum_variance,14,2025-09-22,-0.01979286949203507,0.8856734077320539,0.27084362620632413,BTC,0.6847757877903679,9
minimum_variance,14,2025-09-23,-0.004907311332987385,0.8813271325809648,0.249292578964934,BTC,0.6834771652375685,9
minimum_variance,14,2025-09-24,0.004868874870537221,0.8856182041095109,0.18826063234910528,BTC,0.6848994300988119,9
minimum_variance,14,2025-09-25,-0.01413194697356901,0.8731026946102078,0.38634211664316387,BTC,0.6835274266391511,9
minimum_variance,14,2025-09-26,-0.002640092854406917,0.870797622425004,0.2445408463917984,BTC,0.6852457767025646,9
minimum_variance,14,2025-09-27,-0.0013708740298865596,0.8696038685791346,0.12288871191965042,BTC,0.7932490047209465,8
minimum_variance,14,2025-09-28,0.014713713895567748,0.882398971103887,0.14753406952172662,BTC,0.7960159067551051,8
minimum_variance,14,2025-09-29,0.00812081936598763,0.889564773756955,0.23981700610028284,BTC,0.800585334188042,8
minimum_variance,14,2025-09-30,-0.00211843525998201,0.8876802883741903,0.26180628088974284,BTC,0.8013940912402883,8
minimum_variance,14,2025-10-01,0.033798426583464325,0.9176824854303938,0.24545150519837047,BTC,0.8021970967053791,8
minimum_variance,14,2025-10-02,0.013086123639476588,0.9296913918965182,0.2448974757311799,BTC,0.8024367063037883,8
minimum_variance,14,2025-10-03,0.01438100687970012,0.9430612901993799,0.3239004501202768,BTC,0.8037123503132113,8
minimum_variance,14,2025-10-04,0.00501475683426178,0.9477905132495349,0.1564130090882979,BTC,0.806625626766774,8
minimum_variance,14,2025-10-05,0.00942279496853704,0.9567213489290098,0.3252592684388127,BTC,0.8084208036866042,8
minimum_variance,14,2025-10-06,0.004621319821796588,0.9611426642627515,0.21540156443335515,BTC,0.8077520776346159,8
minimum_variance,14,2025-10-07,-0.014934772842662425,0.946788216902596,0.29351272936542333,BTC,0.8104374112316277,8
minimum_variance,14,2025-10-08,0.012591163325755383,0.9587093819765173,0.21856860406134035,BTC,0.8113561822770615,8
minimum_variance,14,2025-10-09,0.0017222592704537742,0.9603605280972973,0.24682572273870748,BTC,0.8091878474169231,8
minimum_variance,14,2025-10-10,-0.04795994488306787,0.914301690101877,0.7086376769194231,BTC,0.8216489057992669,8
minimum_variance,14,2025-10-11,-0.011674578425480586,0.9036276033162332,0.6531527697906755,BTC,0.6551390641155458,4
minimum_variance,14,2025-10-12,0.027412140155175235,0.9283979698264228,0.44731407331451684,BTC,0.6505217685926773,4
minimum_variance,14,2025-10-13,-0.0005975373572633114,0.927843217357044,0.34564022386238585,BTC,0.6429198505832426,4
minimum_variance,14,2025-10-14,-0.007702253601964859,0.9206967335940971,0.5091233252925146,BTC,0.641853573013158,4
minimum_variance,14,2025-10-15,-0.012269592452753386,0.9094001599003163,0.342924700374397,BTC,0.6442869750039342,4
minimum_variance,14,2025-10-16,-0.022385904068515927,0.8890424151608948,0.36371380243815943,BTC,0.6459875631037537,4
minimum_variance,14,2025-10-17,-0.012231348829150446,0.8781682272571515,0.6595776135982139,BTC,0.6474151846677658,4
minimum_variance,14,2025-10-18,-0.0015390612059380526,0.8768166726062926,0.27167152510182,BTC,0.6484923813820386,4
minimum_variance,14,2025-10-19,0.006085213692859748,0.8821522894285642,0.29382742686887636,BTC,0.6493553055264718,4
minimum_variance,14,2025-10-20,0.004355382997652146,0.8859944005112813,0.33159357710652876,BTC,0.6508019570277539,4
minimum_variance,14,2025-10-21,-0.017401166267658308,0.8705770646357702,0.4650322552226124,BTC,0.6509133617227983,4
minimum_variance,14,2025-10-22,-0.0055025459074206085,0.8657866743716645,0.3095204307608045,BTC,0.654274083263415,4
minimum_variance,14,2025-10-23,0.013899846357820822,0.8778209761240793,0.27563269392434225,BTC,0.6558364955103637,4
minimum_variance,14,2025-10-24,-0.00019301876540966934,0.877651540203017,0.2543067181179441,BTC,0.6563352257063008,4
minimum_variance,14,2025-10-25,0.0012027508221337246,0.8787071363145431,0.12727234715971658,BTC,0.7068825699524564,6
minimum_variance,14,2025-10-26,0.018264932072848294,0.8947566624712553,0.22520616898868487,BTC,0.7077631841672402,6
minimum_variance,14,2025-10-27,-0.0054535659857711805,0.8898770479712599,0.22845425399918817,BTC,0.7087947355153158,6
minimum_variance,14,2025-10-28,-0.005311079823696718,0.8851508399362089,0.2664702415311331,BTC,0.7092041474769383,6
minimum_variance,14,2025-10-29,-0.017083712984628185,0.8700291770386361,0.30394138560683437,BTC,0.7055032328491474,6
minimum_variance,14,2025-10-30,-0.010353414811958062,0.8610214040702486,0.4169214788629056,BTC,0.7124156019464178,6
minimum_variance,14,2025-10-31,0.003201795727765022,0.863778218723315,0.30333539383129227,BTC,0.7104531526384228,6
minimum_variance,14,2025-11-01,-0.0014021594814145333,0.8625670639040927,0.1341230596777791,BTC,0.7100133583665296,6
minimum_variance,14,2025-11-02,-0.0032260366699798926,0.8597843909256212,0.14904732171153212,BTC,0.7123503914741938,6
minimum_variance,14,2025-11-03,-0.050928908155365105,0.8159965106467537,0.5218312384439466,BTC,0.7254469217853996,6
minimum_variance,14,2025-11-04,-0.034464001883491524,0.7878740053669014,0.7356708955685766,BTC,0.7259071403835661,6
minimum_variance,14,2025-11-05,0.015504978838392525,0.8000899751474349,0.6619351280541116,BTC,0.7281354512995646,6
minimum_variance,14,2025-11-06,-0.008070009583942661,0.7936332413799786,0.5735392467442174,BTC,0.7124377829291956,6
minimum_variance,14,2025-11-07,0.03204413276303786,0.8190645303319186,0.4892195294656935,BTC,0.7019982169398594,6
minimum_variance,14,2025-11-08,-0.009614061122914408,0.8111899938736964,0.28891560461626237,BTC,0.8281138920043498,6
minimum_variance,14,2025-11-09,0.01705545796536656,0.8250252107161351,0.34927979475195836,BTC,0.8292043329062593,6
minimum_variance,14,2025-11-10,0.008379881438041803,0.8319388241653317,0.3159816500072671,BTC,0.8309097555074362,6
minimum_variance,14,2025-11-11,-0.0070091417841661174,0.8261076469910045,0.38295704336332825,BTC,0.8234801659657124,6
minimum_variance,14,2025-11-12,-0.0032541311843838905,0.8234193843352731,0.31353366561612694,BTC,0.8198632618896171,6
minimum_variance,14,2025-11-13,-0.021633825522009098,0.8056056730431236,0.41306591422914585,BTC,0.8267261553836105,6
minimum_variance,14,2025-11-14,-0.04639170498352718,0.7682322523262511,0.5664615516889348,BTC,0.8248991816064697,6
minimum_variance,14,2025-11-15,0.00280160112065464,0.7703845326652914,0.27329228100383063,BTC,0.8246524437588554,6
minimum_variance,14,2025-11-16,-0.030467604099757684,0.7469127617194684,0.36899770834545015,BTC,0.8273374738919341,6
minimum_variance,14,2025-11-17,-0.016046964038622824,0.7349270794921676,0.506645010322898,BTC,0.8255805549943931,6
minimum_variance,14,2025-11-18,-0.00010171183756013669,0.7348523287084398,0.5659771197021158,BTC,0.8253589107312692,6
minimum_variance,14,2025-11-19,-0.00888267551443267,0.7283248739214975,0.4880894199953966,BTC,0.8258571411270346,6
minimum_variance,14,2025-11-20,-0.042049777874627825,0.6976989747525322,0.5273315133141835,BTC,0.8213852386637861,6
minimum_variance,14,2025-11-21,-0.018920526042659147,0.6844981431307903,0.8271441761953702,BTC,0.8238443782152595,6
minimum_variance,14,2025-11-22,0.001302307839795347,0.6853895704289149,0.504364549687439,BTC,0.6007097858054367,7
minimum_variance,14,2025-11-23,0.030631750066858254,0.7063842524487247,0.5610833676295741,BTC,0.6038900995264064,7
minimum_variance,14,2025-11-24,0.005860648338462671,0.7105241221441545,0.5043407203129173,BTC,0.6030110889663329,7
minimum_variance,14,2025-11-25,0.004705381329953795,0.7138674090829734,0.4138351940068627,BTC,0.5920381495620687,7
minimum_variance,14,2025-11-26,0.020164983185479768,0.7282625333837937,0.4518529598936005,BTC,0.6013862513774738,7
minimum_variance,14,2025-11-27,0.015615933924695957,0.7396350329849466,0.3717595843761463,BTC,0.5988939331543098,7
minimum_variance,14,2025-11-28,-0.005334821289388225,0.7356892122646012,0.3186828870447071,BTC,0.5990645223276855,7
minimum_variance,14,2025-11-29,0.019571657397671194,0.7500878694782065,0.32165222595343906,BTC,0.5862716285729888,7
minimum_variance,14,2025-11-30,-0.02293081926608298,0.7328877401095205,0.30188873154043905,BTC,0.5991616455474691,7
minimum_variance,14,2025-12-01,-0.05729633087022323,0.6908959616614753,0.6419867581554082,BTC,0.6045759538843405,7
minimum_variance,14,2025-12-02,0.04520024696242153,0.7221246297539137,0.4347997965634452,BTC,0.6087189183891428,7
minimum_variance,14,2025-12-03,0.016215149260430994,0.7338339884100069,0.4083860864421472,BTC,0.6120004196567745,7
minimum_variance,14,2025-12-04,-0.01315157784348775,0.7241829135872356,0.3167020525095361,BTC,0.6135971900054518,7
minimum_variance,14,2025-12-05,-0.022635187600698048,0.7077908974809685,0.3924295209896834,BTC,0.6107945208615626,7
minimum_variance,14,2025-12-06,0.002647447118185209,0.7096647364527822,0.40219834358453455,BTC,0.3738913598058352,12
minimum_variance,14,2025-12-07,-0.0003336440726333656,0.7094279610199078,0.391200498440974,BTC,0.3781676528564192,12
minimum_variance,14,2025-12-08,-0.0008962315888072503,0.7087921492712587,0.27925686215641515,BTC,0.3782575129134852,12
minimum_variance,14,2025-12-09,0.010032164368931618,0.7159028686161563,0.30255988832356107,BTC,0.3803731847861616,12
minimum_variance,14,2025-12-10,-0.0056899093485439645,0.7118294461913678,0.2903571404342951,BTC,0.3813836588362897,12
minimum_variance,14,2025-12-11,-0.009392836051634657,0.7051433489065664,0.4569362430830563,BTC,0.38739666138025636,12
minimum_variance,14,2025-12-12,-0.013604657096471184,0.6955501154408352,0.3274527545161244,BTC,0.38494491626796135,12
minimum_variance,14,2025-12-13,0.015624214765792788,0.7064175398248548,0.5628077776654155,BTC,0.3788065077230671,12
minimum_variance,14,2025-12-14,-0.026046545913189556,0.6880178029399243,0.2819629832338081,BTC,0.38049970466815874,12
minimum_variance,14,2025-12-15,-0.04014761689102808,0.6603955277732854,0.4258873844840265,BTC,0.3882351129445461,12
minimum_variance,14,2025-12-16,0.0036489638510284195,0.6628052871815109,0.39991964554431536,BTC,0.3910843602559722,12
minimum_variance,14,2025-12-17,-0.006739847588714154,0.6583380805649136,0.8150711786679886,BTC,0.38817842453609985,12
minimum_variance,14,2025-12-18,-0.023328069145428842,0.6429803243004264,0.4648300508724129,BTC,0.39298391676482275,12
minimum_variance,14,2025-12-19,0.03163824763768752,0.6633230950268039,0.521541320587559,BTC,0.3929976017217066,12
minimum_variance,14,2025-12-20,0.0049319809825409955,0.6665945919167563,0.17291199491260692,BTC,0.5212862639818485,12
minimum_variance,14,2025-12-21,-0.006114524749774697,0.6625186827864153,0.29704605167962944,BTC,0.5261391823040236,12
minimum_variance,14,2025-12-22,0.004107693283774916,0.6652401063300726,0.31609439777835335,BTC,0.5242487529836175,12
minimum_variance,14,2025-12-23,-0.005609991026943484,0.661508115302798,0.31064443898889926,BTC,0.5205848149702719,12
minimum_variance,14,2025-12-24,-0.009540212903680012,0.6551971870452972,0.23026359882001496,BTC,0.5207110666367684,12
minimum_variance,14,2025-12-25,-0.008300616887956691,0.6497586462095672,0.19389641223449236,BTC,0.522212847364007,12
minimum_variance,14,2025-12-26,-0.00044701610963837624,0.6494681936273348,0.33306156345712895,BTC,0.5209706898648617,12
minimum_variance,14,2025-12-27,0.008188367855231915,0.6547862781070284,0.1528421925706386,BTC,0.5176104075947924,12
minimum_variance,14,2025-12-28,-0.002384845230381183,0.6532247141747658,0.14390599343743188,BTC,0.517089548673361,12
minimum_variance,14,2025-12-29,-0.005920882678277173,0.6493570472795859,0.3197310954806253,BTC,0.5169898115713918,12
minimum_variance,14,2025-12-30,0.01218785354270091,0.6572713158687502,0.29958999379082923,BTC,0.5161916867038179,12
minimum_variance,14,2025-12-31,-0.011534092390846573,0.6496902877856667,0.2194582905101445,BTC,0.5203008663492843,12
minimum_variance,14,2026-01-01,0.013134274949521574,0.6582234986574774,0.24751372011802214,BTC,0.5166683865829638,12
minimum_variance,14,2026-01-02,0.015021196829934302,0.6681108033888994,0.3195926184866679,BTC,0.5143533114773522,12
minimum_variance,14,2026-01-03,0.005203719052569777,0.6715874643057219,0.17143205103661566,BTC,0.5368709391567589,14
minimum_variance,14,2026-01-04,0.009867905908821806,0.678214626213035,0.19103498124001808,BTC,0.5373313247650813,14
minimum_variance,14,2026-01-05,0.02466339748181956,0.6949417031173107,0.239953771700319,BTC,0.5390112268916253,14
minimum_variance,14,2026-01-06,0.005658542519762166,0.698874060293156,0.3350708109821824,BTC,0.5358170011683943,14
minimum_variance,14,2026-01-07,-0.0017076972611140828,0.6976805949745297,0.49432040727852494,BTC,0.5242040925230863,14
minimum_variance,14,2026-01-08,-0.0011177136513390584,0.6969007878492524,0.42905731087027016,BTC,0.5257379337621857,14
minimum_variance,14,2026-01-09,0.00013081134917847237,0.6969919503815545,0.3575102535432181,BTC,0.5270504331035928,14
minimum_variance,14,2026-01-10,0.0029263644509593956,0.6990316028477559,0.22883714151223683,BTC,0.5254378276838664,14
minimum_variance,14,2026-01-11,-0.009341459713789857,0.6925016272910877,0.1764161570785013,BTC,0.5314212297802176,14
minimum_variance,14,2026-01-12,0.0006776965041703775,0.6929709332230352,0.30646502612385335,BTC,0.5342804863148412,14
minimum_variance,14,2026-01-13,0.03429059454941763,0.7167333185287178,0.3061016677690608,BTC,0.537271839205827,14
minimum_variance,14,2026-01-14,0.007539965099222945,0.7221374627358745,0.2673576941637196,BTC,0.5409987428872065,14
minimum_variance,14,2026-01-15,-0.016556259411651286,0.7101815675719477,0.28663456603910425,BTC,0.5457452576287664,14
minimum_variance,14,2026-01-16,0.0029516144609611494,0.7122777497567012,0.2185294499722808,BTC,0.5445098987338017,14
minimum_variance,14,2026-01-17,-0.0033116636223380347,0.7099189254438312,0.15196284539489913,BTC,0.608590543966752,11
minimum_variance,14,2026-01-18,-0.01611372412401313,0.6984794877288134,0.21116132628248302,BTC,0.6102105853571708,11
minimum_variance,14,2026-01-19,-0.01712174225780927,0.686520301967554,0.28242103391115725,BTC,0.6138752388277172,11
minimum_variance,14,2026-01-20,-0.031450524355074894,0.66492887849027,0.35574685129764183,BTC,0.6097558577456185,11
minimum_variance,14,2026-01-21,0.0061575806618523465,0.6690232316939689,0.43048139550834036,BTC,0.6090348471601431,11
minimum_variance,14,2026-01-22,6.801450061444392e-05,0.669068734974972,0.2691688690681963,BTC,0.6107996833646703,11
minimum_variance,14,2026-01-23,-0.0018958150211788594,0.6678003044170053,0.2790690048373743,BTC,0.607746451656179,11
minimum_variance,14,2026-01-24,-3.2758625390094664e-05,0.6677784281969975,0.14471852880243155,BTC,0.6064171098859654,11
minimum_variance,14,2026-01-25,-0.02170069147080056,0.6532871745558383,0.3067130557228884,BTC,0.6047683097198313,11
minimum_variance,14,2026-01-26,0.004945046309617229,0.6565177098874959,0.2916295856997547,BTC,0.6067901807207089,11
minimum_variance,14,2026-01-27,0.0011532477758726678,0.6572748374762447,0.2812639130264378,BTC,0.606722810686069,11
minimum_variance,14,2026-01-28,-0.008365375742846681,0.6517764864944374,0.2428385043390931,BTC,0.6090008487397468,11
minimum_variance,14,2026-01-29,-0.038354929181057984,0.6267776455130645,0.4400471965894215,BTC,0.6095594390672733,11
minimum_variance,14,2026-01-30,-0.005737860317384436,0.6231812829330514,0.5158146604661699,BTC,0.617380075099193,11
minimum_variance,14,2026-01-31,-0.011817865453592757,0.6158166103781513,1.0514533144819156,BTC,0.5552163807952795,8
minimum_variance,14,2026-02-01,-0.04686313365571748,0.5869575142585891,1.092267471162789,BTC,0.5619907561999617,8
minimum_variance,14,2026-02-02,0.02002862783769066,0.5987134678682104,0.7110111276430335,BTC,0.567760673181657,8
minimum_variance,14,2026-02-03,-0.03446280826784942,0.5780801204176891,0.5997305595905718,BTC,0.5627409673120595,8
minimum_variance,14,2026-02-04,-0.023881685229732996,0.5642745929443077,0.6300970767320494,BTC,0.5561386871831311,8
minimum_variance,14,2026-02-05,-0.13800769263920476,0.4864003583571373,1.1944913735829619,BTC,0.5564610098712466,8
minimum_variance,14,2026-02-06,0.12176838061513418,0.5456285423249069,1.410102388882454,BTC,0.5573488101806608,8
minimum_variance,14,2026-02-07,-0.011204584165731557,0.539515001399202,0.7879376612683293,BTC,0.5522413538323007,8
minimum_variance,14,2026-02-08,0.015510581237059062,0.5478831926570165,0.5404950882876909,BTC,0.5550180652797201,8
minimum_variance,14,2026-02-09,-0.010556613416440208,0.5420994015947713,0.5061494144505719,BTC,0.5554484289962297,8
minimum_variance,14,2026-02-10,-0.01684839453285014,0.5329658970006806,0.45044343454237246,BTC,0.5571182557371824,8
minimum_variance,14,2026-02-11,-0.018250492318645506,0.5232390069913697,0.6048019667116469,BTC,0.5509296190541132,8
minimum_variance,14,2026-02-12,-0.0014936842635371317,0.5224574531205579,0.43791166601108567,BTC,0.5407756667240329,8
minimum_variance,14,2026-02-13,0.04082993309945615,0.5437893559787825,0.4598890143709689,BTC,0.538833929535526,8
minimum_variance,14,2026-02-14,0.0333553166476348,0.5619276221370683,0.6707721432672361,BTC,0.4094921086450438,14
minimum_variance,14,2026-02-15,-0.015603411706725634,0.5531596340994822,0.5684238860597621,BTC,0.4125851008261916,14
minimum_variance,14,2026-02-16,0.0035040655914628793,0.5550979417399164,0.3759887279890656,BTC,0.41077358765068694,14
minimum_variance,14,2026-02-17,-0.025781428282918517,0.5407867239649531,0.33636408913136706,BTC,0.41377879248632937,14
minimum_variance,14,2026-02-18,-0.011112544683965053,0.5347772073303975,0.38633826716007824,BTC,0.4126295845386658,14
minimum_variance,14,2026-02-19,-0.026896119682461528,0.5203937755585866,0.437804932852942,BTC,0.42455472232852337,14
minimum_variance,14,2026-02-20,0.006223775627854922,0.5236325896557955,0.3763455730685505,BTC,0.4277528890799063,14
minimum_variance,14,2026-02-21,-0.0024926856119604768,0.5223273382336069,0.1746376610888021,BTC,0.4283077606086895,14
minimum_variance,14,2026-02-22,-0.014032144009266445,0.5149979658035361,0.272089099991799,BTC,0.4324135053521779,14
minimum_variance,14,2026-02-23,-0.04147200164515508,0.4936399693184803,0.4994534918986208,BTC,0.43241615200979916,14
minimum_variance,14,2026-02-24,-0.014255900345608197,0.48660268710926696,0.3961229582878373,BTC,0.43150576457140466,14
minimum_variance,14,2026-02-25,0.034557341139577646,0.5034183821671371,0.46459259506726985,BTC,0.4345284182641537,14
minimum_variance,14,2026-02-26,0.003018038267571077,0.5049377181091163,0.48031609829896704,BTC,0.4319536040162671,14
minimum_variance,14,2026-02-27,-0.007542662567701197,0.5011291432837142,0.3264958721979154,BTC,0.4294320428751661,14
minimum_variance,14,2026-02-28,0.007355521294299727,0.5048152093683317,0.5657324078548805,BTC,0.43001660831789673,15
minimum_variance,14,2026-03-01,-0.012933053243579407,0.4982864073874024,0.47615263027432025,BTC,0.4282405410950259,15
minimum_variance,14,2026-03-02,0.033551851295639645,0.515004838830703,0.4705313645574259,BTC,0.43464452532072834,15
minimum_variance,14,2026-03-03,-0.0007362980826287613,0.5146256417553274,0.4702385689294607,BTC,0.43298753901983517,15
minimum_variance,14,2026-03-04,0.02620212796988919,0.5281099286771869,0.5075380519658057,BTC,0.4435429180167519,15
minimum_variance,14,2026-03-05,-0.001963442829121864,0.5270730150247376,0.4247566279157813,BTC,0.4378524576675488,15
minimum_variance,14,2026-03-06,-0.020900958098791222,0.516056684022702,0.35176206024704415,BTC,0.43402553773446945,15
minimum_variance,14,2026-03-07,-0.008087216334048186,0.5118832219783789,0.249205473920891,BTC,0.43137933094094344,15
minimum_variance,14,2026-03-08,-0.020754976455097385,0.5012590977584582,0.30681443065010733,BTC,0.43367895212250884,15
minimum_variance,14,2026-03-09,0.01768911244827942,0.5101259263044307,0.3357700821184378,BTC,0.4375036679544362,15
minimum_variance,14,2026-03-10,0.018738851931025646,0.5196851005036267,0.3693244814991087,BTC,0.4376301625927268,15
minimum_variance,14,2026-03-11,0.0010583282794558446,0.5202350979419016,0.2962016750860739,BTC,0.4391148849505926,15
minimum_variance,14,2026-03-12,0.007356460203944648,0.5240621867366064,0.23555175445702767,BTC,0.4375021595986684,15
minimum_variance,14,2026-03-13,0.009761202858888263,0.529177664052015,0.3494230301062174,BTC,0.43824382597156825,15
minimum_variance,14,2026-03-14,0.022049621332861813,0.5408458311621703,0.3680348202839622,MNT,0.22478476069750356,16
minimum_variance,14,2026-03-15,0.013684173986059589,0.5482468596154285,0.4115228317559243,MNT,0.2240207719287668,16
minimum_variance,14,2026-03-16,0.03356160690525023,0.5666469052048795,0.35277959923536195,MNT,0.23194063050536926,16
minimum_variance,14,2026-03-17,0.0003626175122475317,0.5668523812959676,0.44064095236293066,MNT,0.2261836640086943,16
minimum_variance,14,2026-03-18,-0.03593873587206475,0.5464804232861209,0.46165918585316723,MNT,0.21829107084210736,16
minimum_variance,14,2026-03-19,-0.015159191582058584,0.5381962218536821,0.31563398193902403,MNT,0.21471247883485287,16
minimum_variance,14,2026-03-20,0.008164417021957915,0.5425902802485377,0.21964657481852348,MNT,0.21450310687124208,16
minimum_variance,14,2026-03-21,-0.010803013687789464,0.5367286700241513,0.2291029787693887,MNT,0.2141399543745531,16
minimum_variance,14,2026-03-22,-0.020511800616151987,0.5257193985596434,0.22764100374811375,MNT,0.2111263866628123,16
minimum_variance,14,2026-03-23,0.005554456998204227,0.5286394843520648,0.4582130819786902,MNT,0.20544700934265864,16
minimum_variance,14,2026-03-24,0.009009073189093053,0.5334020361572369,0.2430957368279023,MNT,0.20789104184548837,16
minimum_variance,14,2026-03-25,0.009919120940037107,0.5386929154635426,0.23700375478909097,MNT,0.2133591320977098,16
minimum_variance,14,2026-03-26,-0.029342373882176753,0.5228863865303315,0.297481710611591,MNT,0.20830260622188485,16
minimum_variance,14,2026-03-27,-0.009723107743450532,0.5178023058565135,0.3027603596401555,MNT,0.20574022156993876,16
minimum_variance,14,2026-03-28,-0.0015021412966060854,0.5170244936294086,0.26336161045014495,BTC,0.1632067363710201,17
minimum_variance,14,2026-03-29,-0.008961107105130761,0.5123913817660195,0.3026067525449531,BTC,0.16406874204084682,17
minimum_variance,14,2026-03-30,0.010909851212651533,0.5179814955037317,0.2508377868008219,BTC,0.163854615956012,17
equal_weight,14,2025-03-01,0.00826845591958758,1.0082684559195876,0.5509273815658186,CBK,0.023939984329340008,50
equal_weight,14,2025-03-02,0.12483876985146414,1.1341394496366242,1.070201819662147,ADA,0.03421284662116755,50
equal_weight,14,2025-03-03,-0.15637685567493576,0.9567862886055467,1.0701891115662239,ADA,0.02872807788257789,50
equal_weight,14,2025-03-04,-0.01680060528752514,0.9407116998261688,1.4228144004979495,ADA,0.03185664050318531,50
equal_weight,14,2025-03-05,0.026099967453228734,0.9652642445745032,0.7132296751570049,ADA,0.03219865863512191,50
equal_weight,14,2025-03-06,-0.018716882884531105,0.9471975067561769,0.7438247547373948,ADA,0.030464200726290438,50
equal_weight,14,2025-03-07,-0.020137116608882843,0.9281236801109847,1.1199264663223751,ADA,0.028001984401180714,50
equal_weight,14,2025-03-08,-0.01026138813223998,0.9185998427946429,0.530198124670412,ADA,0.027919729166841288,50
equal_weight,14,2025-03-09,-0.08058261586388527,0.8445766645300968,0.7628302317276366,AUCTION,0.028372028197710817,50
equal_weight,14,2025-03-10,-0.04019577627386128,0.810628249876521,1.2806497878324326,AUCTION,0.03458755238679915,50
equal_weight,14,2025-03-11,0.04651206148009601,0.8483322408722804,1.141912826951049,AUCTION,0.04256933714948536,50
equal_weight,14,2025-03-12,0.01767957420373545,0.8633303936742031,0.8129367415721994,AUCTION,0.040663322651639494,50
equal_weight,14,2025-03-13,-0.016931517547458697,0.8487128999644539,0.6300050064730252,AUCTION,0.0420844870630802,50
equal_weight,14,2025-03-14,0.030077830633983504,0.8742403428264618,0.4264379543294822,AUCTION,0.043708535094984895,50
equal_weight,14,2025-03-15,0.017625025072421696,0.8896488507881006,0.3159466465834521,DRIFT,0.02213474680999602,50
equal_weight,14,2025-03-16,-0.029123796581353334,0.8637388986289132,0.550630405687665,AUCTION,0.0253438410922587,50
equal_weight,14,2025-03-17,0.03531366824708804,0.8942406875471998,0.5301949502536689,DRIFT,0.025183480284672217,50
equal_weight,14,2025-03-18,-0.013498443730324827,0.882169829944977,0.47805764971753667,AUCTION,0.02667919805758731,50
equal_weight,14,2025-03-19,0.03247918421834206,0.9108219863636233,0.5655657333727359,AUCTION,0.027702872180142377,50
equal_weight,14,2025-03-20,-0.010982139158173365,0.9008192125610541,0.4012518015184463,AUCTION,0.031710797392492114,50
equal_weight,14,2025-03-21,0.00424731353024832,0.9046452741908723,0.43213511981115094,AUCTION,0.03640387186867417,50
equal_weight,14,2025-03-22,-0.0032591647058043405,0.9016968862419567,0.3317558899570379,VANA,0.02579888043644429,50
equal_weight,14,2025-03-23,-0.006586939926306878,0.8957574630205429,0.33870850483983983,VANA,0.025657052011956737,50
equal_weight,14,2025-03-24,0.03386357383991845,0.9260910120121971,0.41828906200612037,VANA,0.025142593352716472,50
equal_weight,14,2025-03-25,0.019493630797212447,0.9441438882849797,0.4301865654169007,VANA,0.024524834214984942,50
equal_weight,14,2025-03-26,0.0006499375081985281,0.9447575228111126,0.45577243951875,MEW,0.027615267230370857,50
equal_weight,14,2025-03-27,0.011683755945206098,0.9557958391350351,0.48101086246043007,CARV,0.027510381047000345,50
equal_weight,14,2025-03-28,-0.05838886740442728,0.8999880026180762,0.5832683164259457,CARV,0.029654838242064937,50
equal_weight,14,2025-03-29,-0.04517786129022372,0.8593284694729313,0.5692557515943837,MEW,0.02425812385356735,50
equal_weight,14,2025-03-30,-0.0064836409241118,0.8537568922410023,0.5847420969975017,MEW,0.023985914806679765,50
equal_weight,14,2025-03-31,-0.017847142948233974,0.8385197709421371,0.7583236148091848,MEW,0.02338854480582087,50
equal_weight,14,2025-04-01,0.011728974477641652,0.8483547479345155,0.5863762540443805,MEW,0.026168774591034717,50
equal_weight,14,2025-04-02,-0.06481592794106761,0.7933678477239293,1.135713049375674,MEW,0.030451138853170485,50
equal_weight,14,2025-04-03,-0.0004633166014326173,0.7930002672290359,0.7053208122640979,MEW,0.02916745131021141,50
equal_weight,14,2025-04-04,-0.0028783638980725,0.790717723888682,0.8129636357261505,MEW,0.02750518202895429,50
equal_weight,14,2025-04-05,0.0015689578060371634,0.7919583266339492,0.3134812277849648,BIGTIME,0.028952345502959175,50
equal_weight,14,2025-04-06,-0.07256977344552185,0.7344860902918289,0.7156972021719291,AERGO,0.03664362057218169,50
equal_weight,14,2025-04-07,0.015802783533183096,0.7460930149848446,1.5242613685458792,AERGO,0.04065263688676881,50
equal_weight,14,2025-04-08,-0.012499477653517665,0.7367672420165959,0.9305333472776284,AERGO,0.05300244002448283,50
equal_weight,14,2025-04-09,0.09908511633595718,0.8097699099043327,0.9495983737382534,AERGO,0.052737493267348154,50
equal_weight,14,2025-04-10,0.01981092625855352,0.825812201875843,0.7449264002347388,AERGO,0.07814677745478546,50
equal_weight,14,2025-04-11,0.021189308379298,0.8433105912847774,0.5839650923673277,AERGO,0.07744384588251628,50
equal_weight,14,2025-04-12,0.040478567061941195,0.8774465956081435,0.41888594453559724,ARK,0.026750929044324637,50
equal_weight,14,2025-04-13,-0.040701683995366,0.8417330415508911,0.6623293505218255,AERGO,0.02592440823429934,50
equal_weight,14,2025-04-14,0.013871507844227304,0.8534091480395096,0.6376338845879718,AERGO,0.03084114280480026,50
equal_weight,14,2025-04-15,0.024617058358504584,0.87441757084048,0.5654817602425483,AERGO,0.036664594230551774,50
equal_weight,14,2025-04-16,-0.023087672685624838,0.8542293041743558,0.8790051604312891,STRAX,0.038471245820396384,50
equal_weight,14,2025-04-17,0.015848918734959305,0.867767914997236,0.5353501542174038,ARDR,0.038030073424749414,50
equal_weight,14,2025-04-18,0.008465518091782753,0.8751140199811137,0.36106636643561,ARDR,0.03434989654554203,50
equal_weight,14,2025-04-19,0.0042613261932533675,0.8788431662765425,0.28904446342721435,ARDR,0.030346958083883574,50
equal_weight,14,2025-04-20,-0.008693958382222533,0.8712025403644336,0.3894345676090156,STRAX,0.03027519181250865,50
equal_weight,14,2025-04-21,-0.006913198924711539,0.8651797438991802,0.4167431553013952,STRAX,0.028095922506499726,50
equal_weight,14,2025-04-22,0.05141629802382286,0.9096640834556752,0.5513611591969108,ARK,0.025554094857771104,50
equal_weight,14,2025-04-23,0.016875068752007172,0.9250147274052213,0.6882949360552961,VIRTUAL,0.024742680451992505,50
equal_weight,14,2025-04-24,0.03300751797602541,0.9555471676481374,0.5701057497235593,ARDR,0.031806295105225875,50
equal_weight,14,2025-04-25,0.038041588883473754,0.9918977001585756,0.5738345573611412,ARDR,0.03551570874445584,50
equal_weight,14,2025-04-26,0.002673542964295672,0.9945495812761357,0.4577149199772897,VIRTUAL,0.02351230712392464,50
equal_weight,14,2025-04-27,-0.03267070214543111,0.9620569481373998,0.47386788887647724,VIRTUAL,0.023720346384585814,50
equal_weight,14,2025-04-28,0.03532878650920335,0.9960452526678418,0.5331362229589769,VIRTUAL,0.029882527682353242,50
equal_weight,14,2025-04-29,0.0012055836611972737,0.9972460685502713,0.4646795564300911,PUNDIX,0.03181454917231878,50
equal_weight,14,2025-04-30,0.009656648852636618,1.0068761236539336,0.543394631155921,PUNDIX,0.034382306909745856,50
equal_weight,14,2025-05-01,0.00595052714537303,1.0128675673597642,0.37323407305719947,VIRTUAL,0.03454272598244146,50
equal_weight,14,2025-05-02,0.0023562383093187478,1.0152541247242437,0.39082351128640536,PUNDIX,0.038504677954492236,50
equal_weight,14,2025-05-03,-0.028106805102711352,0.9867185749108955,0.38952791688991373,PUNDIX,0.038868068600915164,50
equal_weight,14,2025-05-04,-0.0262967585345093,0.9607710748049486,0.4921764188340599,PUNDIX,0.03760176092056659,50
equal_weight,14,2025-05-05,7.527370624149654e-06,0.9607783068849137,0.5192414406209274,VIRTUAL,0.0363691536326493,50
equal_weight,14,2025-05-06,-0.03689724456563126,0.925328234722428,0.6826268127375698,VIRTUAL,0.03383390401574568,50
equal_weight,14,2025-05-07,0.01696076997891227,0.941022514066548,0.5413720382041182,VIRTUAL,0.03104639464786569,50
equal_weight,14,2025-05-08,0.10716067683000419,1.0418631235861915,0.5370015880678984,VIRTUAL,0.041684781322968635,50
equal_weight,14,2025-05-09,0.03432125262685615,1.0776211710533987,0.7468218544060605,VIRTUAL,0.037313728530955825,50
equal_weight,14,2025-05-10,0.043435284079526904,1.1244279527482155,0.6282997126818268,DOGE,0.023165411713949056,50
equal_weight,14,2025-05-11,-0.013367270372276474,1.1093974202896848,0.7440103937889755,DOGE,0.021954637779175893,50
equal_weight,14,2025-05-12,0.019453812982357155,1.13097943022711,1.0017237718250431,ATH,0.023556228356187554,50
equal_weight,14,2025-05-13,0.018058137460046142,1.1514028122426356,0.6438007138790611,ATH,0.0255901919012529,50
equal_weight,14,2025-05-14,-0.023009878393199568,1.1249091735513446,0.6340360028264475,ATH,0.027267309603834226,50
equal_weight,14,2025-05-15,-0.05469101747221117,1.0633867462859974,0.9359535386539893,ATH,0.027472845988744832,50
equal_weight,14,2025-05-16,0.0039006539086665626,1.0675346499543221,0.6387826233640058,ATH,0.027414621757071666,50
equal_weight,14,2025-05-17,-0.023123752313453427,1.0428492431227492,0.6406365791295541,ATH,0.027591691377233787,50
equal_weight,14,2025-05-18,0.03825995817832317,1.0827486115509215,0.6436725610527403,ATH,0.028584201505249318,50
equal_weight,14,2025-05-19,-0.023852297140471324,1.0569225699397762,0.6418123446383304,ATH,0.028629211733190697,50
equal_weight,14,2025-05-20,0.003434114647209885,1.0605521632181731,0.5610155768890753,ATH,0.02840912993310338,50
equal_weight,14,2025-05-21,-0.00036275572519206545,1.060167441849101,0.6060903563900504,ATH,0.0288388091961768,50
equal_weight,14,2025-05-22,0.04583039331067984,1.1087553326842225,0.4483743500499679,MASK,0.027927859619569725,50
equal_weight,14,2025-05-23,-0.053003061227524295,1.0499879058996167,0.8467308518214322,MASK,0.03007190592768512,50
equal_weight,14,2025-05-24,0.009115819715159512,1.0595594063528955,0.45391932314424877,AERGO,0.02138098061014691,50
equal_weight,14,2025-05-25,-8.198126718439447e-05,1.0594725423301055,0.5497339236088884,AERGO,0.024349063793266942,50
equal_weight,14,2025-05-26,-0.0025610386921771644,1.0567591921558988,0.4123047230998396,AERGO,0.02408581480013496,50
equal_weight,14,2025-05-27,0.019745868658775256,1.0776258203681626,0.4781079376556787,SNT,0.024899024751749276,50
equal_weight,14,2025-05-28,-0.007499742262090825,1.0695439044604271,0.47466863548999066,SNT,0.028844478992069683,50
equal_weight,14,2025-05-29,-0.014234982377949068,1.0543189658279901,0.4864140598332968,SNT,0.03407508101797432,50
equal_weight,14,2025-05-30,-0.08504799557833609,0.9646512510840953,0.8627811346892507,SNT,0.028093154506176832,50
equal_weight,14,2025-05-31,0.0011671111965994019,0.9657771063600492,0.7635924636894822,SNT,0.025410471586342433,50
equal_weight,14,2025-06-01,0.021705053729491608,0.9867393503443069,0.5053234042374515,MASK,0.030762121541525928,50
equal_weight,14,2025-06-02,0.007637806689087867,0.9942758747547529,0.4747130410640606,MASK,0.02961691904216028,50
equal_weight,14,2025-06-03,0.0048814321899202096,0.9991293650154417,0.4559619730761992,MASK,0.0324107995283509,50
equal_weight,14,2025-06-04,-0.027592100145120257,0.9715612875180052,0.45159431681869,MASK,0.033395955149626295,50
equal_weight,14,2025-06-05,-0.05807127219284669,0.9151414875385145,0.7178719258727192,MASK,0.034976801574549854,50
equal_weight,14,2025-06-06,0.0017060963424702091,0.9167028070832467,0.49274507442807103,ANIME,0.024945725968117678,50
equal_weight,14,2025-06-07,0.022230347287392815,0.9370814288440351,0.30589553727466334,ANIME,0.02300898779480855,50
equal_weight,14,2025-06-08,-0.007111286045193066,0.9304175747558869,0.30961046557125577,ANIME,0.024718702075587868,50
equal_weight,14,2025-06-09,0.042426435402071805,0.9698918758882199,0.3758813733260974,ANIME,0.02866076365247528,50
equal_weight,14,2025-06-10,0.017139509528807162,0.9865153469369188,0.529366851659512,MOVE,0.02211994939718864,50
equal_weight,14,2025-06-11,-0.026195785041594255,0.9606728029683255,0.48396421870357476,MOVE,0.021481457238304347,50
equal_weight,14,2025-06-12,-0.05632258828933867,0.9065652242059755,0.5268052981580551,TOKAMAK,0.021448073132105002,50
equal_weight,14,2025-06-13,-0.013185286267989982,0.8946119022042152,0.7586719285503909,SNT,0.02286785955448909,50
equal_weight,14,2025-06-14,-0.011725025111383403,0.8841225551859283,0.3640590858626188,SNT,0.025127348577626284,50
equal_weight,14,2025-06-15,0.00025783735767470617,0.8843505150094181,0.344859517042152,SNT,0.02544216595438115,50
equal_weight,14,2025-06-16,-0.008751502751051521,0.8766111190444194,0.5443743253160022,SNT,0.03172089881677905,50
equal_weight,14,2025-06-17,-0.019614111961430147,0.8594171704088476,0.5914038692986419,SNT,0.034423273635488506,50
equal_weight,14,2025-06-18,0.006350611247901483,0.8648749947578858,0.6167443974666498,SNT,0.03830987873957161,50
equal_weight,14,2025-06-19,0.002256629662108267,0.8668266973250721,0.4006381836267282,SNT,0.04502942700125486,50
equal_weight,14,2025-06-20,-0.03017700664979306,0.8406684623156753,0.5148101707317504,SNT,0.028746275395372722,50
equal_weight,14,2025-06-21,-0.036901310408353094,0.8096466944372517,0.6143133771216785,SEI,0.021940370470682907,50
equal_weight,14,2025-06-22,-0.046964664324710026,0.7716219092113951,0.9616281459025375,SEI,0.021481666413869917,50
equal_weight,14,2025-06-23,0.09938367503856593,0.8483085302890981,0.7593576430640085,MOVE,0.02596661641793879,50
equal_weight,14,2025-06-24,0.001289847341444883,0.8494027187916166,0.5196813276411182,SEI,0.029446708987966662,50
equal_weight,14,2025-06-25,-0.01690089111358617,0.8350470559297354,0.5738054155753906,SEI,0.027391643807868227,50
equal_weight,14,2025-06-26,-0.03188991836581845,0.8084174734845191,0.49917148024933067,MOVE,0.02968435328007871,50
equal_weight,14,2025-06-27,0.013908802067866599,0.81966159211142,0.47735059378738764,MOVE,0.02954414340618687,50
equal_weight,14,2025-06-28,0.01761853575121841,0.8341028291759357,0.23143937562132275,SEI,0.028134928554940337,50
equal_weight,14,2025-06-29,0.026512254896772225,0.8562167759931669,0.32608783985113005,SEI,0.028518481967394895,50
equal_weight,14,2025-06-30,-0.036452679606418625,0.8250053801842473,0.46124991962502077,SEI,0.02750900596250317,50
equal_weight,14,2025-07-01,-0.028302272221474967,0.8016558533300913,0.37624304557382576,SEI,0.028532582184512486,50
equal_weight,14,2025-07-02,0.0716444046151643,0.8590900096481872,0.49632916506475255,CBK,0.03108662602275251,50
equal_weight,14,2025-07-03,0.004820469923181525,0.863231227201002,0.44325409161041796,CBK,0.030040974069264783,50
equal_weight,14,2025-07-04,-0.022500324029870233,0.8438082448762769,0.3993175844003057,CBK,0.02645758955083573,50
equal_weight,14,2025-07-05,0.006080756946730048,0.8489392377230165,0.28559494577780337,SAFE,0.021968604039399344,50
equal_weight,14,2025-07-06,0.009873806987086287,0.8573214999000577,0.31339823402806777,BONK,0.02448373056140945,50
equal_weight,14,2025-07-07,-0.00500731686220246,0.8530286194972794,0.34499240410212506,BONK,0.02549951007293219,50
equal_weight,14,2025-07-08,0.007468734310589031,0.859399663615633,0.32243509550401256,BONK,0.024253837848821937,50
equal_weight,14,2025-07-09,0.028016846984554977,0.8834773324897301,0.3449567857374848,XLM,0.023085719170801242,50
equal_weight,14,2025-07-10,0.050919640308386915,0.9284636804807204,0.4166050363916865,BONK,0.02405218562106906,50
equal_weight,14,2025-07-11,0.01608674395955223,0.9433996379843572,0.781711994072759,XLM,0.026626660910449136,50
equal_weight,14,2025-07-12,0.05216769981056979,0.9926146271001254,0.6922928760078596,KNC,0.037710767260212844,50
equal_weight,14,2025-07-13,0.020984151026663067,1.0134438023464694,0.5241501098821564,XLM,0.03271041347269162,50
equal_weight,14,2025-07-14,0.0037724718792335743,1.0172669905920049,0.5779559435714706,XLM,0.03215882980921431,50
equal_weight,14,2025-07-15,0.019339634573758202,1.036940562454001,0.7297004092431142,XLM,0.030797768789031472,50
equal_weight,14,2025-07-16,0.023013402325774424,1.0608040928056697,0.49957225418985424,BONK,0.03437916598824442,50
equal_weight,14,2025-07-17,0.018314837136799822,1.0802325469994563,0.7094737992387112,XLM,0.032663055015156456,50
equal_weight,14,2025-07-18,-0.0062253258892562835,1.0735077473582033,1.0674188167790586,XLM,0.030275777959942792,50
equal_weight,14,2025-07-19,0.019332259001076935,1.0942610771697947,0.4758579721468921,MEW,0.021840692341807588,50
equal_weight,14,2025-07-20,0.03184492691360652,1.1291077411966712,0.4393752118047122,DOGE,0.021959585186124873,50
equal_weight,14,2025-07-21,0.036850698479691246,1.170716150118595,0.5585178137584295,DRIFT,0.025989044644465394,50
equal_weight,14,2025-07-22,-0.0029313760674396505,1.1672843408143723,0.7664760504452888,DRIFT,0.024193301872388738,50
equal_weight,14,2025-07-23,-0.06320370811183185,1.0935076420540286,0.8939106014060605,DRIFT,0.02456354459727231,50
equal_weight,14,2025-07-24,-0.025910116631123636,1.0651747315113838,0.9480153522779534,ARDR,0.024162909288883077,50
equal_weight,14,2025-07-25,0.018741892675963268,1.085138122010518,0.8272924635112718,DRIFT,0.02481284749317066,50
equal_weight,14,2025-07-26,0.011490945164275734,1.097607384666206,0.34039185967533026,DRIFT,0.024022120587933276,50
equal_weight,14,2025-07-27,0.019098321121252315,1.118569842963619,0.3178998908275598,DRIFT,0.02417284637704796,50
equal_weight,14,2025-07-28,-0.032522301776312545,1.0821913769728737,0.5165788995876222,TOKAMAK,0.026775933280335094,50
equal_weight,14,2025-07-29,-0.015532545176257573,1.0653821905206862,0.6598737395726044,CRO,0.025003612897219786,50
equal_weight,14,2025-07-30,-0.015361847315910393,1.0490159519768172,0.6573352678478965,CRO,0.025583685008203,50
equal_weight,14,2025-07-31,-0.032868464405479525,1.014536408498487,0.45203514911605036,CRO,0.02540550985678414,50
equal_weight,14,2025-08-01,-0.03786432922330718,0.9761216679180685,0.8700821179670071,CRO,0.025044230481113646,50
equal_weight,14,2025-08-02,-0.024168191676679496,0.9525305723480646,0.6178096230114022,TOKAMAK,0.021428938346404,50
equal_weight,14,2025-08-03,0.03838938593977015,0.9890976361093646,0.3897868614390185,TOKAMAK,0.021091540422858674,50
equal_weight,14,2025-08-04,0.037931785247233396,1.0266158752308112,0.40047088157400496,MNT,0.023010499869811487,50
equal_weight,14,2025-08-05,-0.030338725246999432,0.9954696582579757,0.49141544164712986,MNT,0.02537812046380977,50
equal_weight,14,2025-08-06,0.0036547445249530686,0.999107845541251,0.5034971289443049,MNT,0.0243447510033262,50
equal_weight,14,2025-08-07,0.0448000988771422,1.0438679758104275,0.37637558937365795,MNT,0.027727268508984805,50
equal_weight,14,2025-08-08,0.01726830247496247,1.0618938037606487,0.4445283568706762,MNT,0.027331939901354102,50
equal_weight,14,2025-08-09,0.029435270286067405,1.0931509348894435,0.34610215851653336,MNT,0.026843189335144076,50
equal_weight,14,2025-08-10,-0.01015469130624147,1.082050324594512,0.5249084645829117,MNT,0.026027911806388124,50
equal_weight,14,2025-08-11,-0.038965619926136785,1.0398875629054092,0.5383908818237079,MNT,0.025852170766448804,50
equal_weight,14,2025-08-12,0.03585971899856055,1.077177638701295,0.5770907375016027,LINK,0.02609875968754498,50
equal_weight,14,2025-08-13,0.024163138948101848,1.1032056316570227,0.4674218231572953,MNT,0.027867725797050855,50
equal_weight,14,2025-08-14,-0.04771841146133593,1.0505624113991499,0.758142464847384,MNT,0.028902409167329272,50
equal_weight,14,2025-08-15,0.008083994599324518,1.059055152259154,0.5909315497904885,MNT,0.031692573809477924,50
equal_weight,14,2025-08-16,0.00852855275353348,1.0680873599940977,0.32930756402818134,MNT,0.022395411943511877,50
equal_weight,14,2025-08-17,0.0031133802596081672,1.0714127220962402,0.2713515182239621,LINK,0.023128092719174376,50
equal_weight,14,2025-08-18,-0.025334237736733045,1.0442692974804937,0.5318642617734857,LINK,0.023862565737746776,50
equal_weight,14,2025-08-19,-0.03695429714811593,1.0056790595587453,0.5520583200283659,WAVES,0.024501620015419105,50
equal_weight,14,2025-08-20,0.038552837624063585,1.0444508410438345,0.5583756438504787,LINK,0.02456484044518162,50
equal_weight,14,2025-08-21,-0.02086259974603688,1.0226608811927254,0.4875744480646914,LINK,0.023767812464241856,50
equal_weight,14,2025-08-22,0.05756626155442479,1.0815316449609442,0.6698030690667895,LINK,0.023761238959007783,50
equal_weight,14,2025-08-23,-0.004490598695908843,1.0766749203664985,0.3946350058533407,QTUM,0.023863134415286275,50
equal_weight,14,2025-08-24,-0.00979303425059408,1.0661310059945937,0.5776820477436861,QTUM,0.02955477276788012,50
equal_weight,14,2025-08-25,-0.05474271624501581,1.0077680988534183,0.5709429526047639,QTUM,0.03149782138373044,50
equal_weight,14,2025-08-26,0.031793268743772085,1.0398083408516654,0.5446586086233127,QTUM,0.02873277583239685,50
equal_weight,14,2025-08-27,0.01054381232460222,1.0507718848511614,0.5122038435106939,CRO,0.034069285557045866,50
equal_weight,14,2025-08-28,0.04934384068062858,1.102621005328941,0.45449040877008035,CRO,0.042117209446970595,50
equal_weight,14,2025-08-29,-0.047871822074326054,1.0498365287464193,0.6284309833598583,CRO,0.037414882475949714,50
equal_weight,14,2025-08-30,0.0016413430468409373,1.0515596706331969,0.366946756240107,CRO,0.021584825062024138,50
equal_weight,14,2025-08-31,-0.018915153554604047,1.0316692579913411,0.29222614530032653,AXS,0.022496900578849163,50
equal_weight,14,2025-09-01,-0.02928009019989264,1.0014618890608984,0.48499807148084845,AXS,0.0215167718458825,50
equal_weight,14,2025-09-02,0.025602299318185917,1.0271016161003914,0.46310823088849884,AERGO,0.022945888156688014,50
equal_weight,14,2025-09-03,0.004942531502192482,1.0321780981939204,0.3269066008477847,AERGO,0.021725978910877675,50
equal_weight,14,2025-09-04,-0.01889103310955753,1.0126791875659789,0.3082229459156939,PUNDIX,0.022250952711605113,50
equal_weight,14,2025-09-05,0.011992403681415409,1.024823645183038,0.34193170202298645,PUNDIX,0.02183735924301135,50
equal_weight,14,2025-09-06,-0.004726373169239295,1.0199799462032428,0.17120026526367602,PUNDIX,0.021690018997930334,50
equal_weight,14,2025-09-07,0.010048297976996023,1.0302290086332535,0.15768607800578088,AXS,0.022115578475139747,50
equal_weight,14,2025-09-08,0.037474062214377435,1.0688358745978324,0.3325109603390726,ATH,0.028360314340254735,50
equal_weight,14,2025-09-09,0.0060723120546706255,1.0753261795636173,0.40717718213022897,ATH,0.028413576915686304,50
equal_weight,14,2025-09-10,0.012925605547063013,1.089225421595087,0.3434130078806106,ATH,0.027918057613365695,50
equal_weight,14,2025-09-11,0.01898546895462694,1.1099048770213709,0.4162959409176155,ATH,0.029702798052765256,50
equal_weight,14,2025-09-12,0.03099056854343729,1.144301460189397,0.3170051536142297,ATH,0.03125648768348353,50
equal_weight,14,2025-09-13,0.0063535624548507474,1.1515718509838873,0.3553347809204234,ARK,0.02113506687780564,50
equal_weight,14,2025-09-14,-0.018080734309561475,1.1307505863078777,0.39989982312729294,ATH,0.023517360126063692,50
equal_weight,14,2025-09-15,-0.025685572196167628,1.1017066104874078,0.506225062460242,ATH,0.025006397987504595,50
equal_weight,14,2025-09-16,0.008779143460659444,1.1113786508724337,0.34237098648144965,ATH,0.024622033155372453,50
equal_weight,14,2025-09-17,0.024545366768969457,1.1386578474773001,0.47451661812707246,DRIFT,0.02592787441661657,50
equal_weight,14,2025-09-18,0.011185266392183868,1.1513940388308845,0.3056920993366545,DRIFT,0.028158800212555443,50
equal_weight,14,2025-09-19,-0.030178336107907988,1.1166468825344045,0.4006152971599692,DRIFT,0.028078581062284367,50
equal_weight,14,2025-09-20,0.004097676168498987,1.1212225398535944,0.2679499964980655,DRIFT,0.026693933943029064,50
equal_weight,14,2025-09-21,-0.00961797923400709,1.110438644748582,0.2852363024335511,DRIFT,0.02615167285901521,50
equal_weight,14,2025-09-22,-0.04427555740345379,1.0612733547900026,0.5714635143217275,AWE,0.02755487962284701,50
equal_weight,14,2025-09-23,-0.004513678564116774,1.0564831079978187,0.5114070041662726,AWE,0.030327452131273747,50
equal_weight,14,2025-09-24,0.013329734264775128,1.0705657470826535,0.41715133617129113,AWE,0.03491659850695835,50
equal_weight,14,2025-09-25,-0.04524066973381602,1.0221326356905511,0.626267713312961,AWE,0.0335857036621174,50
equal_weight,14,2025-09-26,0.02656435840165683,1.049284933359065,0.5156359831462656,AWE,0.03538240564834914,50
equal_weight,14,2025-09-27,-0.007784821236436756,1.0411164377267783,0.25624409853726776,DRIFT,0.022703055014280778,50
equal_weight,14,2025-09-28,0.01434921973747083,1.0560556462640127,0.3045354941096379,AWE,0.022593934319343492,50
equal_weight,14,2025-09-29,-0.015753967237861488,1.0394185802114109,0.39272852215842097,AWE,0.023923581911467345,50
equal_weight,14,2025-09-30,-0.014008321260645662,1.0248580708155253,0.39138270630895455,AWE,0.02356221599958058,50
equal_weight,14,2025-10-01,0.04497101719531971,1.0709469807409324,0.4241532510378846,DRIFT,0.023533303573510956,50
equal_weight,14,2025-10-02,0.01792673552636992,1.0901455640274396,0.3732865703609101,DRIFT,0.023247807727015766,50
equal_weight,14,2025-10-03,0.003375419675493374,1.0938252628134095,0.5233248884162337,DRIFT,0.023628586350109577,50
equal_weight,14,2025-10-04,-0.013590963180787785,1.078959123940297,0.31099724652120264,DRIFT,0.023023526756880946,50
equal_weight,14,2025-10-05,0.0015349256375991605,1.0806152459615543,0.4273721732245582,DRIFT,0.02402893797873127,50
equal_weight,14,2025-10-06,0.026119096525746066,1.108839939878017,0.3761645269877576,MNT,0.026333531436834146,50
equal_weight,14,2025-10-07,-0.03848293032509653,1.0661685297300072,0.47257195897075743,MNT,0.02607213123342707,50
equal_weight,14,2025-10-08,0.022578952809880537,1.0902414986501607,0.36817259304920114,MNT,0.029730542974487448,50
equal_weight,14,2025-10-09,-0.01900510615968054,1.0695213432286252,0.3702471744849304,MNT,0.026567962824425577,50
equal_weight,14,2025-10-10,-0.17016375354264734,0.8875275769708683,2.7404485232674833,BTC,0.025711785244732645,50
equal_weight,14,2025-10-11,-0.018027928454799835,0.8715272933115756,1.1962126655464635,PUNDIX,0.022960346583650693,50
equal_weight,14,2025-10-12,0.07878425610797479,0.9401899227929249,0.8893561193936337,MNT,0.02355625894192824,50
equal_weight,14,2025-10-13,0.03497939497874736,0.9730771974573367,0.8223086279208961,PUNDIX,0.02399964857842004,50
equal_weight,14,2025-10-14,-0.03279097381951235,0.9411690485511487,0.8843574413105953,PUNDIX,0.023662684103303154,50
equal_weight,14,2025-10-15,-0.03542977015947857,0.9078236454797664,0.6534077740466032,PUNDIX,0.02422065546170705,50
equal_weight,14,2025-10-16,-0.03498844995134942,0.876060303295246,0.8281068504849396,PUNDIX,0.024615121169478345,50
equal_weight,14,2025-10-17,-0.023843019500389806,0.85517238040026,0.8974346038477957,PUNDIX,0.025821988204287858,50
equal_weight,14,2025-10-18,0.010175375297031941,0.8638740803144889,0.43367203042966534,PUNDIX,0.02866855491510251,50
equal_weight,14,2025-10-19,0.017456860132884833,0.8789546093069635,0.529640519538187,PUNDIX,0.02774813593818248,50
equal_weight,14,2025-10-20,0.011409829765350876,0.8889833317706264,0.539855835269006,AUCTION,0.03300003184274483,50
equal_weight,14,2025-10-21,-0.030870850838841113,0.8615396599373194,0.681194402825387,PUNDIX,0.029238090714055035,50
equal_weight,14,2025-10-22,-0.023491179120432304,0.8413010774663755,0.6154751181176621,PUNDIX,0.02954969339664868,50
equal_weight,14,2025-10-23,0.023423531396840058,0.8610073196686044,0.3871933424836815,PUNDIX,0.030459225300185983,50
equal_weight,14,2025-10-24,0.010970442515864542,0.8704529509747675,0.4726046917588796,PUNDIX,0.02969597193881719,50
equal_weight,14,2025-10-25,0.0037175724497515716,0.8736889228841161,0.2018572996734196,VIRTUAL,0.026133460587940062,50
equal_weight,14,2025-10-26,0.036463289949072886,0.9055464954045329,0.3292155986133836,VIRTUAL,0.029297585584812467,50
equal_weight,14,2025-10-27,-0.017992551796672362,0.8892534031816717,0.47004885300789506,VIRTUAL,0.027907028355069634,50
equal_weight,14,2025-10-28,-0.01743595221162031,0.8737484233397753,0.534198397084777,VIRTUAL,0.03025632159753882,50
equal_weight,14,2025-10-29,-0.0002711819028917706,0.8735114785796854,0.6761765882997068,VIRTUAL,0.030533307908963126,50
equal_weight,14,2025-10-30,-0.04894821676169703,0.8307546493823365,0.7387051570710822,VIRTUAL,0.02681992593333409,50
equal_weight,14,2025-10-31,0.01240805428360603,0.8410626981682306,0.42565329684236913,VIRTUAL,0.02831964608061703,50
equal_weight,14,2025-11-01,0.019981837016665116,0.8578686759238248,0.35248787947679705,VIRTUAL,0.03746681535470009,50
equal_weight,14,2025-11-02,-0.004063434290207946,0.8543827829295806,0.3769341465171348,VIRTUAL,0.034074801872361705,50
equal_weight,14,2025-11-03,-0.10937775158554397,0.7609323151393432,1.2686674787833563,VIRTUAL,0.033291974928233006,50
equal_weight,14,2025-11-04,-0.022505192221570214,0.7438073871195279,1.3958116603973039,VIRTUAL,0.03240131294172258,50
equal_weight,14,2025-11-05,0.02475417786725309,0.7622197274792615,0.8877269625475599,VIRTUAL,0.03192664357360579,50
equal_weight,14,2025-11-06,-0.018417847866820547,0.748181280497459,0.7048023790436273,CARV,0.028755399977065728,50
equal_weight,14,2025-11-07,0.09744259113337761,0.8210860031066198,0.9182573681815865,VIRTUAL,0.03191094665747453,50
equal_weight,14,2025-11-08,-0.01659454760399226,0.8074604523410953,0.7229353058824173,GLM,0.02123004595494274,50
equal_weight,14,2025-11-09,0.0029931772836289117,0.8098773246244714,0.625055383183861,ANIME,0.02117400292889313,50
equal_weight,14,2025-11-10,0.021444651179008734,0.827244861348832,0.5731446504273688,GLM,0.02184243237668659,50
equal_weight,14,2025-11-11,-0.03441723569987887,0.7987733799742757,0.6651538820523553,STRAX,0.022267825445230375,50
equal_weight,14,2025-11-12,-0.002161300585906356,0.7970469906001308,0.5694331439632327,GLM,0.023315849159337,50
equal_weight,14,2025-11-13,-0.03831799976525585,0.7665057442014171,0.6700234963496505,GLM,0.023170299243900825,50
equal_weight,14,2025-11-14,-0.03749756787021197,0.7377636430353172,0.9154225562242297,GLM,0.02553828901028623,50
equal_weight,14,2025-11-15,0.004356884949928919,0.7409779943482624,0.4014806009049141,GLM,0.024315919412080153,50
equal_weight,14,2025-11-16,-0.04010897300046601,0.7112581279790084,0.6465683508979262,GLM,0.023594909676113766,50
equal_weight,14,2025-11-17,-0.025420829978197834,0.6931773560370428,0.810491178686357,ARDR,0.023524669234616595,50
equal_weight,14,2025-11-18,0.019001269304430135,0.7063486056548355,0.7142555295216786,GLM,0.02470634874614004,50
equal_weight,14,2025-11-19,-0.026157356937321685,0.6878723930545425,0.6606247277309499,GLM,0.024546745805046732,50
equal_weight,14,2025-11-20,-0.03171386951985666,0.6660572977348992,0.6888648799261593,GLM,0.025273426309702803,50
equal_weight,14,2025-11-21,-0.04864766297312251,0.6336551667939031,1.1548782190039346,GLM,0.025103452844634527,50
equal_weight,14,2025-11-22,0.00015547112486902215,0.6337536818754635,0.6826031501204891,MOVE,0.022054985551121536,50
equal_weight,14,2025-11-23,0.02887035530449955,0.652050375846743,0.5026137599415377,HBAR,0.02221231243179156,50
equal_weight,14,2025-11-24,0.027109453435271602,0.6697271051482117,0.6827784660651229,WAVES,0.021949609255105255,50
equal_weight,14,2025-11-25,0.007959252266057204,0.6750576321275025,0.5846694413365264,WAVES,0.02580060937680975,50
equal_weight,14,2025-11-26,0.00697595450876487,0.6797668034600184,0.4287309506647636,WAVES,0.023309209297347096,50
equal_weight,14,2025-11-27,0.029267172921670026,0.6996616560432936,0.39149448171096185,SAFE,0.02630134194345139,50
equal_weight,14,2025-11-28,-0.004481743464794241,0.6965259519887544,0.39716482620507426,AWE,0.023505764678153997,50
equal_weight,14,2025-11-29,-0.005546672312899736,0.6926625507756423,0.24902408799391595,WAVES,0.02275579366635772,50
equal_weight,14,2025-11-30,-0.02161619062418685,0.6776898250398405,0.28773101418447034,WAVES,0.02382831840313138,50
equal_weight,14,2025-12-01,-0.07016044913389419,0.6301428025415752,0.8055123733255374,WAVES,0.024532064460849004,50
equal_weight,14,2025-12-02,0.053842394860976306,0.6640712001348209,0.5542455379960665,WAVES,0.023735536313972825,50
equal_weight,14,2025-12-03,0.025852130283184227,0.6812388553180168,0.46832767029550276,AWE,0.024578856819224563,50
equal_weight,14,2025-12-04,-0.027125037712808164,0.6627602256760853,0.45860526114014527,AWE,0.02419589628877589,50
equal_weight,14,2025-12-05,-0.029627758714549923,0.6431241256241536,0.5611982768135161,AWE,0.024356698646163875,50
equal_weight,14,2025-12-06,0.008121268625951306,0.6483471094081774,0.3033630206535066,SAFE,0.020808784052706378,50
equal_weight,14,2025-12-07,-0.015277333211510591,0.638442094581029,0.5696704694564471,WAVES,0.02150767297844754,50
equal_weight,14,2025-12-08,0.01351442520772661,0.6470702725177085,0.4255450935820272,WAVES,0.02163698069907757,50
equal_weight,14,2025-12-09,0.022009719158900376,0.6613121074918964,0.479460158213396,ADA,0.021861610168810112,50
equal_weight,14,2025-12-10,-0.02054029883646913,0.6477285591798376,0.5002749305679903,SEI,0.02258959303842418,50
equal_weight,14,2025-12-11,-0.019734701468311244,0.6349458294319241,0.515399064685052,CARV,0.02282836830432918,50
equal_weight,14,2025-12-12,-0.01815071168875615,0.6234211107439271,0.48403930033793424,MNT,0.023657289784658603,50
equal_weight,14,2025-12-13,0.016413483381325866,0.6336536227846903,0.21151784658260067,MNT,0.02473230051630741,50
equal_weight,14,2025-12-14,-0.035070160706427767,0.611431288401421,0.34447112563967214,MNT,0.0241341018168845,50
equal_weight,14,2025-12-15,-0.042296586398604896,0.58556983208474,0.5801358404244794,MNT,0.025968102296920988,50
equal_weight,14,2025-12-16,-0.0039516223235844805,0.5832558812642563,0.47177692567822405,MNT,0.02504289225321695,50
equal_weight,14,2025-12-17,-0.041117113031567176,0.5592740832679876,0.7309462136443117,MNT,0.02548180830553484,50
equal_weight,14,2025-12-18,-0.032783565496279254,0.5409390847287999,0.6707147129741905,AERGO,0.028199249843501008,50
equal_weight,14,2025-12-19,0.06209337128561665,0.5745278161597669,0.6344257627041557,AERGO,0.02668405187604031,50
equal_weight,14,2025-12-20,0.014809816289700573,0.5830364675704159,0.27949037594157833,ANIME,0.02727358027809541,50
equal_weight,14,2025-12-21,-0.018751701700606693,0.57210354164996,0.3790889769208268,ANIME,0.025377842330933965,50
equal_weight,14,2025-12-22,0.013222015208107285,0.5796679033782678,0.41282519064098716,ANIME,0.031487248339623325,50
equal_weight,14,2025-12-23,-0.0070180671770599945,0.5755997550919736,0.39192260680364527,ANIME,0.03243046681475871,50
equal_weight,14,2025-12-24,-0.010180235314928288,0.5697400141379222,0.29054499094920516,ANIME,0.03324940494136183,50
equal_weight,14,2025-12-25,-0.018284115957604374,0.5593228216537373,0.35716981735769343,ANIME,0.03189093133644705,50
equal_weight,14,2025-12-26,-0.003325143886473869,0.55746299279275,0.4438943633477641,ANIME,0.02902083151307761,50
equal_weight,14,2025-12-27,0.029049349365879884,0.5736569300289356,0.26789023940436046,ANIME,0.027719515046278356,50
equal_weight,14,2025-12-28,-0.008742223337647292,0.5686418930274335,0.2537269656298297,ANIME,0.02601866190946169,50
equal_weight,14,2025-12-29,-0.013604751172507923,0.5609056615665314,0.4308005546871743,ANIME,0.027856634882994735,50
equal_weight,14,2025-12-30,-0.0038759670417094494,0.5587316097087913,0.3130783201338989,ANIME,0.027222592074355317,50
equal_weight,14,2025-12-31,-0.018374227606963833,0.5484653479407967,0.26808966796602013,ANIME,0.02672370711227052,50
equal_weight,14,2026-01-01,0.03825548900215536,0.5694471580270092,0.24621053077986857,ANIME,0.025739047272414745,50
equal_weight,14,2026-01-02,0.047479418467071266,0.596484177937858,0.4249732729051432,PEPE,0.02752422890916146,50
equal_weight,14,2026-01-03,0.007003839670923329,0.6006618574863772,0.39928756096858076,VIRTUAL,0.02224208853920385,50
equal_weight,14,2026-01-04,0.033089363630515845,0.6205373761077251,0.40850313008012323,BONK,0.02482002894958133,50
equal_weight,14,2026-01-05,0.036917403661082426,0.6434460049082829,0.49291969986557727,VIRTUAL,0.02598276848050654,50
equal_weight,14,2026-01-06,0.01043753879002507,0.6501619975437997,0.6180853697471265,VIRTUAL,0.027034313042267874,50
equal_weight,14,2026-01-07,-0.02540621044492486,0.6336438450109092,0.5123065885835923,VIRTUAL,0.025331327255970308,50
equal_weight,14,2026-01-08,-0.0007165840729531636,0.6331897859236496,0.5451893796966446,VIRTUAL,0.026002053486288635,50
equal_weight,14,2026-01-09,-0.0032726415343100612,0.6311175827311349,0.5773314479614109,VIRTUAL,0.026188151948968265,50
equal_weight,14,2026-01-10,-0.00043891883798496956,0.6308405733350907,0.2418227732607127,VIRTUAL,0.025930937095500206,50
equal_weight,14,2026-01-11,-0.014709565117714596,0.6215611828427218,0.3526971845972934,VIRTUAL,0.026079429078471928,50
equal_weight,14,2026-01-12,-0.01872976864089093,0.6099194856919191,0.5188544525197877,GLM,0.02740664041824327,50
equal_weight,14,2026-01-13,0.0670262395045591,0.6508000952184032,0.50940677802326,GLM,0.026508306293854353,50
equal_weight,14,2026-01-14,-2.057137949451615e-05,0.6507867073626694,0.43845367117536693,GLM,0.025905130359131365,50
equal_weight,14,2026-01-15,-0.03611218181249787,0.6272853794652319,0.46519819923677735,VIRTUAL,0.02486183490151722,50
equal_weight,14,2026-01-16,0.015950946788733322,0.6372911751744322,0.34283676906725724,AXS,0.02736450804176907,50
equal_weight,14,2026-01-17,0.011016090660176614,0.6443116325370842,0.2571257325489819,AXS,0.029560603830263113,50
equal_weight,14,2026-01-18,-0.043993833536337346,0.615965893829722,0.6261077418521602,AXS,0.029380237194461322,50
equal_weight,14,2026-01-19,-0.021235009764700274,0.6028858520595255,0.460201510674342,AXS,0.02728480907846018,50
equal_weight,14,2026-01-20,-0.04031357238877231,0.5785813696203571,0.4857738948103866,AXS,0.035504531611650056,50
equal_weight,14,2026-01-21,0.030455613195941478,0.5962024200158927,0.6384565697510886,AXS,0.03924154059368485,50
equal_weight,14,2026-01-22,-0.005642733687490464,0.5928382085359057,0.3779449329208002,AXS,0.044833584885208055,50
equal_weight,14,2026-01-23,0.0009665826751661388,0.5934112356774531,0.4366849264381495,AXS,0.04811097004602022,50
equal_weight,14,2026-01-24,-0.0016764243793643274,0.5924164266149747,0.1896797421919898,AXS,0.04290757568902397,50
equal_weight,14,2026-01-25,-0.03559459651470642,0.5713296029409305,0.49482383235180033,AXS,0.034063412229275565,50
equal_weight,14,2026-01-26,0.02495285769762501,0.5855859092215562,0.508776363496049,AXS,0.04123597595452039,50
equal_weight,14,2026-01-27,-0.0016902909147987755,0.5845960986793648,0.42869809389270624,AXS,0.04288407294835798,50
equal_weight,14,2026-01-28,-0.015627938793054796,0.575460066630545,0.32523034627649827,AXS,0.037735634594927375,50
equal_weight,14,2026-01-29,-0.05437631622274708,0.5441686680738794,0.5708319853768561,AXS,0.04014777030669839,50
equal_weight,14,2026-01-30,-0.01363903438210301,0.5367467329003566,0.75286937778842,AXS,0.03759648187457768,50
equal_weight,14,2026-01-31,-0.07033763541284399,0.49899323689257613,0.9823782379356685,CBK,0.027550294747846826,50
equal_weight,14,2026-02-01,-0.034031014093889755,0.4820119910151292,1.0568268292905683,AWE,0.025021350595571507,50
equal_weight,14,2026-02-02,0.03385777435417947,0.4983318442429282,0.9846237094872606,AWE,0.025098294879588628,50
equal_weight,14,2026-02-03,-0.03231839149129356,0.4822265606081069,0.8829606267269308,AWE,0.026713421951217186,50
equal_weight,14,2026-02-04,-0.01744214430738933,0.4738154953491243,0.8262189885799858,AWE,0.02809996922488072,50
equal_weight,14,2026-02-05,-0.14962651278942596,0.40292013507444036,1.5150357768216554,AWE,0.0317210665815616,50
equal_weight,14,2026-02-06,0.12052301172867375,0.4514812832397359,1.8360149977102092,AWE,0.03574550232042668,50
equal_weight,14,2026-02-07,-0.008935998249023469,0.44744684728323875,0.7505092046548077,AWE,0.035423736223860816,50
equal_weight,14,2026-02-08,-0.011895428582519796,0.44212427526690734,0.5631863924644875,AWE,0.036502011222823184,50
equal_weight,14,2026-02-09,-0.000692740376888823,0.44181799792982723,0.6439037734630951,AWE,0.03881027236695631,50
equal_weight,14,2026-02-10,-0.012223066749573963,0.43641762704996784,0.42619380260834744,AWE,0.038960350590228,50
equal_weight,14,2026-02-11,-0.007030441760881634,0.43334941833957086,0.7086843472613581,AWE,0.04023372886572867,50
equal_weight,14,2026-02-12,0.016368729136221782,0.44044279758971056,0.5520982105506489,AWE,0.04154869053980846,50
equal_weight,14,2026-02-13,0.037273858520598946,0.45685980011348626,0.4408900851277828,AWE,0.04320965057380137,50
equal_weight,14,2026-02-14,0.06505139206464605,0.4865791660892445,0.412865610384825,PEPE,0.024255480557848253,50
equal_weight,14,2026-02-15,-0.037506553813539845,0.4683292584117709,0.6633427272107002,MOVE,0.023123196216158506,50
equal_weight,14,2026-02-16,0.0014456756199243692,0.46900631060275405,0.49021256861227824,PEPE,0.02336432111567394,50
equal_weight,14,2026-02-17,-0.016601019362472602,0.4612203277593159,0.4688496918145395,PEPE,0.02332806839362343,50
equal_weight,14,2026-02-18,-0.030413058497872902,0.4471932069507637,0.4603921117380091,PEPE,0.023171438648969884,50
equal_weight,14,2026-02-19,-0.017485597652235674,0.4393737664612097,0.47595794007895237,PEPE,0.023470794281207477,50
equal_weight,14,2026-02-20,0.022822808662159355,0.44940150986432614,0.5731454545382242,VANA,0.023411735210139815,50
equal_weight,14,2026-02-21,-0.011829709601354876,0.44408522050822075,0.24444220964123584,PEPE,0.022774494899637433,50
equal_weight,14,2026-02-22,-0.02766359815353059,0.4318002254221593,0.30482743274803514,PEPE,0.022847424894687527,50
equal_weight,14,2026-02-23,-0.03911360285621235,0.414910962891774,0.680222292666324,PEPE,0.0233784960492536,50
equal_weight,14,2026-02-24,-0.0117745464338741,0.41002557449328136,0.45233039376753303,PEPE,0.023293713561122534,50
equal_weight,14,2026-02-25,0.05461135728577626,0.43241762763823965,0.6516423335515571,VIRTUAL,0.02414568455443625,50
equal_weight,14,2026-02-26,-0.014915099565943613,0.4259680756679462,0.5742537918280574,VIRTUAL,0.023752182265093826,50
equal_weight,14,2026-02-27,-0.006845230727724583,0.42305222590735425,0.468357235648582,VIRTUAL,0.024581592152722237,50
equal_weight,14,2026-02-28,0.004951019082026775,0.42514676555051545,0.9027075663107136,VIRTUAL,0.020719882866755936,50
equal_weight,14,2026-03-01,-0.022590796446134376,0.41554236151023133,0.7398480241718874,ATH,0.020947065690328445,50
equal_weight,14,2026-03-02,0.023116848762519737,0.4251483914356836,0.6539731496285722,VIRTUAL,0.02233666691709144,50
equal_weight,14,2026-03-03,-0.009916246620837788,0.4209325151357549,0.6009101974249029,AKT,0.022484021245276334,50
equal_weight,14,2026-03-04,0.022987106829511772,0.43060853582919556,0.6371150263693063,ARDR,0.02207408019895323,50
equal_weight,14,2026-03-05,-0.005878050345535013,0.42807739717637444,0.5504030915980275,AKT,0.02219718372955216,50
equal_weight,14,2026-03-06,-0.020973470474233258,0.4190991285260091,0.44699065085067013,AKT,0.023530839550003357,50
equal_weight,14,2026-03-07,-0.016129101900881015,0.4123394359754427,0.3007511777285072,AKT,0.026303661465221208,50
equal_weight,14,2026-03-08,-0.014456916650681495,0.4063782791177567,0.4000123510581939,AKT,0.02799370889529678,50
equal_weight,14,2026-03-09,0.008459448936758207,0.40981601541896107,0.4870404449462049,AKT,0.02535711702873286,50
equal_weight,14,2026-03-10,0.019721939550957135,0.4178983821020679,0.46425620812364926,AKT,0.02944144515514495,50
equal_weight,14,2026-03-11,0.006275574012439611,0.42052093432862825,0.404515691416275,AKT,0.028312582298282547,50
equal_weight,14,2026-03-12,0.004863439068902409,0.42256611226993346,0.30831636314911637,AKT,0.02871308262479571,50
equal_weight,14,2026-03-13,0.014290314909715551,0.42860471508444503,0.41080404202192566,AKT,0.028573523184387026,50
equal_weight,14,2026-03-14,0.0027309542240840923,0.42977521494156723,0.23218367566586762,AXS,0.02240488996726895,50
equal_weight,14,2026-03-15,0.01802671098826303,0.4375226485312375,0.29970155539649446,MNT,0.02205069911487812,50
equal_weight,14,2026-03-16,0.04298476413373842,0.45632945638152134,0.45654130397488446,MNT,0.022623995797936145,50
equal_weight,14,2026-03-17,0.0038765449626774195,0.4580984380369784,0.44830557378038977,ANIME,0.022661816485498625,50
equal_weight,14,2026-03-18,-0.035894427960233455,0.4416552566541646,0.5125360816591004,AKT,0.023308819263123257,50
equal_weight,14,2026-03-19,-0.01664494904320868,0.4343039274124908,0.4027309724274158,ATH,0.02310190193133455,50
equal_weight,14,2026-03-20,0.013621252430011,0.4402196908391215,0.33705064356058045,ATH,0.02522549253991946,50
equal_weight,14,2026-03-21,-0.014378084931259916,0.43389017473582364,0.2829542452135938,AKT,0.02726806386351594,50
equal_weight,14,2026-03-22,-0.02726918068916362,0.4220583451616997,0.3452371188825483,AKT,0.027279094108884676,50
equal_weight,14,2026-03-23,0.020568991299994455,0.4307396595914208,0.6614266745758858,AKT,0.025745021384460238,50
equal_weight,14,2026-03-24,0.008471231257302092,0.4343885548595113,0.31898595364844246,AKT,0.024461250415069306,50
equal_weight,14,2026-03-25,0.010154134850657082,0.4387993948231368,0.26009929213560756,ATH,0.025307141847047934,50
equal_weight,14,2026-03-26,-0.03344613895908721,0.4241232492887188,0.39322311019473366,ATH,0.025493834770349444,50
equal_weight,14,2026-03-27,-0.016527689150505176,0.41711347206297267,0.4480058151653154,KNC,0.025533046717697693,50
equal_weight,14,2026-03-28,-0.006339488139315952,0.41446918615408057,0.3362799013387143,AKT,0.020873065290581572,50
equal_weight,14,2026-03-29,-0.0145526215260815,0.4084375729537572,0.4456625245014254,AKT,0.021209326466190094,50
equal_weight,14,2026-03-30,0.011310235679200309,0.4130570981641048,0.376749542413757,AWE,0.021102838045051985,50
