cycle_days,date,rebalance_date,ticker,weight
7,2025-03-01,2025-03-01,XRP,4.625929269271223e-18
7,2025-03-01,2025-03-01,BTC,0.25
7,2025-03-01,2025-03-01,ETH,0.20699180553159044
7,2025-03-01,2025-03-01,SOL,4.625929269271223e-18
7,2025-03-01,2025-03-01,DOGE,4.625929269271223e-18
7,2025-03-01,2025-03-01,AERGO,4.625929269271223e-18
7,2025-03-01,2025-03-01,ADA,4.625929269271223e-18
7,2025-03-01,2025-03-01,AUCTION,4.625929269271223e-18
7,2025-03-01,2025-03-01,ONDO,4.625929269271223e-18
7,2025-03-01,2025-03-01,SUI,4.625929269271223e-18
7,2025-03-01,2025-03-01,VIRTUAL,4.625929269271223e-18
7,2025-03-01,2025-03-01,ARDR,4.625929269271223e-18
7,2025-03-01,2025-03-01,MOVE,4.625929269271223e-18
7,2025-03-01,2025-03-01,AWE,0.047365977792575724
7,2025-03-01,2025-03-01,XLM,4.625929269271223e-18
7,2025-03-01,2025-03-01,AXS,4.625929269271223e-18
7,2025-03-01,2025-03-01,SNT,4.625929269271223e-18
7,2025-03-01,2025-03-01,QTUM,4.625929269271223e-18
7,2025-03-01,2025-03-01,ANIME,4.625929269271223e-18
7,2025-03-01,2025-03-01,PUNDIX,0.12566932553126617
7,2025-03-01,2025-03-01,ARK,4.625929269271223e-18
7,2025-03-01,2025-03-01,ENS,4.625929269271223e-18
7,2025-03-01,2025-03-01,LINK,4.625929269271223e-18
7,2025-03-01,2025-03-01,CRO,4.625929269271223e-18
7,2025-03-01,2025-03-01,HBAR,4.625929269271223e-18
7,2025-03-01,2025-03-01,VANA,4.625929269271223e-18
7,2025-03-01,2025-03-01,SEI,4.625929269271223e-18
7,2025-03-01,2025-03-01,STRAX,4.625929269271223e-18
7,2025-03-01,2025-03-01,KNC,4.625929269271223e-18
7,2025-03-01,2025-03-01,ME,4.625929269271223e-18
7,2025-03-01,2025-03-01,SHIB,4.625929269271223e-18
7,2025-03-01,2025-03-01,CBK,4.625929269271223e-18
7,2025-03-01,2025-03-01,AQT,4.625929269271223e-18
7,2025-03-01,2025-03-01,SAFE,4.625929269271223e-18
7,2025-03-01,2025-03-01,GLM,4.625929269271223e-18
7,2025-03-01,2025-03-01,PEPE,4.625929269271223e-18
7,2025-03-01,2025-03-01,BONK,4.625929269271223e-18
7,2025-03-01,2025-03-01,WAVES,4.625929269271223e-18
7,2025-03-01,2025-03-01,MASK,0.25
7,2025-03-01,2025-03-01,ATH,4.625929269271223e-18
7,2025-03-01,2025-03-01,TOKAMAK,0.08751893934456005
7,2025-03-01,2025-03-01,CARV,0.02780428609801077
7,2025-03-01,2025-03-01,MEW,4.625929269271223e-18
7,2025-03-01,2025-03-01,MNT,4.625929269271223e-18
7,2025-03-01,2025-03-01,PYTH,4.625929269271223e-18
7,2025-03-01,2025-03-01,SONIC,4.625929269271223e-18
7,2025-03-01,2025-03-01,GAS,0.004649665701996893
7,2025-03-01,2025-03-01,AKT,4.625929269271223e-18
7,2025-03-01,2025-03-01,BIGTIME,4.625929269271223e-18
7,2025-03-01,2025-03-01,DRIFT,4.625929269271223e-18
7,2025-03-02,2025-03-01,XRP,4.625929269271223e-18
7,2025-03-02,2025-03-01,BTC,0.25
7,2025-03-02,2025-03-01,ETH,0.20699180553159044
7,2025-03-02,2025-03-01,SOL,4.625929269271223e-18
7,2025-03-02,2025-03-01,DOGE,4.625929269271223e-18
7,2025-03-02,2025-03-01,AERGO,4.625929269271223e-18
7,2025-03-02,2025-03-01,ADA,4.625929269271223e-18
7,2025-03-02,2025-03-01,AUCTION,4.625929269271223e-18
7,2025-03-02,2025-03-01,ONDO,4.625929269271223e-18
7,2025-03-02,2025-03-01,SUI,4.625929269271223e-18
7,2025-03-02,2025-03-01,VIRTUAL,4.625929269271223e-18
7,2025-03-02,2025-03-01,ARDR,4.625929269271223e-18
7,2025-03-02,2025-03-01,MOVE,4.625929269271223e-18
7,2025-03-02,2025-03-01,AWE,0.047365977792575724
7,2025-03-02,2025-03-01,XLM,4.625929269271223e-18
7,2025-03-02,2025-03-01,AXS,4.625929269271223e-18
7,2025-03-02,2025-03-01,SNT,4.625929269271223e-18
7,2025-03-02,2025-03-01,QTUM,4.625929269271223e-18
7,2025-03-02,2025-03-01,ANIME,4.625929269271223e-18
7,2025-03-02,2025-03-01,PUNDIX,0.12566932553126617
7,2025-03-02,2025-03-01,ARK,4.625929269271223e-18
7,2025-03-02,2025-03-01,ENS,4.625929269271223e-18
7,2025-03-02,2025-03-01,LINK,4.625929269271223e-18
7,2025-03-02,2025-03-01,CRO,4.625929269271223e-18
7,2025-03-02,2025-03-01,HBAR,4.625929269271223e-18
7,2025-03-02,2025-03-01,VANA,4.625929269271223e-18
7,2025-03-02,2025-03-01,SEI,4.625929269271223e-18
7,2025-03-02,2025-03-01,STRAX,4.625929269271223e-18
7,2025-03-02,2025-03-01,KNC,4.625929269271223e-18
7,2025-03-02,2025-03-01,ME,4.625929269271223e-18
7,2025-03-02,2025-03-01,SHIB,4.625929269271223e-18
7,2025-03-02,2025-03-01,CBK,4.625929269271223e-18
7,2025-03-02,2025-03-01,AQT,4.625929269271223e-18
7,2025-03-02,2025-03-01,SAFE,4.625929269271223e-18
7,2025-03-02,2025-03-01,GLM,4.625929269271223e-18
7,2025-03-02,2025-03-01,PEPE,4.625929269271223e-18
7,2025-03-02,2025-03-01,BONK,4.625929269271223e-18
7,2025-03-02,2025-03-01,WAVES,4.625929269271223e-18
7,2025-03-02,2025-03-01,MASK,0.25
7,2025-03-02,2025-03-01,ATH,4.625929269271223e-18
7,2025-03-02,2025-03-01,TOKAMAK,0.08751893934456005
7,2025-03-02,2025-03-01,CARV,0.02780428609801077
7,2025-03-02,2025-03-01,MEW,4.625929269271223e-18
7,2025-03-02,2025-03-01,MNT,4.625929269271223e-18
7,2025-03-02,2025-03-01,PYTH,4.625929269271223e-18
7,2025-03-02,2025-03-01,SONIC,4.625929269271223e-18
7,2025-03-02,2025-03-01,GAS,0.004649665701996893
7,2025-03-02,2025-03-01,AKT,4.625929269271223e-18
7,2025-03-02,2025-03-01,BIGTIME,4.625929269271223e-18
7,2025-03-02,2025-03-01,DRIFT,4.625929269271223e-18
7,2025-03-03,2025-03-01,XRP,4.625929269271223e-18
7,2025-03-03,2025-03-01,BTC,0.25
7,2025-03-03,2025-03-01,ETH,0.20699180553159044
7,2025-03-03,2025-03-01,SOL,4.625929269271223e-18
7,2025-03-03,2025-03-01,DOGE,4.625929269271223e-18
7,2025-03-03,2025-03-01,AERGO,4.625929269271223e-18
7,2025-03-03,2025-03-01,ADA,4.625929269271223e-18
7,2025-03-03,2025-03-01,AUCTION,4.625929269271223e-18
7,2025-03-03,2025-03-01,ONDO,4.625929269271223e-18
7,2025-03-03,2025-03-01,SUI,4.625929269271223e-18
7,2025-03-03,2025-03-01,VIRTUAL,4.625929269271223e-18
7,2025-03-03,2025-03-01,ARDR,4.625929269271223e-18
7,2025-03-03,2025-03-01,MOVE,4.625929269271223e-18
7,2025-03-03,2025-03-01,AWE,0.047365977792575724
7,2025-03-03,2025-03-01,XLM,4.625929269271223e-18
7,2025-03-03,2025-03-01,AXS,4.625929269271223e-18
7,2025-03-03,2025-03-01,SNT,4.625929269271223e-18
7,2025-03-03,2025-03-01,QTUM,4.625929269271223e-18
7,2025-03-03,2025-03-01,ANIME,4.625929269271223e-18
7,2025-03-03,2025-03-01,PUNDIX,0.12566932553126617
7,2025-03-03,2025-03-01,ARK,4.625929269271223e-18
7,2025-03-03,2025-03-01,ENS,4.625929269271223e-18
7,2025-03-03,2025-03-01,LINK,4.625929269271223e-18
7,2025-03-03,2025-03-01,CRO,4.625929269271223e-18
7,2025-03-03,2025-03-01,HBAR,4.625929269271223e-18
7,2025-03-03,2025-03-01,VANA,4.625929269271223e-18
7,2025-03-03,2025-03-01,SEI,4.625929269271223e-18
7,2025-03-03,2025-03-01,STRAX,4.625929269271223e-18
7,2025-03-03,2025-03-01,KNC,4.625929269271223e-18
7,2025-03-03,2025-03-01,ME,4.625929269271223e-18
7,2025-03-03,2025-03-01,SHIB,4.625929269271223e-18
7,2025-03-03,2025-03-01,CBK,4.625929269271223e-18
7,2025-03-03,2025-03-01,AQT,4.625929269271223e-18
7,2025-03-03,2025-03-01,SAFE,4.625929269271223e-18
7,2025-03-03,2025-03-01,GLM,4.625929269271223e-18
7,2025-03-03,2025-03-01,PEPE,4.625929269271223e-18
7,2025-03-03,2025-03-01,BONK,4.625929269271223e-18
7,2025-03-03,2025-03-01,WAVES,4.625929269271223e-18
7,2025-03-03,2025-03-01,MASK,0.25
7,2025-03-03,2025-03-01,ATH,4.625929269271223e-18
7,2025-03-03,2025-03-01,TOKAMAK,0.08751893934456005
7,2025-03-03,2025-03-01,CARV,0.02780428609801077
7,2025-03-03,2025-03-01,MEW,4.625929269271223e-18
7,2025-03-03,2025-03-01,MNT,4.625929269271223e-18
7,2025-03-03,2025-03-01,PYTH,4.625929269271223e-18
7,2025-03-03,2025-03-01,SONIC,4.625929269271223e-18
7,2025-03-03,2025-03-01,GAS,0.004649665701996893
7,2025-03-03,2025-03-01,AKT,4.625929269271223e-18
7,2025-03-03,2025-03-01,BIGTIME,4.625929269271223e-18
7,2025-03-03,2025-03-01,DRIFT,4.625929269271223e-18
7,2025-03-04,2025-03-01,XRP,4.625929269271223e-18
7,2025-03-04,2025-03-01,BTC,0.25
7,2025-03-04,2025-03-01,ETH,0.20699180553159044
7,2025-03-04,2025-03-01,SOL,4.625929269271223e-18
7,2025-03-04,2025-03-01,DOGE,4.625929269271223e-18
7,2025-03-04,2025-03-01,AERGO,4.625929269271223e-18
7,2025-03-04,2025-03-01,ADA,4.625929269271223e-18
7,2025-03-04,2025-03-01,AUCTION,4.625929269271223e-18
7,2025-03-04,2025-03-01,ONDO,4.625929269271223e-18
7,2025-03-04,2025-03-01,SUI,4.625929269271223e-18
7,2025-03-04,2025-03-01,VIRTUAL,4.625929269271223e-18
7,2025-03-04,2025-03-01,ARDR,4.625929269271223e-18
7,2025-03-04,2025-03-01,MOVE,4.625929269271223e-18
7,2025-03-04,2025-03-01,AWE,0.047365977792575724
7,2025-03-04,2025-03-01,XLM,4.625929269271223e-18
7,2025-03-04,2025-03-01,AXS,4.625929269271223e-18
7,2025-03-04,2025-03-01,SNT,4.625929269271223e-18
7,2025-03-04,2025-03-01,QTUM,4.625929269271223e-18
7,2025-03-04,2025-03-01,ANIME,4.625929269271223e-18
7,2025-03-04,2025-03-01,PUNDIX,0.12566932553126617
7,2025-03-04,2025-03-01,ARK,4.625929269271223e-18
7,2025-03-04,2025-03-01,ENS,4.625929269271223e-18
7,2025-03-04,2025-03-01,LINK,4.625929269271223e-18
7,2025-03-04,2025-03-01,CRO,4.625929269271223e-18
7,2025-03-04,2025-03-01,HBAR,4.625929269271223e-18
7,2025-03-04,2025-03-01,VANA,4.625929269271223e-18
7,2025-03-04,2025-03-01,SEI,4.625929269271223e-18
7,2025-03-04,2025-03-01,STRAX,4.625929269271223e-18
7,2025-03-04,2025-03-01,KNC,4.625929269271223e-18
7,2025-03-04,2025-03-01,ME,4.625929269271223e-18
7,2025-03-04,2025-03-01,SHIB,4.625929269271223e-18
7,2025-03-04,2025-03-01,CBK,4.625929269271223e-18
7,2025-03-04,2025-03-01,AQT,4.625929269271223e-18
7,2025-03-04,2025-03-01,SAFE,4.625929269271223e-18
7,2025-03-04,2025-03-01,GLM,4.625929269271223e-18
7,2025-03-04,2025-03-01,PEPE,4.625929269271223e-18
7,2025-03-04,2025-03-01,BONK,4.625929269271223e-18
7,2025-03-04,2025-03-01,WAVES,4.625929269271223e-18
7,2025-03-04,2025-03-01,MASK,0.25
7,2025-03-04,2025-03-01,ATH,4.625929269271223e-18
7,2025-03-04,2025-03-01,TOKAMAK,0.08751893934456005
7,2025-03-04,2025-03-01,CARV,0.02780428609801077
7,2025-03-04,2025-03-01,MEW,4.625929269271223e-18
7,2025-03-04,2025-03-01,MNT,4.625929269271223e-18
7,2025-03-04,2025-03-01,PYTH,4.625929269271223e-18
7,2025-03-04,2025-03-01,SONIC,4.625929269271223e-18
7,2025-03-04,2025-03-01,GAS,0.004649665701996893
7,2025-03-04,2025-03-01,AKT,4.625929269271223e-18
7,2025-03-04,2025-03-01,BIGTIME,4.625929269271223e-18
7,2025-03-04,2025-03-01,DRIFT,4.625929269271223e-18
7,2025-03-05,2025-03-01,XRP,4.625929269271223e-18
7,2025-03-05,2025-03-01,BTC,0.25
7,2025-03-05,2025-03-01,ETH,0.20699180553159044
7,2025-03-05,2025-03-01,SOL,4.625929269271223e-18
7,2025-03-05,2025-03-01,DOGE,4.625929269271223e-18
7,2025-03-05,2025-03-01,AERGO,4.625929269271223e-18
7,2025-03-05,2025-03-01,ADA,4.625929269271223e-18
7,2025-03-05,2025-03-01,AUCTION,4.625929269271223e-18
7,2025-03-05,2025-03-01,ONDO,4.625929269271223e-18
7,2025-03-05,2025-03-01,SUI,4.625929269271223e-18
7,2025-03-05,2025-03-01,VIRTUAL,4.625929269271223e-18
7,2025-03-05,2025-03-01,ARDR,4.625929269271223e-18
7,2025-03-05,2025-03-01,MOVE,4.625929269271223e-18
7,2025-03-05,2025-03-01,AWE,0.047365977792575724
7,2025-03-05,2025-03-01,XLM,4.625929269271223e-18
7,2025-03-05,2025-03-01,AXS,4.625929269271223e-18
7,2025-03-05,2025-03-01,SNT,4.625929269271223e-18
7,2025-03-05,2025-03-01,QTUM,4.625929269271223e-18
7,2025-03-05,2025-03-01,ANIME,4.625929269271223e-18
7,2025-03-05,2025-03-01,PUNDIX,0.12566932553126617
7,2025-03-05,2025-03-01,ARK,4.625929269271223e-18
7,2025-03-05,2025-03-01,ENS,4.625929269271223e-18
7,2025-03-05,2025-03-01,LINK,4.625929269271223e-18
7,2025-03-05,2025-03-01,CRO,4.625929269271223e-18
7,2025-03-05,2025-03-01,HBAR,4.625929269271223e-18
7,2025-03-05,2025-03-01,VANA,4.625929269271223e-18
7,2025-03-05,2025-03-01,SEI,4.625929269271223e-18
7,2025-03-05,2025-03-01,STRAX,4.625929269271223e-18
7,2025-03-05,2025-03-01,KNC,4.625929269271223e-18
7,2025-03-05,2025-03-01,ME,4.625929269271223e-18
7,2025-03-05,2025-03-01,SHIB,4.625929269271223e-18
7,2025-03-05,2025-03-01,CBK,4.625929269271223e-18
7,2025-03-05,2025-03-01,AQT,4.625929269271223e-18
7,2025-03-05,2025-03-01,SAFE,4.625929269271223e-18
7,2025-03-05,2025-03-01,GLM,4.625929269271223e-18
7,2025-03-05,2025-03-01,PEPE,4.625929269271223e-18
7,2025-03-05,2025-03-01,BONK,4.625929269271223e-18
7,2025-03-05,2025-03-01,WAVES,4.625929269271223e-18
7,2025-03-05,2025-03-01,MASK,0.25
7,2025-03-05,2025-03-01,ATH,4.625929269271223e-18
7,2025-03-05,2025-03-01,TOKAMAK,0.08751893934456005
7,2025-03-05,2025-03-01,CARV,0.02780428609801077
7,2025-03-05,2025-03-01,MEW,4.625929269271223e-18
7,2025-03-05,2025-03-01,MNT,4.625929269271223e-18
7,2025-03-05,2025-03-01,PYTH,4.625929269271223e-18
7,2025-03-05,2025-03-01,SONIC,4.625929269271223e-18
7,2025-03-05,2025-03-01,GAS,0.004649665701996893
7,2025-03-05,2025-03-01,AKT,4.625929269271223e-18
7,2025-03-05,2025-03-01,BIGTIME,4.625929269271223e-18
7,2025-03-05,2025-03-01,DRIFT,4.625929269271223e-18
7,2025-03-06,2025-03-01,XRP,4.625929269271223e-18
7,2025-03-06,2025-03-01,BTC,0.25
7,2025-03-06,2025-03-01,ETH,0.20699180553159044
7,2025-03-06,2025-03-01,SOL,4.625929269271223e-18
7,2025-03-06,2025-03-01,DOGE,4.625929269271223e-18
7,2025-03-06,2025-03-01,AERGO,4.625929269271223e-18
7,2025-03-06,2025-03-01,ADA,4.625929269271223e-18
7,2025-03-06,2025-03-01,AUCTION,4.625929269271223e-18
7,2025-03-06,2025-03-01,ONDO,4.625929269271223e-18
7,2025-03-06,2025-03-01,SUI,4.625929269271223e-18
7,2025-03-06,2025-03-01,VIRTUAL,4.625929269271223e-18
7,2025-03-06,2025-03-01,ARDR,4.625929269271223e-18
7,2025-03-06,2025-03-01,MOVE,4.625929269271223e-18
7,2025-03-06,2025-03-01,AWE,0.047365977792575724
7,2025-03-06,2025-03-01,XLM,4.625929269271223e-18
7,2025-03-06,2025-03-01,AXS,4.625929269271223e-18
7,2025-03-06,2025-03-01,SNT,4.625929269271223e-18
7,2025-03-06,2025-03-01,QTUM,4.625929269271223e-18
7,2025-03-06,2025-03-01,ANIME,4.625929269271223e-18
7,2025-03-06,2025-03-01,PUNDIX,0.12566932553126617
7,2025-03-06,2025-03-01,ARK,4.625929269271223e-18
7,2025-03-06,2025-03-01,ENS,4.625929269271223e-18
7,2025-03-06,2025-03-01,LINK,4.625929269271223e-18
7,2025-03-06,2025-03-01,CRO,4.625929269271223e-18
7,2025-03-06,2025-03-01,HBAR,4.625929269271223e-18
7,2025-03-06,2025-03-01,VANA,4.625929269271223e-18
7,2025-03-06,2025-03-01,SEI,4.625929269271223e-18
7,2025-03-06,2025-03-01,STRAX,4.625929269271223e-18
7,2025-03-06,2025-03-01,KNC,4.625929269271223e-18
7,2025-03-06,2025-03-01,ME,4.625929269271223e-18
7,2025-03-06,2025-03-01,SHIB,4.625929269271223e-18
7,2025-03-06,2025-03-01,CBK,4.625929269271223e-18
7,2025-03-06,2025-03-01,AQT,4.625929269271223e-18
7,2025-03-06,2025-03-01,SAFE,4.625929269271223e-18
7,2025-03-06,2025-03-01,GLM,4.625929269271223e-18
7,2025-03-06,2025-03-01,PEPE,4.625929269271223e-18
7,2025-03-06,2025-03-01,BONK,4.625929269271223e-18
7,2025-03-06,2025-03-01,WAVES,4.625929269271223e-18
7,2025-03-06,2025-03-01,MASK,0.25
7,2025-03-06,2025-03-01,ATH,4.625929269271223e-18
7,2025-03-06,2025-03-01,TOKAMAK,0.08751893934456005
7,2025-03-06,2025-03-01,CARV,0.02780428609801077
7,2025-03-06,2025-03-01,MEW,4.625929269271223e-18
7,2025-03-06,2025-03-01,MNT,4.625929269271223e-18
7,2025-03-06,2025-03-01,PYTH,4.625929269271223e-18
7,2025-03-06,2025-03-01,SONIC,4.625929269271223e-18
7,2025-03-06,2025-03-01,GAS,0.004649665701996893
7,2025-03-06,2025-03-01,AKT,4.625929269271223e-18
7,2025-03-06,2025-03-01,BIGTIME,4.625929269271223e-18
7,2025-03-06,2025-03-01,DRIFT,4.625929269271223e-18
7,2025-03-07,2025-03-01,XRP,4.625929269271223e-18
7,2025-03-07,2025-03-01,BTC,0.25
7,2025-03-07,2025-03-01,ETH,0.20699180553159044
7,2025-03-07,2025-03-01,SOL,4.625929269271223e-18
7,2025-03-07,2025-03-01,DOGE,4.625929269271223e-18
7,2025-03-07,2025-03-01,AERGO,4.625929269271223e-18
7,2025-03-07,2025-03-01,ADA,4.625929269271223e-18
7,2025-03-07,2025-03-01,AUCTION,4.625929269271223e-18
7,2025-03-07,2025-03-01,ONDO,4.625929269271223e-18
7,2025-03-07,2025-03-01,SUI,4.625929269271223e-18
7,2025-03-07,2025-03-01,VIRTUAL,4.625929269271223e-18
7,2025-03-07,2025-03-01,ARDR,4.625929269271223e-18
7,2025-03-07,2025-03-01,MOVE,4.625929269271223e-18
7,2025-03-07,2025-03-01,AWE,0.047365977792575724
7,2025-03-07,2025-03-01,XLM,4.625929269271223e-18
7,2025-03-07,2025-03-01,AXS,4.625929269271223e-18
7,2025-03-07,2025-03-01,SNT,4.625929269271223e-18
7,2025-03-07,2025-03-01,QTUM,4.625929269271223e-18
7,2025-03-07,2025-03-01,ANIME,4.625929269271223e-18
7,2025-03-07,2025-03-01,PUNDIX,0.12566932553126617
7,2025-03-07,2025-03-01,ARK,4.625929269271223e-18
7,2025-03-07,2025-03-01,ENS,4.625929269271223e-18
7,2025-03-07,2025-03-01,LINK,4.625929269271223e-18
7,2025-03-07,2025-03-01,CRO,4.625929269271223e-18
7,2025-03-07,2025-03-01,HBAR,4.625929269271223e-18
7,2025-03-07,2025-03-01,VANA,4.625929269271223e-18
7,2025-03-07,2025-03-01,SEI,4.625929269271223e-18
7,2025-03-07,2025-03-01,STRAX,4.625929269271223e-18
7,2025-03-07,2025-03-01,KNC,4.625929269271223e-18
7,2025-03-07,2025-03-01,ME,4.625929269271223e-18
7,2025-03-07,2025-03-01,SHIB,4.625929269271223e-18
7,2025-03-07,2025-03-01,CBK,4.625929269271223e-18
7,2025-03-07,2025-03-01,AQT,4.625929269271223e-18
7,2025-03-07,2025-03-01,SAFE,4.625929269271223e-18
7,2025-03-07,2025-03-01,GLM,4.625929269271223e-18
7,2025-03-07,2025-03-01,PEPE,4.625929269271223e-18
7,2025-03-07,2025-03-01,BONK,4.625929269271223e-18
7,2025-03-07,2025-03-01,WAVES,4.625929269271223e-18
7,2025-03-07,2025-03-01,MASK,0.25
7,2025-03-07,2025-03-01,ATH,4.625929269271223e-18
7,2025-03-07,2025-03-01,TOKAMAK,0.08751893934456005
7,2025-03-07,2025-03-01,CARV,0.02780428609801077
7,2025-03-07,2025-03-01,MEW,4.625929269271223e-18
7,2025-03-07,2025-03-01,MNT,4.625929269271223e-18
7,2025-03-07,2025-03-01,PYTH,4.625929269271223e-18
7,2025-03-07,2025-03-01,SONIC,4.625929269271223e-18
7,2025-03-07,2025-03-01,GAS,0.004649665701996893
7,2025-03-07,2025-03-01,AKT,4.625929269271223e-18
7,2025-03-07,2025-03-01,BIGTIME,4.625929269271223e-18
7,2025-03-07,2025-03-01,DRIFT,4.625929269271223e-18
7,2025-04-01,2025-04-01,XRP,5.168030355513975e-18
7,2025-04-01,2025-04-01,BTC,0.25
7,2025-04-01,2025-04-01,ETH,0.01873081642631225
7,2025-04-01,2025-04-01,SOL,5.168030355513975e-18
7,2025-04-01,2025-04-01,DOGE,5.168030355513975e-18
7,2025-04-01,2025-04-01,AERGO,5.168030355513975e-18
7,2025-04-01,2025-04-01,ADA,5.168030355513975e-18
7,2025-04-01,2025-04-01,AUCTION,0.01464813709517196
7,2025-04-01,2025-04-01,ONDO,5.168030355513975e-18
7,2025-04-01,2025-04-01,SUI,5.168030355513975e-18
7,2025-04-01,2025-04-01,VIRTUAL,5.168030355513975e-18
7,2025-04-01,2025-04-01,ARDR,0.12825551172830524
7,2025-04-01,2025-04-01,MOVE,5.168030355513975e-18
7,2025-04-01,2025-04-01,AWE,0.003778742189839214
7,2025-04-01,2025-04-01,XLM,5.168030355513975e-18
7,2025-04-01,2025-04-01,AXS,5.168030355513975e-18
7,2025-04-01,2025-04-01,SNT,0.05859727168420727
7,2025-04-01,2025-04-01,QTUM,5.168030355513975e-18
7,2025-04-01,2025-04-01,ANIME,5.168030355513975e-18
7,2025-04-01,2025-04-01,PUNDIX,5.168030355513975e-18
7,2025-04-01,2025-04-01,ARK,5.168030355513975e-18
7,2025-04-01,2025-04-01,ENS,5.168030355513975e-18
7,2025-04-01,2025-04-01,LINK,5.168030355513975e-18
7,2025-04-01,2025-04-01,CRO,5.168030355513975e-18
7,2025-04-01,2025-04-01,HBAR,5.168030355513975e-18
7,2025-04-01,2025-04-01,VANA,5.168030355513975e-18
7,2025-04-01,2025-04-01,SEI,5.168030355513975e-18
7,2025-04-01,2025-04-01,STRAX,5.168030355513975e-18
7,2025-04-01,2025-04-01,KNC,5.168030355513975e-18
7,2025-04-01,2025-04-01,ME,5.168030355513975e-18
7,2025-04-01,2025-04-01,SHIB,5.168030355513975e-18
7,2025-04-01,2025-04-01,CBK,0.07424782413292705
7,2025-04-01,2025-04-01,AQT,5.168030355513975e-18
7,2025-04-01,2025-04-01,SAFE,0.021375827674421387
7,2025-04-01,2025-04-01,GLM,0.0072604976972772016
7,2025-04-01,2025-04-01,PEPE,5.168030355513975e-18
7,2025-04-01,2025-04-01,BONK,5.168030355513975e-18
7,2025-04-01,2025-04-01,WAVES,5.168030355513975e-18
7,2025-04-01,2025-04-01,MASK,0.04167712853803193
7,2025-04-01,2025-04-01,ATH,5.168030355513975e-18
7,2025-04-01,2025-04-01,TOKAMAK,0.14193474000011558
7,2025-04-01,2025-04-01,CARV,0.013056433215746423
7,2025-04-01,2025-04-01,MEW,5.168030355513975e-18
7,2025-04-01,2025-04-01,MNT,0.22643706961764462
7,2025-04-01,2025-04-01,PYTH,5.168030355513975e-18
7,2025-04-01,2025-04-01,SONIC,5.168030355513975e-18
7,2025-04-01,2025-04-01,GAS,5.168030355513975e-18
7,2025-04-01,2025-04-01,AKT,5.168030355513975e-18
7,2025-04-01,2025-04-01,BIGTIME,5.168030355513975e-18
7,2025-04-01,2025-04-01,DRIFT,5.168030355513975e-18
7,2025-04-02,2025-04-01,XRP,5.168030355513975e-18
7,2025-04-02,2025-04-01,BTC,0.25
7,2025-04-02,2025-04-01,ETH,0.01873081642631225
7,2025-04-02,2025-04-01,SOL,5.168030355513975e-18
7,2025-04-02,2025-04-01,DOGE,5.168030355513975e-18
7,2025-04-02,2025-04-01,AERGO,5.168030355513975e-18
7,2025-04-02,2025-04-01,ADA,5.168030355513975e-18
7,2025-04-02,2025-04-01,AUCTION,0.01464813709517196
7,2025-04-02,2025-04-01,ONDO,5.168030355513975e-18
7,2025-04-02,2025-04-01,SUI,5.168030355513975e-18
7,2025-04-02,2025-04-01,VIRTUAL,5.168030355513975e-18
7,2025-04-02,2025-04-01,ARDR,0.12825551172830524
7,2025-04-02,2025-04-01,MOVE,5.168030355513975e-18
7,2025-04-02,2025-04-01,AWE,0.003778742189839214
7,2025-04-02,2025-04-01,XLM,5.168030355513975e-18
7,2025-04-02,2025-04-01,AXS,5.168030355513975e-18
7,2025-04-02,2025-04-01,SNT,0.05859727168420727
7,2025-04-02,2025-04-01,QTUM,5.168030355513975e-18
7,2025-04-02,2025-04-01,ANIME,5.168030355513975e-18
7,2025-04-02,2025-04-01,PUNDIX,5.168030355513975e-18
7,2025-04-02,2025-04-01,ARK,5.168030355513975e-18
7,2025-04-02,2025-04-01,ENS,5.168030355513975e-18
7,2025-04-02,2025-04-01,LINK,5.168030355513975e-18
7,2025-04-02,2025-04-01,CRO,5.168030355513975e-18
7,2025-04-02,2025-04-01,HBAR,5.168030355513975e-18
7,2025-04-02,2025-04-01,VANA,5.168030355513975e-18
7,2025-04-02,2025-04-01,SEI,5.168030355513975e-18
7,2025-04-02,2025-04-01,STRAX,5.168030355513975e-18
7,2025-04-02,2025-04-01,KNC,5.168030355513975e-18
7,2025-04-02,2025-04-01,ME,5.168030355513975e-18
7,2025-04-02,2025-04-01,SHIB,5.168030355513975e-18
7,2025-04-02,2025-04-01,CBK,0.07424782413292705
7,2025-04-02,2025-04-01,AQT,5.168030355513975e-18
7,2025-04-02,2025-04-01,SAFE,0.021375827674421387
7,2025-04-02,2025-04-01,GLM,0.0072604976972772016
7,2025-04-02,2025-04-01,PEPE,5.168030355513975e-18
7,2025-04-02,2025-04-01,BONK,5.168030355513975e-18
7,2025-04-02,2025-04-01,WAVES,5.168030355513975e-18
7,2025-04-02,2025-04-01,MASK,0.04167712853803193
7,2025-04-02,2025-04-01,ATH,5.168030355513975e-18
7,2025-04-02,2025-04-01,TOKAMAK,0.14193474000011558
7,2025-04-02,2025-04-01,CARV,0.013056433215746423
7,2025-04-02,2025-04-01,MEW,5.168030355513975e-18
7,2025-04-02,2025-04-01,MNT,0.22643706961764462
7,2025-04-02,2025-04-01,PYTH,5.168030355513975e-18
7,2025-04-02,2025-04-01,SONIC,5.168030355513975e-18
7,2025-04-02,2025-04-01,GAS,5.168030355513975e-18
7,2025-04-02,2025-04-01,AKT,5.168030355513975e-18
7,2025-04-02,2025-04-01,BIGTIME,5.168030355513975e-18
7,2025-04-02,2025-04-01,DRIFT,5.168030355513975e-18
7,2025-04-03,2025-04-01,XRP,5.168030355513975e-18
7,2025-04-03,2025-04-01,BTC,0.25
7,2025-04-03,2025-04-01,ETH,0.01873081642631225
7,2025-04-03,2025-04-01,SOL,5.168030355513975e-18
7,2025-04-03,2025-04-01,DOGE,5.168030355513975e-18
7,2025-04-03,2025-04-01,AERGO,5.168030355513975e-18
7,2025-04-03,2025-04-01,ADA,5.168030355513975e-18
7,2025-04-03,2025-04-01,AUCTION,0.01464813709517196
7,2025-04-03,2025-04-01,ONDO,5.168030355513975e-18
7,2025-04-03,2025-04-01,SUI,5.168030355513975e-18
7,2025-04-03,2025-04-01,VIRTUAL,5.168030355513975e-18
7,2025-04-03,2025-04-01,ARDR,0.12825551172830524
7,2025-04-03,2025-04-01,MOVE,5.168030355513975e-18
7,2025-04-03,2025-04-01,AWE,0.003778742189839214
7,2025-04-03,2025-04-01,XLM,5.168030355513975e-18
7,2025-04-03,2025-04-01,AXS,5.168030355513975e-18
7,2025-04-03,2025-04-01,SNT,0.05859727168420727
7,2025-04-03,2025-04-01,QTUM,5.168030355513975e-18
7,2025-04-03,2025-04-01,ANIME,5.168030355513975e-18
7,2025-04-03,2025-04-01,PUNDIX,5.168030355513975e-18
7,2025-04-03,2025-04-01,ARK,5.168030355513975e-18
7,2025-04-03,2025-04-01,ENS,5.168030355513975e-18
7,2025-04-03,2025-04-01,LINK,5.168030355513975e-18
7,2025-04-03,2025-04-01,CRO,5.168030355513975e-18
7,2025-04-03,2025-04-01,HBAR,5.168030355513975e-18
7,2025-04-03,2025-04-01,VANA,5.168030355513975e-18
7,2025-04-03,2025-04-01,SEI,5.168030355513975e-18
7,2025-04-03,2025-04-01,STRAX,5.168030355513975e-18
7,2025-04-03,2025-04-01,KNC,5.168030355513975e-18
7,2025-04-03,2025-04-01,ME,5.168030355513975e-18
7,2025-04-03,2025-04-01,SHIB,5.168030355513975e-18
7,2025-04-03,2025-04-01,CBK,0.07424782413292705
7,2025-04-03,2025-04-01,AQT,5.168030355513975e-18
7,2025-04-03,2025-04-01,SAFE,0.021375827674421387
7,2025-04-03,2025-04-01,GLM,0.0072604976972772016
7,2025-04-03,2025-04-01,PEPE,5.168030355513975e-18
7,2025-04-03,2025-04-01,BONK,5.168030355513975e-18
7,2025-04-03,2025-04-01,WAVES,5.168030355513975e-18
7,2025-04-03,2025-04-01,MASK,0.04167712853803193
7,2025-04-03,2025-04-01,ATH,5.168030355513975e-18
7,2025-04-03,2025-04-01,TOKAMAK,0.14193474000011558
7,2025-04-03,2025-04-01,CARV,0.013056433215746423
7,2025-04-03,2025-04-01,MEW,5.168030355513975e-18
7,2025-04-03,2025-04-01,MNT,0.22643706961764462
7,2025-04-03,2025-04-01,PYTH,5.168030355513975e-18
7,2025-04-03,2025-04-01,SONIC,5.168030355513975e-18
7,2025-04-03,2025-04-01,GAS,5.168030355513975e-18
7,2025-04-03,2025-04-01,AKT,5.168030355513975e-18
7,2025-04-03,2025-04-01,BIGTIME,5.168030355513975e-18
7,2025-04-03,2025-04-01,DRIFT,5.168030355513975e-18
7,2025-04-04,2025-04-01,XRP,5.168030355513975e-18
7,2025-04-04,2025-04-01,BTC,0.25
7,2025-04-04,2025-04-01,ETH,0.01873081642631225
7,2025-04-04,2025-04-01,SOL,5.168030355513975e-18
7,2025-04-04,2025-04-01,DOGE,5.168030355513975e-18
7,2025-04-04,2025-04-01,AERGO,5.168030355513975e-18
7,2025-04-04,2025-04-01,ADA,5.168030355513975e-18
7,2025-04-04,2025-04-01,AUCTION,0.01464813709517196
7,2025-04-04,2025-04-01,ONDO,5.168030355513975e-18
7,2025-04-04,2025-04-01,SUI,5.168030355513975e-18
7,2025-04-04,2025-04-01,VIRTUAL,5.168030355513975e-18
7,2025-04-04,2025-04-01,ARDR,0.12825551172830524
7,2025-04-04,2025-04-01,MOVE,5.168030355513975e-18
7,2025-04-04,2025-04-01,AWE,0.003778742189839214
7,2025-04-04,2025-04-01,XLM,5.168030355513975e-18
7,2025-04-04,2025-04-01,AXS,5.168030355513975e-18
7,2025-04-04,2025-04-01,SNT,0.05859727168420727
7,2025-04-04,2025-04-01,QTUM,5.168030355513975e-18
7,2025-04-04,2025-04-01,ANIME,5.168030355513975e-18
7,2025-04-04,2025-04-01,PUNDIX,5.168030355513975e-18
7,2025-04-04,2025-04-01,ARK,5.168030355513975e-18
7,2025-04-04,2025-04-01,ENS,5.168030355513975e-18
7,2025-04-04,2025-04-01,LINK,5.168030355513975e-18
7,2025-04-04,2025-04-01,CRO,5.168030355513975e-18
7,2025-04-04,2025-04-01,HBAR,5.168030355513975e-18
7,2025-04-04,2025-04-01,VANA,5.168030355513975e-18
7,2025-04-04,2025-04-01,SEI,5.168030355513975e-18
7,2025-04-04,2025-04-01,STRAX,5.168030355513975e-18
7,2025-04-04,2025-04-01,KNC,5.168030355513975e-18
7,2025-04-04,2025-04-01,ME,5.168030355513975e-18
7,2025-04-04,2025-04-01,SHIB,5.168030355513975e-18
7,2025-04-04,2025-04-01,CBK,0.07424782413292705
7,2025-04-04,2025-04-01,AQT,5.168030355513975e-18
7,2025-04-04,2025-04-01,SAFE,0.021375827674421387
7,2025-04-04,2025-04-01,GLM,0.0072604976972772016
7,2025-04-04,2025-04-01,PEPE,5.168030355513975e-18
7,2025-04-04,2025-04-01,BONK,5.168030355513975e-18
7,2025-04-04,2025-04-01,WAVES,5.168030355513975e-18
7,2025-04-04,2025-04-01,MASK,0.04167712853803193
7,2025-04-04,2025-04-01,ATH,5.168030355513975e-18
7,2025-04-04,2025-04-01,TOKAMAK,0.14193474000011558
7,2025-04-04,2025-04-01,CARV,0.013056433215746423
7,2025-04-04,2025-04-01,MEW,5.168030355513975e-18
7,2025-04-04,2025-04-01,MNT,0.22643706961764462
7,2025-04-04,2025-04-01,PYTH,5.168030355513975e-18
7,2025-04-04,2025-04-01,SONIC,5.168030355513975e-18
7,2025-04-04,2025-04-01,GAS,5.168030355513975e-18
7,2025-04-04,2025-04-01,AKT,5.168030355513975e-18
7,2025-04-04,2025-04-01,BIGTIME,5.168030355513975e-18
7,2025-04-04,2025-04-01,DRIFT,5.168030355513975e-18
7,2025-04-05,2025-04-01,XRP,5.168030355513975e-18
7,2025-04-05,2025-04-01,BTC,0.25
7,2025-04-05,2025-04-01,ETH,0.01873081642631225
7,2025-04-05,2025-04-01,SOL,5.168030355513975e-18
7,2025-04-05,2025-04-01,DOGE,5.168030355513975e-18
7,2025-04-05,2025-04-01,AERGO,5.168030355513975e-18
7,2025-04-05,2025-04-01,ADA,5.168030355513975e-18
7,2025-04-05,2025-04-01,AUCTION,0.01464813709517196
7,2025-04-05,2025-04-01,ONDO,5.168030355513975e-18
7,2025-04-05,2025-04-01,SUI,5.168030355513975e-18
7,2025-04-05,2025-04-01,VIRTUAL,5.168030355513975e-18
7,2025-04-05,2025-04-01,ARDR,0.12825551172830524
7,2025-04-05,2025-04-01,MOVE,5.168030355513975e-18
7,2025-04-05,2025-04-01,AWE,0.003778742189839214
7,2025-04-05,2025-04-01,XLM,5.168030355513975e-18
7,2025-04-05,2025-04-01,AXS,5.168030355513975e-18
7,2025-04-05,2025-04-01,SNT,0.05859727168420727
7,2025-04-05,2025-04-01,QTUM,5.168030355513975e-18
7,2025-04-05,2025-04-01,ANIME,5.168030355513975e-18
7,2025-04-05,2025-04-01,PUNDIX,5.168030355513975e-18
7,2025-04-05,2025-04-01,ARK,5.168030355513975e-18
7,2025-04-05,2025-04-01,ENS,5.168030355513975e-18
7,2025-04-05,2025-04-01,LINK,5.168030355513975e-18
7,2025-04-05,2025-04-01,CRO,5.168030355513975e-18
7,2025-04-05,2025-04-01,HBAR,5.168030355513975e-18
7,2025-04-05,2025-04-01,VANA,5.168030355513975e-18
7,2025-04-05,2025-04-01,SEI,5.168030355513975e-18
7,2025-04-05,2025-04-01,STRAX,5.168030355513975e-18
7,2025-04-05,2025-04-01,KNC,5.168030355513975e-18
7,2025-04-05,2025-04-01,ME,5.168030355513975e-18
7,2025-04-05,2025-04-01,SHIB,5.168030355513975e-18
7,2025-04-05,2025-04-01,CBK,0.07424782413292705
7,2025-04-05,2025-04-01,AQT,5.168030355513975e-18
7,2025-04-05,2025-04-01,SAFE,0.021375827674421387
7,2025-04-05,2025-04-01,GLM,0.0072604976972772016
7,2025-04-05,2025-04-01,PEPE,5.168030355513975e-18
7,2025-04-05,2025-04-01,BONK,5.168030355513975e-18
7,2025-04-05,2025-04-01,WAVES,5.168030355513975e-18
7,2025-04-05,2025-04-01,MASK,0.04167712853803193
7,2025-04-05,2025-04-01,ATH,5.168030355513975e-18
7,2025-04-05,2025-04-01,TOKAMAK,0.14193474000011558
7,2025-04-05,2025-04-01,CARV,0.013056433215746423
7,2025-04-05,2025-04-01,MEW,5.168030355513975e-18
7,2025-04-05,2025-04-01,MNT,0.22643706961764462
7,2025-04-05,2025-04-01,PYTH,5.168030355513975e-18
7,2025-04-05,2025-04-01,SONIC,5.168030355513975e-18
7,2025-04-05,2025-04-01,GAS,5.168030355513975e-18
7,2025-04-05,2025-04-01,AKT,5.168030355513975e-18
7,2025-04-05,2025-04-01,BIGTIME,5.168030355513975e-18
7,2025-04-05,2025-04-01,DRIFT,5.168030355513975e-18
7,2025-04-06,2025-04-01,XRP,5.168030355513975e-18
7,2025-04-06,2025-04-01,BTC,0.25
7,2025-04-06,2025-04-01,ETH,0.01873081642631225
7,2025-04-06,2025-04-01,SOL,5.168030355513975e-18
7,2025-04-06,2025-04-01,DOGE,5.168030355513975e-18
7,2025-04-06,2025-04-01,AERGO,5.168030355513975e-18
7,2025-04-06,2025-04-01,ADA,5.168030355513975e-18
7,2025-04-06,2025-04-01,AUCTION,0.01464813709517196
7,2025-04-06,2025-04-01,ONDO,5.168030355513975e-18
7,2025-04-06,2025-04-01,SUI,5.168030355513975e-18
7,2025-04-06,2025-04-01,VIRTUAL,5.168030355513975e-18
7,2025-04-06,2025-04-01,ARDR,0.12825551172830524
7,2025-04-06,2025-04-01,MOVE,5.168030355513975e-18
7,2025-04-06,2025-04-01,AWE,0.003778742189839214
7,2025-04-06,2025-04-01,XLM,5.168030355513975e-18
7,2025-04-06,2025-04-01,AXS,5.168030355513975e-18
7,2025-04-06,2025-04-01,SNT,0.05859727168420727
7,2025-04-06,2025-04-01,QTUM,5.168030355513975e-18
7,2025-04-06,2025-04-01,ANIME,5.168030355513975e-18
7,2025-04-06,2025-04-01,PUNDIX,5.168030355513975e-18
7,2025-04-06,2025-04-01,ARK,5.168030355513975e-18
7,2025-04-06,2025-04-01,ENS,5.168030355513975e-18
7,2025-04-06,2025-04-01,LINK,5.168030355513975e-18
7,2025-04-06,2025-04-01,CRO,5.168030355513975e-18
7,2025-04-06,2025-04-01,HBAR,5.168030355513975e-18
7,2025-04-06,2025-04-01,VANA,5.168030355513975e-18
7,2025-04-06,2025-04-01,SEI,5.168030355513975e-18
7,2025-04-06,2025-04-01,STRAX,5.168030355513975e-18
7,2025-04-06,2025-04-01,KNC,5.168030355513975e-18
7,2025-04-06,2025-04-01,ME,5.168030355513975e-18
7,2025-04-06,2025-04-01,SHIB,5.168030355513975e-18
7,2025-04-06,2025-04-01,CBK,0.07424782413292705
7,2025-04-06,2025-04-01,AQT,5.168030355513975e-18
7,2025-04-06,2025-04-01,SAFE,0.021375827674421387
7,2025-04-06,2025-04-01,GLM,0.0072604976972772016
7,2025-04-06,2025-04-01,PEPE,5.168030355513975e-18
7,2025-04-06,2025-04-01,BONK,5.168030355513975e-18
7,2025-04-06,2025-04-01,WAVES,5.168030355513975e-18
7,2025-04-06,2025-04-01,MASK,0.04167712853803193
7,2025-04-06,2025-04-01,ATH,5.168030355513975e-18
7,2025-04-06,2025-04-01,TOKAMAK,0.14193474000011558
7,2025-04-06,2025-04-01,CARV,0.013056433215746423
7,2025-04-06,2025-04-01,MEW,5.168030355513975e-18
7,2025-04-06,2025-04-01,MNT,0.22643706961764462
7,2025-04-06,2025-04-01,PYTH,5.168030355513975e-18
7,2025-04-06,2025-04-01,SONIC,5.168030355513975e-18
7,2025-04-06,2025-04-01,GAS,5.168030355513975e-18
7,2025-04-06,2025-04-01,AKT,5.168030355513975e-18
7,2025-04-06,2025-04-01,BIGTIME,5.168030355513975e-18
7,2025-04-06,2025-04-01,DRIFT,5.168030355513975e-18
7,2025-04-07,2025-04-01,XRP,5.168030355513975e-18
7,2025-04-07,2025-04-01,BTC,0.25
7,2025-04-07,2025-04-01,ETH,0.01873081642631225
7,2025-04-07,2025-04-01,SOL,5.168030355513975e-18
7,2025-04-07,2025-04-01,DOGE,5.168030355513975e-18
7,2025-04-07,2025-04-01,AERGO,5.168030355513975e-18
7,2025-04-07,2025-04-01,ADA,5.168030355513975e-18
7,2025-04-07,2025-04-01,AUCTION,0.01464813709517196
7,2025-04-07,2025-04-01,ONDO,5.168030355513975e-18
7,2025-04-07,2025-04-01,SUI,5.168030355513975e-18
7,2025-04-07,2025-04-01,VIRTUAL,5.168030355513975e-18
7,2025-04-07,2025-04-01,ARDR,0.12825551172830524
7,2025-04-07,2025-04-01,MOVE,5.168030355513975e-18
7,2025-04-07,2025-04-01,AWE,0.003778742189839214
7,2025-04-07,2025-04-01,XLM,5.168030355513975e-18
7,2025-04-07,2025-04-01,AXS,5.168030355513975e-18
7,2025-04-07,2025-04-01,SNT,0.05859727168420727
7,2025-04-07,2025-04-01,QTUM,5.168030355513975e-18
7,2025-04-07,2025-04-01,ANIME,5.168030355513975e-18
7,2025-04-07,2025-04-01,PUNDIX,5.168030355513975e-18
7,2025-04-07,2025-04-01,ARK,5.168030355513975e-18
7,2025-04-07,2025-04-01,ENS,5.168030355513975e-18
7,2025-04-07,2025-04-01,LINK,5.168030355513975e-18
7,2025-04-07,2025-04-01,CRO,5.168030355513975e-18
7,2025-04-07,2025-04-01,HBAR,5.168030355513975e-18
7,2025-04-07,2025-04-01,VANA,5.168030355513975e-18
7,2025-04-07,2025-04-01,SEI,5.168030355513975e-18
7,2025-04-07,2025-04-01,STRAX,5.168030355513975e-18
7,2025-04-07,2025-04-01,KNC,5.168030355513975e-18
7,2025-04-07,2025-04-01,ME,5.168030355513975e-18
7,2025-04-07,2025-04-01,SHIB,5.168030355513975e-18
7,2025-04-07,2025-04-01,CBK,0.07424782413292705
7,2025-04-07,2025-04-01,AQT,5.168030355513975e-18
7,2025-04-07,2025-04-01,SAFE,0.021375827674421387
7,2025-04-07,2025-04-01,GLM,0.0072604976972772016
7,2025-04-07,2025-04-01,PEPE,5.168030355513975e-18
7,2025-04-07,2025-04-01,BONK,5.168030355513975e-18
7,2025-04-07,2025-04-01,WAVES,5.168030355513975e-18
7,2025-04-07,2025-04-01,MASK,0.04167712853803193
7,2025-04-07,2025-04-01,ATH,5.168030355513975e-18
7,2025-04-07,2025-04-01,TOKAMAK,0.14193474000011558
7,2025-04-07,2025-04-01,CARV,0.013056433215746423
7,2025-04-07,2025-04-01,MEW,5.168030355513975e-18
7,2025-04-07,2025-04-01,MNT,0.22643706961764462
7,2025-04-07,2025-04-01,PYTH,5.168030355513975e-18
7,2025-04-07,2025-04-01,SONIC,5.168030355513975e-18
7,2025-04-07,2025-04-01,GAS,5.168030355513975e-18
7,2025-04-07,2025-04-01,AKT,5.168030355513975e-18
7,2025-04-07,2025-04-01,BIGTIME,5.168030355513975e-18
7,2025-04-07,2025-04-01,DRIFT,5.168030355513975e-18
7,2025-05-01,2025-05-01,XRP,3.903127820947816e-18
7,2025-05-01,2025-05-01,BTC,0.25
7,2025-05-01,2025-05-01,ETH,0.03684510958533511
7,2025-05-01,2025-05-01,SOL,3.903127820947816e-18
7,2025-05-01,2025-05-01,DOGE,3.903127820947816e-18
7,2025-05-01,2025-05-01,AERGO,0.00846951334997276
7,2025-05-01,2025-05-01,ADA,3.903127820947816e-18
7,2025-05-01,2025-05-01,AUCTION,0.016018553573433503
7,2025-05-01,2025-05-01,ONDO,3.903127820947816e-18
7,2025-05-01,2025-05-01,SUI,3.903127820947816e-18
7,2025-05-01,2025-05-01,VIRTUAL,3.903127820947816e-18
7,2025-05-01,2025-05-01,ARDR,0.011437961515455581
7,2025-05-01,2025-05-01,MOVE,3.903127820947816e-18
7,2025-05-01,2025-05-01,AWE,0.018944745382360385
7,2025-05-01,2025-05-01,XLM,0.0034302120705146347
7,2025-05-01,2025-05-01,AXS,3.903127820947816e-18
7,2025-05-01,2025-05-01,SNT,0.01695457254077024
7,2025-05-01,2025-05-01,QTUM,3.903127820947816e-18
7,2025-05-01,2025-05-01,ANIME,3.903127820947816e-18
7,2025-05-01,2025-05-01,PUNDIX,0.02900794717443925
7,2025-05-01,2025-05-01,ARK,0.0047056964248835265
7,2025-05-01,2025-05-01,ENS,3.903127820947816e-18
7,2025-05-01,2025-05-01,LINK,3.903127820947816e-18
7,2025-05-01,2025-05-01,CRO,3.903127820947816e-18
7,2025-05-01,2025-05-01,HBAR,3.903127820947816e-18
7,2025-05-01,2025-05-01,VANA,3.903127820947816e-18
7,2025-05-01,2025-05-01,SEI,3.903127820947816e-18
7,2025-05-01,2025-05-01,STRAX,0.024490050951539385
7,2025-05-01,2025-05-01,KNC,3.903127820947816e-18
7,2025-05-01,2025-05-01,ME,3.903127820947816e-18
7,2025-05-01,2025-05-01,SHIB,3.903127820947816e-18
7,2025-05-01,2025-05-01,CBK,0.05157225464318407
7,2025-05-01,2025-05-01,AQT,0.00909541786727987
7,2025-05-01,2025-05-01,SAFE,3.903127820947816e-18
7,2025-05-01,2025-05-01,GLM,3.903127820947816e-18
7,2025-05-01,2025-05-01,PEPE,3.903127820947816e-18
7,2025-05-01,2025-05-01,BONK,3.903127820947816e-18
7,2025-05-01,2025-05-01,WAVES,0.062256932451793735
7,2025-05-01,2025-05-01,MASK,0.0512023525411051
7,2025-05-01,2025-05-01,ATH,3.903127820947816e-18
7,2025-05-01,2025-05-01,TOKAMAK,0.1251388808704142
7,2025-05-01,2025-05-01,CARV,0.015372349658496558
7,2025-05-01,2025-05-01,MEW,3.903127820947816e-18
7,2025-05-01,2025-05-01,MNT,0.25
7,2025-05-01,2025-05-01,PYTH,3.903127820947816e-18
7,2025-05-01,2025-05-01,SONIC,3.903127820947816e-18
7,2025-05-01,2025-05-01,GAS,0.015057449399022121
7,2025-05-01,2025-05-01,AKT,3.903127820947816e-18
7,2025-05-01,2025-05-01,BIGTIME,3.903127820947816e-18
7,2025-05-01,2025-05-01,DRIFT,3.903127820947816e-18
7,2025-05-02,2025-05-01,XRP,3.903127820947816e-18
7,2025-05-02,2025-05-01,BTC,0.25
7,2025-05-02,2025-05-01,ETH,0.03684510958533511
7,2025-05-02,2025-05-01,SOL,3.903127820947816e-18
7,2025-05-02,2025-05-01,DOGE,3.903127820947816e-18
7,2025-05-02,2025-05-01,AERGO,0.00846951334997276
7,2025-05-02,2025-05-01,ADA,3.903127820947816e-18
7,2025-05-02,2025-05-01,AUCTION,0.016018553573433503
7,2025-05-02,2025-05-01,ONDO,3.903127820947816e-18
7,2025-05-02,2025-05-01,SUI,3.903127820947816e-18
7,2025-05-02,2025-05-01,VIRTUAL,3.903127820947816e-18
7,2025-05-02,2025-05-01,ARDR,0.011437961515455581
7,2025-05-02,2025-05-01,MOVE,3.903127820947816e-18
7,2025-05-02,2025-05-01,AWE,0.018944745382360385
7,2025-05-02,2025-05-01,XLM,0.0034302120705146347
7,2025-05-02,2025-05-01,AXS,3.903127820947816e-18
7,2025-05-02,2025-05-01,SNT,0.01695457254077024
7,2025-05-02,2025-05-01,QTUM,3.903127820947816e-18
7,2025-05-02,2025-05-01,ANIME,3.903127820947816e-18
7,2025-05-02,2025-05-01,PUNDIX,0.02900794717443925
7,2025-05-02,2025-05-01,ARK,0.0047056964248835265
7,2025-05-02,2025-05-01,ENS,3.903127820947816e-18
7,2025-05-02,2025-05-01,LINK,3.903127820947816e-18
7,2025-05-02,2025-05-01,CRO,3.903127820947816e-18
7,2025-05-02,2025-05-01,HBAR,3.903127820947816e-18
7,2025-05-02,2025-05-01,VANA,3.903127820947816e-18
7,2025-05-02,2025-05-01,SEI,3.903127820947816e-18
7,2025-05-02,2025-05-01,STRAX,0.024490050951539385
7,2025-05-02,2025-05-01,KNC,3.903127820947816e-18
7,2025-05-02,2025-05-01,ME,3.903127820947816e-18
7,2025-05-02,2025-05-01,SHIB,3.903127820947816e-18
7,2025-05-02,2025-05-01,CBK,0.05157225464318407
7,2025-05-02,2025-05-01,AQT,0.00909541786727987
7,2025-05-02,2025-05-01,SAFE,3.903127820947816e-18
7,2025-05-02,2025-05-01,GLM,3.903127820947816e-18
7,2025-05-02,2025-05-01,PEPE,3.903127820947816e-18
7,2025-05-02,2025-05-01,BONK,3.903127820947816e-18
7,2025-05-02,2025-05-01,WAVES,0.062256932451793735
7,2025-05-02,2025-05-01,MASK,0.0512023525411051
7,2025-05-02,2025-05-01,ATH,3.903127820947816e-18
7,2025-05-02,2025-05-01,TOKAMAK,0.1251388808704142
7,2025-05-02,2025-05-01,CARV,0.015372349658496558
7,2025-05-02,2025-05-01,MEW,3.903127820947816e-18
7,2025-05-02,2025-05-01,MNT,0.25
7,2025-05-02,2025-05-01,PYTH,3.903127820947816e-18
7,2025-05-02,2025-05-01,SONIC,3.903127820947816e-18
7,2025-05-02,2025-05-01,GAS,0.015057449399022121
7,2025-05-02,2025-05-01,AKT,3.903127820947816e-18
7,2025-05-02,2025-05-01,BIGTIME,3.903127820947816e-18
7,2025-05-02,2025-05-01,DRIFT,3.903127820947816e-18
7,2025-05-03,2025-05-01,XRP,3.903127820947816e-18
7,2025-05-03,2025-05-01,BTC,0.25
7,2025-05-03,2025-05-01,ETH,0.03684510958533511
7,2025-05-03,2025-05-01,SOL,3.903127820947816e-18
7,2025-05-03,2025-05-01,DOGE,3.903127820947816e-18
7,2025-05-03,2025-05-01,AERGO,0.00846951334997276
7,2025-05-03,2025-05-01,ADA,3.903127820947816e-18
7,2025-05-03,2025-05-01,AUCTION,0.016018553573433503
7,2025-05-03,2025-05-01,ONDO,3.903127820947816e-18
7,2025-05-03,2025-05-01,SUI,3.903127820947816e-18
7,2025-05-03,2025-05-01,VIRTUAL,3.903127820947816e-18
7,2025-05-03,2025-05-01,ARDR,0.011437961515455581
7,2025-05-03,2025-05-01,MOVE,3.903127820947816e-18
7,2025-05-03,2025-05-01,AWE,0.018944745382360385
7,2025-05-03,2025-05-01,XLM,0.0034302120705146347
7,2025-05-03,2025-05-01,AXS,3.903127820947816e-18
7,2025-05-03,2025-05-01,SNT,0.01695457254077024
7,2025-05-03,2025-05-01,QTUM,3.903127820947816e-18
7,2025-05-03,2025-05-01,ANIME,3.903127820947816e-18
7,2025-05-03,2025-05-01,PUNDIX,0.02900794717443925
7,2025-05-03,2025-05-01,ARK,0.0047056964248835265
7,2025-05-03,2025-05-01,ENS,3.903127820947816e-18
7,2025-05-03,2025-05-01,LINK,3.903127820947816e-18
7,2025-05-03,2025-05-01,CRO,3.903127820947816e-18
7,2025-05-03,2025-05-01,HBAR,3.903127820947816e-18
7,2025-05-03,2025-05-01,VANA,3.903127820947816e-18
7,2025-05-03,2025-05-01,SEI,3.903127820947816e-18
7,2025-05-03,2025-05-01,STRAX,0.024490050951539385
7,2025-05-03,2025-05-01,KNC,3.903127820947816e-18
7,2025-05-03,2025-05-01,ME,3.903127820947816e-18
7,2025-05-03,2025-05-01,SHIB,3.903127820947816e-18
7,2025-05-03,2025-05-01,CBK,0.05157225464318407
7,2025-05-03,2025-05-01,AQT,0.00909541786727987
7,2025-05-03,2025-05-01,SAFE,3.903127820947816e-18
7,2025-05-03,2025-05-01,GLM,3.903127820947816e-18
7,2025-05-03,2025-05-01,PEPE,3.903127820947816e-18
7,2025-05-03,2025-05-01,BONK,3.903127820947816e-18
7,2025-05-03,2025-05-01,WAVES,0.062256932451793735
7,2025-05-03,2025-05-01,MASK,0.0512023525411051
7,2025-05-03,2025-05-01,ATH,3.903127820947816e-18
7,2025-05-03,2025-05-01,TOKAMAK,0.1251388808704142
7,2025-05-03,2025-05-01,CARV,0.015372349658496558
7,2025-05-03,2025-05-01,MEW,3.903127820947816e-18
7,2025-05-03,2025-05-01,MNT,0.25
7,2025-05-03,2025-05-01,PYTH,3.903127820947816e-18
7,2025-05-03,2025-05-01,SONIC,3.903127820947816e-18
7,2025-05-03,2025-05-01,GAS,0.015057449399022121
7,2025-05-03,2025-05-01,AKT,3.903127820947816e-18
7,2025-05-03,2025-05-01,BIGTIME,3.903127820947816e-18
7,2025-05-03,2025-05-01,DRIFT,3.903127820947816e-18
7,2025-05-04,2025-05-01,XRP,3.903127820947816e-18
7,2025-05-04,2025-05-01,BTC,0.25
7,2025-05-04,2025-05-01,ETH,0.03684510958533511
7,2025-05-04,2025-05-01,SOL,3.903127820947816e-18
7,2025-05-04,2025-05-01,DOGE,3.903127820947816e-18
7,2025-05-04,2025-05-01,AERGO,0.00846951334997276
7,2025-05-04,2025-05-01,ADA,3.903127820947816e-18
7,2025-05-04,2025-05-01,AUCTION,0.016018553573433503
7,2025-05-04,2025-05-01,ONDO,3.903127820947816e-18
7,2025-05-04,2025-05-01,SUI,3.903127820947816e-18
7,2025-05-04,2025-05-01,VIRTUAL,3.903127820947816e-18
7,2025-05-04,2025-05-01,ARDR,0.011437961515455581
7,2025-05-04,2025-05-01,MOVE,3.903127820947816e-18
7,2025-05-04,2025-05-01,AWE,0.018944745382360385
7,2025-05-04,2025-05-01,XLM,0.0034302120705146347
7,2025-05-04,2025-05-01,AXS,3.903127820947816e-18
7,2025-05-04,2025-05-01,SNT,0.01695457254077024
7,2025-05-04,2025-05-01,QTUM,3.903127820947816e-18
7,2025-05-04,2025-05-01,ANIME,3.903127820947816e-18
7,2025-05-04,2025-05-01,PUNDIX,0.02900794717443925
7,2025-05-04,2025-05-01,ARK,0.0047056964248835265
7,2025-05-04,2025-05-01,ENS,3.903127820947816e-18
7,2025-05-04,2025-05-01,LINK,3.903127820947816e-18
7,2025-05-04,2025-05-01,CRO,3.903127820947816e-18
7,2025-05-04,2025-05-01,HBAR,3.903127820947816e-18
7,2025-05-04,2025-05-01,VANA,3.903127820947816e-18
7,2025-05-04,2025-05-01,SEI,3.903127820947816e-18
7,2025-05-04,2025-05-01,STRAX,0.024490050951539385
7,2025-05-04,2025-05-01,KNC,3.903127820947816e-18
7,2025-05-04,2025-05-01,ME,3.903127820947816e-18
7,2025-05-04,2025-05-01,SHIB,3.903127820947816e-18
7,2025-05-04,2025-05-01,CBK,0.05157225464318407
7,2025-05-04,2025-05-01,AQT,0.00909541786727987
7,2025-05-04,2025-05-01,SAFE,3.903127820947816e-18
7,2025-05-04,2025-05-01,GLM,3.903127820947816e-18
7,2025-05-04,2025-05-01,PEPE,3.903127820947816e-18
7,2025-05-04,2025-05-01,BONK,3.903127820947816e-18
7,2025-05-04,2025-05-01,WAVES,0.062256932451793735
7,2025-05-04,2025-05-01,MASK,0.0512023525411051
7,2025-05-04,2025-05-01,ATH,3.903127820947816e-18
7,2025-05-04,2025-05-01,TOKAMAK,0.1251388808704142
7,2025-05-04,2025-05-01,CARV,0.015372349658496558
7,2025-05-04,2025-05-01,MEW,3.903127820947816e-18
7,2025-05-04,2025-05-01,MNT,0.25
7,2025-05-04,2025-05-01,PYTH,3.903127820947816e-18
7,2025-05-04,2025-05-01,SONIC,3.903127820947816e-18
7,2025-05-04,2025-05-01,GAS,0.015057449399022121
7,2025-05-04,2025-05-01,AKT,3.903127820947816e-18
7,2025-05-04,2025-05-01,BIGTIME,3.903127820947816e-18
7,2025-05-04,2025-05-01,DRIFT,3.903127820947816e-18
7,2025-05-05,2025-05-01,XRP,3.903127820947816e-18
7,2025-05-05,2025-05-01,BTC,0.25
7,2025-05-05,2025-05-01,ETH,0.03684510958533511
7,2025-05-05,2025-05-01,SOL,3.903127820947816e-18
7,2025-05-05,2025-05-01,DOGE,3.903127820947816e-18
7,2025-05-05,2025-05-01,AERGO,0.00846951334997276
7,2025-05-05,2025-05-01,ADA,3.903127820947816e-18
7,2025-05-05,2025-05-01,AUCTION,0.016018553573433503
7,2025-05-05,2025-05-01,ONDO,3.903127820947816e-18
7,2025-05-05,2025-05-01,SUI,3.903127820947816e-18
7,2025-05-05,2025-05-01,VIRTUAL,3.903127820947816e-18
7,2025-05-05,2025-05-01,ARDR,0.011437961515455581
7,2025-05-05,2025-05-01,MOVE,3.903127820947816e-18
7,2025-05-05,2025-05-01,AWE,0.018944745382360385
7,2025-05-05,2025-05-01,XLM,0.0034302120705146347
7,2025-05-05,2025-05-01,AXS,3.903127820947816e-18
7,2025-05-05,2025-05-01,SNT,0.01695457254077024
7,2025-05-05,2025-05-01,QTUM,3.903127820947816e-18
7,2025-05-05,2025-05-01,ANIME,3.903127820947816e-18
7,2025-05-05,2025-05-01,PUNDIX,0.02900794717443925
7,2025-05-05,2025-05-01,ARK,0.0047056964248835265
7,2025-05-05,2025-05-01,ENS,3.903127820947816e-18
7,2025-05-05,2025-05-01,LINK,3.903127820947816e-18
7,2025-05-05,2025-05-01,CRO,3.903127820947816e-18
7,2025-05-05,2025-05-01,HBAR,3.903127820947816e-18
7,2025-05-05,2025-05-01,VANA,3.903127820947816e-18
7,2025-05-05,2025-05-01,SEI,3.903127820947816e-18
7,2025-05-05,2025-05-01,STRAX,0.024490050951539385
7,2025-05-05,2025-05-01,KNC,3.903127820947816e-18
7,2025-05-05,2025-05-01,ME,3.903127820947816e-18
7,2025-05-05,2025-05-01,SHIB,3.903127820947816e-18
7,2025-05-05,2025-05-01,CBK,0.05157225464318407
7,2025-05-05,2025-05-01,AQT,0.00909541786727987
7,2025-05-05,2025-05-01,SAFE,3.903127820947816e-18
7,2025-05-05,2025-05-01,GLM,3.903127820947816e-18
7,2025-05-05,2025-05-01,PEPE,3.903127820947816e-18
7,2025-05-05,2025-05-01,BONK,3.903127820947816e-18
7,2025-05-05,2025-05-01,WAVES,0.062256932451793735
7,2025-05-05,2025-05-01,MASK,0.0512023525411051
7,2025-05-05,2025-05-01,ATH,3.903127820947816e-18
7,2025-05-05,2025-05-01,TOKAMAK,0.1251388808704142
7,2025-05-05,2025-05-01,CARV,0.015372349658496558
7,2025-05-05,2025-05-01,MEW,3.903127820947816e-18
7,2025-05-05,2025-05-01,MNT,0.25
7,2025-05-05,2025-05-01,PYTH,3.903127820947816e-18
7,2025-05-05,2025-05-01,SONIC,3.903127820947816e-18
7,2025-05-05,2025-05-01,GAS,0.015057449399022121
7,2025-05-05,2025-05-01,AKT,3.903127820947816e-18
7,2025-05-05,2025-05-01,BIGTIME,3.903127820947816e-18
7,2025-05-05,2025-05-01,DRIFT,3.903127820947816e-18
7,2025-05-06,2025-05-01,XRP,3.903127820947816e-18
7,2025-05-06,2025-05-01,BTC,0.25
7,2025-05-06,2025-05-01,ETH,0.03684510958533511
7,2025-05-06,2025-05-01,SOL,3.903127820947816e-18
7,2025-05-06,2025-05-01,DOGE,3.903127820947816e-18
7,2025-05-06,2025-05-01,AERGO,0.00846951334997276
7,2025-05-06,2025-05-01,ADA,3.903127820947816e-18
7,2025-05-06,2025-05-01,AUCTION,0.016018553573433503
7,2025-05-06,2025-05-01,ONDO,3.903127820947816e-18
7,2025-05-06,2025-05-01,SUI,3.903127820947816e-18
7,2025-05-06,2025-05-01,VIRTUAL,3.903127820947816e-18
7,2025-05-06,2025-05-01,ARDR,0.011437961515455581
7,2025-05-06,2025-05-01,MOVE,3.903127820947816e-18
7,2025-05-06,2025-05-01,AWE,0.018944745382360385
7,2025-05-06,2025-05-01,XLM,0.0034302120705146347
7,2025-05-06,2025-05-01,AXS,3.903127820947816e-18
7,2025-05-06,2025-05-01,SNT,0.01695457254077024
7,2025-05-06,2025-05-01,QTUM,3.903127820947816e-18
7,2025-05-06,2025-05-01,ANIME,3.903127820947816e-18
7,2025-05-06,2025-05-01,PUNDIX,0.02900794717443925
7,2025-05-06,2025-05-01,ARK,0.0047056964248835265
7,2025-05-06,2025-05-01,ENS,3.903127820947816e-18
7,2025-05-06,2025-05-01,LINK,3.903127820947816e-18
7,2025-05-06,2025-05-01,CRO,3.903127820947816e-18
7,2025-05-06,2025-05-01,HBAR,3.903127820947816e-18
7,2025-05-06,2025-05-01,VANA,3.903127820947816e-18
7,2025-05-06,2025-05-01,SEI,3.903127820947816e-18
7,2025-05-06,2025-05-01,STRAX,0.024490050951539385
7,2025-05-06,2025-05-01,KNC,3.903127820947816e-18
7,2025-05-06,2025-05-01,ME,3.903127820947816e-18
7,2025-05-06,2025-05-01,SHIB,3.903127820947816e-18
7,2025-05-06,2025-05-01,CBK,0.05157225464318407
7,2025-05-06,2025-05-01,AQT,0.00909541786727987
7,2025-05-06,2025-05-01,SAFE,3.903127820947816e-18
7,2025-05-06,2025-05-01,GLM,3.903127820947816e-18
7,2025-05-06,2025-05-01,PEPE,3.903127820947816e-18
7,2025-05-06,2025-05-01,BONK,3.903127820947816e-18
7,2025-05-06,2025-05-01,WAVES,0.062256932451793735
7,2025-05-06,2025-05-01,MASK,0.0512023525411051
7,2025-05-06,2025-05-01,ATH,3.903127820947816e-18
7,2025-05-06,2025-05-01,TOKAMAK,0.1251388808704142
7,2025-05-06,2025-05-01,CARV,0.015372349658496558
7,2025-05-06,2025-05-01,MEW,3.903127820947816e-18
7,2025-05-06,2025-05-01,MNT,0.25
7,2025-05-06,2025-05-01,PYTH,3.903127820947816e-18
7,2025-05-06,2025-05-01,SONIC,3.903127820947816e-18
7,2025-05-06,2025-05-01,GAS,0.015057449399022121
7,2025-05-06,2025-05-01,AKT,3.903127820947816e-18
7,2025-05-06,2025-05-01,BIGTIME,3.903127820947816e-18
7,2025-05-06,2025-05-01,DRIFT,3.903127820947816e-18
7,2025-05-07,2025-05-01,XRP,3.903127820947816e-18
7,2025-05-07,2025-05-01,BTC,0.25
7,2025-05-07,2025-05-01,ETH,0.03684510958533511
7,2025-05-07,2025-05-01,SOL,3.903127820947816e-18
7,2025-05-07,2025-05-01,DOGE,3.903127820947816e-18
7,2025-05-07,2025-05-01,AERGO,0.00846951334997276
7,2025-05-07,2025-05-01,ADA,3.903127820947816e-18
7,2025-05-07,2025-05-01,AUCTION,0.016018553573433503
7,2025-05-07,2025-05-01,ONDO,3.903127820947816e-18
7,2025-05-07,2025-05-01,SUI,3.903127820947816e-18
7,2025-05-07,2025-05-01,VIRTUAL,3.903127820947816e-18
7,2025-05-07,2025-05-01,ARDR,0.011437961515455581
7,2025-05-07,2025-05-01,MOVE,3.903127820947816e-18
7,2025-05-07,2025-05-01,AWE,0.018944745382360385
7,2025-05-07,2025-05-01,XLM,0.0034302120705146347
7,2025-05-07,2025-05-01,AXS,3.903127820947816e-18
7,2025-05-07,2025-05-01,SNT,0.01695457254077024
7,2025-05-07,2025-05-01,QTUM,3.903127820947816e-18
7,2025-05-07,2025-05-01,ANIME,3.903127820947816e-18
7,2025-05-07,2025-05-01,PUNDIX,0.02900794717443925
7,2025-05-07,2025-05-01,ARK,0.0047056964248835265
7,2025-05-07,2025-05-01,ENS,3.903127820947816e-18
7,2025-05-07,2025-05-01,LINK,3.903127820947816e-18
7,2025-05-07,2025-05-01,CRO,3.903127820947816e-18
7,2025-05-07,2025-05-01,HBAR,3.903127820947816e-18
7,2025-05-07,2025-05-01,VANA,3.903127820947816e-18
7,2025-05-07,2025-05-01,SEI,3.903127820947816e-18
7,2025-05-07,2025-05-01,STRAX,0.024490050951539385
7,2025-05-07,2025-05-01,KNC,3.903127820947816e-18
7,2025-05-07,2025-05-01,ME,3.903127820947816e-18
7,2025-05-07,2025-05-01,SHIB,3.903127820947816e-18
7,2025-05-07,2025-05-01,CBK,0.05157225464318407
7,2025-05-07,2025-05-01,AQT,0.00909541786727987
7,2025-05-07,2025-05-01,SAFE,3.903127820947816e-18
7,2025-05-07,2025-05-01,GLM,3.903127820947816e-18
7,2025-05-07,2025-05-01,PEPE,3.903127820947816e-18
7,2025-05-07,2025-05-01,BONK,3.903127820947816e-18
7,2025-05-07,2025-05-01,WAVES,0.062256932451793735
7,2025-05-07,2025-05-01,MASK,0.0512023525411051
7,2025-05-07,2025-05-01,ATH,3.903127820947816e-18
7,2025-05-07,2025-05-01,TOKAMAK,0.1251388808704142
7,2025-05-07,2025-05-01,CARV,0.015372349658496558
7,2025-05-07,2025-05-01,MEW,3.903127820947816e-18
7,2025-05-07,2025-05-01,MNT,0.25
7,2025-05-07,2025-05-01,PYTH,3.903127820947816e-18
7,2025-05-07,2025-05-01,SONIC,3.903127820947816e-18
7,2025-05-07,2025-05-01,GAS,0.015057449399022121
7,2025-05-07,2025-05-01,AKT,3.903127820947816e-18
7,2025-05-07,2025-05-01,BIGTIME,3.903127820947816e-18
7,2025-05-07,2025-05-01,DRIFT,3.903127820947816e-18
7,2025-06-01,2025-06-01,XRP,0.10208088339906267
7,2025-06-01,2025-06-01,BTC,0.25
7,2025-06-01,2025-06-01,ETH,3.903127820947816e-18
7,2025-06-01,2025-06-01,SOL,3.903127820947816e-18
7,2025-06-01,2025-06-01,DOGE,3.903127820947816e-18
7,2025-06-01,2025-06-01,AERGO,0.00040391937663083414
7,2025-06-01,2025-06-01,ADA,3.903127820947816e-18
7,2025-06-01,2025-06-01,AUCTION,3.903127820947816e-18
7,2025-06-01,2025-06-01,ONDO,3.903127820947816e-18
7,2025-06-01,2025-06-01,SUI,3.903127820947816e-18
7,2025-06-01,2025-06-01,VIRTUAL,3.903127820947816e-18
7,2025-06-01,2025-06-01,ARDR,0.02322052369476364
7,2025-06-01,2025-06-01,MOVE,3.903127820947816e-18
7,2025-06-01,2025-06-01,AWE,0.012665354640968516
7,2025-06-01,2025-06-01,XLM,3.903127820947816e-18
7,2025-06-01,2025-06-01,AXS,3.903127820947816e-18
7,2025-06-01,2025-06-01,SNT,0.0033245585799528896
7,2025-06-01,2025-06-01,QTUM,3.903127820947816e-18
7,2025-06-01,2025-06-01,ANIME,3.903127820947816e-18
7,2025-06-01,2025-06-01,PUNDIX,0.004768503149526438
7,2025-06-01,2025-06-01,ARK,3.903127820947816e-18
7,2025-06-01,2025-06-01,ENS,3.903127820947816e-18
7,2025-06-01,2025-06-01,LINK,3.903127820947816e-18
7,2025-06-01,2025-06-01,CRO,0.03518598173020706
7,2025-06-01,2025-06-01,HBAR,3.903127820947816e-18
7,2025-06-01,2025-06-01,VANA,3.903127820947816e-18
7,2025-06-01,2025-06-01,SEI,3.903127820947816e-18
7,2025-06-01,2025-06-01,STRAX,0.028185008704692895
7,2025-06-01,2025-06-01,KNC,3.903127820947816e-18
7,2025-06-01,2025-06-01,ME,3.903127820947816e-18
7,2025-06-01,2025-06-01,SHIB,3.903127820947816e-18
7,2025-06-01,2025-06-01,CBK,0.1893823800557252
7,2025-06-01,2025-06-01,AQT,0.06295262969580578
7,2025-06-01,2025-06-01,SAFE,3.903127820947816e-18
7,2025-06-01,2025-06-01,GLM,3.903127820947816e-18
7,2025-06-01,2025-06-01,PEPE,3.903127820947816e-18
7,2025-06-01,2025-06-01,BONK,3.903127820947816e-18
7,2025-06-01,2025-06-01,WAVES,3.903127820947816e-18
7,2025-06-01,2025-06-01,MASK,0.005970529068193083
7,2025-06-01,2025-06-01,ATH,3.903127820947816e-18
7,2025-06-01,2025-06-01,TOKAMAK,0.13095638400336762
7,2025-06-01,2025-06-01,CARV,3.903127820947816e-18
7,2025-06-01,2025-06-01,MEW,3.903127820947816e-18
7,2025-06-01,2025-06-01,MNT,0.1509033439011034
7,2025-06-01,2025-06-01,PYTH,3.903127820947816e-18
7,2025-06-01,2025-06-01,SONIC,3.903127820947816e-18
7,2025-06-01,2025-06-01,GAS,3.903127820947816e-18
7,2025-06-01,2025-06-01,AKT,3.903127820947816e-18
7,2025-06-01,2025-06-01,BIGTIME,3.903127820947816e-18
7,2025-06-01,2025-06-01,DRIFT,3.903127820947816e-18
7,2025-06-02,2025-06-01,XRP,0.10208088339906267
7,2025-06-02,2025-06-01,BTC,0.25
7,2025-06-02,2025-06-01,ETH,3.903127820947816e-18
7,2025-06-02,2025-06-01,SOL,3.903127820947816e-18
7,2025-06-02,2025-06-01,DOGE,3.903127820947816e-18
7,2025-06-02,2025-06-01,AERGO,0.00040391937663083414
7,2025-06-02,2025-06-01,ADA,3.903127820947816e-18
7,2025-06-02,2025-06-01,AUCTION,3.903127820947816e-18
7,2025-06-02,2025-06-01,ONDO,3.903127820947816e-18
7,2025-06-02,2025-06-01,SUI,3.903127820947816e-18
7,2025-06-02,2025-06-01,VIRTUAL,3.903127820947816e-18
7,2025-06-02,2025-06-01,ARDR,0.02322052369476364
7,2025-06-02,2025-06-01,MOVE,3.903127820947816e-18
7,2025-06-02,2025-06-01,AWE,0.012665354640968516
7,2025-06-02,2025-06-01,XLM,3.903127820947816e-18
7,2025-06-02,2025-06-01,AXS,3.903127820947816e-18
7,2025-06-02,2025-06-01,SNT,0.0033245585799528896
7,2025-06-02,2025-06-01,QTUM,3.903127820947816e-18
7,2025-06-02,2025-06-01,ANIME,3.903127820947816e-18
7,2025-06-02,2025-06-01,PUNDIX,0.004768503149526438
7,2025-06-02,2025-06-01,ARK,3.903127820947816e-18
7,2025-06-02,2025-06-01,ENS,3.903127820947816e-18
7,2025-06-02,2025-06-01,LINK,3.903127820947816e-18
7,2025-06-02,2025-06-01,CRO,0.03518598173020706
7,2025-06-02,2025-06-01,HBAR,3.903127820947816e-18
7,2025-06-02,2025-06-01,VANA,3.903127820947816e-18
7,2025-06-02,2025-06-01,SEI,3.903127820947816e-18
7,2025-06-02,2025-06-01,STRAX,0.028185008704692895
7,2025-06-02,2025-06-01,KNC,3.903127820947816e-18
7,2025-06-02,2025-06-01,ME,3.903127820947816e-18
7,2025-06-02,2025-06-01,SHIB,3.903127820947816e-18
7,2025-06-02,2025-06-01,CBK,0.1893823800557252
7,2025-06-02,2025-06-01,AQT,0.06295262969580578
7,2025-06-02,2025-06-01,SAFE,3.903127820947816e-18
7,2025-06-02,2025-06-01,GLM,3.903127820947816e-18
7,2025-06-02,2025-06-01,PEPE,3.903127820947816e-18
7,2025-06-02,2025-06-01,BONK,3.903127820947816e-18
7,2025-06-02,2025-06-01,WAVES,3.903127820947816e-18
7,2025-06-02,2025-06-01,MASK,0.005970529068193083
7,2025-06-02,2025-06-01,ATH,3.903127820947816e-18
7,2025-06-02,2025-06-01,TOKAMAK,0.13095638400336762
7,2025-06-02,2025-06-01,CARV,3.903127820947816e-18
7,2025-06-02,2025-06-01,MEW,3.903127820947816e-18
7,2025-06-02,2025-06-01,MNT,0.1509033439011034
7,2025-06-02,2025-06-01,PYTH,3.903127820947816e-18
7,2025-06-02,2025-06-01,SONIC,3.903127820947816e-18
7,2025-06-02,2025-06-01,GAS,3.903127820947816e-18
7,2025-06-02,2025-06-01,AKT,3.903127820947816e-18
7,2025-06-02,2025-06-01,BIGTIME,3.903127820947816e-18
7,2025-06-02,2025-06-01,DRIFT,3.903127820947816e-18
7,2025-06-03,2025-06-01,XRP,0.10208088339906267
7,2025-06-03,2025-06-01,BTC,0.25
7,2025-06-03,2025-06-01,ETH,3.903127820947816e-18
7,2025-06-03,2025-06-01,SOL,3.903127820947816e-18
7,2025-06-03,2025-06-01,DOGE,3.903127820947816e-18
7,2025-06-03,2025-06-01,AERGO,0.00040391937663083414
7,2025-06-03,2025-06-01,ADA,3.903127820947816e-18
7,2025-06-03,2025-06-01,AUCTION,3.903127820947816e-18
7,2025-06-03,2025-06-01,ONDO,3.903127820947816e-18
7,2025-06-03,2025-06-01,SUI,3.903127820947816e-18
7,2025-06-03,2025-06-01,VIRTUAL,3.903127820947816e-18
7,2025-06-03,2025-06-01,ARDR,0.02322052369476364
7,2025-06-03,2025-06-01,MOVE,3.903127820947816e-18
7,2025-06-03,2025-06-01,AWE,0.012665354640968516
7,2025-06-03,2025-06-01,XLM,3.903127820947816e-18
7,2025-06-03,2025-06-01,AXS,3.903127820947816e-18
7,2025-06-03,2025-06-01,SNT,0.0033245585799528896
7,2025-06-03,2025-06-01,QTUM,3.903127820947816e-18
7,2025-06-03,2025-06-01,ANIME,3.903127820947816e-18
7,2025-06-03,2025-06-01,PUNDIX,0.004768503149526438
7,2025-06-03,2025-06-01,ARK,3.903127820947816e-18
7,2025-06-03,2025-06-01,ENS,3.903127820947816e-18
7,2025-06-03,2025-06-01,LINK,3.903127820947816e-18
7,2025-06-03,2025-06-01,CRO,0.03518598173020706
7,2025-06-03,2025-06-01,HBAR,3.903127820947816e-18
7,2025-06-03,2025-06-01,VANA,3.903127820947816e-18
7,2025-06-03,2025-06-01,SEI,3.903127820947816e-18
7,2025-06-03,2025-06-01,STRAX,0.028185008704692895
7,2025-06-03,2025-06-01,KNC,3.903127820947816e-18
7,2025-06-03,2025-06-01,ME,3.903127820947816e-18
7,2025-06-03,2025-06-01,SHIB,3.903127820947816e-18
7,2025-06-03,2025-06-01,CBK,0.1893823800557252
7,2025-06-03,2025-06-01,AQT,0.06295262969580578
7,2025-06-03,2025-06-01,SAFE,3.903127820947816e-18
7,2025-06-03,2025-06-01,GLM,3.903127820947816e-18
7,2025-06-03,2025-06-01,PEPE,3.903127820947816e-18
7,2025-06-03,2025-06-01,BONK,3.903127820947816e-18
7,2025-06-03,2025-06-01,WAVES,3.903127820947816e-18
7,2025-06-03,2025-06-01,MASK,0.005970529068193083
7,2025-06-03,2025-06-01,ATH,3.903127820947816e-18
7,2025-06-03,2025-06-01,TOKAMAK,0.13095638400336762
7,2025-06-03,2025-06-01,CARV,3.903127820947816e-18
7,2025-06-03,2025-06-01,MEW,3.903127820947816e-18
7,2025-06-03,2025-06-01,MNT,0.1509033439011034
7,2025-06-03,2025-06-01,PYTH,3.903127820947816e-18
7,2025-06-03,2025-06-01,SONIC,3.903127820947816e-18
7,2025-06-03,2025-06-01,GAS,3.903127820947816e-18
7,2025-06-03,2025-06-01,AKT,3.903127820947816e-18
7,2025-06-03,2025-06-01,BIGTIME,3.903127820947816e-18
7,2025-06-03,2025-06-01,DRIFT,3.903127820947816e-18
7,2025-06-04,2025-06-01,XRP,0.10208088339906267
7,2025-06-04,2025-06-01,BTC,0.25
7,2025-06-04,2025-06-01,ETH,3.903127820947816e-18
7,2025-06-04,2025-06-01,SOL,3.903127820947816e-18
7,2025-06-04,2025-06-01,DOGE,3.903127820947816e-18
7,2025-06-04,2025-06-01,AERGO,0.00040391937663083414
7,2025-06-04,2025-06-01,ADA,3.903127820947816e-18
7,2025-06-04,2025-06-01,AUCTION,3.903127820947816e-18
7,2025-06-04,2025-06-01,ONDO,3.903127820947816e-18
7,2025-06-04,2025-06-01,SUI,3.903127820947816e-18
7,2025-06-04,2025-06-01,VIRTUAL,3.903127820947816e-18
7,2025-06-04,2025-06-01,ARDR,0.02322052369476364
7,2025-06-04,2025-06-01,MOVE,3.903127820947816e-18
7,2025-06-04,2025-06-01,AWE,0.012665354640968516
7,2025-06-04,2025-06-01,XLM,3.903127820947816e-18
7,2025-06-04,2025-06-01,AXS,3.903127820947816e-18
7,2025-06-04,2025-06-01,SNT,0.0033245585799528896
7,2025-06-04,2025-06-01,QTUM,3.903127820947816e-18
7,2025-06-04,2025-06-01,ANIME,3.903127820947816e-18
7,2025-06-04,2025-06-01,PUNDIX,0.004768503149526438
7,2025-06-04,2025-06-01,ARK,3.903127820947816e-18
7,2025-06-04,2025-06-01,ENS,3.903127820947816e-18
7,2025-06-04,2025-06-01,LINK,3.903127820947816e-18
7,2025-06-04,2025-06-01,CRO,0.03518598173020706
7,2025-06-04,2025-06-01,HBAR,3.903127820947816e-18
7,2025-06-04,2025-06-01,VANA,3.903127820947816e-18
7,2025-06-04,2025-06-01,SEI,3.903127820947816e-18
7,2025-06-04,2025-06-01,STRAX,0.028185008704692895
7,2025-06-04,2025-06-01,KNC,3.903127820947816e-18
7,2025-06-04,2025-06-01,ME,3.903127820947816e-18
7,2025-06-04,2025-06-01,SHIB,3.903127820947816e-18
7,2025-06-04,2025-06-01,CBK,0.1893823800557252
7,2025-06-04,2025-06-01,AQT,0.06295262969580578
7,2025-06-04,2025-06-01,SAFE,3.903127820947816e-18
7,2025-06-04,2025-06-01,GLM,3.903127820947816e-18
7,2025-06-04,2025-06-01,PEPE,3.903127820947816e-18
7,2025-06-04,2025-06-01,BONK,3.903127820947816e-18
7,2025-06-04,2025-06-01,WAVES,3.903127820947816e-18
7,2025-06-04,2025-06-01,MASK,0.005970529068193083
7,2025-06-04,2025-06-01,ATH,3.903127820947816e-18
7,2025-06-04,2025-06-01,TOKAMAK,0.13095638400336762
7,2025-06-04,2025-06-01,CARV,3.903127820947816e-18
7,2025-06-04,2025-06-01,MEW,3.903127820947816e-18
7,2025-06-04,2025-06-01,MNT,0.1509033439011034
7,2025-06-04,2025-06-01,PYTH,3.903127820947816e-18
7,2025-06-04,2025-06-01,SONIC,3.903127820947816e-18
7,2025-06-04,2025-06-01,GAS,3.903127820947816e-18
7,2025-06-04,2025-06-01,AKT,3.903127820947816e-18
7,2025-06-04,2025-06-01,BIGTIME,3.903127820947816e-18
7,2025-06-04,2025-06-01,DRIFT,3.903127820947816e-18
7,2025-06-05,2025-06-01,XRP,0.10208088339906267
7,2025-06-05,2025-06-01,BTC,0.25
7,2025-06-05,2025-06-01,ETH,3.903127820947816e-18
7,2025-06-05,2025-06-01,SOL,3.903127820947816e-18
7,2025-06-05,2025-06-01,DOGE,3.903127820947816e-18
7,2025-06-05,2025-06-01,AERGO,0.00040391937663083414
7,2025-06-05,2025-06-01,ADA,3.903127820947816e-18
7,2025-06-05,2025-06-01,AUCTION,3.903127820947816e-18
7,2025-06-05,2025-06-01,ONDO,3.903127820947816e-18
7,2025-06-05,2025-06-01,SUI,3.903127820947816e-18
7,2025-06-05,2025-06-01,VIRTUAL,3.903127820947816e-18
7,2025-06-05,2025-06-01,ARDR,0.02322052369476364
7,2025-06-05,2025-06-01,MOVE,3.903127820947816e-18
7,2025-06-05,2025-06-01,AWE,0.012665354640968516
7,2025-06-05,2025-06-01,XLM,3.903127820947816e-18
7,2025-06-05,2025-06-01,AXS,3.903127820947816e-18
7,2025-06-05,2025-06-01,SNT,0.0033245585799528896
7,2025-06-05,2025-06-01,QTUM,3.903127820947816e-18
7,2025-06-05,2025-06-01,ANIME,3.903127820947816e-18
7,2025-06-05,2025-06-01,PUNDIX,0.004768503149526438
7,2025-06-05,2025-06-01,ARK,3.903127820947816e-18
7,2025-06-05,2025-06-01,ENS,3.903127820947816e-18
7,2025-06-05,2025-06-01,LINK,3.903127820947816e-18
7,2025-06-05,2025-06-01,CRO,0.03518598173020706
7,2025-06-05,2025-06-01,HBAR,3.903127820947816e-18
7,2025-06-05,2025-06-01,VANA,3.903127820947816e-18
7,2025-06-05,2025-06-01,SEI,3.903127820947816e-18
7,2025-06-05,2025-06-01,STRAX,0.028185008704692895
7,2025-06-05,2025-06-01,KNC,3.903127820947816e-18
7,2025-06-05,2025-06-01,ME,3.903127820947816e-18
7,2025-06-05,2025-06-01,SHIB,3.903127820947816e-18
7,2025-06-05,2025-06-01,CBK,0.1893823800557252
7,2025-06-05,2025-06-01,AQT,0.06295262969580578
7,2025-06-05,2025-06-01,SAFE,3.903127820947816e-18
7,2025-06-05,2025-06-01,GLM,3.903127820947816e-18
7,2025-06-05,2025-06-01,PEPE,3.903127820947816e-18
7,2025-06-05,2025-06-01,BONK,3.903127820947816e-18
7,2025-06-05,2025-06-01,WAVES,3.903127820947816e-18
7,2025-06-05,2025-06-01,MASK,0.005970529068193083
7,2025-06-05,2025-06-01,ATH,3.903127820947816e-18
7,2025-06-05,2025-06-01,TOKAMAK,0.13095638400336762
7,2025-06-05,2025-06-01,CARV,3.903127820947816e-18
7,2025-06-05,2025-06-01,MEW,3.903127820947816e-18
7,2025-06-05,2025-06-01,MNT,0.1509033439011034
7,2025-06-05,2025-06-01,PYTH,3.903127820947816e-18
7,2025-06-05,2025-06-01,SONIC,3.903127820947816e-18
7,2025-06-05,2025-06-01,GAS,3.903127820947816e-18
7,2025-06-05,2025-06-01,AKT,3.903127820947816e-18
7,2025-06-05,2025-06-01,BIGTIME,3.903127820947816e-18
7,2025-06-05,2025-06-01,DRIFT,3.903127820947816e-18
7,2025-06-06,2025-06-01,XRP,0.10208088339906267
7,2025-06-06,2025-06-01,BTC,0.25
7,2025-06-06,2025-06-01,ETH,3.903127820947816e-18
7,2025-06-06,2025-06-01,SOL,3.903127820947816e-18
7,2025-06-06,2025-06-01,DOGE,3.903127820947816e-18
7,2025-06-06,2025-06-01,AERGO,0.00040391937663083414
7,2025-06-06,2025-06-01,ADA,3.903127820947816e-18
7,2025-06-06,2025-06-01,AUCTION,3.903127820947816e-18
7,2025-06-06,2025-06-01,ONDO,3.903127820947816e-18
7,2025-06-06,2025-06-01,SUI,3.903127820947816e-18
7,2025-06-06,2025-06-01,VIRTUAL,3.903127820947816e-18
7,2025-06-06,2025-06-01,ARDR,0.02322052369476364
7,2025-06-06,2025-06-01,MOVE,3.903127820947816e-18
7,2025-06-06,2025-06-01,AWE,0.012665354640968516
7,2025-06-06,2025-06-01,XLM,3.903127820947816e-18
7,2025-06-06,2025-06-01,AXS,3.903127820947816e-18
7,2025-06-06,2025-06-01,SNT,0.0033245585799528896
7,2025-06-06,2025-06-01,QTUM,3.903127820947816e-18
7,2025-06-06,2025-06-01,ANIME,3.903127820947816e-18
7,2025-06-06,2025-06-01,PUNDIX,0.004768503149526438
7,2025-06-06,2025-06-01,ARK,3.903127820947816e-18
7,2025-06-06,2025-06-01,ENS,3.903127820947816e-18
7,2025-06-06,2025-06-01,LINK,3.903127820947816e-18
7,2025-06-06,2025-06-01,CRO,0.03518598173020706
7,2025-06-06,2025-06-01,HBAR,3.903127820947816e-18
7,2025-06-06,2025-06-01,VANA,3.903127820947816e-18
7,2025-06-06,2025-06-01,SEI,3.903127820947816e-18
7,2025-06-06,2025-06-01,STRAX,0.028185008704692895
7,2025-06-06,2025-06-01,KNC,3.903127820947816e-18
7,2025-06-06,2025-06-01,ME,3.903127820947816e-18
7,2025-06-06,2025-06-01,SHIB,3.903127820947816e-18
7,2025-06-06,2025-06-01,CBK,0.1893823800557252
7,2025-06-06,2025-06-01,AQT,0.06295262969580578
7,2025-06-06,2025-06-01,SAFE,3.903127820947816e-18
7,2025-06-06,2025-06-01,GLM,3.903127820947816e-18
7,2025-06-06,2025-06-01,PEPE,3.903127820947816e-18
7,2025-06-06,2025-06-01,BONK,3.903127820947816e-18
7,2025-06-06,2025-06-01,WAVES,3.903127820947816e-18
7,2025-06-06,2025-06-01,MASK,0.005970529068193083
7,2025-06-06,2025-06-01,ATH,3.903127820947816e-18
7,2025-06-06,2025-06-01,TOKAMAK,0.13095638400336762
7,2025-06-06,2025-06-01,CARV,3.903127820947816e-18
7,2025-06-06,2025-06-01,MEW,3.903127820947816e-18
7,2025-06-06,2025-06-01,MNT,0.1509033439011034
7,2025-06-06,2025-06-01,PYTH,3.903127820947816e-18
7,2025-06-06,2025-06-01,SONIC,3.903127820947816e-18
7,2025-06-06,2025-06-01,GAS,3.903127820947816e-18
7,2025-06-06,2025-06-01,AKT,3.903127820947816e-18
7,2025-06-06,2025-06-01,BIGTIME,3.903127820947816e-18
7,2025-06-06,2025-06-01,DRIFT,3.903127820947816e-18
7,2025-06-07,2025-06-01,XRP,0.10208088339906267
7,2025-06-07,2025-06-01,BTC,0.25
7,2025-06-07,2025-06-01,ETH,3.903127820947816e-18
7,2025-06-07,2025-06-01,SOL,3.903127820947816e-18
7,2025-06-07,2025-06-01,DOGE,3.903127820947816e-18
7,2025-06-07,2025-06-01,AERGO,0.00040391937663083414
7,2025-06-07,2025-06-01,ADA,3.903127820947816e-18
7,2025-06-07,2025-06-01,AUCTION,3.903127820947816e-18
7,2025-06-07,2025-06-01,ONDO,3.903127820947816e-18
7,2025-06-07,2025-06-01,SUI,3.903127820947816e-18
7,2025-06-07,2025-06-01,VIRTUAL,3.903127820947816e-18
7,2025-06-07,2025-06-01,ARDR,0.02322052369476364
7,2025-06-07,2025-06-01,MOVE,3.903127820947816e-18
7,2025-06-07,2025-06-01,AWE,0.012665354640968516
7,2025-06-07,2025-06-01,XLM,3.903127820947816e-18
7,2025-06-07,2025-06-01,AXS,3.903127820947816e-18
7,2025-06-07,2025-06-01,SNT,0.0033245585799528896
7,2025-06-07,2025-06-01,QTUM,3.903127820947816e-18
7,2025-06-07,2025-06-01,ANIME,3.903127820947816e-18
7,2025-06-07,2025-06-01,PUNDIX,0.004768503149526438
7,2025-06-07,2025-06-01,ARK,3.903127820947816e-18
7,2025-06-07,2025-06-01,ENS,3.903127820947816e-18
7,2025-06-07,2025-06-01,LINK,3.903127820947816e-18
7,2025-06-07,2025-06-01,CRO,0.03518598173020706
7,2025-06-07,2025-06-01,HBAR,3.903127820947816e-18
7,2025-06-07,2025-06-01,VANA,3.903127820947816e-18
7,2025-06-07,2025-06-01,SEI,3.903127820947816e-18
7,2025-06-07,2025-06-01,STRAX,0.028185008704692895
7,2025-06-07,2025-06-01,KNC,3.903127820947816e-18
7,2025-06-07,2025-06-01,ME,3.903127820947816e-18
7,2025-06-07,2025-06-01,SHIB,3.903127820947816e-18
7,2025-06-07,2025-06-01,CBK,0.1893823800557252
7,2025-06-07,2025-06-01,AQT,0.06295262969580578
7,2025-06-07,2025-06-01,SAFE,3.903127820947816e-18
7,2025-06-07,2025-06-01,GLM,3.903127820947816e-18
7,2025-06-07,2025-06-01,PEPE,3.903127820947816e-18
7,2025-06-07,2025-06-01,BONK,3.903127820947816e-18
7,2025-06-07,2025-06-01,WAVES,3.903127820947816e-18
7,2025-06-07,2025-06-01,MASK,0.005970529068193083
7,2025-06-07,2025-06-01,ATH,3.903127820947816e-18
7,2025-06-07,2025-06-01,TOKAMAK,0.13095638400336762
7,2025-06-07,2025-06-01,CARV,3.903127820947816e-18
7,2025-06-07,2025-06-01,MEW,3.903127820947816e-18
7,2025-06-07,2025-06-01,MNT,0.1509033439011034
7,2025-06-07,2025-06-01,PYTH,3.903127820947816e-18
7,2025-06-07,2025-06-01,SONIC,3.903127820947816e-18
7,2025-06-07,2025-06-01,GAS,3.903127820947816e-18
7,2025-06-07,2025-06-01,AKT,3.903127820947816e-18
7,2025-06-07,2025-06-01,BIGTIME,3.903127820947816e-18
7,2025-06-07,2025-06-01,DRIFT,3.903127820947816e-18
7,2025-07-01,2025-07-01,XRP,0.02914938108990082
7,2025-07-01,2025-07-01,BTC,0.25
7,2025-07-01,2025-07-01,ETH,3.469446951953614e-18
7,2025-07-01,2025-07-01,SOL,3.469446951953614e-18
7,2025-07-01,2025-07-01,DOGE,3.469446951953614e-18
7,2025-07-01,2025-07-01,AERGO,0.0037464211279477485
7,2025-07-01,2025-07-01,ADA,3.469446951953614e-18
7,2025-07-01,2025-07-01,AUCTION,3.469446951953614e-18
7,2025-07-01,2025-07-01,ONDO,3.469446951953614e-18
7,2025-07-01,2025-07-01,SUI,3.469446951953614e-18
7,2025-07-01,2025-07-01,VIRTUAL,3.469446951953614e-18
7,2025-07-01,2025-07-01,ARDR,0.054251566786466365
7,2025-07-01,2025-07-01,MOVE,3.469446951953614e-18
7,2025-07-01,2025-07-01,AWE,0.020235137746300497
7,2025-07-01,2025-07-01,XLM,0.09259739988308827
7,2025-07-01,2025-07-01,AXS,3.469446951953614e-18
7,2025-07-01,2025-07-01,SNT,0.014840201620805522
7,2025-07-01,2025-07-01,QTUM,3.469446951953614e-18
7,2025-07-01,2025-07-01,ANIME,3.469446951953614e-18
7,2025-07-01,2025-07-01,PUNDIX,3.469446951953614e-18
7,2025-07-01,2025-07-01,ARK,3.469446951953614e-18
7,2025-07-01,2025-07-01,ENS,3.469446951953614e-18
7,2025-07-01,2025-07-01,LINK,3.469446951953614e-18
7,2025-07-01,2025-07-01,CRO,0.07690084793633495
7,2025-07-01,2025-07-01,HBAR,3.469446951953614e-18
7,2025-07-01,2025-07-01,VANA,3.469446951953614e-18
7,2025-07-01,2025-07-01,SEI,3.469446951953614e-18
7,2025-07-01,2025-07-01,STRAX,0.042826906819966204
7,2025-07-01,2025-07-01,KNC,3.469446951953614e-18
7,2025-07-01,2025-07-01,ME,3.469446951953614e-18
7,2025-07-01,2025-07-01,SHIB,3.469446951953614e-18
7,2025-07-01,2025-07-01,CBK,0.1108799726823212
7,2025-07-01,2025-07-01,AQT,0.04605635562898258
7,2025-07-01,2025-07-01,SAFE,3.469446951953614e-18
7,2025-07-01,2025-07-01,GLM,3.469446951953614e-18
7,2025-07-01,2025-07-01,PEPE,3.469446951953614e-18
7,2025-07-01,2025-07-01,BONK,3.469446951953614e-18
7,2025-07-01,2025-07-01,WAVES,0.06179005925651737
7,2025-07-01,2025-07-01,MASK,3.469446951953614e-18
7,2025-07-01,2025-07-01,ATH,3.469446951953614e-18
7,2025-07-01,2025-07-01,TOKAMAK,0.046613939717737155
7,2025-07-01,2025-07-01,CARV,3.469446951953614e-18
7,2025-07-01,2025-07-01,MEW,3.469446951953614e-18
7,2025-07-01,2025-07-01,MNT,0.1501118097036314
7,2025-07-01,2025-07-01,PYTH,3.469446951953614e-18
7,2025-07-01,2025-07-01,SONIC,3.469446951953614e-18
7,2025-07-01,2025-07-01,GAS,3.469446951953614e-18
7,2025-07-01,2025-07-01,AKT,3.469446951953614e-18
7,2025-07-01,2025-07-01,BIGTIME,3.469446951953614e-18
7,2025-07-01,2025-07-01,DRIFT,3.469446951953614e-18
7,2025-07-02,2025-07-01,XRP,0.02914938108990082
7,2025-07-02,2025-07-01,BTC,0.25
7,2025-07-02,2025-07-01,ETH,3.469446951953614e-18
7,2025-07-02,2025-07-01,SOL,3.469446951953614e-18
7,2025-07-02,2025-07-01,DOGE,3.469446951953614e-18
7,2025-07-02,2025-07-01,AERGO,0.0037464211279477485
7,2025-07-02,2025-07-01,ADA,3.469446951953614e-18
7,2025-07-02,2025-07-01,AUCTION,3.469446951953614e-18
7,2025-07-02,2025-07-01,ONDO,3.469446951953614e-18
7,2025-07-02,2025-07-01,SUI,3.469446951953614e-18
7,2025-07-02,2025-07-01,VIRTUAL,3.469446951953614e-18
7,2025-07-02,2025-07-01,ARDR,0.054251566786466365
7,2025-07-02,2025-07-01,MOVE,3.469446951953614e-18
7,2025-07-02,2025-07-01,AWE,0.020235137746300497
7,2025-07-02,2025-07-01,XLM,0.09259739988308827
7,2025-07-02,2025-07-01,AXS,3.469446951953614e-18
7,2025-07-02,2025-07-01,SNT,0.014840201620805522
7,2025-07-02,2025-07-01,QTUM,3.469446951953614e-18
7,2025-07-02,2025-07-01,ANIME,3.469446951953614e-18
7,2025-07-02,2025-07-01,PUNDIX,3.469446951953614e-18
7,2025-07-02,2025-07-01,ARK,3.469446951953614e-18
7,2025-07-02,2025-07-01,ENS,3.469446951953614e-18
7,2025-07-02,2025-07-01,LINK,3.469446951953614e-18
7,2025-07-02,2025-07-01,CRO,0.07690084793633495
7,2025-07-02,2025-07-01,HBAR,3.469446951953614e-18
7,2025-07-02,2025-07-01,VANA,3.469446951953614e-18
7,2025-07-02,2025-07-01,SEI,3.469446951953614e-18
7,2025-07-02,2025-07-01,STRAX,0.042826906819966204
7,2025-07-02,2025-07-01,KNC,3.469446951953614e-18
7,2025-07-02,2025-07-01,ME,3.469446951953614e-18
7,2025-07-02,2025-07-01,SHIB,3.469446951953614e-18
7,2025-07-02,2025-07-01,CBK,0.1108799726823212
7,2025-07-02,2025-07-01,AQT,0.04605635562898258
7,2025-07-02,2025-07-01,SAFE,3.469446951953614e-18
7,2025-07-02,2025-07-01,GLM,3.469446951953614e-18
7,2025-07-02,2025-07-01,PEPE,3.469446951953614e-18
7,2025-07-02,2025-07-01,BONK,3.469446951953614e-18
7,2025-07-02,2025-07-01,WAVES,0.06179005925651737
7,2025-07-02,2025-07-01,MASK,3.469446951953614e-18
7,2025-07-02,2025-07-01,ATH,3.469446951953614e-18
7,2025-07-02,2025-07-01,TOKAMAK,0.046613939717737155
7,2025-07-02,2025-07-01,CARV,3.469446951953614e-18
7,2025-07-02,2025-07-01,MEW,3.469446951953614e-18
7,2025-07-02,2025-07-01,MNT,0.1501118097036314
7,2025-07-02,2025-07-01,PYTH,3.469446951953614e-18
7,2025-07-02,2025-07-01,SONIC,3.469446951953614e-18
7,2025-07-02,2025-07-01,GAS,3.469446951953614e-18
7,2025-07-02,2025-07-01,AKT,3.469446951953614e-18
7,2025-07-02,2025-07-01,BIGTIME,3.469446951953614e-18
7,2025-07-02,2025-07-01,DRIFT,3.469446951953614e-18
7,2025-07-03,2025-07-01,XRP,0.02914938108990082
7,2025-07-03,2025-07-01,BTC,0.25
7,2025-07-03,2025-07-01,ETH,3.469446951953614e-18
7,2025-07-03,2025-07-01,SOL,3.469446951953614e-18
7,2025-07-03,2025-07-01,DOGE,3.469446951953614e-18
7,2025-07-03,2025-07-01,AERGO,0.0037464211279477485
7,2025-07-03,2025-07-01,ADA,3.469446951953614e-18
7,2025-07-03,2025-07-01,AUCTION,3.469446951953614e-18
7,2025-07-03,2025-07-01,ONDO,3.469446951953614e-18
7,2025-07-03,2025-07-01,SUI,3.469446951953614e-18
7,2025-07-03,2025-07-01,VIRTUAL,3.469446951953614e-18
7,2025-07-03,2025-07-01,ARDR,0.054251566786466365
7,2025-07-03,2025-07-01,MOVE,3.469446951953614e-18
7,2025-07-03,2025-07-01,AWE,0.020235137746300497
7,2025-07-03,2025-07-01,XLM,0.09259739988308827
7,2025-07-03,2025-07-01,AXS,3.469446951953614e-18
7,2025-07-03,2025-07-01,SNT,0.014840201620805522
7,2025-07-03,2025-07-01,QTUM,3.469446951953614e-18
7,2025-07-03,2025-07-01,ANIME,3.469446951953614e-18
7,2025-07-03,2025-07-01,PUNDIX,3.469446951953614e-18
7,2025-07-03,2025-07-01,ARK,3.469446951953614e-18
7,2025-07-03,2025-07-01,ENS,3.469446951953614e-18
7,2025-07-03,2025-07-01,LINK,3.469446951953614e-18
7,2025-07-03,2025-07-01,CRO,0.07690084793633495
7,2025-07-03,2025-07-01,HBAR,3.469446951953614e-18
7,2025-07-03,2025-07-01,VANA,3.469446951953614e-18
7,2025-07-03,2025-07-01,SEI,3.469446951953614e-18
7,2025-07-03,2025-07-01,STRAX,0.042826906819966204
7,2025-07-03,2025-07-01,KNC,3.469446951953614e-18
7,2025-07-03,2025-07-01,ME,3.469446951953614e-18
7,2025-07-03,2025-07-01,SHIB,3.469446951953614e-18
7,2025-07-03,2025-07-01,CBK,0.1108799726823212
7,2025-07-03,2025-07-01,AQT,0.04605635562898258
7,2025-07-03,2025-07-01,SAFE,3.469446951953614e-18
7,2025-07-03,2025-07-01,GLM,3.469446951953614e-18
7,2025-07-03,2025-07-01,PEPE,3.469446951953614e-18
7,2025-07-03,2025-07-01,BONK,3.469446951953614e-18
7,2025-07-03,2025-07-01,WAVES,0.06179005925651737
7,2025-07-03,2025-07-01,MASK,3.469446951953614e-18
7,2025-07-03,2025-07-01,ATH,3.469446951953614e-18
7,2025-07-03,2025-07-01,TOKAMAK,0.046613939717737155
7,2025-07-03,2025-07-01,CARV,3.469446951953614e-18
7,2025-07-03,2025-07-01,MEW,3.469446951953614e-18
7,2025-07-03,2025-07-01,MNT,0.1501118097036314
7,2025-07-03,2025-07-01,PYTH,3.469446951953614e-18
7,2025-07-03,2025-07-01,SONIC,3.469446951953614e-18
7,2025-07-03,2025-07-01,GAS,3.469446951953614e-18
7,2025-07-03,2025-07-01,AKT,3.469446951953614e-18
7,2025-07-03,2025-07-01,BIGTIME,3.469446951953614e-18
7,2025-07-03,2025-07-01,DRIFT,3.469446951953614e-18
7,2025-07-04,2025-07-01,XRP,0.02914938108990082
7,2025-07-04,2025-07-01,BTC,0.25
7,2025-07-04,2025-07-01,ETH,3.469446951953614e-18
7,2025-07-04,2025-07-01,SOL,3.469446951953614e-18
7,2025-07-04,2025-07-01,DOGE,3.469446951953614e-18
7,2025-07-04,2025-07-01,AERGO,0.0037464211279477485
7,2025-07-04,2025-07-01,ADA,3.469446951953614e-18
7,2025-07-04,2025-07-01,AUCTION,3.469446951953614e-18
7,2025-07-04,2025-07-01,ONDO,3.469446951953614e-18
7,2025-07-04,2025-07-01,SUI,3.469446951953614e-18
7,2025-07-04,2025-07-01,VIRTUAL,3.469446951953614e-18
7,2025-07-04,2025-07-01,ARDR,0.054251566786466365
7,2025-07-04,2025-07-01,MOVE,3.469446951953614e-18
7,2025-07-04,2025-07-01,AWE,0.020235137746300497
7,2025-07-04,2025-07-01,XLM,0.09259739988308827
7,2025-07-04,2025-07-01,AXS,3.469446951953614e-18
7,2025-07-04,2025-07-01,SNT,0.014840201620805522
7,2025-07-04,2025-07-01,QTUM,3.469446951953614e-18
7,2025-07-04,2025-07-01,ANIME,3.469446951953614e-18
7,2025-07-04,2025-07-01,PUNDIX,3.469446951953614e-18
7,2025-07-04,2025-07-01,ARK,3.469446951953614e-18
7,2025-07-04,2025-07-01,ENS,3.469446951953614e-18
7,2025-07-04,2025-07-01,LINK,3.469446951953614e-18
7,2025-07-04,2025-07-01,CRO,0.07690084793633495
7,2025-07-04,2025-07-01,HBAR,3.469446951953614e-18
7,2025-07-04,2025-07-01,VANA,3.469446951953614e-18
7,2025-07-04,2025-07-01,SEI,3.469446951953614e-18
7,2025-07-04,2025-07-01,STRAX,0.042826906819966204
7,2025-07-04,2025-07-01,KNC,3.469446951953614e-18
7,2025-07-04,2025-07-01,ME,3.469446951953614e-18
7,2025-07-04,2025-07-01,SHIB,3.469446951953614e-18
7,2025-07-04,2025-07-01,CBK,0.1108799726823212
7,2025-07-04,2025-07-01,AQT,0.04605635562898258
7,2025-07-04,2025-07-01,SAFE,3.469446951953614e-18
7,2025-07-04,2025-07-01,GLM,3.469446951953614e-18
7,2025-07-04,2025-07-01,PEPE,3.469446951953614e-18
7,2025-07-04,2025-07-01,BONK,3.469446951953614e-18
7,2025-07-04,2025-07-01,WAVES,0.06179005925651737
7,2025-07-04,2025-07-01,MASK,3.469446951953614e-18
7,2025-07-04,2025-07-01,ATH,3.469446951953614e-18
7,2025-07-04,2025-07-01,TOKAMAK,0.046613939717737155
7,2025-07-04,2025-07-01,CARV,3.469446951953614e-18
7,2025-07-04,2025-07-01,MEW,3.469446951953614e-18
7,2025-07-04,2025-07-01,MNT,0.1501118097036314
7,2025-07-04,2025-07-01,PYTH,3.469446951953614e-18
7,2025-07-04,2025-07-01,SONIC,3.469446951953614e-18
7,2025-07-04,2025-07-01,GAS,3.469446951953614e-18
7,2025-07-04,2025-07-01,AKT,3.469446951953614e-18
7,2025-07-04,2025-07-01,BIGTIME,3.469446951953614e-18
7,2025-07-04,2025-07-01,DRIFT,3.469446951953614e-18
7,2025-07-05,2025-07-01,XRP,0.02914938108990082
7,2025-07-05,2025-07-01,BTC,0.25
7,2025-07-05,2025-07-01,ETH,3.469446951953614e-18
7,2025-07-05,2025-07-01,SOL,3.469446951953614e-18
7,2025-07-05,2025-07-01,DOGE,3.469446951953614e-18
7,2025-07-05,2025-07-01,AERGO,0.0037464211279477485
7,2025-07-05,2025-07-01,ADA,3.469446951953614e-18
7,2025-07-05,2025-07-01,AUCTION,3.469446951953614e-18
7,2025-07-05,2025-07-01,ONDO,3.469446951953614e-18
7,2025-07-05,2025-07-01,SUI,3.469446951953614e-18
7,2025-07-05,2025-07-01,VIRTUAL,3.469446951953614e-18
7,2025-07-05,2025-07-01,ARDR,0.054251566786466365
7,2025-07-05,2025-07-01,MOVE,3.469446951953614e-18
7,2025-07-05,2025-07-01,AWE,0.020235137746300497
7,2025-07-05,2025-07-01,XLM,0.09259739988308827
7,2025-07-05,2025-07-01,AXS,3.469446951953614e-18
7,2025-07-05,2025-07-01,SNT,0.014840201620805522
7,2025-07-05,2025-07-01,QTUM,3.469446951953614e-18
7,2025-07-05,2025-07-01,ANIME,3.469446951953614e-18
7,2025-07-05,2025-07-01,PUNDIX,3.469446951953614e-18
7,2025-07-05,2025-07-01,ARK,3.469446951953614e-18
7,2025-07-05,2025-07-01,ENS,3.469446951953614e-18
7,2025-07-05,2025-07-01,LINK,3.469446951953614e-18
7,2025-07-05,2025-07-01,CRO,0.07690084793633495
7,2025-07-05,2025-07-01,HBAR,3.469446951953614e-18
7,2025-07-05,2025-07-01,VANA,3.469446951953614e-18
7,2025-07-05,2025-07-01,SEI,3.469446951953614e-18
7,2025-07-05,2025-07-01,STRAX,0.042826906819966204
7,2025-07-05,2025-07-01,KNC,3.469446951953614e-18
7,2025-07-05,2025-07-01,ME,3.469446951953614e-18
7,2025-07-05,2025-07-01,SHIB,3.469446951953614e-18
7,2025-07-05,2025-07-01,CBK,0.1108799726823212
7,2025-07-05,2025-07-01,AQT,0.04605635562898258
7,2025-07-05,2025-07-01,SAFE,3.469446951953614e-18
7,2025-07-05,2025-07-01,GLM,3.469446951953614e-18
7,2025-07-05,2025-07-01,PEPE,3.469446951953614e-18
7,2025-07-05,2025-07-01,BONK,3.469446951953614e-18
7,2025-07-05,2025-07-01,WAVES,0.06179005925651737
7,2025-07-05,2025-07-01,MASK,3.469446951953614e-18
7,2025-07-05,2025-07-01,ATH,3.469446951953614e-18
7,2025-07-05,2025-07-01,TOKAMAK,0.046613939717737155
7,2025-07-05,2025-07-01,CARV,3.469446951953614e-18
7,2025-07-05,2025-07-01,MEW,3.469446951953614e-18
7,2025-07-05,2025-07-01,MNT,0.1501118097036314
7,2025-07-05,2025-07-01,PYTH,3.469446951953614e-18
7,2025-07-05,2025-07-01,SONIC,3.469446951953614e-18
7,2025-07-05,2025-07-01,GAS,3.469446951953614e-18
7,2025-07-05,2025-07-01,AKT,3.469446951953614e-18
7,2025-07-05,2025-07-01,BIGTIME,3.469446951953614e-18
7,2025-07-05,2025-07-01,DRIFT,3.469446951953614e-18
7,2025-07-06,2025-07-01,XRP,0.02914938108990082
7,2025-07-06,2025-07-01,BTC,0.25
7,2025-07-06,2025-07-01,ETH,3.469446951953614e-18
7,2025-07-06,2025-07-01,SOL,3.469446951953614e-18
7,2025-07-06,2025-07-01,DOGE,3.469446951953614e-18
7,2025-07-06,2025-07-01,AERGO,0.0037464211279477485
7,2025-07-06,2025-07-01,ADA,3.469446951953614e-18
7,2025-07-06,2025-07-01,AUCTION,3.469446951953614e-18
7,2025-07-06,2025-07-01,ONDO,3.469446951953614e-18
7,2025-07-06,2025-07-01,SUI,3.469446951953614e-18
7,2025-07-06,2025-07-01,VIRTUAL,3.469446951953614e-18
7,2025-07-06,2025-07-01,ARDR,0.054251566786466365
7,2025-07-06,2025-07-01,MOVE,3.469446951953614e-18
7,2025-07-06,2025-07-01,AWE,0.020235137746300497
7,2025-07-06,2025-07-01,XLM,0.09259739988308827
7,2025-07-06,2025-07-01,AXS,3.469446951953614e-18
7,2025-07-06,2025-07-01,SNT,0.014840201620805522
7,2025-07-06,2025-07-01,QTUM,3.469446951953614e-18
7,2025-07-06,2025-07-01,ANIME,3.469446951953614e-18
7,2025-07-06,2025-07-01,PUNDIX,3.469446951953614e-18
7,2025-07-06,2025-07-01,ARK,3.469446951953614e-18
7,2025-07-06,2025-07-01,ENS,3.469446951953614e-18
7,2025-07-06,2025-07-01,LINK,3.469446951953614e-18
7,2025-07-06,2025-07-01,CRO,0.07690084793633495
7,2025-07-06,2025-07-01,HBAR,3.469446951953614e-18
7,2025-07-06,2025-07-01,VANA,3.469446951953614e-18
7,2025-07-06,2025-07-01,SEI,3.469446951953614e-18
7,2025-07-06,2025-07-01,STRAX,0.042826906819966204
7,2025-07-06,2025-07-01,KNC,3.469446951953614e-18
7,2025-07-06,2025-07-01,ME,3.469446951953614e-18
7,2025-07-06,2025-07-01,SHIB,3.469446951953614e-18
7,2025-07-06,2025-07-01,CBK,0.1108799726823212
7,2025-07-06,2025-07-01,AQT,0.04605635562898258
7,2025-07-06,2025-07-01,SAFE,3.469446951953614e-18
7,2025-07-06,2025-07-01,GLM,3.469446951953614e-18
7,2025-07-06,2025-07-01,PEPE,3.469446951953614e-18
7,2025-07-06,2025-07-01,BONK,3.469446951953614e-18
7,2025-07-06,2025-07-01,WAVES,0.06179005925651737
7,2025-07-06,2025-07-01,MASK,3.469446951953614e-18
7,2025-07-06,2025-07-01,ATH,3.469446951953614e-18
7,2025-07-06,2025-07-01,TOKAMAK,0.046613939717737155
7,2025-07-06,2025-07-01,CARV,3.469446951953614e-18
7,2025-07-06,2025-07-01,MEW,3.469446951953614e-18
7,2025-07-06,2025-07-01,MNT,0.1501118097036314
7,2025-07-06,2025-07-01,PYTH,3.469446951953614e-18
7,2025-07-06,2025-07-01,SONIC,3.469446951953614e-18
7,2025-07-06,2025-07-01,GAS,3.469446951953614e-18
7,2025-07-06,2025-07-01,AKT,3.469446951953614e-18
7,2025-07-06,2025-07-01,BIGTIME,3.469446951953614e-18
7,2025-07-06,2025-07-01,DRIFT,3.469446951953614e-18
7,2025-07-07,2025-07-01,XRP,0.02914938108990082
7,2025-07-07,2025-07-01,BTC,0.25
7,2025-07-07,2025-07-01,ETH,3.469446951953614e-18
7,2025-07-07,2025-07-01,SOL,3.469446951953614e-18
7,2025-07-07,2025-07-01,DOGE,3.469446951953614e-18
7,2025-07-07,2025-07-01,AERGO,0.0037464211279477485
7,2025-07-07,2025-07-01,ADA,3.469446951953614e-18
7,2025-07-07,2025-07-01,AUCTION,3.469446951953614e-18
7,2025-07-07,2025-07-01,ONDO,3.469446951953614e-18
7,2025-07-07,2025-07-01,SUI,3.469446951953614e-18
7,2025-07-07,2025-07-01,VIRTUAL,3.469446951953614e-18
7,2025-07-07,2025-07-01,ARDR,0.054251566786466365
7,2025-07-07,2025-07-01,MOVE,3.469446951953614e-18
7,2025-07-07,2025-07-01,AWE,0.020235137746300497
7,2025-07-07,2025-07-01,XLM,0.09259739988308827
7,2025-07-07,2025-07-01,AXS,3.469446951953614e-18
7,2025-07-07,2025-07-01,SNT,0.014840201620805522
7,2025-07-07,2025-07-01,QTUM,3.469446951953614e-18
7,2025-07-07,2025-07-01,ANIME,3.469446951953614e-18
7,2025-07-07,2025-07-01,PUNDIX,3.469446951953614e-18
7,2025-07-07,2025-07-01,ARK,3.469446951953614e-18
7,2025-07-07,2025-07-01,ENS,3.469446951953614e-18
7,2025-07-07,2025-07-01,LINK,3.469446951953614e-18
7,2025-07-07,2025-07-01,CRO,0.07690084793633495
7,2025-07-07,2025-07-01,HBAR,3.469446951953614e-18
7,2025-07-07,2025-07-01,VANA,3.469446951953614e-18
7,2025-07-07,2025-07-01,SEI,3.469446951953614e-18
7,2025-07-07,2025-07-01,STRAX,0.042826906819966204
7,2025-07-07,2025-07-01,KNC,3.469446951953614e-18
7,2025-07-07,2025-07-01,ME,3.469446951953614e-18
7,2025-07-07,2025-07-01,SHIB,3.469446951953614e-18
7,2025-07-07,2025-07-01,CBK,0.1108799726823212
7,2025-07-07,2025-07-01,AQT,0.04605635562898258
7,2025-07-07,2025-07-01,SAFE,3.469446951953614e-18
7,2025-07-07,2025-07-01,GLM,3.469446951953614e-18
7,2025-07-07,2025-07-01,PEPE,3.469446951953614e-18
7,2025-07-07,2025-07-01,BONK,3.469446951953614e-18
7,2025-07-07,2025-07-01,WAVES,0.06179005925651737
7,2025-07-07,2025-07-01,MASK,3.469446951953614e-18
7,2025-07-07,2025-07-01,ATH,3.469446951953614e-18
7,2025-07-07,2025-07-01,TOKAMAK,0.046613939717737155
7,2025-07-07,2025-07-01,CARV,3.469446951953614e-18
7,2025-07-07,2025-07-01,MEW,3.469446951953614e-18
7,2025-07-07,2025-07-01,MNT,0.1501118097036314
7,2025-07-07,2025-07-01,PYTH,3.469446951953614e-18
7,2025-07-07,2025-07-01,SONIC,3.469446951953614e-18
7,2025-07-07,2025-07-01,GAS,3.469446951953614e-18
7,2025-07-07,2025-07-01,AKT,3.469446951953614e-18
7,2025-07-07,2025-07-01,BIGTIME,3.469446951953614e-18
7,2025-07-07,2025-07-01,DRIFT,3.469446951953614e-18
7,2025-08-01,2025-08-01,XRP,3.4694469519532198e-18
7,2025-08-01,2025-08-01,BTC,0.25
7,2025-08-01,2025-08-01,ETH,0.16016718494401866
7,2025-08-01,2025-08-01,SOL,3.4694469519532198e-18
7,2025-08-01,2025-08-01,DOGE,3.4694469519532198e-18
7,2025-08-01,2025-08-01,AERGO,0.004081426359021724
7,2025-08-01,2025-08-01,ADA,3.4694469519532198e-18
7,2025-08-01,2025-08-01,AUCTION,3.4694469519532198e-18
7,2025-08-01,2025-08-01,ONDO,3.4694469519532198e-18
7,2025-08-01,2025-08-01,SUI,3.4694469519532198e-18
7,2025-08-01,2025-08-01,VIRTUAL,3.4694469519532198e-18
7,2025-08-01,2025-08-01,ARDR,0.05139768537776285
7,2025-08-01,2025-08-01,MOVE,3.4694469519532198e-18
7,2025-08-01,2025-08-01,AWE,0.05458234195553267
7,2025-08-01,2025-08-01,XLM,3.4694469519532198e-18
7,2025-08-01,2025-08-01,AXS,3.4694469519532198e-18
7,2025-08-01,2025-08-01,SNT,0.04326228787237601
7,2025-08-01,2025-08-01,QTUM,3.4694469519532198e-18
7,2025-08-01,2025-08-01,ANIME,3.4694469519532198e-18
7,2025-08-01,2025-08-01,PUNDIX,3.4694469519532198e-18
7,2025-08-01,2025-08-01,ARK,3.4694469519532198e-18
7,2025-08-01,2025-08-01,ENS,3.4694469519532198e-18
7,2025-08-01,2025-08-01,LINK,3.4694469519532198e-18
7,2025-08-01,2025-08-01,CRO,0.006505547822576804
7,2025-08-01,2025-08-01,HBAR,3.4694469519532198e-18
7,2025-08-01,2025-08-01,VANA,3.4694469519532198e-18
7,2025-08-01,2025-08-01,SEI,3.4694469519532198e-18
7,2025-08-01,2025-08-01,STRAX,0.07125149545404189
7,2025-08-01,2025-08-01,KNC,3.4694469519532198e-18
7,2025-08-01,2025-08-01,ME,3.4694469519532198e-18
7,2025-08-01,2025-08-01,SHIB,3.4694469519532198e-18
7,2025-08-01,2025-08-01,CBK,0.02895678123858144
7,2025-08-01,2025-08-01,AQT,0.058316543298825144
7,2025-08-01,2025-08-01,SAFE,3.4694469519532198e-18
7,2025-08-01,2025-08-01,GLM,3.4694469519532198e-18
7,2025-08-01,2025-08-01,PEPE,3.4694469519532198e-18
7,2025-08-01,2025-08-01,BONK,3.4694469519532198e-18
7,2025-08-01,2025-08-01,WAVES,0.025649187356166354
7,2025-08-01,2025-08-01,MASK,3.4694469519532198e-18
7,2025-08-01,2025-08-01,ATH,3.4694469519532198e-18
7,2025-08-01,2025-08-01,TOKAMAK,0.03401095874602001
7,2025-08-01,2025-08-01,CARV,0.006471869406513106
7,2025-08-01,2025-08-01,MEW,3.4694469519532198e-18
7,2025-08-01,2025-08-01,MNT,0.20534669016856338
7,2025-08-01,2025-08-01,PYTH,3.4694469519532198e-18
7,2025-08-01,2025-08-01,SONIC,3.4694469519532198e-18
7,2025-08-01,2025-08-01,GAS,3.4694469519532198e-18
7,2025-08-01,2025-08-01,AKT,3.4694469519532198e-18
7,2025-08-01,2025-08-01,BIGTIME,3.4694469519532198e-18
7,2025-08-01,2025-08-01,DRIFT,3.4694469519532198e-18
7,2025-08-02,2025-08-01,XRP,3.4694469519532198e-18
7,2025-08-02,2025-08-01,BTC,0.25
7,2025-08-02,2025-08-01,ETH,0.16016718494401866
7,2025-08-02,2025-08-01,SOL,3.4694469519532198e-18
7,2025-08-02,2025-08-01,DOGE,3.4694469519532198e-18
7,2025-08-02,2025-08-01,AERGO,0.004081426359021724
7,2025-08-02,2025-08-01,ADA,3.4694469519532198e-18
7,2025-08-02,2025-08-01,AUCTION,3.4694469519532198e-18
7,2025-08-02,2025-08-01,ONDO,3.4694469519532198e-18
7,2025-08-02,2025-08-01,SUI,3.4694469519532198e-18
7,2025-08-02,2025-08-01,VIRTUAL,3.4694469519532198e-18
7,2025-08-02,2025-08-01,ARDR,0.05139768537776285
7,2025-08-02,2025-08-01,MOVE,3.4694469519532198e-18
7,2025-08-02,2025-08-01,AWE,0.05458234195553267
7,2025-08-02,2025-08-01,XLM,3.4694469519532198e-18
7,2025-08-02,2025-08-01,AXS,3.4694469519532198e-18
7,2025-08-02,2025-08-01,SNT,0.04326228787237601
7,2025-08-02,2025-08-01,QTUM,3.4694469519532198e-18
7,2025-08-02,2025-08-01,ANIME,3.4694469519532198e-18
7,2025-08-02,2025-08-01,PUNDIX,3.4694469519532198e-18
7,2025-08-02,2025-08-01,ARK,3.4694469519532198e-18
7,2025-08-02,2025-08-01,ENS,3.4694469519532198e-18
7,2025-08-02,2025-08-01,LINK,3.4694469519532198e-18
7,2025-08-02,2025-08-01,CRO,0.006505547822576804
7,2025-08-02,2025-08-01,HBAR,3.4694469519532198e-18
7,2025-08-02,2025-08-01,VANA,3.4694469519532198e-18
7,2025-08-02,2025-08-01,SEI,3.4694469519532198e-18
7,2025-08-02,2025-08-01,STRAX,0.07125149545404189
7,2025-08-02,2025-08-01,KNC,3.4694469519532198e-18
7,2025-08-02,2025-08-01,ME,3.4694469519532198e-18
7,2025-08-02,2025-08-01,SHIB,3.4694469519532198e-18
7,2025-08-02,2025-08-01,CBK,0.02895678123858144
7,2025-08-02,2025-08-01,AQT,0.058316543298825144
7,2025-08-02,2025-08-01,SAFE,3.4694469519532198e-18
7,2025-08-02,2025-08-01,GLM,3.4694469519532198e-18
7,2025-08-02,2025-08-01,PEPE,3.4694469519532198e-18
7,2025-08-02,2025-08-01,BONK,3.4694469519532198e-18
7,2025-08-02,2025-08-01,WAVES,0.025649187356166354
7,2025-08-02,2025-08-01,MASK,3.4694469519532198e-18
7,2025-08-02,2025-08-01,ATH,3.4694469519532198e-18
7,2025-08-02,2025-08-01,TOKAMAK,0.03401095874602001
7,2025-08-02,2025-08-01,CARV,0.006471869406513106
7,2025-08-02,2025-08-01,MEW,3.4694469519532198e-18
7,2025-08-02,2025-08-01,MNT,0.20534669016856338
7,2025-08-02,2025-08-01,PYTH,3.4694469519532198e-18
7,2025-08-02,2025-08-01,SONIC,3.4694469519532198e-18
7,2025-08-02,2025-08-01,GAS,3.4694469519532198e-18
7,2025-08-02,2025-08-01,AKT,3.4694469519532198e-18
7,2025-08-02,2025-08-01,BIGTIME,3.4694469519532198e-18
7,2025-08-02,2025-08-01,DRIFT,3.4694469519532198e-18
7,2025-08-03,2025-08-01,XRP,3.4694469519532198e-18
7,2025-08-03,2025-08-01,BTC,0.25
7,2025-08-03,2025-08-01,ETH,0.16016718494401866
7,2025-08-03,2025-08-01,SOL,3.4694469519532198e-18
7,2025-08-03,2025-08-01,DOGE,3.4694469519532198e-18
7,2025-08-03,2025-08-01,AERGO,0.004081426359021724
7,2025-08-03,2025-08-01,ADA,3.4694469519532198e-18
7,2025-08-03,2025-08-01,AUCTION,3.4694469519532198e-18
7,2025-08-03,2025-08-01,ONDO,3.4694469519532198e-18
7,2025-08-03,2025-08-01,SUI,3.4694469519532198e-18
7,2025-08-03,2025-08-01,VIRTUAL,3.4694469519532198e-18
7,2025-08-03,2025-08-01,ARDR,0.05139768537776285
7,2025-08-03,2025-08-01,MOVE,3.4694469519532198e-18
7,2025-08-03,2025-08-01,AWE,0.05458234195553267
7,2025-08-03,2025-08-01,XLM,3.4694469519532198e-18
7,2025-08-03,2025-08-01,AXS,3.4694469519532198e-18
7,2025-08-03,2025-08-01,SNT,0.04326228787237601
7,2025-08-03,2025-08-01,QTUM,3.4694469519532198e-18
7,2025-08-03,2025-08-01,ANIME,3.4694469519532198e-18
7,2025-08-03,2025-08-01,PUNDIX,3.4694469519532198e-18
7,2025-08-03,2025-08-01,ARK,3.4694469519532198e-18
7,2025-08-03,2025-08-01,ENS,3.4694469519532198e-18
7,2025-08-03,2025-08-01,LINK,3.4694469519532198e-18
7,2025-08-03,2025-08-01,CRO,0.006505547822576804
7,2025-08-03,2025-08-01,HBAR,3.4694469519532198e-18
7,2025-08-03,2025-08-01,VANA,3.4694469519532198e-18
7,2025-08-03,2025-08-01,SEI,3.4694469519532198e-18
7,2025-08-03,2025-08-01,STRAX,0.07125149545404189
7,2025-08-03,2025-08-01,KNC,3.4694469519532198e-18
7,2025-08-03,2025-08-01,ME,3.4694469519532198e-18
7,2025-08-03,2025-08-01,SHIB,3.4694469519532198e-18
7,2025-08-03,2025-08-01,CBK,0.02895678123858144
7,2025-08-03,2025-08-01,AQT,0.058316543298825144
7,2025-08-03,2025-08-01,SAFE,3.4694469519532198e-18
7,2025-08-03,2025-08-01,GLM,3.4694469519532198e-18
7,2025-08-03,2025-08-01,PEPE,3.4694469519532198e-18
7,2025-08-03,2025-08-01,BONK,3.4694469519532198e-18
7,2025-08-03,2025-08-01,WAVES,0.025649187356166354
7,2025-08-03,2025-08-01,MASK,3.4694469519532198e-18
7,2025-08-03,2025-08-01,ATH,3.4694469519532198e-18
7,2025-08-03,2025-08-01,TOKAMAK,0.03401095874602001
7,2025-08-03,2025-08-01,CARV,0.006471869406513106
7,2025-08-03,2025-08-01,MEW,3.4694469519532198e-18
7,2025-08-03,2025-08-01,MNT,0.20534669016856338
7,2025-08-03,2025-08-01,PYTH,3.4694469519532198e-18
7,2025-08-03,2025-08-01,SONIC,3.4694469519532198e-18
7,2025-08-03,2025-08-01,GAS,3.4694469519532198e-18
7,2025-08-03,2025-08-01,AKT,3.4694469519532198e-18
7,2025-08-03,2025-08-01,BIGTIME,3.4694469519532198e-18
7,2025-08-03,2025-08-01,DRIFT,3.4694469519532198e-18
7,2025-08-04,2025-08-01,XRP,3.4694469519532198e-18
7,2025-08-04,2025-08-01,BTC,0.25
7,2025-08-04,2025-08-01,ETH,0.16016718494401866
7,2025-08-04,2025-08-01,SOL,3.4694469519532198e-18
7,2025-08-04,2025-08-01,DOGE,3.4694469519532198e-18
7,2025-08-04,2025-08-01,AERGO,0.004081426359021724
7,2025-08-04,2025-08-01,ADA,3.4694469519532198e-18
7,2025-08-04,2025-08-01,AUCTION,3.4694469519532198e-18
7,2025-08-04,2025-08-01,ONDO,3.4694469519532198e-18
7,2025-08-04,2025-08-01,SUI,3.4694469519532198e-18
7,2025-08-04,2025-08-01,VIRTUAL,3.4694469519532198e-18
7,2025-08-04,2025-08-01,ARDR,0.05139768537776285
7,2025-08-04,2025-08-01,MOVE,3.4694469519532198e-18
7,2025-08-04,2025-08-01,AWE,0.05458234195553267
7,2025-08-04,2025-08-01,XLM,3.4694469519532198e-18
7,2025-08-04,2025-08-01,AXS,3.4694469519532198e-18
7,2025-08-04,2025-08-01,SNT,0.04326228787237601
7,2025-08-04,2025-08-01,QTUM,3.4694469519532198e-18
7,2025-08-04,2025-08-01,ANIME,3.4694469519532198e-18
7,2025-08-04,2025-08-01,PUNDIX,3.4694469519532198e-18
7,2025-08-04,2025-08-01,ARK,3.4694469519532198e-18
7,2025-08-04,2025-08-01,ENS,3.4694469519532198e-18
7,2025-08-04,2025-08-01,LINK,3.4694469519532198e-18
7,2025-08-04,2025-08-01,CRO,0.006505547822576804
7,2025-08-04,2025-08-01,HBAR,3.4694469519532198e-18
7,2025-08-04,2025-08-01,VANA,3.4694469519532198e-18
7,2025-08-04,2025-08-01,SEI,3.4694469519532198e-18
7,2025-08-04,2025-08-01,STRAX,0.07125149545404189
7,2025-08-04,2025-08-01,KNC,3.4694469519532198e-18
7,2025-08-04,2025-08-01,ME,3.4694469519532198e-18
7,2025-08-04,2025-08-01,SHIB,3.4694469519532198e-18
7,2025-08-04,2025-08-01,CBK,0.02895678123858144
7,2025-08-04,2025-08-01,AQT,0.058316543298825144
7,2025-08-04,2025-08-01,SAFE,3.4694469519532198e-18
7,2025-08-04,2025-08-01,GLM,3.4694469519532198e-18
7,2025-08-04,2025-08-01,PEPE,3.4694469519532198e-18
7,2025-08-04,2025-08-01,BONK,3.4694469519532198e-18
7,2025-08-04,2025-08-01,WAVES,0.025649187356166354
7,2025-08-04,2025-08-01,MASK,3.4694469519532198e-18
7,2025-08-04,2025-08-01,ATH,3.4694469519532198e-18
7,2025-08-04,2025-08-01,TOKAMAK,0.03401095874602001
7,2025-08-04,2025-08-01,CARV,0.006471869406513106
7,2025-08-04,2025-08-01,MEW,3.4694469519532198e-18
7,2025-08-04,2025-08-01,MNT,0.20534669016856338
7,2025-08-04,2025-08-01,PYTH,3.4694469519532198e-18
7,2025-08-04,2025-08-01,SONIC,3.4694469519532198e-18
7,2025-08-04,2025-08-01,GAS,3.4694469519532198e-18
7,2025-08-04,2025-08-01,AKT,3.4694469519532198e-18
7,2025-08-04,2025-08-01,BIGTIME,3.4694469519532198e-18
7,2025-08-04,2025-08-01,DRIFT,3.4694469519532198e-18
7,2025-08-05,2025-08-01,XRP,3.4694469519532198e-18
7,2025-08-05,2025-08-01,BTC,0.25
7,2025-08-05,2025-08-01,ETH,0.16016718494401866
7,2025-08-05,2025-08-01,SOL,3.4694469519532198e-18
7,2025-08-05,2025-08-01,DOGE,3.4694469519532198e-18
7,2025-08-05,2025-08-01,AERGO,0.004081426359021724
7,2025-08-05,2025-08-01,ADA,3.4694469519532198e-18
7,2025-08-05,2025-08-01,AUCTION,3.4694469519532198e-18
7,2025-08-05,2025-08-01,ONDO,3.4694469519532198e-18
7,2025-08-05,2025-08-01,SUI,3.4694469519532198e-18
7,2025-08-05,2025-08-01,VIRTUAL,3.4694469519532198e-18
7,2025-08-05,2025-08-01,ARDR,0.05139768537776285
7,2025-08-05,2025-08-01,MOVE,3.4694469519532198e-18
7,2025-08-05,2025-08-01,AWE,0.05458234195553267
7,2025-08-05,2025-08-01,XLM,3.4694469519532198e-18
7,2025-08-05,2025-08-01,AXS,3.4694469519532198e-18
7,2025-08-05,2025-08-01,SNT,0.04326228787237601
7,2025-08-05,2025-08-01,QTUM,3.4694469519532198e-18
7,2025-08-05,2025-08-01,ANIME,3.4694469519532198e-18
7,2025-08-05,2025-08-01,PUNDIX,3.4694469519532198e-18
7,2025-08-05,2025-08-01,ARK,3.4694469519532198e-18
7,2025-08-05,2025-08-01,ENS,3.4694469519532198e-18
7,2025-08-05,2025-08-01,LINK,3.4694469519532198e-18
7,2025-08-05,2025-08-01,CRO,0.006505547822576804
7,2025-08-05,2025-08-01,HBAR,3.4694469519532198e-18
7,2025-08-05,2025-08-01,VANA,3.4694469519532198e-18
7,2025-08-05,2025-08-01,SEI,3.4694469519532198e-18
7,2025-08-05,2025-08-01,STRAX,0.07125149545404189
7,2025-08-05,2025-08-01,KNC,3.4694469519532198e-18
7,2025-08-05,2025-08-01,ME,3.4694469519532198e-18
7,2025-08-05,2025-08-01,SHIB,3.4694469519532198e-18
7,2025-08-05,2025-08-01,CBK,0.02895678123858144
7,2025-08-05,2025-08-01,AQT,0.058316543298825144
7,2025-08-05,2025-08-01,SAFE,3.4694469519532198e-18
7,2025-08-05,2025-08-01,GLM,3.4694469519532198e-18
7,2025-08-05,2025-08-01,PEPE,3.4694469519532198e-18
7,2025-08-05,2025-08-01,BONK,3.4694469519532198e-18
7,2025-08-05,2025-08-01,WAVES,0.025649187356166354
7,2025-08-05,2025-08-01,MASK,3.4694469519532198e-18
7,2025-08-05,2025-08-01,ATH,3.4694469519532198e-18
7,2025-08-05,2025-08-01,TOKAMAK,0.03401095874602001
7,2025-08-05,2025-08-01,CARV,0.006471869406513106
7,2025-08-05,2025-08-01,MEW,3.4694469519532198e-18
7,2025-08-05,2025-08-01,MNT,0.20534669016856338
7,2025-08-05,2025-08-01,PYTH,3.4694469519532198e-18
7,2025-08-05,2025-08-01,SONIC,3.4694469519532198e-18
7,2025-08-05,2025-08-01,GAS,3.4694469519532198e-18
7,2025-08-05,2025-08-01,AKT,3.4694469519532198e-18
7,2025-08-05,2025-08-01,BIGTIME,3.4694469519532198e-18
7,2025-08-05,2025-08-01,DRIFT,3.4694469519532198e-18
7,2025-08-06,2025-08-01,XRP,3.4694469519532198e-18
7,2025-08-06,2025-08-01,BTC,0.25
7,2025-08-06,2025-08-01,ETH,0.16016718494401866
7,2025-08-06,2025-08-01,SOL,3.4694469519532198e-18
7,2025-08-06,2025-08-01,DOGE,3.4694469519532198e-18
7,2025-08-06,2025-08-01,AERGO,0.004081426359021724
7,2025-08-06,2025-08-01,ADA,3.4694469519532198e-18
7,2025-08-06,2025-08-01,AUCTION,3.4694469519532198e-18
7,2025-08-06,2025-08-01,ONDO,3.4694469519532198e-18
7,2025-08-06,2025-08-01,SUI,3.4694469519532198e-18
7,2025-08-06,2025-08-01,VIRTUAL,3.4694469519532198e-18
7,2025-08-06,2025-08-01,ARDR,0.05139768537776285
7,2025-08-06,2025-08-01,MOVE,3.4694469519532198e-18
7,2025-08-06,2025-08-01,AWE,0.05458234195553267
7,2025-08-06,2025-08-01,XLM,3.4694469519532198e-18
7,2025-08-06,2025-08-01,AXS,3.4694469519532198e-18
7,2025-08-06,2025-08-01,SNT,0.04326228787237601
7,2025-08-06,2025-08-01,QTUM,3.4694469519532198e-18
7,2025-08-06,2025-08-01,ANIME,3.4694469519532198e-18
7,2025-08-06,2025-08-01,PUNDIX,3.4694469519532198e-18
7,2025-08-06,2025-08-01,ARK,3.4694469519532198e-18
7,2025-08-06,2025-08-01,ENS,3.4694469519532198e-18
7,2025-08-06,2025-08-01,LINK,3.4694469519532198e-18
7,2025-08-06,2025-08-01,CRO,0.006505547822576804
7,2025-08-06,2025-08-01,HBAR,3.4694469519532198e-18
7,2025-08-06,2025-08-01,VANA,3.4694469519532198e-18
7,2025-08-06,2025-08-01,SEI,3.4694469519532198e-18
7,2025-08-06,2025-08-01,STRAX,0.07125149545404189
7,2025-08-06,2025-08-01,KNC,3.4694469519532198e-18
7,2025-08-06,2025-08-01,ME,3.4694469519532198e-18
7,2025-08-06,2025-08-01,SHIB,3.4694469519532198e-18
7,2025-08-06,2025-08-01,CBK,0.02895678123858144
7,2025-08-06,2025-08-01,AQT,0.058316543298825144
7,2025-08-06,2025-08-01,SAFE,3.4694469519532198e-18
7,2025-08-06,2025-08-01,GLM,3.4694469519532198e-18
7,2025-08-06,2025-08-01,PEPE,3.4694469519532198e-18
7,2025-08-06,2025-08-01,BONK,3.4694469519532198e-18
7,2025-08-06,2025-08-01,WAVES,0.025649187356166354
7,2025-08-06,2025-08-01,MASK,3.4694469519532198e-18
7,2025-08-06,2025-08-01,ATH,3.4694469519532198e-18
7,2025-08-06,2025-08-01,TOKAMAK,0.03401095874602001
7,2025-08-06,2025-08-01,CARV,0.006471869406513106
7,2025-08-06,2025-08-01,MEW,3.4694469519532198e-18
7,2025-08-06,2025-08-01,MNT,0.20534669016856338
7,2025-08-06,2025-08-01,PYTH,3.4694469519532198e-18
7,2025-08-06,2025-08-01,SONIC,3.4694469519532198e-18
7,2025-08-06,2025-08-01,GAS,3.4694469519532198e-18
7,2025-08-06,2025-08-01,AKT,3.4694469519532198e-18
7,2025-08-06,2025-08-01,BIGTIME,3.4694469519532198e-18
7,2025-08-06,2025-08-01,DRIFT,3.4694469519532198e-18
7,2025-08-07,2025-08-01,XRP,3.4694469519532198e-18
7,2025-08-07,2025-08-01,BTC,0.25
7,2025-08-07,2025-08-01,ETH,0.16016718494401866
7,2025-08-07,2025-08-01,SOL,3.4694469519532198e-18
7,2025-08-07,2025-08-01,DOGE,3.4694469519532198e-18
7,2025-08-07,2025-08-01,AERGO,0.004081426359021724
7,2025-08-07,2025-08-01,ADA,3.4694469519532198e-18
7,2025-08-07,2025-08-01,AUCTION,3.4694469519532198e-18
7,2025-08-07,2025-08-01,ONDO,3.4694469519532198e-18
7,2025-08-07,2025-08-01,SUI,3.4694469519532198e-18
7,2025-08-07,2025-08-01,VIRTUAL,3.4694469519532198e-18
7,2025-08-07,2025-08-01,ARDR,0.05139768537776285
7,2025-08-07,2025-08-01,MOVE,3.4694469519532198e-18
7,2025-08-07,2025-08-01,AWE,0.05458234195553267
7,2025-08-07,2025-08-01,XLM,3.4694469519532198e-18
7,2025-08-07,2025-08-01,AXS,3.4694469519532198e-18
7,2025-08-07,2025-08-01,SNT,0.04326228787237601
7,2025-08-07,2025-08-01,QTUM,3.4694469519532198e-18
7,2025-08-07,2025-08-01,ANIME,3.4694469519532198e-18
7,2025-08-07,2025-08-01,PUNDIX,3.4694469519532198e-18
7,2025-08-07,2025-08-01,ARK,3.4694469519532198e-18
7,2025-08-07,2025-08-01,ENS,3.4694469519532198e-18
7,2025-08-07,2025-08-01,LINK,3.4694469519532198e-18
7,2025-08-07,2025-08-01,CRO,0.006505547822576804
7,2025-08-07,2025-08-01,HBAR,3.4694469519532198e-18
7,2025-08-07,2025-08-01,VANA,3.4694469519532198e-18
7,2025-08-07,2025-08-01,SEI,3.4694469519532198e-18
7,2025-08-07,2025-08-01,STRAX,0.07125149545404189
7,2025-08-07,2025-08-01,KNC,3.4694469519532198e-18
7,2025-08-07,2025-08-01,ME,3.4694469519532198e-18
7,2025-08-07,2025-08-01,SHIB,3.4694469519532198e-18
7,2025-08-07,2025-08-01,CBK,0.02895678123858144
7,2025-08-07,2025-08-01,AQT,0.058316543298825144
7,2025-08-07,2025-08-01,SAFE,3.4694469519532198e-18
7,2025-08-07,2025-08-01,GLM,3.4694469519532198e-18
7,2025-08-07,2025-08-01,PEPE,3.4694469519532198e-18
7,2025-08-07,2025-08-01,BONK,3.4694469519532198e-18
7,2025-08-07,2025-08-01,WAVES,0.025649187356166354
7,2025-08-07,2025-08-01,MASK,3.4694469519532198e-18
7,2025-08-07,2025-08-01,ATH,3.4694469519532198e-18
7,2025-08-07,2025-08-01,TOKAMAK,0.03401095874602001
7,2025-08-07,2025-08-01,CARV,0.006471869406513106
7,2025-08-07,2025-08-01,MEW,3.4694469519532198e-18
7,2025-08-07,2025-08-01,MNT,0.20534669016856338
7,2025-08-07,2025-08-01,PYTH,3.4694469519532198e-18
7,2025-08-07,2025-08-01,SONIC,3.4694469519532198e-18
7,2025-08-07,2025-08-01,GAS,3.4694469519532198e-18
7,2025-08-07,2025-08-01,AKT,3.4694469519532198e-18
7,2025-08-07,2025-08-01,BIGTIME,3.4694469519532198e-18
7,2025-08-07,2025-08-01,DRIFT,3.4694469519532198e-18
7,2025-09-01,2025-09-01,XRP,0.015452331228691663
7,2025-09-01,2025-09-01,BTC,0.25
7,2025-09-01,2025-09-01,ETH,6.938893903906834e-18
7,2025-09-01,2025-09-01,SOL,6.938893903906834e-18
7,2025-09-01,2025-09-01,DOGE,6.938893903906834e-18
7,2025-09-01,2025-09-01,AERGO,0.02735051913051423
7,2025-09-01,2025-09-01,ADA,6.938893903906834e-18
7,2025-09-01,2025-09-01,AUCTION,6.938893903906834e-18
7,2025-09-01,2025-09-01,ONDO,6.938893903906834e-18
7,2025-09-01,2025-09-01,SUI,6.938893903906834e-18
7,2025-09-01,2025-09-01,VIRTUAL,6.938893903906834e-18
7,2025-09-01,2025-09-01,ARDR,0.09481411691629273
7,2025-09-01,2025-09-01,MOVE,6.938893903906834e-18
7,2025-09-01,2025-09-01,AWE,0.08114661459729454
7,2025-09-01,2025-09-01,XLM,6.938893903906834e-18
7,2025-09-01,2025-09-01,AXS,6.938893903906834e-18
7,2025-09-01,2025-09-01,SNT,0.11319063489281778
7,2025-09-01,2025-09-01,QTUM,6.938893903906834e-18
7,2025-09-01,2025-09-01,ANIME,6.938893903906834e-18
7,2025-09-01,2025-09-01,PUNDIX,6.938893903906834e-18
7,2025-09-01,2025-09-01,ARK,6.938893903906834e-18
7,2025-09-01,2025-09-01,ENS,6.938893903906834e-18
7,2025-09-01,2025-09-01,LINK,6.938893903906834e-18
7,2025-09-01,2025-09-01,CRO,6.938893903906834e-18
7,2025-09-01,2025-09-01,HBAR,6.938893903906834e-18
7,2025-09-01,2025-09-01,VANA,6.938893903906834e-18
7,2025-09-01,2025-09-01,SEI,6.938893903906834e-18
7,2025-09-01,2025-09-01,STRAX,0.1384130496691118
7,2025-09-01,2025-09-01,KNC,6.938893903906834e-18
7,2025-09-01,2025-09-01,ME,6.938893903906834e-18
7,2025-09-01,2025-09-01,SHIB,6.938893903906834e-18
7,2025-09-01,2025-09-01,CBK,0.06014292053306354
7,2025-09-01,2025-09-01,AQT,0.050595817528645004
7,2025-09-01,2025-09-01,SAFE,6.938893903906834e-18
7,2025-09-01,2025-09-01,GLM,6.938893903906834e-18
7,2025-09-01,2025-09-01,PEPE,6.938893903906834e-18
7,2025-09-01,2025-09-01,BONK,6.938893903906834e-18
7,2025-09-01,2025-09-01,WAVES,0.04135298793009686
7,2025-09-01,2025-09-01,MASK,6.938893903906834e-18
7,2025-09-01,2025-09-01,ATH,6.938893903906834e-18
7,2025-09-01,2025-09-01,TOKAMAK,0.08514271274532342
7,2025-09-01,2025-09-01,CARV,6.938893903906834e-18
7,2025-09-01,2025-09-01,MEW,6.938893903906834e-18
7,2025-09-01,2025-09-01,MNT,0.01922162018871606
7,2025-09-01,2025-09-01,PYTH,6.938893903906834e-18
7,2025-09-01,2025-09-01,SONIC,6.938893903906834e-18
7,2025-09-01,2025-09-01,GAS,0.023176674639432415
7,2025-09-01,2025-09-01,AKT,6.938893903906834e-18
7,2025-09-01,2025-09-01,BIGTIME,6.938893903906834e-18
7,2025-09-01,2025-09-01,DRIFT,6.938893903906834e-18
7,2025-09-02,2025-09-01,XRP,0.015452331228691663
7,2025-09-02,2025-09-01,BTC,0.25
7,2025-09-02,2025-09-01,ETH,6.938893903906834e-18
7,2025-09-02,2025-09-01,SOL,6.938893903906834e-18
7,2025-09-02,2025-09-01,DOGE,6.938893903906834e-18
7,2025-09-02,2025-09-01,AERGO,0.02735051913051423
7,2025-09-02,2025-09-01,ADA,6.938893903906834e-18
7,2025-09-02,2025-09-01,AUCTION,6.938893903906834e-18
7,2025-09-02,2025-09-01,ONDO,6.938893903906834e-18
7,2025-09-02,2025-09-01,SUI,6.938893903906834e-18
7,2025-09-02,2025-09-01,VIRTUAL,6.938893903906834e-18
7,2025-09-02,2025-09-01,ARDR,0.09481411691629273
7,2025-09-02,2025-09-01,MOVE,6.938893903906834e-18
7,2025-09-02,2025-09-01,AWE,0.08114661459729454
7,2025-09-02,2025-09-01,XLM,6.938893903906834e-18
7,2025-09-02,2025-09-01,AXS,6.938893903906834e-18
7,2025-09-02,2025-09-01,SNT,0.11319063489281778
7,2025-09-02,2025-09-01,QTUM,6.938893903906834e-18
7,2025-09-02,2025-09-01,ANIME,6.938893903906834e-18
7,2025-09-02,2025-09-01,PUNDIX,6.938893903906834e-18
7,2025-09-02,2025-09-01,ARK,6.938893903906834e-18
7,2025-09-02,2025-09-01,ENS,6.938893903906834e-18
7,2025-09-02,2025-09-01,LINK,6.938893903906834e-18
7,2025-09-02,2025-09-01,CRO,6.938893903906834e-18
7,2025-09-02,2025-09-01,HBAR,6.938893903906834e-18
7,2025-09-02,2025-09-01,VANA,6.938893903906834e-18
7,2025-09-02,2025-09-01,SEI,6.938893903906834e-18
7,2025-09-02,2025-09-01,STRAX,0.1384130496691118
7,2025-09-02,2025-09-01,KNC,6.938893903906834e-18
7,2025-09-02,2025-09-01,ME,6.938893903906834e-18
7,2025-09-02,2025-09-01,SHIB,6.938893903906834e-18
7,2025-09-02,2025-09-01,CBK,0.06014292053306354
7,2025-09-02,2025-09-01,AQT,0.050595817528645004
7,2025-09-02,2025-09-01,SAFE,6.938893903906834e-18
7,2025-09-02,2025-09-01,GLM,6.938893903906834e-18
7,2025-09-02,2025-09-01,PEPE,6.938893903906834e-18
7,2025-09-02,2025-09-01,BONK,6.938893903906834e-18
7,2025-09-02,2025-09-01,WAVES,0.04135298793009686
7,2025-09-02,2025-09-01,MASK,6.938893903906834e-18
7,2025-09-02,2025-09-01,ATH,6.938893903906834e-18
7,2025-09-02,2025-09-01,TOKAMAK,0.08514271274532342
7,2025-09-02,2025-09-01,CARV,6.938893903906834e-18
7,2025-09-02,2025-09-01,MEW,6.938893903906834e-18
7,2025-09-02,2025-09-01,MNT,0.01922162018871606
7,2025-09-02,2025-09-01,PYTH,6.938893903906834e-18
7,2025-09-02,2025-09-01,SONIC,6.938893903906834e-18
7,2025-09-02,2025-09-01,GAS,0.023176674639432415
7,2025-09-02,2025-09-01,AKT,6.938893903906834e-18
7,2025-09-02,2025-09-01,BIGTIME,6.938893903906834e-18
7,2025-09-02,2025-09-01,DRIFT,6.938893903906834e-18
7,2025-09-03,2025-09-01,XRP,0.015452331228691663
7,2025-09-03,2025-09-01,BTC,0.25
7,2025-09-03,2025-09-01,ETH,6.938893903906834e-18
7,2025-09-03,2025-09-01,SOL,6.938893903906834e-18
7,2025-09-03,2025-09-01,DOGE,6.938893903906834e-18
7,2025-09-03,2025-09-01,AERGO,0.02735051913051423
7,2025-09-03,2025-09-01,ADA,6.938893903906834e-18
7,2025-09-03,2025-09-01,AUCTION,6.938893903906834e-18
7,2025-09-03,2025-09-01,ONDO,6.938893903906834e-18
7,2025-09-03,2025-09-01,SUI,6.938893903906834e-18
7,2025-09-03,2025-09-01,VIRTUAL,6.938893903906834e-18
7,2025-09-03,2025-09-01,ARDR,0.09481411691629273
7,2025-09-03,2025-09-01,MOVE,6.938893903906834e-18
7,2025-09-03,2025-09-01,AWE,0.08114661459729454
7,2025-09-03,2025-09-01,XLM,6.938893903906834e-18
7,2025-09-03,2025-09-01,AXS,6.938893903906834e-18
7,2025-09-03,2025-09-01,SNT,0.11319063489281778
7,2025-09-03,2025-09-01,QTUM,6.938893903906834e-18
7,2025-09-03,2025-09-01,ANIME,6.938893903906834e-18
7,2025-09-03,2025-09-01,PUNDIX,6.938893903906834e-18
7,2025-09-03,2025-09-01,ARK,6.938893903906834e-18
7,2025-09-03,2025-09-01,ENS,6.938893903906834e-18
7,2025-09-03,2025-09-01,LINK,6.938893903906834e-18
7,2025-09-03,2025-09-01,CRO,6.938893903906834e-18
7,2025-09-03,2025-09-01,HBAR,6.938893903906834e-18
7,2025-09-03,2025-09-01,VANA,6.938893903906834e-18
7,2025-09-03,2025-09-01,SEI,6.938893903906834e-18
7,2025-09-03,2025-09-01,STRAX,0.1384130496691118
7,2025-09-03,2025-09-01,KNC,6.938893903906834e-18
7,2025-09-03,2025-09-01,ME,6.938893903906834e-18
7,2025-09-03,2025-09-01,SHIB,6.938893903906834e-18
7,2025-09-03,2025-09-01,CBK,0.06014292053306354
7,2025-09-03,2025-09-01,AQT,0.050595817528645004
7,2025-09-03,2025-09-01,SAFE,6.938893903906834e-18
7,2025-09-03,2025-09-01,GLM,6.938893903906834e-18
7,2025-09-03,2025-09-01,PEPE,6.938893903906834e-18
7,2025-09-03,2025-09-01,BONK,6.938893903906834e-18
7,2025-09-03,2025-09-01,WAVES,0.04135298793009686
7,2025-09-03,2025-09-01,MASK,6.938893903906834e-18
7,2025-09-03,2025-09-01,ATH,6.938893903906834e-18
7,2025-09-03,2025-09-01,TOKAMAK,0.08514271274532342
7,2025-09-03,2025-09-01,CARV,6.938893903906834e-18
7,2025-09-03,2025-09-01,MEW,6.938893903906834e-18
7,2025-09-03,2025-09-01,MNT,0.01922162018871606
7,2025-09-03,2025-09-01,PYTH,6.938893903906834e-18
7,2025-09-03,2025-09-01,SONIC,6.938893903906834e-18
7,2025-09-03,2025-09-01,GAS,0.023176674639432415
7,2025-09-03,2025-09-01,AKT,6.938893903906834e-18
7,2025-09-03,2025-09-01,BIGTIME,6.938893903906834e-18
7,2025-09-03,2025-09-01,DRIFT,6.938893903906834e-18
7,2025-09-04,2025-09-01,XRP,0.015452331228691663
7,2025-09-04,2025-09-01,BTC,0.25
7,2025-09-04,2025-09-01,ETH,6.938893903906834e-18
7,2025-09-04,2025-09-01,SOL,6.938893903906834e-18
7,2025-09-04,2025-09-01,DOGE,6.938893903906834e-18
7,2025-09-04,2025-09-01,AERGO,0.02735051913051423
7,2025-09-04,2025-09-01,ADA,6.938893903906834e-18
7,2025-09-04,2025-09-01,AUCTION,6.938893903906834e-18
7,2025-09-04,2025-09-01,ONDO,6.938893903906834e-18
7,2025-09-04,2025-09-01,SUI,6.938893903906834e-18
7,2025-09-04,2025-09-01,VIRTUAL,6.938893903906834e-18
7,2025-09-04,2025-09-01,ARDR,0.09481411691629273
7,2025-09-04,2025-09-01,MOVE,6.938893903906834e-18
7,2025-09-04,2025-09-01,AWE,0.08114661459729454
7,2025-09-04,2025-09-01,XLM,6.938893903906834e-18
7,2025-09-04,2025-09-01,AXS,6.938893903906834e-18
7,2025-09-04,2025-09-01,SNT,0.11319063489281778
7,2025-09-04,2025-09-01,QTUM,6.938893903906834e-18
7,2025-09-04,2025-09-01,ANIME,6.938893903906834e-18
7,2025-09-04,2025-09-01,PUNDIX,6.938893903906834e-18
7,2025-09-04,2025-09-01,ARK,6.938893903906834e-18
7,2025-09-04,2025-09-01,ENS,6.938893903906834e-18
7,2025-09-04,2025-09-01,LINK,6.938893903906834e-18
7,2025-09-04,2025-09-01,CRO,6.938893903906834e-18
7,2025-09-04,2025-09-01,HBAR,6.938893903906834e-18
7,2025-09-04,2025-09-01,VANA,6.938893903906834e-18
7,2025-09-04,2025-09-01,SEI,6.938893903906834e-18
7,2025-09-04,2025-09-01,STRAX,0.1384130496691118
7,2025-09-04,2025-09-01,KNC,6.938893903906834e-18
7,2025-09-04,2025-09-01,ME,6.938893903906834e-18
7,2025-09-04,2025-09-01,SHIB,6.938893903906834e-18
7,2025-09-04,2025-09-01,CBK,0.06014292053306354
7,2025-09-04,2025-09-01,AQT,0.050595817528645004
7,2025-09-04,2025-09-01,SAFE,6.938893903906834e-18
7,2025-09-04,2025-09-01,GLM,6.938893903906834e-18
7,2025-09-04,2025-09-01,PEPE,6.938893903906834e-18
7,2025-09-04,2025-09-01,BONK,6.938893903906834e-18
7,2025-09-04,2025-09-01,WAVES,0.04135298793009686
7,2025-09-04,2025-09-01,MASK,6.938893903906834e-18
7,2025-09-04,2025-09-01,ATH,6.938893903906834e-18
7,2025-09-04,2025-09-01,TOKAMAK,0.08514271274532342
7,2025-09-04,2025-09-01,CARV,6.938893903906834e-18
7,2025-09-04,2025-09-01,MEW,6.938893903906834e-18
7,2025-09-04,2025-09-01,MNT,0.01922162018871606
7,2025-09-04,2025-09-01,PYTH,6.938893903906834e-18
7,2025-09-04,2025-09-01,SONIC,6.938893903906834e-18
7,2025-09-04,2025-09-01,GAS,0.023176674639432415
7,2025-09-04,2025-09-01,AKT,6.938893903906834e-18
7,2025-09-04,2025-09-01,BIGTIME,6.938893903906834e-18
7,2025-09-04,2025-09-01,DRIFT,6.938893903906834e-18
7,2025-09-05,2025-09-01,XRP,0.015452331228691663
7,2025-09-05,2025-09-01,BTC,0.25
7,2025-09-05,2025-09-01,ETH,6.938893903906834e-18
7,2025-09-05,2025-09-01,SOL,6.938893903906834e-18
7,2025-09-05,2025-09-01,DOGE,6.938893903906834e-18
7,2025-09-05,2025-09-01,AERGO,0.02735051913051423
7,2025-09-05,2025-09-01,ADA,6.938893903906834e-18
7,2025-09-05,2025-09-01,AUCTION,6.938893903906834e-18
7,2025-09-05,2025-09-01,ONDO,6.938893903906834e-18
7,2025-09-05,2025-09-01,SUI,6.938893903906834e-18
7,2025-09-05,2025-09-01,VIRTUAL,6.938893903906834e-18
7,2025-09-05,2025-09-01,ARDR,0.09481411691629273
7,2025-09-05,2025-09-01,MOVE,6.938893903906834e-18
7,2025-09-05,2025-09-01,AWE,0.08114661459729454
7,2025-09-05,2025-09-01,XLM,6.938893903906834e-18
7,2025-09-05,2025-09-01,AXS,6.938893903906834e-18
7,2025-09-05,2025-09-01,SNT,0.11319063489281778
7,2025-09-05,2025-09-01,QTUM,6.938893903906834e-18
7,2025-09-05,2025-09-01,ANIME,6.938893903906834e-18
7,2025-09-05,2025-09-01,PUNDIX,6.938893903906834e-18
7,2025-09-05,2025-09-01,ARK,6.938893903906834e-18
7,2025-09-05,2025-09-01,ENS,6.938893903906834e-18
7,2025-09-05,2025-09-01,LINK,6.938893903906834e-18
7,2025-09-05,2025-09-01,CRO,6.938893903906834e-18
7,2025-09-05,2025-09-01,HBAR,6.938893903906834e-18
7,2025-09-05,2025-09-01,VANA,6.938893903906834e-18
7,2025-09-05,2025-09-01,SEI,6.938893903906834e-18
7,2025-09-05,2025-09-01,STRAX,0.1384130496691118
7,2025-09-05,2025-09-01,KNC,6.938893903906834e-18
7,2025-09-05,2025-09-01,ME,6.938893903906834e-18
7,2025-09-05,2025-09-01,SHIB,6.938893903906834e-18
7,2025-09-05,2025-09-01,CBK,0.06014292053306354
7,2025-09-05,2025-09-01,AQT,0.050595817528645004
7,2025-09-05,2025-09-01,SAFE,6.938893903906834e-18
7,2025-09-05,2025-09-01,GLM,6.938893903906834e-18
7,2025-09-05,2025-09-01,PEPE,6.938893903906834e-18
7,2025-09-05,2025-09-01,BONK,6.938893903906834e-18
7,2025-09-05,2025-09-01,WAVES,0.04135298793009686
7,2025-09-05,2025-09-01,MASK,6.938893903906834e-18
7,2025-09-05,2025-09-01,ATH,6.938893903906834e-18
7,2025-09-05,2025-09-01,TOKAMAK,0.08514271274532342
7,2025-09-05,2025-09-01,CARV,6.938893903906834e-18
7,2025-09-05,2025-09-01,MEW,6.938893903906834e-18
7,2025-09-05,2025-09-01,MNT,0.01922162018871606
7,2025-09-05,2025-09-01,PYTH,6.938893903906834e-18
7,2025-09-05,2025-09-01,SONIC,6.938893903906834e-18
7,2025-09-05,2025-09-01,GAS,0.023176674639432415
7,2025-09-05,2025-09-01,AKT,6.938893903906834e-18
7,2025-09-05,2025-09-01,BIGTIME,6.938893903906834e-18
7,2025-09-05,2025-09-01,DRIFT,6.938893903906834e-18
7,2025-09-06,2025-09-01,XRP,0.015452331228691663
7,2025-09-06,2025-09-01,BTC,0.25
7,2025-09-06,2025-09-01,ETH,6.938893903906834e-18
7,2025-09-06,2025-09-01,SOL,6.938893903906834e-18
7,2025-09-06,2025-09-01,DOGE,6.938893903906834e-18
7,2025-09-06,2025-09-01,AERGO,0.02735051913051423
7,2025-09-06,2025-09-01,ADA,6.938893903906834e-18
7,2025-09-06,2025-09-01,AUCTION,6.938893903906834e-18
7,2025-09-06,2025-09-01,ONDO,6.938893903906834e-18
7,2025-09-06,2025-09-01,SUI,6.938893903906834e-18
7,2025-09-06,2025-09-01,VIRTUAL,6.938893903906834e-18
7,2025-09-06,2025-09-01,ARDR,0.09481411691629273
7,2025-09-06,2025-09-01,MOVE,6.938893903906834e-18
7,2025-09-06,2025-09-01,AWE,0.08114661459729454
7,2025-09-06,2025-09-01,XLM,6.938893903906834e-18
7,2025-09-06,2025-09-01,AXS,6.938893903906834e-18
7,2025-09-06,2025-09-01,SNT,0.11319063489281778
7,2025-09-06,2025-09-01,QTUM,6.938893903906834e-18
7,2025-09-06,2025-09-01,ANIME,6.938893903906834e-18
7,2025-09-06,2025-09-01,PUNDIX,6.938893903906834e-18
7,2025-09-06,2025-09-01,ARK,6.938893903906834e-18
7,2025-09-06,2025-09-01,ENS,6.938893903906834e-18
7,2025-09-06,2025-09-01,LINK,6.938893903906834e-18
7,2025-09-06,2025-09-01,CRO,6.938893903906834e-18
7,2025-09-06,2025-09-01,HBAR,6.938893903906834e-18
7,2025-09-06,2025-09-01,VANA,6.938893903906834e-18
7,2025-09-06,2025-09-01,SEI,6.938893903906834e-18
7,2025-09-06,2025-09-01,STRAX,0.1384130496691118
7,2025-09-06,2025-09-01,KNC,6.938893903906834e-18
7,2025-09-06,2025-09-01,ME,6.938893903906834e-18
7,2025-09-06,2025-09-01,SHIB,6.938893903906834e-18
7,2025-09-06,2025-09-01,CBK,0.06014292053306354
7,2025-09-06,2025-09-01,AQT,0.050595817528645004
7,2025-09-06,2025-09-01,SAFE,6.938893903906834e-18
7,2025-09-06,2025-09-01,GLM,6.938893903906834e-18
7,2025-09-06,2025-09-01,PEPE,6.938893903906834e-18
7,2025-09-06,2025-09-01,BONK,6.938893903906834e-18
7,2025-09-06,2025-09-01,WAVES,0.04135298793009686
7,2025-09-06,2025-09-01,MASK,6.938893903906834e-18
7,2025-09-06,2025-09-01,ATH,6.938893903906834e-18
7,2025-09-06,2025-09-01,TOKAMAK,0.08514271274532342
7,2025-09-06,2025-09-01,CARV,6.938893903906834e-18
7,2025-09-06,2025-09-01,MEW,6.938893903906834e-18
7,2025-09-06,2025-09-01,MNT,0.01922162018871606
7,2025-09-06,2025-09-01,PYTH,6.938893903906834e-18
7,2025-09-06,2025-09-01,SONIC,6.938893903906834e-18
7,2025-09-06,2025-09-01,GAS,0.023176674639432415
7,2025-09-06,2025-09-01,AKT,6.938893903906834e-18
7,2025-09-06,2025-09-01,BIGTIME,6.938893903906834e-18
7,2025-09-06,2025-09-01,DRIFT,6.938893903906834e-18
7,2025-09-07,2025-09-01,XRP,0.015452331228691663
7,2025-09-07,2025-09-01,BTC,0.25
7,2025-09-07,2025-09-01,ETH,6.938893903906834e-18
7,2025-09-07,2025-09-01,SOL,6.938893903906834e-18
7,2025-09-07,2025-09-01,DOGE,6.938893903906834e-18
7,2025-09-07,2025-09-01,AERGO,0.02735051913051423
7,2025-09-07,2025-09-01,ADA,6.938893903906834e-18
7,2025-09-07,2025-09-01,AUCTION,6.938893903906834e-18
7,2025-09-07,2025-09-01,ONDO,6.938893903906834e-18
7,2025-09-07,2025-09-01,SUI,6.938893903906834e-18
7,2025-09-07,2025-09-01,VIRTUAL,6.938893903906834e-18
7,2025-09-07,2025-09-01,ARDR,0.09481411691629273
7,2025-09-07,2025-09-01,MOVE,6.938893903906834e-18
7,2025-09-07,2025-09-01,AWE,0.08114661459729454
7,2025-09-07,2025-09-01,XLM,6.938893903906834e-18
7,2025-09-07,2025-09-01,AXS,6.938893903906834e-18
7,2025-09-07,2025-09-01,SNT,0.11319063489281778
7,2025-09-07,2025-09-01,QTUM,6.938893903906834e-18
7,2025-09-07,2025-09-01,ANIME,6.938893903906834e-18
7,2025-09-07,2025-09-01,PUNDIX,6.938893903906834e-18
7,2025-09-07,2025-09-01,ARK,6.938893903906834e-18
7,2025-09-07,2025-09-01,ENS,6.938893903906834e-18
7,2025-09-07,2025-09-01,LINK,6.938893903906834e-18
7,2025-09-07,2025-09-01,CRO,6.938893903906834e-18
7,2025-09-07,2025-09-01,HBAR,6.938893903906834e-18
7,2025-09-07,2025-09-01,VANA,6.938893903906834e-18
7,2025-09-07,2025-09-01,SEI,6.938893903906834e-18
7,2025-09-07,2025-09-01,STRAX,0.1384130496691118
7,2025-09-07,2025-09-01,KNC,6.938893903906834e-18
7,2025-09-07,2025-09-01,ME,6.938893903906834e-18
7,2025-09-07,2025-09-01,SHIB,6.938893903906834e-18
7,2025-09-07,2025-09-01,CBK,0.06014292053306354
7,2025-09-07,2025-09-01,AQT,0.050595817528645004
7,2025-09-07,2025-09-01,SAFE,6.938893903906834e-18
7,2025-09-07,2025-09-01,GLM,6.938893903906834e-18
7,2025-09-07,2025-09-01,PEPE,6.938893903906834e-18
7,2025-09-07,2025-09-01,BONK,6.938893903906834e-18
7,2025-09-07,2025-09-01,WAVES,0.04135298793009686
7,2025-09-07,2025-09-01,MASK,6.938893903906834e-18
7,2025-09-07,2025-09-01,ATH,6.938893903906834e-18
7,2025-09-07,2025-09-01,TOKAMAK,0.08514271274532342
7,2025-09-07,2025-09-01,CARV,6.938893903906834e-18
7,2025-09-07,2025-09-01,MEW,6.938893903906834e-18
7,2025-09-07,2025-09-01,MNT,0.01922162018871606
7,2025-09-07,2025-09-01,PYTH,6.938893903906834e-18
7,2025-09-07,2025-09-01,SONIC,6.938893903906834e-18
7,2025-09-07,2025-09-01,GAS,0.023176674639432415
7,2025-09-07,2025-09-01,AKT,6.938893903906834e-18
7,2025-09-07,2025-09-01,BIGTIME,6.938893903906834e-18
7,2025-09-07,2025-09-01,DRIFT,6.938893903906834e-18
7,2025-10-01,2025-10-01,XRP,0.14320678568251935
7,2025-10-01,2025-10-01,BTC,0.25
7,2025-10-01,2025-10-01,ETH,1.1564823173176084e-18
7,2025-10-01,2025-10-01,SOL,1.1564823173176084e-18
7,2025-10-01,2025-10-01,DOGE,1.1564823173176084e-18
7,2025-10-01,2025-10-01,AERGO,0.03821217767459132
7,2025-10-01,2025-10-01,ADA,1.1564823173176084e-18
7,2025-10-01,2025-10-01,AUCTION,1.1564823173176084e-18
7,2025-10-01,2025-10-01,ONDO,1.1564823173176084e-18
7,2025-10-01,2025-10-01,SUI,1.1564823173176084e-18
7,2025-10-01,2025-10-01,VIRTUAL,1.1564823173176084e-18
7,2025-10-01,2025-10-01,ARDR,0.09419605416772588
7,2025-10-01,2025-10-01,MOVE,1.1564823173176084e-18
7,2025-10-01,2025-10-01,AWE,0.009907865426077547
7,2025-10-01,2025-10-01,XLM,1.1564823173176084e-18
7,2025-10-01,2025-10-01,AXS,1.1564823173176084e-18
7,2025-10-01,2025-10-01,SNT,0.1480703482834617
7,2025-10-01,2025-10-01,QTUM,1.1564823173176084e-18
7,2025-10-01,2025-10-01,ANIME,1.1564823173176084e-18
7,2025-10-01,2025-10-01,PUNDIX,0.00630257661348342
7,2025-10-01,2025-10-01,ARK,1.1564823173176084e-18
7,2025-10-01,2025-10-01,ENS,1.1564823173176084e-18
7,2025-10-01,2025-10-01,LINK,1.1564823173176084e-18
7,2025-10-01,2025-10-01,CRO,1.1564823173176084e-18
7,2025-10-01,2025-10-01,HBAR,1.1564823173176084e-18
7,2025-10-01,2025-10-01,VANA,1.1564823173176084e-18
7,2025-10-01,2025-10-01,SEI,1.1564823173176084e-18
7,2025-10-01,2025-10-01,STRAX,0.11809539205819164
7,2025-10-01,2025-10-01,KNC,1.1564823173176084e-18
7,2025-10-01,2025-10-01,ME,1.1564823173176084e-18
7,2025-10-01,2025-10-01,SHIB,1.1564823173176084e-18
7,2025-10-01,2025-10-01,CBK,1.1564823173176084e-18
7,2025-10-01,2025-10-01,AQT,0.06587518508344843
7,2025-10-01,2025-10-01,SAFE,1.1564823173176084e-18
7,2025-10-01,2025-10-01,GLM,1.1564823173176084e-18
7,2025-10-01,2025-10-01,PEPE,1.1564823173176084e-18
7,2025-10-01,2025-10-01,BONK,1.1564823173176084e-18
7,2025-10-01,2025-10-01,WAVES,0.044951237896235424
7,2025-10-01,2025-10-01,MASK,1.1564823173176084e-18
7,2025-10-01,2025-10-01,ATH,0.0008924216787479289
7,2025-10-01,2025-10-01,TOKAMAK,0.020548929902330638
7,2025-10-01,2025-10-01,CARV,1.1564823173176084e-18
7,2025-10-01,2025-10-01,MEW,1.1564823173176084e-18
7,2025-10-01,2025-10-01,MNT,0.00435056755103692
7,2025-10-01,2025-10-01,PYTH,1.1564823173176084e-18
7,2025-10-01,2025-10-01,SONIC,1.1564823173176084e-18
7,2025-10-01,2025-10-01,GAS,0.055390457982149824
7,2025-10-01,2025-10-01,AKT,1.1564823173176084e-18
7,2025-10-01,2025-10-01,BIGTIME,1.1564823173176084e-18
7,2025-10-01,2025-10-01,DRIFT,1.1564823173176084e-18
7,2025-10-02,2025-10-01,XRP,0.14320678568251935
7,2025-10-02,2025-10-01,BTC,0.25
7,2025-10-02,2025-10-01,ETH,1.1564823173176084e-18
7,2025-10-02,2025-10-01,SOL,1.1564823173176084e-18
7,2025-10-02,2025-10-01,DOGE,1.1564823173176084e-18
7,2025-10-02,2025-10-01,AERGO,0.03821217767459132
7,2025-10-02,2025-10-01,ADA,1.1564823173176084e-18
7,2025-10-02,2025-10-01,AUCTION,1.1564823173176084e-18
7,2025-10-02,2025-10-01,ONDO,1.1564823173176084e-18
7,2025-10-02,2025-10-01,SUI,1.1564823173176084e-18
7,2025-10-02,2025-10-01,VIRTUAL,1.1564823173176084e-18
7,2025-10-02,2025-10-01,ARDR,0.09419605416772588
7,2025-10-02,2025-10-01,MOVE,1.1564823173176084e-18
7,2025-10-02,2025-10-01,AWE,0.009907865426077547
7,2025-10-02,2025-10-01,XLM,1.1564823173176084e-18
7,2025-10-02,2025-10-01,AXS,1.1564823173176084e-18
7,2025-10-02,2025-10-01,SNT,0.1480703482834617
7,2025-10-02,2025-10-01,QTUM,1.1564823173176084e-18
7,2025-10-02,2025-10-01,ANIME,1.1564823173176084e-18
7,2025-10-02,2025-10-01,PUNDIX,0.00630257661348342
7,2025-10-02,2025-10-01,ARK,1.1564823173176084e-18
7,2025-10-02,2025-10-01,ENS,1.1564823173176084e-18
7,2025-10-02,2025-10-01,LINK,1.1564823173176084e-18
7,2025-10-02,2025-10-01,CRO,1.1564823173176084e-18
7,2025-10-02,2025-10-01,HBAR,1.1564823173176084e-18
7,2025-10-02,2025-10-01,VANA,1.1564823173176084e-18
7,2025-10-02,2025-10-01,SEI,1.1564823173176084e-18
7,2025-10-02,2025-10-01,STRAX,0.11809539205819164
7,2025-10-02,2025-10-01,KNC,1.1564823173176084e-18
7,2025-10-02,2025-10-01,ME,1.1564823173176084e-18
7,2025-10-02,2025-10-01,SHIB,1.1564823173176084e-18
7,2025-10-02,2025-10-01,CBK,1.1564823173176084e-18
7,2025-10-02,2025-10-01,AQT,0.06587518508344843
7,2025-10-02,2025-10-01,SAFE,1.1564823173176084e-18
7,2025-10-02,2025-10-01,GLM,1.1564823173176084e-18
7,2025-10-02,2025-10-01,PEPE,1.1564823173176084e-18
7,2025-10-02,2025-10-01,BONK,1.1564823173176084e-18
7,2025-10-02,2025-10-01,WAVES,0.044951237896235424
7,2025-10-02,2025-10-01,MASK,1.1564823173176084e-18
7,2025-10-02,2025-10-01,ATH,0.0008924216787479289
7,2025-10-02,2025-10-01,TOKAMAK,0.020548929902330638
7,2025-10-02,2025-10-01,CARV,1.1564823173176084e-18
7,2025-10-02,2025-10-01,MEW,1.1564823173176084e-18
7,2025-10-02,2025-10-01,MNT,0.00435056755103692
7,2025-10-02,2025-10-01,PYTH,1.1564823173176084e-18
7,2025-10-02,2025-10-01,SONIC,1.1564823173176084e-18
7,2025-10-02,2025-10-01,GAS,0.055390457982149824
7,2025-10-02,2025-10-01,AKT,1.1564823173176084e-18
7,2025-10-02,2025-10-01,BIGTIME,1.1564823173176084e-18
7,2025-10-02,2025-10-01,DRIFT,1.1564823173176084e-18
7,2025-10-03,2025-10-01,XRP,0.14320678568251935
7,2025-10-03,2025-10-01,BTC,0.25
7,2025-10-03,2025-10-01,ETH,1.1564823173176084e-18
7,2025-10-03,2025-10-01,SOL,1.1564823173176084e-18
7,2025-10-03,2025-10-01,DOGE,1.1564823173176084e-18
7,2025-10-03,2025-10-01,AERGO,0.03821217767459132
7,2025-10-03,2025-10-01,ADA,1.1564823173176084e-18
7,2025-10-03,2025-10-01,AUCTION,1.1564823173176084e-18
7,2025-10-03,2025-10-01,ONDO,1.1564823173176084e-18
7,2025-10-03,2025-10-01,SUI,1.1564823173176084e-18
7,2025-10-03,2025-10-01,VIRTUAL,1.1564823173176084e-18
7,2025-10-03,2025-10-01,ARDR,0.09419605416772588
7,2025-10-03,2025-10-01,MOVE,1.1564823173176084e-18
7,2025-10-03,2025-10-01,AWE,0.009907865426077547
7,2025-10-03,2025-10-01,XLM,1.1564823173176084e-18
7,2025-10-03,2025-10-01,AXS,1.1564823173176084e-18
7,2025-10-03,2025-10-01,SNT,0.1480703482834617
7,2025-10-03,2025-10-01,QTUM,1.1564823173176084e-18
7,2025-10-03,2025-10-01,ANIME,1.1564823173176084e-18
7,2025-10-03,2025-10-01,PUNDIX,0.00630257661348342
7,2025-10-03,2025-10-01,ARK,1.1564823173176084e-18
7,2025-10-03,2025-10-01,ENS,1.1564823173176084e-18
7,2025-10-03,2025-10-01,LINK,1.1564823173176084e-18
7,2025-10-03,2025-10-01,CRO,1.1564823173176084e-18
7,2025-10-03,2025-10-01,HBAR,1.1564823173176084e-18
7,2025-10-03,2025-10-01,VANA,1.1564823173176084e-18
7,2025-10-03,2025-10-01,SEI,1.1564823173176084e-18
7,2025-10-03,2025-10-01,STRAX,0.11809539205819164
7,2025-10-03,2025-10-01,KNC,1.1564823173176084e-18
7,2025-10-03,2025-10-01,ME,1.1564823173176084e-18
7,2025-10-03,2025-10-01,SHIB,1.1564823173176084e-18
7,2025-10-03,2025-10-01,CBK,1.1564823173176084e-18
7,2025-10-03,2025-10-01,AQT,0.06587518508344843
7,2025-10-03,2025-10-01,SAFE,1.1564823173176084e-18
7,2025-10-03,2025-10-01,GLM,1.1564823173176084e-18
7,2025-10-03,2025-10-01,PEPE,1.1564823173176084e-18
7,2025-10-03,2025-10-01,BONK,1.1564823173176084e-18
7,2025-10-03,2025-10-01,WAVES,0.044951237896235424
7,2025-10-03,2025-10-01,MASK,1.1564823173176084e-18
7,2025-10-03,2025-10-01,ATH,0.0008924216787479289
7,2025-10-03,2025-10-01,TOKAMAK,0.020548929902330638
7,2025-10-03,2025-10-01,CARV,1.1564823173176084e-18
7,2025-10-03,2025-10-01,MEW,1.1564823173176084e-18
7,2025-10-03,2025-10-01,MNT,0.00435056755103692
7,2025-10-03,2025-10-01,PYTH,1.1564823173176084e-18
7,2025-10-03,2025-10-01,SONIC,1.1564823173176084e-18
7,2025-10-03,2025-10-01,GAS,0.055390457982149824
7,2025-10-03,2025-10-01,AKT,1.1564823173176084e-18
7,2025-10-03,2025-10-01,BIGTIME,1.1564823173176084e-18
7,2025-10-03,2025-10-01,DRIFT,1.1564823173176084e-18
7,2025-10-04,2025-10-01,XRP,0.14320678568251935
7,2025-10-04,2025-10-01,BTC,0.25
7,2025-10-04,2025-10-01,ETH,1.1564823173176084e-18
7,2025-10-04,2025-10-01,SOL,1.1564823173176084e-18
7,2025-10-04,2025-10-01,DOGE,1.1564823173176084e-18
7,2025-10-04,2025-10-01,AERGO,0.03821217767459132
7,2025-10-04,2025-10-01,ADA,1.1564823173176084e-18
7,2025-10-04,2025-10-01,AUCTION,1.1564823173176084e-18
7,2025-10-04,2025-10-01,ONDO,1.1564823173176084e-18
7,2025-10-04,2025-10-01,SUI,1.1564823173176084e-18
7,2025-10-04,2025-10-01,VIRTUAL,1.1564823173176084e-18
7,2025-10-04,2025-10-01,ARDR,0.09419605416772588
7,2025-10-04,2025-10-01,MOVE,1.1564823173176084e-18
7,2025-10-04,2025-10-01,AWE,0.009907865426077547
7,2025-10-04,2025-10-01,XLM,1.1564823173176084e-18
7,2025-10-04,2025-10-01,AXS,1.1564823173176084e-18
7,2025-10-04,2025-10-01,SNT,0.1480703482834617
7,2025-10-04,2025-10-01,QTUM,1.1564823173176084e-18
7,2025-10-04,2025-10-01,ANIME,1.1564823173176084e-18
7,2025-10-04,2025-10-01,PUNDIX,0.00630257661348342
7,2025-10-04,2025-10-01,ARK,1.1564823173176084e-18
7,2025-10-04,2025-10-01,ENS,1.1564823173176084e-18
7,2025-10-04,2025-10-01,LINK,1.1564823173176084e-18
7,2025-10-04,2025-10-01,CRO,1.1564823173176084e-18
7,2025-10-04,2025-10-01,HBAR,1.1564823173176084e-18
7,2025-10-04,2025-10-01,VANA,1.1564823173176084e-18
7,2025-10-04,2025-10-01,SEI,1.1564823173176084e-18
7,2025-10-04,2025-10-01,STRAX,0.11809539205819164
7,2025-10-04,2025-10-01,KNC,1.1564823173176084e-18
7,2025-10-04,2025-10-01,ME,1.1564823173176084e-18
7,2025-10-04,2025-10-01,SHIB,1.1564823173176084e-18
7,2025-10-04,2025-10-01,CBK,1.1564823173176084e-18
7,2025-10-04,2025-10-01,AQT,0.06587518508344843
7,2025-10-04,2025-10-01,SAFE,1.1564823173176084e-18
7,2025-10-04,2025-10-01,GLM,1.1564823173176084e-18
7,2025-10-04,2025-10-01,PEPE,1.1564823173176084e-18
7,2025-10-04,2025-10-01,BONK,1.1564823173176084e-18
7,2025-10-04,2025-10-01,WAVES,0.044951237896235424
7,2025-10-04,2025-10-01,MASK,1.1564823173176084e-18
7,2025-10-04,2025-10-01,ATH,0.0008924216787479289
7,2025-10-04,2025-10-01,TOKAMAK,0.020548929902330638
7,2025-10-04,2025-10-01,CARV,1.1564823173176084e-18
7,2025-10-04,2025-10-01,MEW,1.1564823173176084e-18
7,2025-10-04,2025-10-01,MNT,0.00435056755103692
7,2025-10-04,2025-10-01,PYTH,1.1564823173176084e-18
7,2025-10-04,2025-10-01,SONIC,1.1564823173176084e-18
7,2025-10-04,2025-10-01,GAS,0.055390457982149824
7,2025-10-04,2025-10-01,AKT,1.1564823173176084e-18
7,2025-10-04,2025-10-01,BIGTIME,1.1564823173176084e-18
7,2025-10-04,2025-10-01,DRIFT,1.1564823173176084e-18
7,2025-10-05,2025-10-01,XRP,0.14320678568251935
7,2025-10-05,2025-10-01,BTC,0.25
7,2025-10-05,2025-10-01,ETH,1.1564823173176084e-18
7,2025-10-05,2025-10-01,SOL,1.1564823173176084e-18
7,2025-10-05,2025-10-01,DOGE,1.1564823173176084e-18
7,2025-10-05,2025-10-01,AERGO,0.03821217767459132
7,2025-10-05,2025-10-01,ADA,1.1564823173176084e-18
7,2025-10-05,2025-10-01,AUCTION,1.1564823173176084e-18
7,2025-10-05,2025-10-01,ONDO,1.1564823173176084e-18
7,2025-10-05,2025-10-01,SUI,1.1564823173176084e-18
7,2025-10-05,2025-10-01,VIRTUAL,1.1564823173176084e-18
7,2025-10-05,2025-10-01,ARDR,0.09419605416772588
7,2025-10-05,2025-10-01,MOVE,1.1564823173176084e-18
7,2025-10-05,2025-10-01,AWE,0.009907865426077547
7,2025-10-05,2025-10-01,XLM,1.1564823173176084e-18
7,2025-10-05,2025-10-01,AXS,1.1564823173176084e-18
7,2025-10-05,2025-10-01,SNT,0.1480703482834617
7,2025-10-05,2025-10-01,QTUM,1.1564823173176084e-18
7,2025-10-05,2025-10-01,ANIME,1.1564823173176084e-18
7,2025-10-05,2025-10-01,PUNDIX,0.00630257661348342
7,2025-10-05,2025-10-01,ARK,1.1564823173176084e-18
7,2025-10-05,2025-10-01,ENS,1.1564823173176084e-18
7,2025-10-05,2025-10-01,LINK,1.1564823173176084e-18
7,2025-10-05,2025-10-01,CRO,1.1564823173176084e-18
7,2025-10-05,2025-10-01,HBAR,1.1564823173176084e-18
7,2025-10-05,2025-10-01,VANA,1.1564823173176084e-18
7,2025-10-05,2025-10-01,SEI,1.1564823173176084e-18
7,2025-10-05,2025-10-01,STRAX,0.11809539205819164
7,2025-10-05,2025-10-01,KNC,1.1564823173176084e-18
7,2025-10-05,2025-10-01,ME,1.1564823173176084e-18
7,2025-10-05,2025-10-01,SHIB,1.1564823173176084e-18
7,2025-10-05,2025-10-01,CBK,1.1564823173176084e-18
7,2025-10-05,2025-10-01,AQT,0.06587518508344843
7,2025-10-05,2025-10-01,SAFE,1.1564823173176084e-18
7,2025-10-05,2025-10-01,GLM,1.1564823173176084e-18
7,2025-10-05,2025-10-01,PEPE,1.1564823173176084e-18
7,2025-10-05,2025-10-01,BONK,1.1564823173176084e-18
7,2025-10-05,2025-10-01,WAVES,0.044951237896235424
7,2025-10-05,2025-10-01,MASK,1.1564823173176084e-18
7,2025-10-05,2025-10-01,ATH,0.0008924216787479289
7,2025-10-05,2025-10-01,TOKAMAK,0.020548929902330638
7,2025-10-05,2025-10-01,CARV,1.1564823173176084e-18
7,2025-10-05,2025-10-01,MEW,1.1564823173176084e-18
7,2025-10-05,2025-10-01,MNT,0.00435056755103692
7,2025-10-05,2025-10-01,PYTH,1.1564823173176084e-18
7,2025-10-05,2025-10-01,SONIC,1.1564823173176084e-18
7,2025-10-05,2025-10-01,GAS,0.055390457982149824
7,2025-10-05,2025-10-01,AKT,1.1564823173176084e-18
7,2025-10-05,2025-10-01,BIGTIME,1.1564823173176084e-18
7,2025-10-05,2025-10-01,DRIFT,1.1564823173176084e-18
7,2025-10-06,2025-10-01,XRP,0.14320678568251935
7,2025-10-06,2025-10-01,BTC,0.25
7,2025-10-06,2025-10-01,ETH,1.1564823173176084e-18
7,2025-10-06,2025-10-01,SOL,1.1564823173176084e-18
7,2025-10-06,2025-10-01,DOGE,1.1564823173176084e-18
7,2025-10-06,2025-10-01,AERGO,0.03821217767459132
7,2025-10-06,2025-10-01,ADA,1.1564823173176084e-18
7,2025-10-06,2025-10-01,AUCTION,1.1564823173176084e-18
7,2025-10-06,2025-10-01,ONDO,1.1564823173176084e-18
7,2025-10-06,2025-10-01,SUI,1.1564823173176084e-18
7,2025-10-06,2025-10-01,VIRTUAL,1.1564823173176084e-18
7,2025-10-06,2025-10-01,ARDR,0.09419605416772588
7,2025-10-06,2025-10-01,MOVE,1.1564823173176084e-18
7,2025-10-06,2025-10-01,AWE,0.009907865426077547
7,2025-10-06,2025-10-01,XLM,1.1564823173176084e-18
7,2025-10-06,2025-10-01,AXS,1.1564823173176084e-18
7,2025-10-06,2025-10-01,SNT,0.1480703482834617
7,2025-10-06,2025-10-01,QTUM,1.1564823173176084e-18
7,2025-10-06,2025-10-01,ANIME,1.1564823173176084e-18
7,2025-10-06,2025-10-01,PUNDIX,0.00630257661348342
7,2025-10-06,2025-10-01,ARK,1.1564823173176084e-18
7,2025-10-06,2025-10-01,ENS,1.1564823173176084e-18
7,2025-10-06,2025-10-01,LINK,1.1564823173176084e-18
7,2025-10-06,2025-10-01,CRO,1.1564823173176084e-18
7,2025-10-06,2025-10-01,HBAR,1.1564823173176084e-18
7,2025-10-06,2025-10-01,VANA,1.1564823173176084e-18
7,2025-10-06,2025-10-01,SEI,1.1564823173176084e-18
7,2025-10-06,2025-10-01,STRAX,0.11809539205819164
7,2025-10-06,2025-10-01,KNC,1.1564823173176084e-18
7,2025-10-06,2025-10-01,ME,1.1564823173176084e-18
7,2025-10-06,2025-10-01,SHIB,1.1564823173176084e-18
7,2025-10-06,2025-10-01,CBK,1.1564823173176084e-18
7,2025-10-06,2025-10-01,AQT,0.06587518508344843
7,2025-10-06,2025-10-01,SAFE,1.1564823173176084e-18
7,2025-10-06,2025-10-01,GLM,1.1564823173176084e-18
7,2025-10-06,2025-10-01,PEPE,1.1564823173176084e-18
7,2025-10-06,2025-10-01,BONK,1.1564823173176084e-18
7,2025-10-06,2025-10-01,WAVES,0.044951237896235424
7,2025-10-06,2025-10-01,MASK,1.1564823173176084e-18
7,2025-10-06,2025-10-01,ATH,0.0008924216787479289
7,2025-10-06,2025-10-01,TOKAMAK,0.020548929902330638
7,2025-10-06,2025-10-01,CARV,1.1564823173176084e-18
7,2025-10-06,2025-10-01,MEW,1.1564823173176084e-18
7,2025-10-06,2025-10-01,MNT,0.00435056755103692
7,2025-10-06,2025-10-01,PYTH,1.1564823173176084e-18
7,2025-10-06,2025-10-01,SONIC,1.1564823173176084e-18
7,2025-10-06,2025-10-01,GAS,0.055390457982149824
7,2025-10-06,2025-10-01,AKT,1.1564823173176084e-18
7,2025-10-06,2025-10-01,BIGTIME,1.1564823173176084e-18
7,2025-10-06,2025-10-01,DRIFT,1.1564823173176084e-18
7,2025-10-07,2025-10-01,XRP,0.14320678568251935
7,2025-10-07,2025-10-01,BTC,0.25
7,2025-10-07,2025-10-01,ETH,1.1564823173176084e-18
7,2025-10-07,2025-10-01,SOL,1.1564823173176084e-18
7,2025-10-07,2025-10-01,DOGE,1.1564823173176084e-18
7,2025-10-07,2025-10-01,AERGO,0.03821217767459132
7,2025-10-07,2025-10-01,ADA,1.1564823173176084e-18
7,2025-10-07,2025-10-01,AUCTION,1.1564823173176084e-18
7,2025-10-07,2025-10-01,ONDO,1.1564823173176084e-18
7,2025-10-07,2025-10-01,SUI,1.1564823173176084e-18
7,2025-10-07,2025-10-01,VIRTUAL,1.1564823173176084e-18
7,2025-10-07,2025-10-01,ARDR,0.09419605416772588
7,2025-10-07,2025-10-01,MOVE,1.1564823173176084e-18
7,2025-10-07,2025-10-01,AWE,0.009907865426077547
7,2025-10-07,2025-10-01,XLM,1.1564823173176084e-18
7,2025-10-07,2025-10-01,AXS,1.1564823173176084e-18
7,2025-10-07,2025-10-01,SNT,0.1480703482834617
7,2025-10-07,2025-10-01,QTUM,1.1564823173176084e-18
7,2025-10-07,2025-10-01,ANIME,1.1564823173176084e-18
7,2025-10-07,2025-10-01,PUNDIX,0.00630257661348342
7,2025-10-07,2025-10-01,ARK,1.1564823173176084e-18
7,2025-10-07,2025-10-01,ENS,1.1564823173176084e-18
7,2025-10-07,2025-10-01,LINK,1.1564823173176084e-18
7,2025-10-07,2025-10-01,CRO,1.1564823173176084e-18
7,2025-10-07,2025-10-01,HBAR,1.1564823173176084e-18
7,2025-10-07,2025-10-01,VANA,1.1564823173176084e-18
7,2025-10-07,2025-10-01,SEI,1.1564823173176084e-18
7,2025-10-07,2025-10-01,STRAX,0.11809539205819164
7,2025-10-07,2025-10-01,KNC,1.1564823173176084e-18
7,2025-10-07,2025-10-01,ME,1.1564823173176084e-18
7,2025-10-07,2025-10-01,SHIB,1.1564823173176084e-18
7,2025-10-07,2025-10-01,CBK,1.1564823173176084e-18
7,2025-10-07,2025-10-01,AQT,0.06587518508344843
7,2025-10-07,2025-10-01,SAFE,1.1564823173176084e-18
7,2025-10-07,2025-10-01,GLM,1.1564823173176084e-18
7,2025-10-07,2025-10-01,PEPE,1.1564823173176084e-18
7,2025-10-07,2025-10-01,BONK,1.1564823173176084e-18
7,2025-10-07,2025-10-01,WAVES,0.044951237896235424
7,2025-10-07,2025-10-01,MASK,1.1564823173176084e-18
7,2025-10-07,2025-10-01,ATH,0.0008924216787479289
7,2025-10-07,2025-10-01,TOKAMAK,0.020548929902330638
7,2025-10-07,2025-10-01,CARV,1.1564823173176084e-18
7,2025-10-07,2025-10-01,MEW,1.1564823173176084e-18
7,2025-10-07,2025-10-01,MNT,0.00435056755103692
7,2025-10-07,2025-10-01,PYTH,1.1564823173176084e-18
7,2025-10-07,2025-10-01,SONIC,1.1564823173176084e-18
7,2025-10-07,2025-10-01,GAS,0.055390457982149824
7,2025-10-07,2025-10-01,AKT,1.1564823173176084e-18
7,2025-10-07,2025-10-01,BIGTIME,1.1564823173176084e-18
7,2025-10-07,2025-10-01,DRIFT,1.1564823173176084e-18
7,2025-11-01,2025-11-01,XRP,0.03863795882481627
7,2025-11-01,2025-11-01,BTC,0.25
7,2025-11-01,2025-11-01,ETH,0.03260630627977402
7,2025-11-01,2025-11-01,SOL,5.782411586588042e-19
7,2025-11-01,2025-11-01,DOGE,5.782411586588042e-19
7,2025-11-01,2025-11-01,AERGO,5.782411586588042e-19
7,2025-11-01,2025-11-01,ADA,5.782411586588042e-19
7,2025-11-01,2025-11-01,AUCTION,5.782411586588042e-19
7,2025-11-01,2025-11-01,ONDO,5.782411586588042e-19
7,2025-11-01,2025-11-01,SUI,5.782411586588042e-19
7,2025-11-01,2025-11-01,VIRTUAL,5.782411586588042e-19
7,2025-11-01,2025-11-01,ARDR,0.12130814791914861
7,2025-11-01,2025-11-01,MOVE,5.782411586588042e-19
7,2025-11-01,2025-11-01,AWE,5.782411586588042e-19
7,2025-11-01,2025-11-01,XLM,5.782411586588042e-19
7,2025-11-01,2025-11-01,AXS,5.782411586588042e-19
7,2025-11-01,2025-11-01,SNT,0.03228601696085861
7,2025-11-01,2025-11-01,QTUM,5.782411586588042e-19
7,2025-11-01,2025-11-01,ANIME,5.782411586588042e-19
7,2025-11-01,2025-11-01,PUNDIX,5.782411586588042e-19
7,2025-11-01,2025-11-01,ARK,5.782411586588042e-19
7,2025-11-01,2025-11-01,ENS,5.782411586588042e-19
7,2025-11-01,2025-11-01,LINK,5.782411586588042e-19
7,2025-11-01,2025-11-01,CRO,5.782411586588042e-19
7,2025-11-01,2025-11-01,HBAR,5.782411586588042e-19
7,2025-11-01,2025-11-01,VANA,5.782411586588042e-19
7,2025-11-01,2025-11-01,SEI,5.782411586588042e-19
7,2025-11-01,2025-11-01,STRAX,0.12995189530145196
7,2025-11-01,2025-11-01,KNC,5.782411586588042e-19
7,2025-11-01,2025-11-01,ME,5.782411586588042e-19
7,2025-11-01,2025-11-01,SHIB,5.782411586588042e-19
7,2025-11-01,2025-11-01,CBK,0.10809326369468318
7,2025-11-01,2025-11-01,AQT,0.11956654403310162
7,2025-11-01,2025-11-01,SAFE,5.782411586588042e-19
7,2025-11-01,2025-11-01,GLM,5.782411586588042e-19
7,2025-11-01,2025-11-01,PEPE,5.782411586588042e-19
7,2025-11-01,2025-11-01,BONK,5.782411586588042e-19
7,2025-11-01,2025-11-01,WAVES,0.03652594907693166
7,2025-11-01,2025-11-01,MASK,5.782411586588042e-19
7,2025-11-01,2025-11-01,ATH,5.782411586588042e-19
7,2025-11-01,2025-11-01,TOKAMAK,0.12642935465836855
7,2025-11-01,2025-11-01,CARV,0.004594563250865589
7,2025-11-01,2025-11-01,MEW,5.782411586588042e-19
7,2025-11-01,2025-11-01,MNT,5.782411586588042e-19
7,2025-11-01,2025-11-01,PYTH,5.782411586588042e-19
7,2025-11-01,2025-11-01,SONIC,5.782411586588042e-19
7,2025-11-01,2025-11-01,GAS,5.782411586588042e-19
7,2025-11-01,2025-11-01,AKT,5.782411586588042e-19
7,2025-11-01,2025-11-01,BIGTIME,5.782411586588042e-19
7,2025-11-01,2025-11-01,DRIFT,5.782411586588042e-19
7,2025-11-02,2025-11-01,XRP,0.03863795882481627
7,2025-11-02,2025-11-01,BTC,0.25
7,2025-11-02,2025-11-01,ETH,0.03260630627977402
7,2025-11-02,2025-11-01,SOL,5.782411586588042e-19
7,2025-11-02,2025-11-01,DOGE,5.782411586588042e-19
7,2025-11-02,2025-11-01,AERGO,5.782411586588042e-19
7,2025-11-02,2025-11-01,ADA,5.782411586588042e-19
7,2025-11-02,2025-11-01,AUCTION,5.782411586588042e-19
7,2025-11-02,2025-11-01,ONDO,5.782411586588042e-19
7,2025-11-02,2025-11-01,SUI,5.782411586588042e-19
7,2025-11-02,2025-11-01,VIRTUAL,5.782411586588042e-19
7,2025-11-02,2025-11-01,ARDR,0.12130814791914861
7,2025-11-02,2025-11-01,MOVE,5.782411586588042e-19
7,2025-11-02,2025-11-01,AWE,5.782411586588042e-19
7,2025-11-02,2025-11-01,XLM,5.782411586588042e-19
7,2025-11-02,2025-11-01,AXS,5.782411586588042e-19
7,2025-11-02,2025-11-01,SNT,0.03228601696085861
7,2025-11-02,2025-11-01,QTUM,5.782411586588042e-19
7,2025-11-02,2025-11-01,ANIME,5.782411586588042e-19
7,2025-11-02,2025-11-01,PUNDIX,5.782411586588042e-19
7,2025-11-02,2025-11-01,ARK,5.782411586588042e-19
7,2025-11-02,2025-11-01,ENS,5.782411586588042e-19
7,2025-11-02,2025-11-01,LINK,5.782411586588042e-19
7,2025-11-02,2025-11-01,CRO,5.782411586588042e-19
7,2025-11-02,2025-11-01,HBAR,5.782411586588042e-19
7,2025-11-02,2025-11-01,VANA,5.782411586588042e-19
7,2025-11-02,2025-11-01,SEI,5.782411586588042e-19
7,2025-11-02,2025-11-01,STRAX,0.12995189530145196
7,2025-11-02,2025-11-01,KNC,5.782411586588042e-19
7,2025-11-02,2025-11-01,ME,5.782411586588042e-19
7,2025-11-02,2025-11-01,SHIB,5.782411586588042e-19
7,2025-11-02,2025-11-01,CBK,0.10809326369468318
7,2025-11-02,2025-11-01,AQT,0.11956654403310162
7,2025-11-02,2025-11-01,SAFE,5.782411586588042e-19
7,2025-11-02,2025-11-01,GLM,5.782411586588042e-19
7,2025-11-02,2025-11-01,PEPE,5.782411586588042e-19
7,2025-11-02,2025-11-01,BONK,5.782411586588042e-19
7,2025-11-02,2025-11-01,WAVES,0.03652594907693166
7,2025-11-02,2025-11-01,MASK,5.782411586588042e-19
7,2025-11-02,2025-11-01,ATH,5.782411586588042e-19
7,2025-11-02,2025-11-01,TOKAMAK,0.12642935465836855
7,2025-11-02,2025-11-01,CARV,0.004594563250865589
7,2025-11-02,2025-11-01,MEW,5.782411586588042e-19
7,2025-11-02,2025-11-01,MNT,5.782411586588042e-19
7,2025-11-02,2025-11-01,PYTH,5.782411586588042e-19
7,2025-11-02,2025-11-01,SONIC,5.782411586588042e-19
7,2025-11-02,2025-11-01,GAS,5.782411586588042e-19
7,2025-11-02,2025-11-01,AKT,5.782411586588042e-19
7,2025-11-02,2025-11-01,BIGTIME,5.782411586588042e-19
7,2025-11-02,2025-11-01,DRIFT,5.782411586588042e-19
7,2025-11-03,2025-11-01,XRP,0.03863795882481627
7,2025-11-03,2025-11-01,BTC,0.25
7,2025-11-03,2025-11-01,ETH,0.03260630627977402
7,2025-11-03,2025-11-01,SOL,5.782411586588042e-19
7,2025-11-03,2025-11-01,DOGE,5.782411586588042e-19
7,2025-11-03,2025-11-01,AERGO,5.782411586588042e-19
7,2025-11-03,2025-11-01,ADA,5.782411586588042e-19
7,2025-11-03,2025-11-01,AUCTION,5.782411586588042e-19
7,2025-11-03,2025-11-01,ONDO,5.782411586588042e-19
7,2025-11-03,2025-11-01,SUI,5.782411586588042e-19
7,2025-11-03,2025-11-01,VIRTUAL,5.782411586588042e-19
7,2025-11-03,2025-11-01,ARDR,0.12130814791914861
7,2025-11-03,2025-11-01,MOVE,5.782411586588042e-19
7,2025-11-03,2025-11-01,AWE,5.782411586588042e-19
7,2025-11-03,2025-11-01,XLM,5.782411586588042e-19
7,2025-11-03,2025-11-01,AXS,5.782411586588042e-19
7,2025-11-03,2025-11-01,SNT,0.03228601696085861
7,2025-11-03,2025-11-01,QTUM,5.782411586588042e-19
7,2025-11-03,2025-11-01,ANIME,5.782411586588042e-19
7,2025-11-03,2025-11-01,PUNDIX,5.782411586588042e-19
7,2025-11-03,2025-11-01,ARK,5.782411586588042e-19
7,2025-11-03,2025-11-01,ENS,5.782411586588042e-19
7,2025-11-03,2025-11-01,LINK,5.782411586588042e-19
7,2025-11-03,2025-11-01,CRO,5.782411586588042e-19
7,2025-11-03,2025-11-01,HBAR,5.782411586588042e-19
7,2025-11-03,2025-11-01,VANA,5.782411586588042e-19
7,2025-11-03,2025-11-01,SEI,5.782411586588042e-19
7,2025-11-03,2025-11-01,STRAX,0.12995189530145196
7,2025-11-03,2025-11-01,KNC,5.782411586588042e-19
7,2025-11-03,2025-11-01,ME,5.782411586588042e-19
7,2025-11-03,2025-11-01,SHIB,5.782411586588042e-19
7,2025-11-03,2025-11-01,CBK,0.10809326369468318
7,2025-11-03,2025-11-01,AQT,0.11956654403310162
7,2025-11-03,2025-11-01,SAFE,5.782411586588042e-19
7,2025-11-03,2025-11-01,GLM,5.782411586588042e-19
7,2025-11-03,2025-11-01,PEPE,5.782411586588042e-19
7,2025-11-03,2025-11-01,BONK,5.782411586588042e-19
7,2025-11-03,2025-11-01,WAVES,0.03652594907693166
7,2025-11-03,2025-11-01,MASK,5.782411586588042e-19
7,2025-11-03,2025-11-01,ATH,5.782411586588042e-19
7,2025-11-03,2025-11-01,TOKAMAK,0.12642935465836855
7,2025-11-03,2025-11-01,CARV,0.004594563250865589
7,2025-11-03,2025-11-01,MEW,5.782411586588042e-19
7,2025-11-03,2025-11-01,MNT,5.782411586588042e-19
7,2025-11-03,2025-11-01,PYTH,5.782411586588042e-19
7,2025-11-03,2025-11-01,SONIC,5.782411586588042e-19
7,2025-11-03,2025-11-01,GAS,5.782411586588042e-19
7,2025-11-03,2025-11-01,AKT,5.782411586588042e-19
7,2025-11-03,2025-11-01,BIGTIME,5.782411586588042e-19
7,2025-11-03,2025-11-01,DRIFT,5.782411586588042e-19
7,2025-11-04,2025-11-01,XRP,0.03863795882481627
7,2025-11-04,2025-11-01,BTC,0.25
7,2025-11-04,2025-11-01,ETH,0.03260630627977402
7,2025-11-04,2025-11-01,SOL,5.782411586588042e-19
7,2025-11-04,2025-11-01,DOGE,5.782411586588042e-19
7,2025-11-04,2025-11-01,AERGO,5.782411586588042e-19
7,2025-11-04,2025-11-01,ADA,5.782411586588042e-19
7,2025-11-04,2025-11-01,AUCTION,5.782411586588042e-19
7,2025-11-04,2025-11-01,ONDO,5.782411586588042e-19
7,2025-11-04,2025-11-01,SUI,5.782411586588042e-19
7,2025-11-04,2025-11-01,VIRTUAL,5.782411586588042e-19
7,2025-11-04,2025-11-01,ARDR,0.12130814791914861
7,2025-11-04,2025-11-01,MOVE,5.782411586588042e-19
7,2025-11-04,2025-11-01,AWE,5.782411586588042e-19
7,2025-11-04,2025-11-01,XLM,5.782411586588042e-19
7,2025-11-04,2025-11-01,AXS,5.782411586588042e-19
7,2025-11-04,2025-11-01,SNT,0.03228601696085861
7,2025-11-04,2025-11-01,QTUM,5.782411586588042e-19
7,2025-11-04,2025-11-01,ANIME,5.782411586588042e-19
7,2025-11-04,2025-11-01,PUNDIX,5.782411586588042e-19
7,2025-11-04,2025-11-01,ARK,5.782411586588042e-19
7,2025-11-04,2025-11-01,ENS,5.782411586588042e-19
7,2025-11-04,2025-11-01,LINK,5.782411586588042e-19
7,2025-11-04,2025-11-01,CRO,5.782411586588042e-19
7,2025-11-04,2025-11-01,HBAR,5.782411586588042e-19
7,2025-11-04,2025-11-01,VANA,5.782411586588042e-19
7,2025-11-04,2025-11-01,SEI,5.782411586588042e-19
7,2025-11-04,2025-11-01,STRAX,0.12995189530145196
7,2025-11-04,2025-11-01,KNC,5.782411586588042e-19
7,2025-11-04,2025-11-01,ME,5.782411586588042e-19
7,2025-11-04,2025-11-01,SHIB,5.782411586588042e-19
7,2025-11-04,2025-11-01,CBK,0.10809326369468318
7,2025-11-04,2025-11-01,AQT,0.11956654403310162
7,2025-11-04,2025-11-01,SAFE,5.782411586588042e-19
7,2025-11-04,2025-11-01,GLM,5.782411586588042e-19
7,2025-11-04,2025-11-01,PEPE,5.782411586588042e-19
7,2025-11-04,2025-11-01,BONK,5.782411586588042e-19
7,2025-11-04,2025-11-01,WAVES,0.03652594907693166
7,2025-11-04,2025-11-01,MASK,5.782411586588042e-19
7,2025-11-04,2025-11-01,ATH,5.782411586588042e-19
7,2025-11-04,2025-11-01,TOKAMAK,0.12642935465836855
7,2025-11-04,2025-11-01,CARV,0.004594563250865589
7,2025-11-04,2025-11-01,MEW,5.782411586588042e-19
7,2025-11-04,2025-11-01,MNT,5.782411586588042e-19
7,2025-11-04,2025-11-01,PYTH,5.782411586588042e-19
7,2025-11-04,2025-11-01,SONIC,5.782411586588042e-19
7,2025-11-04,2025-11-01,GAS,5.782411586588042e-19
7,2025-11-04,2025-11-01,AKT,5.782411586588042e-19
7,2025-11-04,2025-11-01,BIGTIME,5.782411586588042e-19
7,2025-11-04,2025-11-01,DRIFT,5.782411586588042e-19
7,2025-11-05,2025-11-01,XRP,0.03863795882481627
7,2025-11-05,2025-11-01,BTC,0.25
7,2025-11-05,2025-11-01,ETH,0.03260630627977402
7,2025-11-05,2025-11-01,SOL,5.782411586588042e-19
7,2025-11-05,2025-11-01,DOGE,5.782411586588042e-19
7,2025-11-05,2025-11-01,AERGO,5.782411586588042e-19
7,2025-11-05,2025-11-01,ADA,5.782411586588042e-19
7,2025-11-05,2025-11-01,AUCTION,5.782411586588042e-19
7,2025-11-05,2025-11-01,ONDO,5.782411586588042e-19
7,2025-11-05,2025-11-01,SUI,5.782411586588042e-19
7,2025-11-05,2025-11-01,VIRTUAL,5.782411586588042e-19
7,2025-11-05,2025-11-01,ARDR,0.12130814791914861
7,2025-11-05,2025-11-01,MOVE,5.782411586588042e-19
7,2025-11-05,2025-11-01,AWE,5.782411586588042e-19
7,2025-11-05,2025-11-01,XLM,5.782411586588042e-19
7,2025-11-05,2025-11-01,AXS,5.782411586588042e-19
7,2025-11-05,2025-11-01,SNT,0.03228601696085861
7,2025-11-05,2025-11-01,QTUM,5.782411586588042e-19
7,2025-11-05,2025-11-01,ANIME,5.782411586588042e-19
7,2025-11-05,2025-11-01,PUNDIX,5.782411586588042e-19
7,2025-11-05,2025-11-01,ARK,5.782411586588042e-19
7,2025-11-05,2025-11-01,ENS,5.782411586588042e-19
7,2025-11-05,2025-11-01,LINK,5.782411586588042e-19
7,2025-11-05,2025-11-01,CRO,5.782411586588042e-19
7,2025-11-05,2025-11-01,HBAR,5.782411586588042e-19
7,2025-11-05,2025-11-01,VANA,5.782411586588042e-19
7,2025-11-05,2025-11-01,SEI,5.782411586588042e-19
7,2025-11-05,2025-11-01,STRAX,0.12995189530145196
7,2025-11-05,2025-11-01,KNC,5.782411586588042e-19
7,2025-11-05,2025-11-01,ME,5.782411586588042e-19
7,2025-11-05,2025-11-01,SHIB,5.782411586588042e-19
7,2025-11-05,2025-11-01,CBK,0.10809326369468318
7,2025-11-05,2025-11-01,AQT,0.11956654403310162
7,2025-11-05,2025-11-01,SAFE,5.782411586588042e-19
7,2025-11-05,2025-11-01,GLM,5.782411586588042e-19
7,2025-11-05,2025-11-01,PEPE,5.782411586588042e-19
7,2025-11-05,2025-11-01,BONK,5.782411586588042e-19
7,2025-11-05,2025-11-01,WAVES,0.03652594907693166
7,2025-11-05,2025-11-01,MASK,5.782411586588042e-19
7,2025-11-05,2025-11-01,ATH,5.782411586588042e-19
7,2025-11-05,2025-11-01,TOKAMAK,0.12642935465836855
7,2025-11-05,2025-11-01,CARV,0.004594563250865589
7,2025-11-05,2025-11-01,MEW,5.782411586588042e-19
7,2025-11-05,2025-11-01,MNT,5.782411586588042e-19
7,2025-11-05,2025-11-01,PYTH,5.782411586588042e-19
7,2025-11-05,2025-11-01,SONIC,5.782411586588042e-19
7,2025-11-05,2025-11-01,GAS,5.782411586588042e-19
7,2025-11-05,2025-11-01,AKT,5.782411586588042e-19
7,2025-11-05,2025-11-01,BIGTIME,5.782411586588042e-19
7,2025-11-05,2025-11-01,DRIFT,5.782411586588042e-19
7,2025-11-06,2025-11-01,XRP,0.03863795882481627
7,2025-11-06,2025-11-01,BTC,0.25
7,2025-11-06,2025-11-01,ETH,0.03260630627977402
7,2025-11-06,2025-11-01,SOL,5.782411586588042e-19
7,2025-11-06,2025-11-01,DOGE,5.782411586588042e-19
7,2025-11-06,2025-11-01,AERGO,5.782411586588042e-19
7,2025-11-06,2025-11-01,ADA,5.782411586588042e-19
7,2025-11-06,2025-11-01,AUCTION,5.782411586588042e-19
7,2025-11-06,2025-11-01,ONDO,5.782411586588042e-19
7,2025-11-06,2025-11-01,SUI,5.782411586588042e-19
7,2025-11-06,2025-11-01,VIRTUAL,5.782411586588042e-19
7,2025-11-06,2025-11-01,ARDR,0.12130814791914861
7,2025-11-06,2025-11-01,MOVE,5.782411586588042e-19
7,2025-11-06,2025-11-01,AWE,5.782411586588042e-19
7,2025-11-06,2025-11-01,XLM,5.782411586588042e-19
7,2025-11-06,2025-11-01,AXS,5.782411586588042e-19
7,2025-11-06,2025-11-01,SNT,0.03228601696085861
7,2025-11-06,2025-11-01,QTUM,5.782411586588042e-19
7,2025-11-06,2025-11-01,ANIME,5.782411586588042e-19
7,2025-11-06,2025-11-01,PUNDIX,5.782411586588042e-19
7,2025-11-06,2025-11-01,ARK,5.782411586588042e-19
7,2025-11-06,2025-11-01,ENS,5.782411586588042e-19
7,2025-11-06,2025-11-01,LINK,5.782411586588042e-19
7,2025-11-06,2025-11-01,CRO,5.782411586588042e-19
7,2025-11-06,2025-11-01,HBAR,5.782411586588042e-19
7,2025-11-06,2025-11-01,VANA,5.782411586588042e-19
7,2025-11-06,2025-11-01,SEI,5.782411586588042e-19
7,2025-11-06,2025-11-01,STRAX,0.12995189530145196
7,2025-11-06,2025-11-01,KNC,5.782411586588042e-19
7,2025-11-06,2025-11-01,ME,5.782411586588042e-19
7,2025-11-06,2025-11-01,SHIB,5.782411586588042e-19
7,2025-11-06,2025-11-01,CBK,0.10809326369468318
7,2025-11-06,2025-11-01,AQT,0.11956654403310162
7,2025-11-06,2025-11-01,SAFE,5.782411586588042e-19
7,2025-11-06,2025-11-01,GLM,5.782411586588042e-19
7,2025-11-06,2025-11-01,PEPE,5.782411586588042e-19
7,2025-11-06,2025-11-01,BONK,5.782411586588042e-19
7,2025-11-06,2025-11-01,WAVES,0.03652594907693166
7,2025-11-06,2025-11-01,MASK,5.782411586588042e-19
7,2025-11-06,2025-11-01,ATH,5.782411586588042e-19
7,2025-11-06,2025-11-01,TOKAMAK,0.12642935465836855
7,2025-11-06,2025-11-01,CARV,0.004594563250865589
7,2025-11-06,2025-11-01,MEW,5.782411586588042e-19
7,2025-11-06,2025-11-01,MNT,5.782411586588042e-19
7,2025-11-06,2025-11-01,PYTH,5.782411586588042e-19
7,2025-11-06,2025-11-01,SONIC,5.782411586588042e-19
7,2025-11-06,2025-11-01,GAS,5.782411586588042e-19
7,2025-11-06,2025-11-01,AKT,5.782411586588042e-19
7,2025-11-06,2025-11-01,BIGTIME,5.782411586588042e-19
7,2025-11-06,2025-11-01,DRIFT,5.782411586588042e-19
7,2025-11-07,2025-11-01,XRP,0.03863795882481627
7,2025-11-07,2025-11-01,BTC,0.25
7,2025-11-07,2025-11-01,ETH,0.03260630627977402
7,2025-11-07,2025-11-01,SOL,5.782411586588042e-19
7,2025-11-07,2025-11-01,DOGE,5.782411586588042e-19
7,2025-11-07,2025-11-01,AERGO,5.782411586588042e-19
7,2025-11-07,2025-11-01,ADA,5.782411586588042e-19
7,2025-11-07,2025-11-01,AUCTION,5.782411586588042e-19
7,2025-11-07,2025-11-01,ONDO,5.782411586588042e-19
7,2025-11-07,2025-11-01,SUI,5.782411586588042e-19
7,2025-11-07,2025-11-01,VIRTUAL,5.782411586588042e-19
7,2025-11-07,2025-11-01,ARDR,0.12130814791914861
7,2025-11-07,2025-11-01,MOVE,5.782411586588042e-19
7,2025-11-07,2025-11-01,AWE,5.782411586588042e-19
7,2025-11-07,2025-11-01,XLM,5.782411586588042e-19
7,2025-11-07,2025-11-01,AXS,5.782411586588042e-19
7,2025-11-07,2025-11-01,SNT,0.03228601696085861
7,2025-11-07,2025-11-01,QTUM,5.782411586588042e-19
7,2025-11-07,2025-11-01,ANIME,5.782411586588042e-19
7,2025-11-07,2025-11-01,PUNDIX,5.782411586588042e-19
7,2025-11-07,2025-11-01,ARK,5.782411586588042e-19
7,2025-11-07,2025-11-01,ENS,5.782411586588042e-19
7,2025-11-07,2025-11-01,LINK,5.782411586588042e-19
7,2025-11-07,2025-11-01,CRO,5.782411586588042e-19
7,2025-11-07,2025-11-01,HBAR,5.782411586588042e-19
7,2025-11-07,2025-11-01,VANA,5.782411586588042e-19
7,2025-11-07,2025-11-01,SEI,5.782411586588042e-19
7,2025-11-07,2025-11-01,STRAX,0.12995189530145196
7,2025-11-07,2025-11-01,KNC,5.782411586588042e-19
7,2025-11-07,2025-11-01,ME,5.782411586588042e-19
7,2025-11-07,2025-11-01,SHIB,5.782411586588042e-19
7,2025-11-07,2025-11-01,CBK,0.10809326369468318
7,2025-11-07,2025-11-01,AQT,0.11956654403310162
7,2025-11-07,2025-11-01,SAFE,5.782411586588042e-19
7,2025-11-07,2025-11-01,GLM,5.782411586588042e-19
7,2025-11-07,2025-11-01,PEPE,5.782411586588042e-19
7,2025-11-07,2025-11-01,BONK,5.782411586588042e-19
7,2025-11-07,2025-11-01,WAVES,0.03652594907693166
7,2025-11-07,2025-11-01,MASK,5.782411586588042e-19
7,2025-11-07,2025-11-01,ATH,5.782411586588042e-19
7,2025-11-07,2025-11-01,TOKAMAK,0.12642935465836855
7,2025-11-07,2025-11-01,CARV,0.004594563250865589
7,2025-11-07,2025-11-01,MEW,5.782411586588042e-19
7,2025-11-07,2025-11-01,MNT,5.782411586588042e-19
7,2025-11-07,2025-11-01,PYTH,5.782411586588042e-19
7,2025-11-07,2025-11-01,SONIC,5.782411586588042e-19
7,2025-11-07,2025-11-01,GAS,5.782411586588042e-19
7,2025-11-07,2025-11-01,AKT,5.782411586588042e-19
7,2025-11-07,2025-11-01,BIGTIME,5.782411586588042e-19
7,2025-11-07,2025-11-01,DRIFT,5.782411586588042e-19
7,2025-12-01,2025-12-01,XRP,0.037912983793098126
7,2025-12-01,2025-12-01,BTC,0.25
7,2025-12-01,2025-12-01,ETH,0.04897797517317792
7,2025-12-01,2025-12-01,SOL,3.4694469519532198e-18
7,2025-12-01,2025-12-01,DOGE,3.4694469519532198e-18
7,2025-12-01,2025-12-01,AERGO,0.011809656725954581
7,2025-12-01,2025-12-01,ADA,3.4694469519532198e-18
7,2025-12-01,2025-12-01,AUCTION,0.0037718250307461434
7,2025-12-01,2025-12-01,ONDO,3.4694469519532198e-18
7,2025-12-01,2025-12-01,SUI,3.4694469519532198e-18
7,2025-12-01,2025-12-01,VIRTUAL,3.4694469519532198e-18
7,2025-12-01,2025-12-01,ARDR,0.03691939505649107
7,2025-12-01,2025-12-01,MOVE,3.4694469519532198e-18
7,2025-12-01,2025-12-01,AWE,0.03188061234350269
7,2025-12-01,2025-12-01,XLM,3.4694469519532198e-18
7,2025-12-01,2025-12-01,AXS,3.4694469519532198e-18
7,2025-12-01,2025-12-01,SNT,0.06734315443504417
7,2025-12-01,2025-12-01,QTUM,3.4694469519532198e-18
7,2025-12-01,2025-12-01,ANIME,3.4694469519532198e-18
7,2025-12-01,2025-12-01,PUNDIX,0.023245129885574572
7,2025-12-01,2025-12-01,ARK,0.00338456848049175
7,2025-12-01,2025-12-01,ENS,3.4694469519532198e-18
7,2025-12-01,2025-12-01,LINK,3.4694469519532198e-18
7,2025-12-01,2025-12-01,CRO,3.4694469519532198e-18
7,2025-12-01,2025-12-01,HBAR,3.4694469519532198e-18
7,2025-12-01,2025-12-01,VANA,3.4694469519532198e-18
7,2025-12-01,2025-12-01,SEI,3.4694469519532198e-18
7,2025-12-01,2025-12-01,STRAX,0.03040026699192772
7,2025-12-01,2025-12-01,KNC,0.04110552038639404
7,2025-12-01,2025-12-01,ME,3.4694469519532198e-18
7,2025-12-01,2025-12-01,SHIB,3.4694469519532198e-18
7,2025-12-01,2025-12-01,CBK,0.04960448429884678
7,2025-12-01,2025-12-01,AQT,0.11241782897032289
7,2025-12-01,2025-12-01,SAFE,3.4694469519532198e-18
7,2025-12-01,2025-12-01,GLM,0.025747485753964777
7,2025-12-01,2025-12-01,PEPE,3.4694469519532198e-18
7,2025-12-01,2025-12-01,BONK,3.4694469519532198e-18
7,2025-12-01,2025-12-01,WAVES,0.02817251422187257
7,2025-12-01,2025-12-01,MASK,3.4694469519532198e-18
7,2025-12-01,2025-12-01,ATH,3.4694469519532198e-18
7,2025-12-01,2025-12-01,TOKAMAK,0.12874938376435158
7,2025-12-01,2025-12-01,CARV,3.4694469519532198e-18
7,2025-12-01,2025-12-01,MEW,3.4694469519532198e-18
7,2025-12-01,2025-12-01,MNT,3.4694469519532198e-18
7,2025-12-01,2025-12-01,PYTH,3.4694469519532198e-18
7,2025-12-01,2025-12-01,SONIC,0.011423838149209031
7,2025-12-01,2025-12-01,GAS,0.057133376539029716
7,2025-12-01,2025-12-01,AKT,3.4694469519532198e-18
7,2025-12-01,2025-12-01,BIGTIME,3.4694469519532198e-18
7,2025-12-01,2025-12-01,DRIFT,3.4694469519532198e-18
7,2025-12-02,2025-12-01,XRP,0.037912983793098126
7,2025-12-02,2025-12-01,BTC,0.25
7,2025-12-02,2025-12-01,ETH,0.04897797517317792
7,2025-12-02,2025-12-01,SOL,3.4694469519532198e-18
7,2025-12-02,2025-12-01,DOGE,3.4694469519532198e-18
7,2025-12-02,2025-12-01,AERGO,0.011809656725954581
7,2025-12-02,2025-12-01,ADA,3.4694469519532198e-18
7,2025-12-02,2025-12-01,AUCTION,0.0037718250307461434
7,2025-12-02,2025-12-01,ONDO,3.4694469519532198e-18
7,2025-12-02,2025-12-01,SUI,3.4694469519532198e-18
7,2025-12-02,2025-12-01,VIRTUAL,3.4694469519532198e-18
7,2025-12-02,2025-12-01,ARDR,0.03691939505649107
7,2025-12-02,2025-12-01,MOVE,3.4694469519532198e-18
7,2025-12-02,2025-12-01,AWE,0.03188061234350269
7,2025-12-02,2025-12-01,XLM,3.4694469519532198e-18
7,2025-12-02,2025-12-01,AXS,3.4694469519532198e-18
7,2025-12-02,2025-12-01,SNT,0.06734315443504417
7,2025-12-02,2025-12-01,QTUM,3.4694469519532198e-18
7,2025-12-02,2025-12-01,ANIME,3.4694469519532198e-18
7,2025-12-02,2025-12-01,PUNDIX,0.023245129885574572
7,2025-12-02,2025-12-01,ARK,0.00338456848049175
7,2025-12-02,2025-12-01,ENS,3.4694469519532198e-18
7,2025-12-02,2025-12-01,LINK,3.4694469519532198e-18
7,2025-12-02,2025-12-01,CRO,3.4694469519532198e-18
7,2025-12-02,2025-12-01,HBAR,3.4694469519532198e-18
7,2025-12-02,2025-12-01,VANA,3.4694469519532198e-18
7,2025-12-02,2025-12-01,SEI,3.4694469519532198e-18
7,2025-12-02,2025-12-01,STRAX,0.03040026699192772
7,2025-12-02,2025-12-01,KNC,0.04110552038639404
7,2025-12-02,2025-12-01,ME,3.4694469519532198e-18
7,2025-12-02,2025-12-01,SHIB,3.4694469519532198e-18
7,2025-12-02,2025-12-01,CBK,0.04960448429884678
7,2025-12-02,2025-12-01,AQT,0.11241782897032289
7,2025-12-02,2025-12-01,SAFE,3.4694469519532198e-18
7,2025-12-02,2025-12-01,GLM,0.025747485753964777
7,2025-12-02,2025-12-01,PEPE,3.4694469519532198e-18
7,2025-12-02,2025-12-01,BONK,3.4694469519532198e-18
7,2025-12-02,2025-12-01,WAVES,0.02817251422187257
7,2025-12-02,2025-12-01,MASK,3.4694469519532198e-18
7,2025-12-02,2025-12-01,ATH,3.4694469519532198e-18
7,2025-12-02,2025-12-01,TOKAMAK,0.12874938376435158
7,2025-12-02,2025-12-01,CARV,3.4694469519532198e-18
7,2025-12-02,2025-12-01,MEW,3.4694469519532198e-18
7,2025-12-02,2025-12-01,MNT,3.4694469519532198e-18
7,2025-12-02,2025-12-01,PYTH,3.4694469519532198e-18
7,2025-12-02,2025-12-01,SONIC,0.011423838149209031
7,2025-12-02,2025-12-01,GAS,0.057133376539029716
7,2025-12-02,2025-12-01,AKT,3.4694469519532198e-18
7,2025-12-02,2025-12-01,BIGTIME,3.4694469519532198e-18
7,2025-12-02,2025-12-01,DRIFT,3.4694469519532198e-18
7,2025-12-03,2025-12-01,XRP,0.037912983793098126
7,2025-12-03,2025-12-01,BTC,0.25
7,2025-12-03,2025-12-01,ETH,0.04897797517317792
7,2025-12-03,2025-12-01,SOL,3.4694469519532198e-18
7,2025-12-03,2025-12-01,DOGE,3.4694469519532198e-18
7,2025-12-03,2025-12-01,AERGO,0.011809656725954581
7,2025-12-03,2025-12-01,ADA,3.4694469519532198e-18
7,2025-12-03,2025-12-01,AUCTION,0.0037718250307461434
7,2025-12-03,2025-12-01,ONDO,3.4694469519532198e-18
7,2025-12-03,2025-12-01,SUI,3.4694469519532198e-18
7,2025-12-03,2025-12-01,VIRTUAL,3.4694469519532198e-18
7,2025-12-03,2025-12-01,ARDR,0.03691939505649107
7,2025-12-03,2025-12-01,MOVE,3.4694469519532198e-18
7,2025-12-03,2025-12-01,AWE,0.03188061234350269
7,2025-12-03,2025-12-01,XLM,3.4694469519532198e-18
7,2025-12-03,2025-12-01,AXS,3.4694469519532198e-18
7,2025-12-03,2025-12-01,SNT,0.06734315443504417
7,2025-12-03,2025-12-01,QTUM,3.4694469519532198e-18
7,2025-12-03,2025-12-01,ANIME,3.4694469519532198e-18
7,2025-12-03,2025-12-01,PUNDIX,0.023245129885574572
7,2025-12-03,2025-12-01,ARK,0.00338456848049175
7,2025-12-03,2025-12-01,ENS,3.4694469519532198e-18
7,2025-12-03,2025-12-01,LINK,3.4694469519532198e-18
7,2025-12-03,2025-12-01,CRO,3.4694469519532198e-18
7,2025-12-03,2025-12-01,HBAR,3.4694469519532198e-18
7,2025-12-03,2025-12-01,VANA,3.4694469519532198e-18
7,2025-12-03,2025-12-01,SEI,3.4694469519532198e-18
7,2025-12-03,2025-12-01,STRAX,0.03040026699192772
7,2025-12-03,2025-12-01,KNC,0.04110552038639404
7,2025-12-03,2025-12-01,ME,3.4694469519532198e-18
7,2025-12-03,2025-12-01,SHIB,3.4694469519532198e-18
7,2025-12-03,2025-12-01,CBK,0.04960448429884678
7,2025-12-03,2025-12-01,AQT,0.11241782897032289
7,2025-12-03,2025-12-01,SAFE,3.4694469519532198e-18
7,2025-12-03,2025-12-01,GLM,0.025747485753964777
7,2025-12-03,2025-12-01,PEPE,3.4694469519532198e-18
7,2025-12-03,2025-12-01,BONK,3.4694469519532198e-18
7,2025-12-03,2025-12-01,WAVES,0.02817251422187257
7,2025-12-03,2025-12-01,MASK,3.4694469519532198e-18
7,2025-12-03,2025-12-01,ATH,3.4694469519532198e-18
7,2025-12-03,2025-12-01,TOKAMAK,0.12874938376435158
7,2025-12-03,2025-12-01,CARV,3.4694469519532198e-18
7,2025-12-03,2025-12-01,MEW,3.4694469519532198e-18
7,2025-12-03,2025-12-01,MNT,3.4694469519532198e-18
7,2025-12-03,2025-12-01,PYTH,3.4694469519532198e-18
7,2025-12-03,2025-12-01,SONIC,0.011423838149209031
7,2025-12-03,2025-12-01,GAS,0.057133376539029716
7,2025-12-03,2025-12-01,AKT,3.4694469519532198e-18
7,2025-12-03,2025-12-01,BIGTIME,3.4694469519532198e-18
7,2025-12-03,2025-12-01,DRIFT,3.4694469519532198e-18
7,2025-12-04,2025-12-01,XRP,0.037912983793098126
7,2025-12-04,2025-12-01,BTC,0.25
7,2025-12-04,2025-12-01,ETH,0.04897797517317792
7,2025-12-04,2025-12-01,SOL,3.4694469519532198e-18
7,2025-12-04,2025-12-01,DOGE,3.4694469519532198e-18
7,2025-12-04,2025-12-01,AERGO,0.011809656725954581
7,2025-12-04,2025-12-01,ADA,3.4694469519532198e-18
7,2025-12-04,2025-12-01,AUCTION,0.0037718250307461434
7,2025-12-04,2025-12-01,ONDO,3.4694469519532198e-18
7,2025-12-04,2025-12-01,SUI,3.4694469519532198e-18
7,2025-12-04,2025-12-01,VIRTUAL,3.4694469519532198e-18
7,2025-12-04,2025-12-01,ARDR,0.03691939505649107
7,2025-12-04,2025-12-01,MOVE,3.4694469519532198e-18
7,2025-12-04,2025-12-01,AWE,0.03188061234350269
7,2025-12-04,2025-12-01,XLM,3.4694469519532198e-18
7,2025-12-04,2025-12-01,AXS,3.4694469519532198e-18
7,2025-12-04,2025-12-01,SNT,0.06734315443504417
7,2025-12-04,2025-12-01,QTUM,3.4694469519532198e-18
7,2025-12-04,2025-12-01,ANIME,3.4694469519532198e-18
7,2025-12-04,2025-12-01,PUNDIX,0.023245129885574572
7,2025-12-04,2025-12-01,ARK,0.00338456848049175
7,2025-12-04,2025-12-01,ENS,3.4694469519532198e-18
7,2025-12-04,2025-12-01,LINK,3.4694469519532198e-18
7,2025-12-04,2025-12-01,CRO,3.4694469519532198e-18
7,2025-12-04,2025-12-01,HBAR,3.4694469519532198e-18
7,2025-12-04,2025-12-01,VANA,3.4694469519532198e-18
7,2025-12-04,2025-12-01,SEI,3.4694469519532198e-18
7,2025-12-04,2025-12-01,STRAX,0.03040026699192772
7,2025-12-04,2025-12-01,KNC,0.04110552038639404
7,2025-12-04,2025-12-01,ME,3.4694469519532198e-18
7,2025-12-04,2025-12-01,SHIB,3.4694469519532198e-18
7,2025-12-04,2025-12-01,CBK,0.04960448429884678
7,2025-12-04,2025-12-01,AQT,0.11241782897032289
7,2025-12-04,2025-12-01,SAFE,3.4694469519532198e-18
7,2025-12-04,2025-12-01,GLM,0.025747485753964777
7,2025-12-04,2025-12-01,PEPE,3.4694469519532198e-18
7,2025-12-04,2025-12-01,BONK,3.4694469519532198e-18
7,2025-12-04,2025-12-01,WAVES,0.02817251422187257
7,2025-12-04,2025-12-01,MASK,3.4694469519532198e-18
7,2025-12-04,2025-12-01,ATH,3.4694469519532198e-18
7,2025-12-04,2025-12-01,TOKAMAK,0.12874938376435158
7,2025-12-04,2025-12-01,CARV,3.4694469519532198e-18
7,2025-12-04,2025-12-01,MEW,3.4694469519532198e-18
7,2025-12-04,2025-12-01,MNT,3.4694469519532198e-18
7,2025-12-04,2025-12-01,PYTH,3.4694469519532198e-18
7,2025-12-04,2025-12-01,SONIC,0.011423838149209031
7,2025-12-04,2025-12-01,GAS,0.057133376539029716
7,2025-12-04,2025-12-01,AKT,3.4694469519532198e-18
7,2025-12-04,2025-12-01,BIGTIME,3.4694469519532198e-18
7,2025-12-04,2025-12-01,DRIFT,3.4694469519532198e-18
7,2025-12-05,2025-12-01,XRP,0.037912983793098126
7,2025-12-05,2025-12-01,BTC,0.25
7,2025-12-05,2025-12-01,ETH,0.04897797517317792
7,2025-12-05,2025-12-01,SOL,3.4694469519532198e-18
7,2025-12-05,2025-12-01,DOGE,3.4694469519532198e-18
7,2025-12-05,2025-12-01,AERGO,0.011809656725954581
7,2025-12-05,2025-12-01,ADA,3.4694469519532198e-18
7,2025-12-05,2025-12-01,AUCTION,0.0037718250307461434
7,2025-12-05,2025-12-01,ONDO,3.4694469519532198e-18
7,2025-12-05,2025-12-01,SUI,3.4694469519532198e-18
7,2025-12-05,2025-12-01,VIRTUAL,3.4694469519532198e-18
7,2025-12-05,2025-12-01,ARDR,0.03691939505649107
7,2025-12-05,2025-12-01,MOVE,3.4694469519532198e-18
7,2025-12-05,2025-12-01,AWE,0.03188061234350269
7,2025-12-05,2025-12-01,XLM,3.4694469519532198e-18
7,2025-12-05,2025-12-01,AXS,3.4694469519532198e-18
7,2025-12-05,2025-12-01,SNT,0.06734315443504417
7,2025-12-05,2025-12-01,QTUM,3.4694469519532198e-18
7,2025-12-05,2025-12-01,ANIME,3.4694469519532198e-18
7,2025-12-05,2025-12-01,PUNDIX,0.023245129885574572
7,2025-12-05,2025-12-01,ARK,0.00338456848049175
7,2025-12-05,2025-12-01,ENS,3.4694469519532198e-18
7,2025-12-05,2025-12-01,LINK,3.4694469519532198e-18
7,2025-12-05,2025-12-01,CRO,3.4694469519532198e-18
7,2025-12-05,2025-12-01,HBAR,3.4694469519532198e-18
7,2025-12-05,2025-12-01,VANA,3.4694469519532198e-18
7,2025-12-05,2025-12-01,SEI,3.4694469519532198e-18
7,2025-12-05,2025-12-01,STRAX,0.03040026699192772
7,2025-12-05,2025-12-01,KNC,0.04110552038639404
7,2025-12-05,2025-12-01,ME,3.4694469519532198e-18
7,2025-12-05,2025-12-01,SHIB,3.4694469519532198e-18
7,2025-12-05,2025-12-01,CBK,0.04960448429884678
7,2025-12-05,2025-12-01,AQT,0.11241782897032289
7,2025-12-05,2025-12-01,SAFE,3.4694469519532198e-18
7,2025-12-05,2025-12-01,GLM,0.025747485753964777
7,2025-12-05,2025-12-01,PEPE,3.4694469519532198e-18
7,2025-12-05,2025-12-01,BONK,3.4694469519532198e-18
7,2025-12-05,2025-12-01,WAVES,0.02817251422187257
7,2025-12-05,2025-12-01,MASK,3.4694469519532198e-18
7,2025-12-05,2025-12-01,ATH,3.4694469519532198e-18
7,2025-12-05,2025-12-01,TOKAMAK,0.12874938376435158
7,2025-12-05,2025-12-01,CARV,3.4694469519532198e-18
7,2025-12-05,2025-12-01,MEW,3.4694469519532198e-18
7,2025-12-05,2025-12-01,MNT,3.4694469519532198e-18
7,2025-12-05,2025-12-01,PYTH,3.4694469519532198e-18
7,2025-12-05,2025-12-01,SONIC,0.011423838149209031
7,2025-12-05,2025-12-01,GAS,0.057133376539029716
7,2025-12-05,2025-12-01,AKT,3.4694469519532198e-18
7,2025-12-05,2025-12-01,BIGTIME,3.4694469519532198e-18
7,2025-12-05,2025-12-01,DRIFT,3.4694469519532198e-18
7,2025-12-06,2025-12-01,XRP,0.037912983793098126
7,2025-12-06,2025-12-01,BTC,0.25
7,2025-12-06,2025-12-01,ETH,0.04897797517317792
7,2025-12-06,2025-12-01,SOL,3.4694469519532198e-18
7,2025-12-06,2025-12-01,DOGE,3.4694469519532198e-18
7,2025-12-06,2025-12-01,AERGO,0.011809656725954581
7,2025-12-06,2025-12-01,ADA,3.4694469519532198e-18
7,2025-12-06,2025-12-01,AUCTION,0.0037718250307461434
7,2025-12-06,2025-12-01,ONDO,3.4694469519532198e-18
7,2025-12-06,2025-12-01,SUI,3.4694469519532198e-18
7,2025-12-06,2025-12-01,VIRTUAL,3.4694469519532198e-18
7,2025-12-06,2025-12-01,ARDR,0.03691939505649107
7,2025-12-06,2025-12-01,MOVE,3.4694469519532198e-18
7,2025-12-06,2025-12-01,AWE,0.03188061234350269
7,2025-12-06,2025-12-01,XLM,3.4694469519532198e-18
7,2025-12-06,2025-12-01,AXS,3.4694469519532198e-18
7,2025-12-06,2025-12-01,SNT,0.06734315443504417
7,2025-12-06,2025-12-01,QTUM,3.4694469519532198e-18
7,2025-12-06,2025-12-01,ANIME,3.4694469519532198e-18
7,2025-12-06,2025-12-01,PUNDIX,0.023245129885574572
7,2025-12-06,2025-12-01,ARK,0.00338456848049175
7,2025-12-06,2025-12-01,ENS,3.4694469519532198e-18
7,2025-12-06,2025-12-01,LINK,3.4694469519532198e-18
7,2025-12-06,2025-12-01,CRO,3.4694469519532198e-18
7,2025-12-06,2025-12-01,HBAR,3.4694469519532198e-18
7,2025-12-06,2025-12-01,VANA,3.4694469519532198e-18
7,2025-12-06,2025-12-01,SEI,3.4694469519532198e-18
7,2025-12-06,2025-12-01,STRAX,0.03040026699192772
7,2025-12-06,2025-12-01,KNC,0.04110552038639404
7,2025-12-06,2025-12-01,ME,3.4694469519532198e-18
7,2025-12-06,2025-12-01,SHIB,3.4694469519532198e-18
7,2025-12-06,2025-12-01,CBK,0.04960448429884678
7,2025-12-06,2025-12-01,AQT,0.11241782897032289
7,2025-12-06,2025-12-01,SAFE,3.4694469519532198e-18
7,2025-12-06,2025-12-01,GLM,0.025747485753964777
7,2025-12-06,2025-12-01,PEPE,3.4694469519532198e-18
7,2025-12-06,2025-12-01,BONK,3.4694469519532198e-18
7,2025-12-06,2025-12-01,WAVES,0.02817251422187257
7,2025-12-06,2025-12-01,MASK,3.4694469519532198e-18
7,2025-12-06,2025-12-01,ATH,3.4694469519532198e-18
7,2025-12-06,2025-12-01,TOKAMAK,0.12874938376435158
7,2025-12-06,2025-12-01,CARV,3.4694469519532198e-18
7,2025-12-06,2025-12-01,MEW,3.4694469519532198e-18
7,2025-12-06,2025-12-01,MNT,3.4694469519532198e-18
7,2025-12-06,2025-12-01,PYTH,3.4694469519532198e-18
7,2025-12-06,2025-12-01,SONIC,0.011423838149209031
7,2025-12-06,2025-12-01,GAS,0.057133376539029716
7,2025-12-06,2025-12-01,AKT,3.4694469519532198e-18
7,2025-12-06,2025-12-01,BIGTIME,3.4694469519532198e-18
7,2025-12-06,2025-12-01,DRIFT,3.4694469519532198e-18
7,2025-12-07,2025-12-01,XRP,0.037912983793098126
7,2025-12-07,2025-12-01,BTC,0.25
7,2025-12-07,2025-12-01,ETH,0.04897797517317792
7,2025-12-07,2025-12-01,SOL,3.4694469519532198e-18
7,2025-12-07,2025-12-01,DOGE,3.4694469519532198e-18
7,2025-12-07,2025-12-01,AERGO,0.011809656725954581
7,2025-12-07,2025-12-01,ADA,3.4694469519532198e-18
7,2025-12-07,2025-12-01,AUCTION,0.0037718250307461434
7,2025-12-07,2025-12-01,ONDO,3.4694469519532198e-18
7,2025-12-07,2025-12-01,SUI,3.4694469519532198e-18
7,2025-12-07,2025-12-01,VIRTUAL,3.4694469519532198e-18
7,2025-12-07,2025-12-01,ARDR,0.03691939505649107
7,2025-12-07,2025-12-01,MOVE,3.4694469519532198e-18
7,2025-12-07,2025-12-01,AWE,0.03188061234350269
7,2025-12-07,2025-12-01,XLM,3.4694469519532198e-18
7,2025-12-07,2025-12-01,AXS,3.4694469519532198e-18
7,2025-12-07,2025-12-01,SNT,0.06734315443504417
7,2025-12-07,2025-12-01,QTUM,3.4694469519532198e-18
7,2025-12-07,2025-12-01,ANIME,3.4694469519532198e-18
7,2025-12-07,2025-12-01,PUNDIX,0.023245129885574572
7,2025-12-07,2025-12-01,ARK,0.00338456848049175
7,2025-12-07,2025-12-01,ENS,3.4694469519532198e-18
7,2025-12-07,2025-12-01,LINK,3.4694469519532198e-18
7,2025-12-07,2025-12-01,CRO,3.4694469519532198e-18
7,2025-12-07,2025-12-01,HBAR,3.4694469519532198e-18
7,2025-12-07,2025-12-01,VANA,3.4694469519532198e-18
7,2025-12-07,2025-12-01,SEI,3.4694469519532198e-18
7,2025-12-07,2025-12-01,STRAX,0.03040026699192772
7,2025-12-07,2025-12-01,KNC,0.04110552038639404
7,2025-12-07,2025-12-01,ME,3.4694469519532198e-18
7,2025-12-07,2025-12-01,SHIB,3.4694469519532198e-18
7,2025-12-07,2025-12-01,CBK,0.04960448429884678
7,2025-12-07,2025-12-01,AQT,0.11241782897032289
7,2025-12-07,2025-12-01,SAFE,3.4694469519532198e-18
7,2025-12-07,2025-12-01,GLM,0.025747485753964777
7,2025-12-07,2025-12-01,PEPE,3.4694469519532198e-18
7,2025-12-07,2025-12-01,BONK,3.4694469519532198e-18
7,2025-12-07,2025-12-01,WAVES,0.02817251422187257
7,2025-12-07,2025-12-01,MASK,3.4694469519532198e-18
7,2025-12-07,2025-12-01,ATH,3.4694469519532198e-18
7,2025-12-07,2025-12-01,TOKAMAK,0.12874938376435158
7,2025-12-07,2025-12-01,CARV,3.4694469519532198e-18
7,2025-12-07,2025-12-01,MEW,3.4694469519532198e-18
7,2025-12-07,2025-12-01,MNT,3.4694469519532198e-18
7,2025-12-07,2025-12-01,PYTH,3.4694469519532198e-18
7,2025-12-07,2025-12-01,SONIC,0.011423838149209031
7,2025-12-07,2025-12-01,GAS,0.057133376539029716
7,2025-12-07,2025-12-01,AKT,3.4694469519532198e-18
7,2025-12-07,2025-12-01,BIGTIME,3.4694469519532198e-18
7,2025-12-07,2025-12-01,DRIFT,3.4694469519532198e-18
7,2026-01-01,2026-01-01,XRP,0.06320514355958773
7,2026-01-01,2026-01-01,BTC,0.25
7,2026-01-01,2026-01-01,ETH,6.938893903907228e-18
7,2026-01-01,2026-01-01,SOL,6.938893903907228e-18
7,2026-01-01,2026-01-01,DOGE,6.938893903907228e-18
7,2026-01-01,2026-01-01,AERGO,0.003877410765782674
7,2026-01-01,2026-01-01,ADA,6.938893903907228e-18
7,2026-01-01,2026-01-01,AUCTION,0.007679055392903287
7,2026-01-01,2026-01-01,ONDO,6.938893903907228e-18
7,2026-01-01,2026-01-01,SUI,6.938893903907228e-18
7,2026-01-01,2026-01-01,VIRTUAL,6.938893903907228e-18
7,2026-01-01,2026-01-01,ARDR,0.09621251582192208
7,2026-01-01,2026-01-01,MOVE,6.938893903907228e-18
7,2026-01-01,2026-01-01,AWE,0.023828570398968685
7,2026-01-01,2026-01-01,XLM,6.938893903907228e-18
7,2026-01-01,2026-01-01,AXS,6.938893903907228e-18
7,2026-01-01,2026-01-01,SNT,0.055758882436057734
7,2026-01-01,2026-01-01,QTUM,6.938893903907228e-18
7,2026-01-01,2026-01-01,ANIME,6.938893903907228e-18
7,2026-01-01,2026-01-01,PUNDIX,0.02904106000795944
7,2026-01-01,2026-01-01,ARK,6.938893903907228e-18
7,2026-01-01,2026-01-01,ENS,6.938893903907228e-18
7,2026-01-01,2026-01-01,LINK,6.938893903907228e-18
7,2026-01-01,2026-01-01,CRO,0.018369216414469626
7,2026-01-01,2026-01-01,HBAR,6.938893903907228e-18
7,2026-01-01,2026-01-01,VANA,0.007166642396030369
7,2026-01-01,2026-01-01,SEI,6.938893903907228e-18
7,2026-01-01,2026-01-01,STRAX,0.013884621034011824
7,2026-01-01,2026-01-01,KNC,0.08680602784689981
7,2026-01-01,2026-01-01,ME,6.938893903907228e-18
7,2026-01-01,2026-01-01,SHIB,6.938893903907228e-18
7,2026-01-01,2026-01-01,CBK,0.04106334903725687
7,2026-01-01,2026-01-01,AQT,0.06357538414099398
7,2026-01-01,2026-01-01,SAFE,6.938893903907228e-18
7,2026-01-01,2026-01-01,GLM,0.041155107658103575
7,2026-01-01,2026-01-01,PEPE,6.938893903907228e-18
7,2026-01-01,2026-01-01,BONK,6.938893903907228e-18
7,2026-01-01,2026-01-01,WAVES,0.015847173454751614
7,2026-01-01,2026-01-01,MASK,6.938893903907228e-18
7,2026-01-01,2026-01-01,ATH,6.938893903907228e-18
7,2026-01-01,2026-01-01,TOKAMAK,0.16391955008744796
7,2026-01-01,2026-01-01,CARV,0.011674585311609071
7,2026-01-01,2026-01-01,MEW,6.938893903907228e-18
7,2026-01-01,2026-01-01,MNT,0.0028317989900354893
7,2026-01-01,2026-01-01,PYTH,6.938893903907228e-18
7,2026-01-01,2026-01-01,SONIC,6.938893903907228e-18
7,2026-01-01,2026-01-01,GAS,0.004103905245208187
7,2026-01-01,2026-01-01,AKT,6.938893903907228e-18
7,2026-01-01,2026-01-01,BIGTIME,6.938893903907228e-18
7,2026-01-01,2026-01-01,DRIFT,6.938893903907228e-18
7,2026-01-02,2026-01-01,XRP,0.06320514355958773
7,2026-01-02,2026-01-01,BTC,0.25
7,2026-01-02,2026-01-01,ETH,6.938893903907228e-18
7,2026-01-02,2026-01-01,SOL,6.938893903907228e-18
7,2026-01-02,2026-01-01,DOGE,6.938893903907228e-18
7,2026-01-02,2026-01-01,AERGO,0.003877410765782674
7,2026-01-02,2026-01-01,ADA,6.938893903907228e-18
7,2026-01-02,2026-01-01,AUCTION,0.007679055392903287
7,2026-01-02,2026-01-01,ONDO,6.938893903907228e-18
7,2026-01-02,2026-01-01,SUI,6.938893903907228e-18
7,2026-01-02,2026-01-01,VIRTUAL,6.938893903907228e-18
7,2026-01-02,2026-01-01,ARDR,0.09621251582192208
7,2026-01-02,2026-01-01,MOVE,6.938893903907228e-18
7,2026-01-02,2026-01-01,AWE,0.023828570398968685
7,2026-01-02,2026-01-01,XLM,6.938893903907228e-18
7,2026-01-02,2026-01-01,AXS,6.938893903907228e-18
7,2026-01-02,2026-01-01,SNT,0.055758882436057734
7,2026-01-02,2026-01-01,QTUM,6.938893903907228e-18
7,2026-01-02,2026-01-01,ANIME,6.938893903907228e-18
7,2026-01-02,2026-01-01,PUNDIX,0.02904106000795944
7,2026-01-02,2026-01-01,ARK,6.938893903907228e-18
7,2026-01-02,2026-01-01,ENS,6.938893903907228e-18
7,2026-01-02,2026-01-01,LINK,6.938893903907228e-18
7,2026-01-02,2026-01-01,CRO,0.018369216414469626
7,2026-01-02,2026-01-01,HBAR,6.938893903907228e-18
7,2026-01-02,2026-01-01,VANA,0.007166642396030369
7,2026-01-02,2026-01-01,SEI,6.938893903907228e-18
7,2026-01-02,2026-01-01,STRAX,0.013884621034011824
7,2026-01-02,2026-01-01,KNC,0.08680602784689981
7,2026-01-02,2026-01-01,ME,6.938893903907228e-18
7,2026-01-02,2026-01-01,SHIB,6.938893903907228e-18
7,2026-01-02,2026-01-01,CBK,0.04106334903725687
7,2026-01-02,2026-01-01,AQT,0.06357538414099398
7,2026-01-02,2026-01-01,SAFE,6.938893903907228e-18
7,2026-01-02,2026-01-01,GLM,0.041155107658103575
7,2026-01-02,2026-01-01,PEPE,6.938893903907228e-18
7,2026-01-02,2026-01-01,BONK,6.938893903907228e-18
7,2026-01-02,2026-01-01,WAVES,0.015847173454751614
7,2026-01-02,2026-01-01,MASK,6.938893903907228e-18
7,2026-01-02,2026-01-01,ATH,6.938893903907228e-18
7,2026-01-02,2026-01-01,TOKAMAK,0.16391955008744796
7,2026-01-02,2026-01-01,CARV,0.011674585311609071
7,2026-01-02,2026-01-01,MEW,6.938893903907228e-18
7,2026-01-02,2026-01-01,MNT,0.0028317989900354893
7,2026-01-02,2026-01-01,PYTH,6.938893903907228e-18
7,2026-01-02,2026-01-01,SONIC,6.938893903907228e-18
7,2026-01-02,2026-01-01,GAS,0.004103905245208187
7,2026-01-02,2026-01-01,AKT,6.938893903907228e-18
7,2026-01-02,2026-01-01,BIGTIME,6.938893903907228e-18
7,2026-01-02,2026-01-01,DRIFT,6.938893903907228e-18
7,2026-01-03,2026-01-01,XRP,0.06320514355958773
7,2026-01-03,2026-01-01,BTC,0.25
7,2026-01-03,2026-01-01,ETH,6.938893903907228e-18
7,2026-01-03,2026-01-01,SOL,6.938893903907228e-18
7,2026-01-03,2026-01-01,DOGE,6.938893903907228e-18
7,2026-01-03,2026-01-01,AERGO,0.003877410765782674
7,2026-01-03,2026-01-01,ADA,6.938893903907228e-18
7,2026-01-03,2026-01-01,AUCTION,0.007679055392903287
7,2026-01-03,2026-01-01,ONDO,6.938893903907228e-18
7,2026-01-03,2026-01-01,SUI,6.938893903907228e-18
7,2026-01-03,2026-01-01,VIRTUAL,6.938893903907228e-18
7,2026-01-03,2026-01-01,ARDR,0.09621251582192208
7,2026-01-03,2026-01-01,MOVE,6.938893903907228e-18
7,2026-01-03,2026-01-01,AWE,0.023828570398968685
7,2026-01-03,2026-01-01,XLM,6.938893903907228e-18
7,2026-01-03,2026-01-01,AXS,6.938893903907228e-18
7,2026-01-03,2026-01-01,SNT,0.055758882436057734
7,2026-01-03,2026-01-01,QTUM,6.938893903907228e-18
7,2026-01-03,2026-01-01,ANIME,6.938893903907228e-18
7,2026-01-03,2026-01-01,PUNDIX,0.02904106000795944
7,2026-01-03,2026-01-01,ARK,6.938893903907228e-18
7,2026-01-03,2026-01-01,ENS,6.938893903907228e-18
7,2026-01-03,2026-01-01,LINK,6.938893903907228e-18
7,2026-01-03,2026-01-01,CRO,0.018369216414469626
7,2026-01-03,2026-01-01,HBAR,6.938893903907228e-18
7,2026-01-03,2026-01-01,VANA,0.007166642396030369
7,2026-01-03,2026-01-01,SEI,6.938893903907228e-18
7,2026-01-03,2026-01-01,STRAX,0.013884621034011824
7,2026-01-03,2026-01-01,KNC,0.08680602784689981
7,2026-01-03,2026-01-01,ME,6.938893903907228e-18
7,2026-01-03,2026-01-01,SHIB,6.938893903907228e-18
7,2026-01-03,2026-01-01,CBK,0.04106334903725687
7,2026-01-03,2026-01-01,AQT,0.06357538414099398
7,2026-01-03,2026-01-01,SAFE,6.938893903907228e-18
7,2026-01-03,2026-01-01,GLM,0.041155107658103575
7,2026-01-03,2026-01-01,PEPE,6.938893903907228e-18
7,2026-01-03,2026-01-01,BONK,6.938893903907228e-18
7,2026-01-03,2026-01-01,WAVES,0.015847173454751614
7,2026-01-03,2026-01-01,MASK,6.938893903907228e-18
7,2026-01-03,2026-01-01,ATH,6.938893903907228e-18
7,2026-01-03,2026-01-01,TOKAMAK,0.16391955008744796
7,2026-01-03,2026-01-01,CARV,0.011674585311609071
7,2026-01-03,2026-01-01,MEW,6.938893903907228e-18
7,2026-01-03,2026-01-01,MNT,0.0028317989900354893
7,2026-01-03,2026-01-01,PYTH,6.938893903907228e-18
7,2026-01-03,2026-01-01,SONIC,6.938893903907228e-18
7,2026-01-03,2026-01-01,GAS,0.004103905245208187
7,2026-01-03,2026-01-01,AKT,6.938893903907228e-18
7,2026-01-03,2026-01-01,BIGTIME,6.938893903907228e-18
7,2026-01-03,2026-01-01,DRIFT,6.938893903907228e-18
7,2026-01-04,2026-01-01,XRP,0.06320514355958773
7,2026-01-04,2026-01-01,BTC,0.25
7,2026-01-04,2026-01-01,ETH,6.938893903907228e-18
7,2026-01-04,2026-01-01,SOL,6.938893903907228e-18
7,2026-01-04,2026-01-01,DOGE,6.938893903907228e-18
7,2026-01-04,2026-01-01,AERGO,0.003877410765782674
7,2026-01-04,2026-01-01,ADA,6.938893903907228e-18
7,2026-01-04,2026-01-01,AUCTION,0.007679055392903287
7,2026-01-04,2026-01-01,ONDO,6.938893903907228e-18
7,2026-01-04,2026-01-01,SUI,6.938893903907228e-18
7,2026-01-04,2026-01-01,VIRTUAL,6.938893903907228e-18
7,2026-01-04,2026-01-01,ARDR,0.09621251582192208
7,2026-01-04,2026-01-01,MOVE,6.938893903907228e-18
7,2026-01-04,2026-01-01,AWE,0.023828570398968685
7,2026-01-04,2026-01-01,XLM,6.938893903907228e-18
7,2026-01-04,2026-01-01,AXS,6.938893903907228e-18
7,2026-01-04,2026-01-01,SNT,0.055758882436057734
7,2026-01-04,2026-01-01,QTUM,6.938893903907228e-18
7,2026-01-04,2026-01-01,ANIME,6.938893903907228e-18
7,2026-01-04,2026-01-01,PUNDIX,0.02904106000795944
7,2026-01-04,2026-01-01,ARK,6.938893903907228e-18
7,2026-01-04,2026-01-01,ENS,6.938893903907228e-18
7,2026-01-04,2026-01-01,LINK,6.938893903907228e-18
7,2026-01-04,2026-01-01,CRO,0.018369216414469626
7,2026-01-04,2026-01-01,HBAR,6.938893903907228e-18
7,2026-01-04,2026-01-01,VANA,0.007166642396030369
7,2026-01-04,2026-01-01,SEI,6.938893903907228e-18
7,2026-01-04,2026-01-01,STRAX,0.013884621034011824
7,2026-01-04,2026-01-01,KNC,0.08680602784689981
7,2026-01-04,2026-01-01,ME,6.938893903907228e-18
7,2026-01-04,2026-01-01,SHIB,6.938893903907228e-18
7,2026-01-04,2026-01-01,CBK,0.04106334903725687
7,2026-01-04,2026-01-01,AQT,0.06357538414099398
7,2026-01-04,2026-01-01,SAFE,6.938893903907228e-18
7,2026-01-04,2026-01-01,GLM,0.041155107658103575
7,2026-01-04,2026-01-01,PEPE,6.938893903907228e-18
7,2026-01-04,2026-01-01,BONK,6.938893903907228e-18
7,2026-01-04,2026-01-01,WAVES,0.015847173454751614
7,2026-01-04,2026-01-01,MASK,6.938893903907228e-18
7,2026-01-04,2026-01-01,ATH,6.938893903907228e-18
7,2026-01-04,2026-01-01,TOKAMAK,0.16391955008744796
7,2026-01-04,2026-01-01,CARV,0.011674585311609071
7,2026-01-04,2026-01-01,MEW,6.938893903907228e-18
7,2026-01-04,2026-01-01,MNT,0.0028317989900354893
7,2026-01-04,2026-01-01,PYTH,6.938893903907228e-18
7,2026-01-04,2026-01-01,SONIC,6.938893903907228e-18
7,2026-01-04,2026-01-01,GAS,0.004103905245208187
7,2026-01-04,2026-01-01,AKT,6.938893903907228e-18
7,2026-01-04,2026-01-01,BIGTIME,6.938893903907228e-18
7,2026-01-04,2026-01-01,DRIFT,6.938893903907228e-18
7,2026-01-05,2026-01-01,XRP,0.06320514355958773
7,2026-01-05,2026-01-01,BTC,0.25
7,2026-01-05,2026-01-01,ETH,6.938893903907228e-18
7,2026-01-05,2026-01-01,SOL,6.938893903907228e-18
7,2026-01-05,2026-01-01,DOGE,6.938893903907228e-18
7,2026-01-05,2026-01-01,AERGO,0.003877410765782674
7,2026-01-05,2026-01-01,ADA,6.938893903907228e-18
7,2026-01-05,2026-01-01,AUCTION,0.007679055392903287
7,2026-01-05,2026-01-01,ONDO,6.938893903907228e-18
7,2026-01-05,2026-01-01,SUI,6.938893903907228e-18
7,2026-01-05,2026-01-01,VIRTUAL,6.938893903907228e-18
7,2026-01-05,2026-01-01,ARDR,0.09621251582192208
7,2026-01-05,2026-01-01,MOVE,6.938893903907228e-18
7,2026-01-05,2026-01-01,AWE,0.023828570398968685
7,2026-01-05,2026-01-01,XLM,6.938893903907228e-18
7,2026-01-05,2026-01-01,AXS,6.938893903907228e-18
7,2026-01-05,2026-01-01,SNT,0.055758882436057734
7,2026-01-05,2026-01-01,QTUM,6.938893903907228e-18
7,2026-01-05,2026-01-01,ANIME,6.938893903907228e-18
7,2026-01-05,2026-01-01,PUNDIX,0.02904106000795944
7,2026-01-05,2026-01-01,ARK,6.938893903907228e-18
7,2026-01-05,2026-01-01,ENS,6.938893903907228e-18
7,2026-01-05,2026-01-01,LINK,6.938893903907228e-18
7,2026-01-05,2026-01-01,CRO,0.018369216414469626
7,2026-01-05,2026-01-01,HBAR,6.938893903907228e-18
7,2026-01-05,2026-01-01,VANA,0.007166642396030369
7,2026-01-05,2026-01-01,SEI,6.938893903907228e-18
7,2026-01-05,2026-01-01,STRAX,0.013884621034011824
7,2026-01-05,2026-01-01,KNC,0.08680602784689981
7,2026-01-05,2026-01-01,ME,6.938893903907228e-18
7,2026-01-05,2026-01-01,SHIB,6.938893903907228e-18
7,2026-01-05,2026-01-01,CBK,0.04106334903725687
7,2026-01-05,2026-01-01,AQT,0.06357538414099398
7,2026-01-05,2026-01-01,SAFE,6.938893903907228e-18
7,2026-01-05,2026-01-01,GLM,0.041155107658103575
7,2026-01-05,2026-01-01,PEPE,6.938893903907228e-18
7,2026-01-05,2026-01-01,BONK,6.938893903907228e-18
7,2026-01-05,2026-01-01,WAVES,0.015847173454751614
7,2026-01-05,2026-01-01,MASK,6.938893903907228e-18
7,2026-01-05,2026-01-01,ATH,6.938893903907228e-18
7,2026-01-05,2026-01-01,TOKAMAK,0.16391955008744796
7,2026-01-05,2026-01-01,CARV,0.011674585311609071
7,2026-01-05,2026-01-01,MEW,6.938893903907228e-18
7,2026-01-05,2026-01-01,MNT,0.0028317989900354893
7,2026-01-05,2026-01-01,PYTH,6.938893903907228e-18
7,2026-01-05,2026-01-01,SONIC,6.938893903907228e-18
7,2026-01-05,2026-01-01,GAS,0.004103905245208187
7,2026-01-05,2026-01-01,AKT,6.938893903907228e-18
7,2026-01-05,2026-01-01,BIGTIME,6.938893903907228e-18
7,2026-01-05,2026-01-01,DRIFT,6.938893903907228e-18
7,2026-01-06,2026-01-01,XRP,0.06320514355958773
7,2026-01-06,2026-01-01,BTC,0.25
7,2026-01-06,2026-01-01,ETH,6.938893903907228e-18
7,2026-01-06,2026-01-01,SOL,6.938893903907228e-18
7,2026-01-06,2026-01-01,DOGE,6.938893903907228e-18
7,2026-01-06,2026-01-01,AERGO,0.003877410765782674
7,2026-01-06,2026-01-01,ADA,6.938893903907228e-18
7,2026-01-06,2026-01-01,AUCTION,0.007679055392903287
7,2026-01-06,2026-01-01,ONDO,6.938893903907228e-18
7,2026-01-06,2026-01-01,SUI,6.938893903907228e-18
7,2026-01-06,2026-01-01,VIRTUAL,6.938893903907228e-18
7,2026-01-06,2026-01-01,ARDR,0.09621251582192208
7,2026-01-06,2026-01-01,MOVE,6.938893903907228e-18
7,2026-01-06,2026-01-01,AWE,0.023828570398968685
7,2026-01-06,2026-01-01,XLM,6.938893903907228e-18
7,2026-01-06,2026-01-01,AXS,6.938893903907228e-18
7,2026-01-06,2026-01-01,SNT,0.055758882436057734
7,2026-01-06,2026-01-01,QTUM,6.938893903907228e-18
7,2026-01-06,2026-01-01,ANIME,6.938893903907228e-18
7,2026-01-06,2026-01-01,PUNDIX,0.02904106000795944
7,2026-01-06,2026-01-01,ARK,6.938893903907228e-18
7,2026-01-06,2026-01-01,ENS,6.938893903907228e-18
7,2026-01-06,2026-01-01,LINK,6.938893903907228e-18
7,2026-01-06,2026-01-01,CRO,0.018369216414469626
7,2026-01-06,2026-01-01,HBAR,6.938893903907228e-18
7,2026-01-06,2026-01-01,VANA,0.007166642396030369
7,2026-01-06,2026-01-01,SEI,6.938893903907228e-18
7,2026-01-06,2026-01-01,STRAX,0.013884621034011824
7,2026-01-06,2026-01-01,KNC,0.08680602784689981
7,2026-01-06,2026-01-01,ME,6.938893903907228e-18
7,2026-01-06,2026-01-01,SHIB,6.938893903907228e-18
7,2026-01-06,2026-01-01,CBK,0.04106334903725687
7,2026-01-06,2026-01-01,AQT,0.06357538414099398
7,2026-01-06,2026-01-01,SAFE,6.938893903907228e-18
7,2026-01-06,2026-01-01,GLM,0.041155107658103575
7,2026-01-06,2026-01-01,PEPE,6.938893903907228e-18
7,2026-01-06,2026-01-01,BONK,6.938893903907228e-18
7,2026-01-06,2026-01-01,WAVES,0.015847173454751614
7,2026-01-06,2026-01-01,MASK,6.938893903907228e-18
7,2026-01-06,2026-01-01,ATH,6.938893903907228e-18
7,2026-01-06,2026-01-01,TOKAMAK,0.16391955008744796
7,2026-01-06,2026-01-01,CARV,0.011674585311609071
7,2026-01-06,2026-01-01,MEW,6.938893903907228e-18
7,2026-01-06,2026-01-01,MNT,0.0028317989900354893
7,2026-01-06,2026-01-01,PYTH,6.938893903907228e-18
7,2026-01-06,2026-01-01,SONIC,6.938893903907228e-18
7,2026-01-06,2026-01-01,GAS,0.004103905245208187
7,2026-01-06,2026-01-01,AKT,6.938893903907228e-18
7,2026-01-06,2026-01-01,BIGTIME,6.938893903907228e-18
7,2026-01-06,2026-01-01,DRIFT,6.938893903907228e-18
7,2026-01-07,2026-01-01,XRP,0.06320514355958773
7,2026-01-07,2026-01-01,BTC,0.25
7,2026-01-07,2026-01-01,ETH,6.938893903907228e-18
7,2026-01-07,2026-01-01,SOL,6.938893903907228e-18
7,2026-01-07,2026-01-01,DOGE,6.938893903907228e-18
7,2026-01-07,2026-01-01,AERGO,0.003877410765782674
7,2026-01-07,2026-01-01,ADA,6.938893903907228e-18
7,2026-01-07,2026-01-01,AUCTION,0.007679055392903287
7,2026-01-07,2026-01-01,ONDO,6.938893903907228e-18
7,2026-01-07,2026-01-01,SUI,6.938893903907228e-18
7,2026-01-07,2026-01-01,VIRTUAL,6.938893903907228e-18
7,2026-01-07,2026-01-01,ARDR,0.09621251582192208
7,2026-01-07,2026-01-01,MOVE,6.938893903907228e-18
7,2026-01-07,2026-01-01,AWE,0.023828570398968685
7,2026-01-07,2026-01-01,XLM,6.938893903907228e-18
7,2026-01-07,2026-01-01,AXS,6.938893903907228e-18
7,2026-01-07,2026-01-01,SNT,0.055758882436057734
7,2026-01-07,2026-01-01,QTUM,6.938893903907228e-18
7,2026-01-07,2026-01-01,ANIME,6.938893903907228e-18
7,2026-01-07,2026-01-01,PUNDIX,0.02904106000795944
7,2026-01-07,2026-01-01,ARK,6.938893903907228e-18
7,2026-01-07,2026-01-01,ENS,6.938893903907228e-18
7,2026-01-07,2026-01-01,LINK,6.938893903907228e-18
7,2026-01-07,2026-01-01,CRO,0.018369216414469626
7,2026-01-07,2026-01-01,HBAR,6.938893903907228e-18
7,2026-01-07,2026-01-01,VANA,0.007166642396030369
7,2026-01-07,2026-01-01,SEI,6.938893903907228e-18
7,2026-01-07,2026-01-01,STRAX,0.013884621034011824
7,2026-01-07,2026-01-01,KNC,0.08680602784689981
7,2026-01-07,2026-01-01,ME,6.938893903907228e-18
7,2026-01-07,2026-01-01,SHIB,6.938893903907228e-18
7,2026-01-07,2026-01-01,CBK,0.04106334903725687
7,2026-01-07,2026-01-01,AQT,0.06357538414099398
7,2026-01-07,2026-01-01,SAFE,6.938893903907228e-18
7,2026-01-07,2026-01-01,GLM,0.041155107658103575
7,2026-01-07,2026-01-01,PEPE,6.938893903907228e-18
7,2026-01-07,2026-01-01,BONK,6.938893903907228e-18
7,2026-01-07,2026-01-01,WAVES,0.015847173454751614
7,2026-01-07,2026-01-01,MASK,6.938893903907228e-18
7,2026-01-07,2026-01-01,ATH,6.938893903907228e-18
7,2026-01-07,2026-01-01,TOKAMAK,0.16391955008744796
7,2026-01-07,2026-01-01,CARV,0.011674585311609071
7,2026-01-07,2026-01-01,MEW,6.938893903907228e-18
7,2026-01-07,2026-01-01,MNT,0.0028317989900354893
7,2026-01-07,2026-01-01,PYTH,6.938893903907228e-18
7,2026-01-07,2026-01-01,SONIC,6.938893903907228e-18
7,2026-01-07,2026-01-01,GAS,0.004103905245208187
7,2026-01-07,2026-01-01,AKT,6.938893903907228e-18
7,2026-01-07,2026-01-01,BIGTIME,6.938893903907228e-18
7,2026-01-07,2026-01-01,DRIFT,6.938893903907228e-18
7,2026-02-01,2026-02-01,XRP,0.06519751243025376
7,2026-02-01,2026-02-01,BTC,0.25
7,2026-02-01,2026-02-01,ETH,6.938893903906834e-18
7,2026-02-01,2026-02-01,SOL,6.938893903906834e-18
7,2026-02-01,2026-02-01,DOGE,6.938893903906834e-18
7,2026-02-01,2026-02-01,AERGO,6.938893903906834e-18
7,2026-02-01,2026-02-01,ADA,6.938893903906834e-18
7,2026-02-01,2026-02-01,AUCTION,0.006092477639901876
7,2026-02-01,2026-02-01,ONDO,6.938893903906834e-18
7,2026-02-01,2026-02-01,SUI,6.938893903906834e-18
7,2026-02-01,2026-02-01,VIRTUAL,6.938893903906834e-18
7,2026-02-01,2026-02-01,ARDR,0.10348805513353816
7,2026-02-01,2026-02-01,MOVE,6.938893903906834e-18
7,2026-02-01,2026-02-01,AWE,0.11438434254675092
7,2026-02-01,2026-02-01,XLM,6.938893903906834e-18
7,2026-02-01,2026-02-01,AXS,0.01558191215181202
7,2026-02-01,2026-02-01,SNT,0.0033644531194360018
7,2026-02-01,2026-02-01,QTUM,6.938893903906834e-18
7,2026-02-01,2026-02-01,ANIME,6.938893903906834e-18
7,2026-02-01,2026-02-01,PUNDIX,6.938893903906834e-18
7,2026-02-01,2026-02-01,ARK,6.938893903906834e-18
7,2026-02-01,2026-02-01,ENS,6.938893903906834e-18
7,2026-02-01,2026-02-01,LINK,6.938893903906834e-18
7,2026-02-01,2026-02-01,CRO,0.1121402600134989
7,2026-02-01,2026-02-01,HBAR,6.938893903906834e-18
7,2026-02-01,2026-02-01,VANA,6.938893903906834e-18
7,2026-02-01,2026-02-01,SEI,6.938893903906834e-18
7,2026-02-01,2026-02-01,STRAX,6.938893903906834e-18
7,2026-02-01,2026-02-01,KNC,6.938893903906834e-18
7,2026-02-01,2026-02-01,ME,6.938893903906834e-18
7,2026-02-01,2026-02-01,SHIB,6.938893903906834e-18
7,2026-02-01,2026-02-01,CBK,6.938893903906834e-18
7,2026-02-01,2026-02-01,AQT,6.938893903906834e-18
7,2026-02-01,2026-02-01,SAFE,6.938893903906834e-18
7,2026-02-01,2026-02-01,GLM,0.04256209122168446
7,2026-02-01,2026-02-01,PEPE,6.938893903906834e-18
7,2026-02-01,2026-02-01,BONK,6.938893903906834e-18
7,2026-02-01,2026-02-01,WAVES,0.15341410264752064
7,2026-02-01,2026-02-01,MASK,6.938893903906834e-18
7,2026-02-01,2026-02-01,ATH,6.938893903906834e-18
7,2026-02-01,2026-02-01,TOKAMAK,0.13377479309560325
7,2026-02-01,2026-02-01,CARV,6.938893903906834e-18
7,2026-02-01,2026-02-01,MEW,6.938893903906834e-18
7,2026-02-01,2026-02-01,MNT,6.938893903906834e-18
7,2026-02-01,2026-02-01,PYTH,6.938893903906834e-18
7,2026-02-01,2026-02-01,SONIC,6.938893903906834e-18
7,2026-02-01,2026-02-01,GAS,6.938893903906834e-18
7,2026-02-01,2026-02-01,AKT,6.938893903906834e-18
7,2026-02-01,2026-02-01,BIGTIME,6.938893903906834e-18
7,2026-02-01,2026-02-01,DRIFT,6.938893903906834e-18
7,2026-02-02,2026-02-01,XRP,0.06519751243025376
7,2026-02-02,2026-02-01,BTC,0.25
7,2026-02-02,2026-02-01,ETH,6.938893903906834e-18
7,2026-02-02,2026-02-01,SOL,6.938893903906834e-18
7,2026-02-02,2026-02-01,DOGE,6.938893903906834e-18
7,2026-02-02,2026-02-01,AERGO,6.938893903906834e-18
7,2026-02-02,2026-02-01,ADA,6.938893903906834e-18
7,2026-02-02,2026-02-01,AUCTION,0.006092477639901876
7,2026-02-02,2026-02-01,ONDO,6.938893903906834e-18
7,2026-02-02,2026-02-01,SUI,6.938893903906834e-18
7,2026-02-02,2026-02-01,VIRTUAL,6.938893903906834e-18
7,2026-02-02,2026-02-01,ARDR,0.10348805513353816
7,2026-02-02,2026-02-01,MOVE,6.938893903906834e-18
7,2026-02-02,2026-02-01,AWE,0.11438434254675092
7,2026-02-02,2026-02-01,XLM,6.938893903906834e-18
7,2026-02-02,2026-02-01,AXS,0.01558191215181202
7,2026-02-02,2026-02-01,SNT,0.0033644531194360018
7,2026-02-02,2026-02-01,QTUM,6.938893903906834e-18
7,2026-02-02,2026-02-01,ANIME,6.938893903906834e-18
7,2026-02-02,2026-02-01,PUNDIX,6.938893903906834e-18
7,2026-02-02,2026-02-01,ARK,6.938893903906834e-18
7,2026-02-02,2026-02-01,ENS,6.938893903906834e-18
7,2026-02-02,2026-02-01,LINK,6.938893903906834e-18
7,2026-02-02,2026-02-01,CRO,0.1121402600134989
7,2026-02-02,2026-02-01,HBAR,6.938893903906834e-18
7,2026-02-02,2026-02-01,VANA,6.938893903906834e-18
7,2026-02-02,2026-02-01,SEI,6.938893903906834e-18
7,2026-02-02,2026-02-01,STRAX,6.938893903906834e-18
7,2026-02-02,2026-02-01,KNC,6.938893903906834e-18
7,2026-02-02,2026-02-01,ME,6.938893903906834e-18
7,2026-02-02,2026-02-01,SHIB,6.938893903906834e-18
7,2026-02-02,2026-02-01,CBK,6.938893903906834e-18
7,2026-02-02,2026-02-01,AQT,6.938893903906834e-18
7,2026-02-02,2026-02-01,SAFE,6.938893903906834e-18
7,2026-02-02,2026-02-01,GLM,0.04256209122168446
7,2026-02-02,2026-02-01,PEPE,6.938893903906834e-18
7,2026-02-02,2026-02-01,BONK,6.938893903906834e-18
7,2026-02-02,2026-02-01,WAVES,0.15341410264752064
7,2026-02-02,2026-02-01,MASK,6.938893903906834e-18
7,2026-02-02,2026-02-01,ATH,6.938893903906834e-18
7,2026-02-02,2026-02-01,TOKAMAK,0.13377479309560325
7,2026-02-02,2026-02-01,CARV,6.938893903906834e-18
7,2026-02-02,2026-02-01,MEW,6.938893903906834e-18
7,2026-02-02,2026-02-01,MNT,6.938893903906834e-18
7,2026-02-02,2026-02-01,PYTH,6.938893903906834e-18
7,2026-02-02,2026-02-01,SONIC,6.938893903906834e-18
7,2026-02-02,2026-02-01,GAS,6.938893903906834e-18
7,2026-02-02,2026-02-01,AKT,6.938893903906834e-18
7,2026-02-02,2026-02-01,BIGTIME,6.938893903906834e-18
7,2026-02-02,2026-02-01,DRIFT,6.938893903906834e-18
7,2026-02-03,2026-02-01,XRP,0.06519751243025376
7,2026-02-03,2026-02-01,BTC,0.25
7,2026-02-03,2026-02-01,ETH,6.938893903906834e-18
7,2026-02-03,2026-02-01,SOL,6.938893903906834e-18
7,2026-02-03,2026-02-01,DOGE,6.938893903906834e-18
7,2026-02-03,2026-02-01,AERGO,6.938893903906834e-18
7,2026-02-03,2026-02-01,ADA,6.938893903906834e-18
7,2026-02-03,2026-02-01,AUCTION,0.006092477639901876
7,2026-02-03,2026-02-01,ONDO,6.938893903906834e-18
7,2026-02-03,2026-02-01,SUI,6.938893903906834e-18
7,2026-02-03,2026-02-01,VIRTUAL,6.938893903906834e-18
7,2026-02-03,2026-02-01,ARDR,0.10348805513353816
7,2026-02-03,2026-02-01,MOVE,6.938893903906834e-18
7,2026-02-03,2026-02-01,AWE,0.11438434254675092
7,2026-02-03,2026-02-01,XLM,6.938893903906834e-18
7,2026-02-03,2026-02-01,AXS,0.01558191215181202
7,2026-02-03,2026-02-01,SNT,0.0033644531194360018
7,2026-02-03,2026-02-01,QTUM,6.938893903906834e-18
7,2026-02-03,2026-02-01,ANIME,6.938893903906834e-18
7,2026-02-03,2026-02-01,PUNDIX,6.938893903906834e-18
7,2026-02-03,2026-02-01,ARK,6.938893903906834e-18
7,2026-02-03,2026-02-01,ENS,6.938893903906834e-18
7,2026-02-03,2026-02-01,LINK,6.938893903906834e-18
7,2026-02-03,2026-02-01,CRO,0.1121402600134989
7,2026-02-03,2026-02-01,HBAR,6.938893903906834e-18
7,2026-02-03,2026-02-01,VANA,6.938893903906834e-18
7,2026-02-03,2026-02-01,SEI,6.938893903906834e-18
7,2026-02-03,2026-02-01,STRAX,6.938893903906834e-18
7,2026-02-03,2026-02-01,KNC,6.938893903906834e-18
7,2026-02-03,2026-02-01,ME,6.938893903906834e-18
7,2026-02-03,2026-02-01,SHIB,6.938893903906834e-18
7,2026-02-03,2026-02-01,CBK,6.938893903906834e-18
7,2026-02-03,2026-02-01,AQT,6.938893903906834e-18
7,2026-02-03,2026-02-01,SAFE,6.938893903906834e-18
7,2026-02-03,2026-02-01,GLM,0.04256209122168446
7,2026-02-03,2026-02-01,PEPE,6.938893903906834e-18
7,2026-02-03,2026-02-01,BONK,6.938893903906834e-18
7,2026-02-03,2026-02-01,WAVES,0.15341410264752064
7,2026-02-03,2026-02-01,MASK,6.938893903906834e-18
7,2026-02-03,2026-02-01,ATH,6.938893903906834e-18
7,2026-02-03,2026-02-01,TOKAMAK,0.13377479309560325
7,2026-02-03,2026-02-01,CARV,6.938893903906834e-18
7,2026-02-03,2026-02-01,MEW,6.938893903906834e-18
7,2026-02-03,2026-02-01,MNT,6.938893903906834e-18
7,2026-02-03,2026-02-01,PYTH,6.938893903906834e-18
7,2026-02-03,2026-02-01,SONIC,6.938893903906834e-18
7,2026-02-03,2026-02-01,GAS,6.938893903906834e-18
7,2026-02-03,2026-02-01,AKT,6.938893903906834e-18
7,2026-02-03,2026-02-01,BIGTIME,6.938893903906834e-18
7,2026-02-03,2026-02-01,DRIFT,6.938893903906834e-18
7,2026-02-04,2026-02-01,XRP,0.06519751243025376
7,2026-02-04,2026-02-01,BTC,0.25
7,2026-02-04,2026-02-01,ETH,6.938893903906834e-18
7,2026-02-04,2026-02-01,SOL,6.938893903906834e-18
7,2026-02-04,2026-02-01,DOGE,6.938893903906834e-18
7,2026-02-04,2026-02-01,AERGO,6.938893903906834e-18
7,2026-02-04,2026-02-01,ADA,6.938893903906834e-18
7,2026-02-04,2026-02-01,AUCTION,0.006092477639901876
7,2026-02-04,2026-02-01,ONDO,6.938893903906834e-18
7,2026-02-04,2026-02-01,SUI,6.938893903906834e-18
7,2026-02-04,2026-02-01,VIRTUAL,6.938893903906834e-18
7,2026-02-04,2026-02-01,ARDR,0.10348805513353816
7,2026-02-04,2026-02-01,MOVE,6.938893903906834e-18
7,2026-02-04,2026-02-01,AWE,0.11438434254675092
7,2026-02-04,2026-02-01,XLM,6.938893903906834e-18
7,2026-02-04,2026-02-01,AXS,0.01558191215181202
7,2026-02-04,2026-02-01,SNT,0.0033644531194360018
7,2026-02-04,2026-02-01,QTUM,6.938893903906834e-18
7,2026-02-04,2026-02-01,ANIME,6.938893903906834e-18
7,2026-02-04,2026-02-01,PUNDIX,6.938893903906834e-18
7,2026-02-04,2026-02-01,ARK,6.938893903906834e-18
7,2026-02-04,2026-02-01,ENS,6.938893903906834e-18
7,2026-02-04,2026-02-01,LINK,6.938893903906834e-18
7,2026-02-04,2026-02-01,CRO,0.1121402600134989
7,2026-02-04,2026-02-01,HBAR,6.938893903906834e-18
7,2026-02-04,2026-02-01,VANA,6.938893903906834e-18
7,2026-02-04,2026-02-01,SEI,6.938893903906834e-18
7,2026-02-04,2026-02-01,STRAX,6.938893903906834e-18
7,2026-02-04,2026-02-01,KNC,6.938893903906834e-18
7,2026-02-04,2026-02-01,ME,6.938893903906834e-18
7,2026-02-04,2026-02-01,SHIB,6.938893903906834e-18
7,2026-02-04,2026-02-01,CBK,6.938893903906834e-18
7,2026-02-04,2026-02-01,AQT,6.938893903906834e-18
7,2026-02-04,2026-02-01,SAFE,6.938893903906834e-18
7,2026-02-04,2026-02-01,GLM,0.04256209122168446
7,2026-02-04,2026-02-01,PEPE,6.938893903906834e-18
7,2026-02-04,2026-02-01,BONK,6.938893903906834e-18
7,2026-02-04,2026-02-01,WAVES,0.15341410264752064
7,2026-02-04,2026-02-01,MASK,6.938893903906834e-18
7,2026-02-04,2026-02-01,ATH,6.938893903906834e-18
7,2026-02-04,2026-02-01,TOKAMAK,0.13377479309560325
7,2026-02-04,2026-02-01,CARV,6.938893903906834e-18
7,2026-02-04,2026-02-01,MEW,6.938893903906834e-18
7,2026-02-04,2026-02-01,MNT,6.938893903906834e-18
7,2026-02-04,2026-02-01,PYTH,6.938893903906834e-18
7,2026-02-04,2026-02-01,SONIC,6.938893903906834e-18
7,2026-02-04,2026-02-01,GAS,6.938893903906834e-18
7,2026-02-04,2026-02-01,AKT,6.938893903906834e-18
7,2026-02-04,2026-02-01,BIGTIME,6.938893903906834e-18
7,2026-02-04,2026-02-01,DRIFT,6.938893903906834e-18
7,2026-02-05,2026-02-01,XRP,0.06519751243025376
7,2026-02-05,2026-02-01,BTC,0.25
7,2026-02-05,2026-02-01,ETH,6.938893903906834e-18
7,2026-02-05,2026-02-01,SOL,6.938893903906834e-18
7,2026-02-05,2026-02-01,DOGE,6.938893903906834e-18
7,2026-02-05,2026-02-01,AERGO,6.938893903906834e-18
7,2026-02-05,2026-02-01,ADA,6.938893903906834e-18
7,2026-02-05,2026-02-01,AUCTION,0.006092477639901876
7,2026-02-05,2026-02-01,ONDO,6.938893903906834e-18
7,2026-02-05,2026-02-01,SUI,6.938893903906834e-18
7,2026-02-05,2026-02-01,VIRTUAL,6.938893903906834e-18
7,2026-02-05,2026-02-01,ARDR,0.10348805513353816
7,2026-02-05,2026-02-01,MOVE,6.938893903906834e-18
7,2026-02-05,2026-02-01,AWE,0.11438434254675092
7,2026-02-05,2026-02-01,XLM,6.938893903906834e-18
7,2026-02-05,2026-02-01,AXS,0.01558191215181202
7,2026-02-05,2026-02-01,SNT,0.0033644531194360018
7,2026-02-05,2026-02-01,QTUM,6.938893903906834e-18
7,2026-02-05,2026-02-01,ANIME,6.938893903906834e-18
7,2026-02-05,2026-02-01,PUNDIX,6.938893903906834e-18
7,2026-02-05,2026-02-01,ARK,6.938893903906834e-18
7,2026-02-05,2026-02-01,ENS,6.938893903906834e-18
7,2026-02-05,2026-02-01,LINK,6.938893903906834e-18
7,2026-02-05,2026-02-01,CRO,0.1121402600134989
7,2026-02-05,2026-02-01,HBAR,6.938893903906834e-18
7,2026-02-05,2026-02-01,VANA,6.938893903906834e-18
7,2026-02-05,2026-02-01,SEI,6.938893903906834e-18
7,2026-02-05,2026-02-01,STRAX,6.938893903906834e-18
7,2026-02-05,2026-02-01,KNC,6.938893903906834e-18
7,2026-02-05,2026-02-01,ME,6.938893903906834e-18
7,2026-02-05,2026-02-01,SHIB,6.938893903906834e-18
7,2026-02-05,2026-02-01,CBK,6.938893903906834e-18
7,2026-02-05,2026-02-01,AQT,6.938893903906834e-18
7,2026-02-05,2026-02-01,SAFE,6.938893903906834e-18
7,2026-02-05,2026-02-01,GLM,0.04256209122168446
7,2026-02-05,2026-02-01,PEPE,6.938893903906834e-18
7,2026-02-05,2026-02-01,BONK,6.938893903906834e-18
7,2026-02-05,2026-02-01,WAVES,0.15341410264752064
7,2026-02-05,2026-02-01,MASK,6.938893903906834e-18
7,2026-02-05,2026-02-01,ATH,6.938893903906834e-18
7,2026-02-05,2026-02-01,TOKAMAK,0.13377479309560325
7,2026-02-05,2026-02-01,CARV,6.938893903906834e-18
7,2026-02-05,2026-02-01,MEW,6.938893903906834e-18
7,2026-02-05,2026-02-01,MNT,6.938893903906834e-18
7,2026-02-05,2026-02-01,PYTH,6.938893903906834e-18
7,2026-02-05,2026-02-01,SONIC,6.938893903906834e-18
7,2026-02-05,2026-02-01,GAS,6.938893903906834e-18
7,2026-02-05,2026-02-01,AKT,6.938893903906834e-18
7,2026-02-05,2026-02-01,BIGTIME,6.938893903906834e-18
7,2026-02-05,2026-02-01,DRIFT,6.938893903906834e-18
7,2026-02-06,2026-02-01,XRP,0.06519751243025376
7,2026-02-06,2026-02-01,BTC,0.25
7,2026-02-06,2026-02-01,ETH,6.938893903906834e-18
7,2026-02-06,2026-02-01,SOL,6.938893903906834e-18
7,2026-02-06,2026-02-01,DOGE,6.938893903906834e-18
7,2026-02-06,2026-02-01,AERGO,6.938893903906834e-18
7,2026-02-06,2026-02-01,ADA,6.938893903906834e-18
7,2026-02-06,2026-02-01,AUCTION,0.006092477639901876
7,2026-02-06,2026-02-01,ONDO,6.938893903906834e-18
7,2026-02-06,2026-02-01,SUI,6.938893903906834e-18
7,2026-02-06,2026-02-01,VIRTUAL,6.938893903906834e-18
7,2026-02-06,2026-02-01,ARDR,0.10348805513353816
7,2026-02-06,2026-02-01,MOVE,6.938893903906834e-18
7,2026-02-06,2026-02-01,AWE,0.11438434254675092
7,2026-02-06,2026-02-01,XLM,6.938893903906834e-18
7,2026-02-06,2026-02-01,AXS,0.01558191215181202
7,2026-02-06,2026-02-01,SNT,0.0033644531194360018
7,2026-02-06,2026-02-01,QTUM,6.938893903906834e-18
7,2026-02-06,2026-02-01,ANIME,6.938893903906834e-18
7,2026-02-06,2026-02-01,PUNDIX,6.938893903906834e-18
7,2026-02-06,2026-02-01,ARK,6.938893903906834e-18
7,2026-02-06,2026-02-01,ENS,6.938893903906834e-18
7,2026-02-06,2026-02-01,LINK,6.938893903906834e-18
7,2026-02-06,2026-02-01,CRO,0.1121402600134989
7,2026-02-06,2026-02-01,HBAR,6.938893903906834e-18
7,2026-02-06,2026-02-01,VANA,6.938893903906834e-18
7,2026-02-06,2026-02-01,SEI,6.938893903906834e-18
7,2026-02-06,2026-02-01,STRAX,6.938893903906834e-18
7,2026-02-06,2026-02-01,KNC,6.938893903906834e-18
7,2026-02-06,2026-02-01,ME,6.938893903906834e-18
7,2026-02-06,2026-02-01,SHIB,6.938893903906834e-18
7,2026-02-06,2026-02-01,CBK,6.938893903906834e-18
7,2026-02-06,2026-02-01,AQT,6.938893903906834e-18
7,2026-02-06,2026-02-01,SAFE,6.938893903906834e-18
7,2026-02-06,2026-02-01,GLM,0.04256209122168446
7,2026-02-06,2026-02-01,PEPE,6.938893903906834e-18
7,2026-02-06,2026-02-01,BONK,6.938893903906834e-18
7,2026-02-06,2026-02-01,WAVES,0.15341410264752064
7,2026-02-06,2026-02-01,MASK,6.938893903906834e-18
7,2026-02-06,2026-02-01,ATH,6.938893903906834e-18
7,2026-02-06,2026-02-01,TOKAMAK,0.13377479309560325
7,2026-02-06,2026-02-01,CARV,6.938893903906834e-18
7,2026-02-06,2026-02-01,MEW,6.938893903906834e-18
7,2026-02-06,2026-02-01,MNT,6.938893903906834e-18
7,2026-02-06,2026-02-01,PYTH,6.938893903906834e-18
7,2026-02-06,2026-02-01,SONIC,6.938893903906834e-18
7,2026-02-06,2026-02-01,GAS,6.938893903906834e-18
7,2026-02-06,2026-02-01,AKT,6.938893903906834e-18
7,2026-02-06,2026-02-01,BIGTIME,6.938893903906834e-18
7,2026-02-06,2026-02-01,DRIFT,6.938893903906834e-18
7,2026-02-07,2026-02-01,XRP,0.06519751243025376
7,2026-02-07,2026-02-01,BTC,0.25
7,2026-02-07,2026-02-01,ETH,6.938893903906834e-18
7,2026-02-07,2026-02-01,SOL,6.938893903906834e-18
7,2026-02-07,2026-02-01,DOGE,6.938893903906834e-18
7,2026-02-07,2026-02-01,AERGO,6.938893903906834e-18
7,2026-02-07,2026-02-01,ADA,6.938893903906834e-18
7,2026-02-07,2026-02-01,AUCTION,0.006092477639901876
7,2026-02-07,2026-02-01,ONDO,6.938893903906834e-18
7,2026-02-07,2026-02-01,SUI,6.938893903906834e-18
7,2026-02-07,2026-02-01,VIRTUAL,6.938893903906834e-18
7,2026-02-07,2026-02-01,ARDR,0.10348805513353816
7,2026-02-07,2026-02-01,MOVE,6.938893903906834e-18
7,2026-02-07,2026-02-01,AWE,0.11438434254675092
7,2026-02-07,2026-02-01,XLM,6.938893903906834e-18
7,2026-02-07,2026-02-01,AXS,0.01558191215181202
7,2026-02-07,2026-02-01,SNT,0.0033644531194360018
7,2026-02-07,2026-02-01,QTUM,6.938893903906834e-18
7,2026-02-07,2026-02-01,ANIME,6.938893903906834e-18
7,2026-02-07,2026-02-01,PUNDIX,6.938893903906834e-18
7,2026-02-07,2026-02-01,ARK,6.938893903906834e-18
7,2026-02-07,2026-02-01,ENS,6.938893903906834e-18
7,2026-02-07,2026-02-01,LINK,6.938893903906834e-18
7,2026-02-07,2026-02-01,CRO,0.1121402600134989
7,2026-02-07,2026-02-01,HBAR,6.938893903906834e-18
7,2026-02-07,2026-02-01,VANA,6.938893903906834e-18
7,2026-02-07,2026-02-01,SEI,6.938893903906834e-18
7,2026-02-07,2026-02-01,STRAX,6.938893903906834e-18
7,2026-02-07,2026-02-01,KNC,6.938893903906834e-18
7,2026-02-07,2026-02-01,ME,6.938893903906834e-18
7,2026-02-07,2026-02-01,SHIB,6.938893903906834e-18
7,2026-02-07,2026-02-01,CBK,6.938893903906834e-18
7,2026-02-07,2026-02-01,AQT,6.938893903906834e-18
7,2026-02-07,2026-02-01,SAFE,6.938893903906834e-18
7,2026-02-07,2026-02-01,GLM,0.04256209122168446
7,2026-02-07,2026-02-01,PEPE,6.938893903906834e-18
7,2026-02-07,2026-02-01,BONK,6.938893903906834e-18
7,2026-02-07,2026-02-01,WAVES,0.15341410264752064
7,2026-02-07,2026-02-01,MASK,6.938893903906834e-18
7,2026-02-07,2026-02-01,ATH,6.938893903906834e-18
7,2026-02-07,2026-02-01,TOKAMAK,0.13377479309560325
7,2026-02-07,2026-02-01,CARV,6.938893903906834e-18
7,2026-02-07,2026-02-01,MEW,6.938893903906834e-18
7,2026-02-07,2026-02-01,MNT,6.938893903906834e-18
7,2026-02-07,2026-02-01,PYTH,6.938893903906834e-18
7,2026-02-07,2026-02-01,SONIC,6.938893903906834e-18
7,2026-02-07,2026-02-01,GAS,6.938893903906834e-18
7,2026-02-07,2026-02-01,AKT,6.938893903906834e-18
7,2026-02-07,2026-02-01,BIGTIME,6.938893903906834e-18
7,2026-02-07,2026-02-01,DRIFT,6.938893903906834e-18
7,2026-03-01,2026-03-01,XRP,4.625929269271223e-18
7,2026-03-01,2026-03-01,BTC,0.25
7,2026-03-01,2026-03-01,ETH,4.625929269271223e-18
7,2026-03-01,2026-03-01,SOL,4.625929269271223e-18
7,2026-03-01,2026-03-01,DOGE,4.625929269271223e-18
7,2026-03-01,2026-03-01,AERGO,0.026606606063121187
7,2026-03-01,2026-03-01,ADA,4.625929269271223e-18
7,2026-03-01,2026-03-01,AUCTION,0.03233346286116379
7,2026-03-01,2026-03-01,ONDO,4.625929269271223e-18
7,2026-03-01,2026-03-01,SUI,4.625929269271223e-18
7,2026-03-01,2026-03-01,VIRTUAL,4.625929269271223e-18
7,2026-03-01,2026-03-01,ARDR,0.033580834583572076
7,2026-03-01,2026-03-01,MOVE,4.625929269271223e-18
7,2026-03-01,2026-03-01,AWE,0.04392456945775217
7,2026-03-01,2026-03-01,XLM,4.625929269271223e-18
7,2026-03-01,2026-03-01,AXS,4.625929269271223e-18
7,2026-03-01,2026-03-01,SNT,0.03269254749355031
7,2026-03-01,2026-03-01,QTUM,4.625929269271223e-18
7,2026-03-01,2026-03-01,ANIME,4.625929269271223e-18
7,2026-03-01,2026-03-01,PUNDIX,0.04376240936481142
7,2026-03-01,2026-03-01,ARK,4.625929269271223e-18
7,2026-03-01,2026-03-01,ENS,4.625929269271223e-18
7,2026-03-01,2026-03-01,LINK,4.625929269271223e-18
7,2026-03-01,2026-03-01,CRO,0.09077007765042636
7,2026-03-01,2026-03-01,HBAR,4.625929269271223e-18
7,2026-03-01,2026-03-01,VANA,4.625929269271223e-18
7,2026-03-01,2026-03-01,SEI,4.625929269271223e-18
7,2026-03-01,2026-03-01,STRAX,0.03326026075051583
7,2026-03-01,2026-03-01,KNC,4.625929269271223e-18
7,2026-03-01,2026-03-01,ME,4.625929269271223e-18
7,2026-03-01,2026-03-01,SHIB,4.625929269271223e-18
7,2026-03-01,2026-03-01,CBK,4.625929269271223e-18
7,2026-03-01,2026-03-01,AQT,0.022469853424053145
7,2026-03-01,2026-03-01,SAFE,4.625929269271223e-18
7,2026-03-01,2026-03-01,GLM,4.625929269271223e-18
7,2026-03-01,2026-03-01,PEPE,4.625929269271223e-18
7,2026-03-01,2026-03-01,BONK,4.625929269271223e-18
7,2026-03-01,2026-03-01,WAVES,0.05395872482332343
7,2026-03-01,2026-03-01,MASK,4.625929269271223e-18
7,2026-03-01,2026-03-01,ATH,4.625929269271223e-18
7,2026-03-01,2026-03-01,TOKAMAK,0.14715460866656685
7,2026-03-01,2026-03-01,CARV,4.625929269271223e-18
7,2026-03-01,2026-03-01,MEW,4.625929269271223e-18
7,2026-03-01,2026-03-01,MNT,0.17669474544390384
7,2026-03-01,2026-03-01,PYTH,4.625929269271223e-18
7,2026-03-01,2026-03-01,SONIC,0.012791299417239622
7,2026-03-01,2026-03-01,GAS,4.625929269271223e-18
7,2026-03-01,2026-03-01,AKT,4.625929269271223e-18
7,2026-03-01,2026-03-01,BIGTIME,4.625929269271223e-18
7,2026-03-01,2026-03-01,DRIFT,4.625929269271223e-18
7,2026-03-02,2026-03-01,XRP,4.625929269271223e-18
7,2026-03-02,2026-03-01,BTC,0.25
7,2026-03-02,2026-03-01,ETH,4.625929269271223e-18
7,2026-03-02,2026-03-01,SOL,4.625929269271223e-18
7,2026-03-02,2026-03-01,DOGE,4.625929269271223e-18
7,2026-03-02,2026-03-01,AERGO,0.026606606063121187
7,2026-03-02,2026-03-01,ADA,4.625929269271223e-18
7,2026-03-02,2026-03-01,AUCTION,0.03233346286116379
7,2026-03-02,2026-03-01,ONDO,4.625929269271223e-18
7,2026-03-02,2026-03-01,SUI,4.625929269271223e-18
7,2026-03-02,2026-03-01,VIRTUAL,4.625929269271223e-18
7,2026-03-02,2026-03-01,ARDR,0.033580834583572076
7,2026-03-02,2026-03-01,MOVE,4.625929269271223e-18
7,2026-03-02,2026-03-01,AWE,0.04392456945775217
7,2026-03-02,2026-03-01,XLM,4.625929269271223e-18
7,2026-03-02,2026-03-01,AXS,4.625929269271223e-18
7,2026-03-02,2026-03-01,SNT,0.03269254749355031
7,2026-03-02,2026-03-01,QTUM,4.625929269271223e-18
7,2026-03-02,2026-03-01,ANIME,4.625929269271223e-18
7,2026-03-02,2026-03-01,PUNDIX,0.04376240936481142
7,2026-03-02,2026-03-01,ARK,4.625929269271223e-18
7,2026-03-02,2026-03-01,ENS,4.625929269271223e-18
7,2026-03-02,2026-03-01,LINK,4.625929269271223e-18
7,2026-03-02,2026-03-01,CRO,0.09077007765042636
7,2026-03-02,2026-03-01,HBAR,4.625929269271223e-18
7,2026-03-02,2026-03-01,VANA,4.625929269271223e-18
7,2026-03-02,2026-03-01,SEI,4.625929269271223e-18
7,2026-03-02,2026-03-01,STRAX,0.03326026075051583
7,2026-03-02,2026-03-01,KNC,4.625929269271223e-18
7,2026-03-02,2026-03-01,ME,4.625929269271223e-18
7,2026-03-02,2026-03-01,SHIB,4.625929269271223e-18
7,2026-03-02,2026-03-01,CBK,4.625929269271223e-18
7,2026-03-02,2026-03-01,AQT,0.022469853424053145
7,2026-03-02,2026-03-01,SAFE,4.625929269271223e-18
7,2026-03-02,2026-03-01,GLM,4.625929269271223e-18
7,2026-03-02,2026-03-01,PEPE,4.625929269271223e-18
7,2026-03-02,2026-03-01,BONK,4.625929269271223e-18
7,2026-03-02,2026-03-01,WAVES,0.05395872482332343
7,2026-03-02,2026-03-01,MASK,4.625929269271223e-18
7,2026-03-02,2026-03-01,ATH,4.625929269271223e-18
7,2026-03-02,2026-03-01,TOKAMAK,0.14715460866656685
7,2026-03-02,2026-03-01,CARV,4.625929269271223e-18
7,2026-03-02,2026-03-01,MEW,4.625929269271223e-18
7,2026-03-02,2026-03-01,MNT,0.17669474544390384
7,2026-03-02,2026-03-01,PYTH,4.625929269271223e-18
7,2026-03-02,2026-03-01,SONIC,0.012791299417239622
7,2026-03-02,2026-03-01,GAS,4.625929269271223e-18
7,2026-03-02,2026-03-01,AKT,4.625929269271223e-18
7,2026-03-02,2026-03-01,BIGTIME,4.625929269271223e-18
7,2026-03-02,2026-03-01,DRIFT,4.625929269271223e-18
7,2026-03-03,2026-03-01,XRP,4.625929269271223e-18
7,2026-03-03,2026-03-01,BTC,0.25
7,2026-03-03,2026-03-01,ETH,4.625929269271223e-18
7,2026-03-03,2026-03-01,SOL,4.625929269271223e-18
7,2026-03-03,2026-03-01,DOGE,4.625929269271223e-18
7,2026-03-03,2026-03-01,AERGO,0.026606606063121187
7,2026-03-03,2026-03-01,ADA,4.625929269271223e-18
7,2026-03-03,2026-03-01,AUCTION,0.03233346286116379
7,2026-03-03,2026-03-01,ONDO,4.625929269271223e-18
7,2026-03-03,2026-03-01,SUI,4.625929269271223e-18
7,2026-03-03,2026-03-01,VIRTUAL,4.625929269271223e-18
7,2026-03-03,2026-03-01,ARDR,0.033580834583572076
7,2026-03-03,2026-03-01,MOVE,4.625929269271223e-18
7,2026-03-03,2026-03-01,AWE,0.04392456945775217
7,2026-03-03,2026-03-01,XLM,4.625929269271223e-18
7,2026-03-03,2026-03-01,AXS,4.625929269271223e-18
7,2026-03-03,2026-03-01,SNT,0.03269254749355031
7,2026-03-03,2026-03-01,QTUM,4.625929269271223e-18
7,2026-03-03,2026-03-01,ANIME,4.625929269271223e-18
7,2026-03-03,2026-03-01,PUNDIX,0.04376240936481142
7,2026-03-03,2026-03-01,ARK,4.625929269271223e-18
7,2026-03-03,2026-03-01,ENS,4.625929269271223e-18
7,2026-03-03,2026-03-01,LINK,4.625929269271223e-18
7,2026-03-03,2026-03-01,CRO,0.09077007765042636
7,2026-03-03,2026-03-01,HBAR,4.625929269271223e-18
7,2026-03-03,2026-03-01,VANA,4.625929269271223e-18
7,2026-03-03,2026-03-01,SEI,4.625929269271223e-18
7,2026-03-03,2026-03-01,STRAX,0.03326026075051583
7,2026-03-03,2026-03-01,KNC,4.625929269271223e-18
7,2026-03-03,2026-03-01,ME,4.625929269271223e-18
7,2026-03-03,2026-03-01,SHIB,4.625929269271223e-18
7,2026-03-03,2026-03-01,CBK,4.625929269271223e-18
7,2026-03-03,2026-03-01,AQT,0.022469853424053145
7,2026-03-03,2026-03-01,SAFE,4.625929269271223e-18
7,2026-03-03,2026-03-01,GLM,4.625929269271223e-18
7,2026-03-03,2026-03-01,PEPE,4.625929269271223e-18
7,2026-03-03,2026-03-01,BONK,4.625929269271223e-18
7,2026-03-03,2026-03-01,WAVES,0.05395872482332343
7,2026-03-03,2026-03-01,MASK,4.625929269271223e-18
7,2026-03-03,2026-03-01,ATH,4.625929269271223e-18
7,2026-03-03,2026-03-01,TOKAMAK,0.14715460866656685
7,2026-03-03,2026-03-01,CARV,4.625929269271223e-18
7,2026-03-03,2026-03-01,MEW,4.625929269271223e-18
7,2026-03-03,2026-03-01,MNT,0.17669474544390384
7,2026-03-03,2026-03-01,PYTH,4.625929269271223e-18
7,2026-03-03,2026-03-01,SONIC,0.012791299417239622
7,2026-03-03,2026-03-01,GAS,4.625929269271223e-18
7,2026-03-03,2026-03-01,AKT,4.625929269271223e-18
7,2026-03-03,2026-03-01,BIGTIME,4.625929269271223e-18
7,2026-03-03,2026-03-01,DRIFT,4.625929269271223e-18
7,2026-03-04,2026-03-01,XRP,4.625929269271223e-18
7,2026-03-04,2026-03-01,BTC,0.25
7,2026-03-04,2026-03-01,ETH,4.625929269271223e-18
7,2026-03-04,2026-03-01,SOL,4.625929269271223e-18
7,2026-03-04,2026-03-01,DOGE,4.625929269271223e-18
7,2026-03-04,2026-03-01,AERGO,0.026606606063121187
7,2026-03-04,2026-03-01,ADA,4.625929269271223e-18
7,2026-03-04,2026-03-01,AUCTION,0.03233346286116379
7,2026-03-04,2026-03-01,ONDO,4.625929269271223e-18
7,2026-03-04,2026-03-01,SUI,4.625929269271223e-18
7,2026-03-04,2026-03-01,VIRTUAL,4.625929269271223e-18
7,2026-03-04,2026-03-01,ARDR,0.033580834583572076
7,2026-03-04,2026-03-01,MOVE,4.625929269271223e-18
7,2026-03-04,2026-03-01,AWE,0.04392456945775217
7,2026-03-04,2026-03-01,XLM,4.625929269271223e-18
7,2026-03-04,2026-03-01,AXS,4.625929269271223e-18
7,2026-03-04,2026-03-01,SNT,0.03269254749355031
7,2026-03-04,2026-03-01,QTUM,4.625929269271223e-18
7,2026-03-04,2026-03-01,ANIME,4.625929269271223e-18
7,2026-03-04,2026-03-01,PUNDIX,0.04376240936481142
7,2026-03-04,2026-03-01,ARK,4.625929269271223e-18
7,2026-03-04,2026-03-01,ENS,4.625929269271223e-18
7,2026-03-04,2026-03-01,LINK,4.625929269271223e-18
7,2026-03-04,2026-03-01,CRO,0.09077007765042636
7,2026-03-04,2026-03-01,HBAR,4.625929269271223e-18
7,2026-03-04,2026-03-01,VANA,4.625929269271223e-18
7,2026-03-04,2026-03-01,SEI,4.625929269271223e-18
7,2026-03-04,2026-03-01,STRAX,0.03326026075051583
7,2026-03-04,2026-03-01,KNC,4.625929269271223e-18
7,2026-03-04,2026-03-01,ME,4.625929269271223e-18
7,2026-03-04,2026-03-01,SHIB,4.625929269271223e-18
7,2026-03-04,2026-03-01,CBK,4.625929269271223e-18
7,2026-03-04,2026-03-01,AQT,0.022469853424053145
7,2026-03-04,2026-03-01,SAFE,4.625929269271223e-18
7,2026-03-04,2026-03-01,GLM,4.625929269271223e-18
7,2026-03-04,2026-03-01,PEPE,4.625929269271223e-18
7,2026-03-04,2026-03-01,BONK,4.625929269271223e-18
7,2026-03-04,2026-03-01,WAVES,0.05395872482332343
7,2026-03-04,2026-03-01,MASK,4.625929269271223e-18
7,2026-03-04,2026-03-01,ATH,4.625929269271223e-18
7,2026-03-04,2026-03-01,TOKAMAK,0.14715460866656685
7,2026-03-04,2026-03-01,CARV,4.625929269271223e-18
7,2026-03-04,2026-03-01,MEW,4.625929269271223e-18
7,2026-03-04,2026-03-01,MNT,0.17669474544390384
7,2026-03-04,2026-03-01,PYTH,4.625929269271223e-18
7,2026-03-04,2026-03-01,SONIC,0.012791299417239622
7,2026-03-04,2026-03-01,GAS,4.625929269271223e-18
7,2026-03-04,2026-03-01,AKT,4.625929269271223e-18
7,2026-03-04,2026-03-01,BIGTIME,4.625929269271223e-18
7,2026-03-04,2026-03-01,DRIFT,4.625929269271223e-18
7,2026-03-05,2026-03-01,XRP,4.625929269271223e-18
7,2026-03-05,2026-03-01,BTC,0.25
7,2026-03-05,2026-03-01,ETH,4.625929269271223e-18
7,2026-03-05,2026-03-01,SOL,4.625929269271223e-18
7,2026-03-05,2026-03-01,DOGE,4.625929269271223e-18
7,2026-03-05,2026-03-01,AERGO,0.026606606063121187
7,2026-03-05,2026-03-01,ADA,4.625929269271223e-18
7,2026-03-05,2026-03-01,AUCTION,0.03233346286116379
7,2026-03-05,2026-03-01,ONDO,4.625929269271223e-18
7,2026-03-05,2026-03-01,SUI,4.625929269271223e-18
7,2026-03-05,2026-03-01,VIRTUAL,4.625929269271223e-18
7,2026-03-05,2026-03-01,ARDR,0.033580834583572076
7,2026-03-05,2026-03-01,MOVE,4.625929269271223e-18
7,2026-03-05,2026-03-01,AWE,0.04392456945775217
7,2026-03-05,2026-03-01,XLM,4.625929269271223e-18
7,2026-03-05,2026-03-01,AXS,4.625929269271223e-18
7,2026-03-05,2026-03-01,SNT,0.03269254749355031
7,2026-03-05,2026-03-01,QTUM,4.625929269271223e-18
7,2026-03-05,2026-03-01,ANIME,4.625929269271223e-18
7,2026-03-05,2026-03-01,PUNDIX,0.04376240936481142
7,2026-03-05,2026-03-01,ARK,4.625929269271223e-18
7,2026-03-05,2026-03-01,ENS,4.625929269271223e-18
7,2026-03-05,2026-03-01,LINK,4.625929269271223e-18
7,2026-03-05,2026-03-01,CRO,0.09077007765042636
7,2026-03-05,2026-03-01,HBAR,4.625929269271223e-18
7,2026-03-05,2026-03-01,VANA,4.625929269271223e-18
7,2026-03-05,2026-03-01,SEI,4.625929269271223e-18
7,2026-03-05,2026-03-01,STRAX,0.03326026075051583
7,2026-03-05,2026-03-01,KNC,4.625929269271223e-18
7,2026-03-05,2026-03-01,ME,4.625929269271223e-18
7,2026-03-05,2026-03-01,SHIB,4.625929269271223e-18
7,2026-03-05,2026-03-01,CBK,4.625929269271223e-18
7,2026-03-05,2026-03-01,AQT,0.022469853424053145
7,2026-03-05,2026-03-01,SAFE,4.625929269271223e-18
7,2026-03-05,2026-03-01,GLM,4.625929269271223e-18
7,2026-03-05,2026-03-01,PEPE,4.625929269271223e-18
7,2026-03-05,2026-03-01,BONK,4.625929269271223e-18
7,2026-03-05,2026-03-01,WAVES,0.05395872482332343
7,2026-03-05,2026-03-01,MASK,4.625929269271223e-18
7,2026-03-05,2026-03-01,ATH,4.625929269271223e-18
7,2026-03-05,2026-03-01,TOKAMAK,0.14715460866656685
7,2026-03-05,2026-03-01,CARV,4.625929269271223e-18
7,2026-03-05,2026-03-01,MEW,4.625929269271223e-18
7,2026-03-05,2026-03-01,MNT,0.17669474544390384
7,2026-03-05,2026-03-01,PYTH,4.625929269271223e-18
7,2026-03-05,2026-03-01,SONIC,0.012791299417239622
7,2026-03-05,2026-03-01,GAS,4.625929269271223e-18
7,2026-03-05,2026-03-01,AKT,4.625929269271223e-18
7,2026-03-05,2026-03-01,BIGTIME,4.625929269271223e-18
7,2026-03-05,2026-03-01,DRIFT,4.625929269271223e-18
7,2026-03-06,2026-03-01,XRP,4.625929269271223e-18
7,2026-03-06,2026-03-01,BTC,0.25
7,2026-03-06,2026-03-01,ETH,4.625929269271223e-18
7,2026-03-06,2026-03-01,SOL,4.625929269271223e-18
7,2026-03-06,2026-03-01,DOGE,4.625929269271223e-18
7,2026-03-06,2026-03-01,AERGO,0.026606606063121187
7,2026-03-06,2026-03-01,ADA,4.625929269271223e-18
7,2026-03-06,2026-03-01,AUCTION,0.03233346286116379
7,2026-03-06,2026-03-01,ONDO,4.625929269271223e-18
7,2026-03-06,2026-03-01,SUI,4.625929269271223e-18
7,2026-03-06,2026-03-01,VIRTUAL,4.625929269271223e-18
7,2026-03-06,2026-03-01,ARDR,0.033580834583572076
7,2026-03-06,2026-03-01,MOVE,4.625929269271223e-18
7,2026-03-06,2026-03-01,AWE,0.04392456945775217
7,2026-03-06,2026-03-01,XLM,4.625929269271223e-18
7,2026-03-06,2026-03-01,AXS,4.625929269271223e-18
7,2026-03-06,2026-03-01,SNT,0.03269254749355031
7,2026-03-06,2026-03-01,QTUM,4.625929269271223e-18
7,2026-03-06,2026-03-01,ANIME,4.625929269271223e-18
7,2026-03-06,2026-03-01,PUNDIX,0.04376240936481142
7,2026-03-06,2026-03-01,ARK,4.625929269271223e-18
7,2026-03-06,2026-03-01,ENS,4.625929269271223e-18
7,2026-03-06,2026-03-01,LINK,4.625929269271223e-18
7,2026-03-06,2026-03-01,CRO,0.09077007765042636
7,2026-03-06,2026-03-01,HBAR,4.625929269271223e-18
7,2026-03-06,2026-03-01,VANA,4.625929269271223e-18
7,2026-03-06,2026-03-01,SEI,4.625929269271223e-18
7,2026-03-06,2026-03-01,STRAX,0.03326026075051583
7,2026-03-06,2026-03-01,KNC,4.625929269271223e-18
7,2026-03-06,2026-03-01,ME,4.625929269271223e-18
7,2026-03-06,2026-03-01,SHIB,4.625929269271223e-18
7,2026-03-06,2026-03-01,CBK,4.625929269271223e-18
7,2026-03-06,2026-03-01,AQT,0.022469853424053145
7,2026-03-06,2026-03-01,SAFE,4.625929269271223e-18
7,2026-03-06,2026-03-01,GLM,4.625929269271223e-18
7,2026-03-06,2026-03-01,PEPE,4.625929269271223e-18
7,2026-03-06,2026-03-01,BONK,4.625929269271223e-18
7,2026-03-06,2026-03-01,WAVES,0.05395872482332343
7,2026-03-06,2026-03-01,MASK,4.625929269271223e-18
7,2026-03-06,2026-03-01,ATH,4.625929269271223e-18
7,2026-03-06,2026-03-01,TOKAMAK,0.14715460866656685
7,2026-03-06,2026-03-01,CARV,4.625929269271223e-18
7,2026-03-06,2026-03-01,MEW,4.625929269271223e-18
7,2026-03-06,2026-03-01,MNT,0.17669474544390384
7,2026-03-06,2026-03-01,PYTH,4.625929269271223e-18
7,2026-03-06,2026-03-01,SONIC,0.012791299417239622
7,2026-03-06,2026-03-01,GAS,4.625929269271223e-18
7,2026-03-06,2026-03-01,AKT,4.625929269271223e-18
7,2026-03-06,2026-03-01,BIGTIME,4.625929269271223e-18
7,2026-03-06,2026-03-01,DRIFT,4.625929269271223e-18
7,2026-03-07,2026-03-01,XRP,4.625929269271223e-18
7,2026-03-07,2026-03-01,BTC,0.25
7,2026-03-07,2026-03-01,ETH,4.625929269271223e-18
7,2026-03-07,2026-03-01,SOL,4.625929269271223e-18
7,2026-03-07,2026-03-01,DOGE,4.625929269271223e-18
7,2026-03-07,2026-03-01,AERGO,0.026606606063121187
7,2026-03-07,2026-03-01,ADA,4.625929269271223e-18
7,2026-03-07,2026-03-01,AUCTION,0.03233346286116379
7,2026-03-07,2026-03-01,ONDO,4.625929269271223e-18
7,2026-03-07,2026-03-01,SUI,4.625929269271223e-18
7,2026-03-07,2026-03-01,VIRTUAL,4.625929269271223e-18
7,2026-03-07,2026-03-01,ARDR,0.033580834583572076
7,2026-03-07,2026-03-01,MOVE,4.625929269271223e-18
7,2026-03-07,2026-03-01,AWE,0.04392456945775217
7,2026-03-07,2026-03-01,XLM,4.625929269271223e-18
7,2026-03-07,2026-03-01,AXS,4.625929269271223e-18
7,2026-03-07,2026-03-01,SNT,0.03269254749355031
7,2026-03-07,2026-03-01,QTUM,4.625929269271223e-18
7,2026-03-07,2026-03-01,ANIME,4.625929269271223e-18
7,2026-03-07,2026-03-01,PUNDIX,0.04376240936481142
7,2026-03-07,2026-03-01,ARK,4.625929269271223e-18
7,2026-03-07,2026-03-01,ENS,4.625929269271223e-18
7,2026-03-07,2026-03-01,LINK,4.625929269271223e-18
7,2026-03-07,2026-03-01,CRO,0.09077007765042636
7,2026-03-07,2026-03-01,HBAR,4.625929269271223e-18
7,2026-03-07,2026-03-01,VANA,4.625929269271223e-18
7,2026-03-07,2026-03-01,SEI,4.625929269271223e-18
7,2026-03-07,2026-03-01,STRAX,0.03326026075051583
7,2026-03-07,2026-03-01,KNC,4.625929269271223e-18
7,2026-03-07,2026-03-01,ME,4.625929269271223e-18
7,2026-03-07,2026-03-01,SHIB,4.625929269271223e-18
7,2026-03-07,2026-03-01,CBK,4.625929269271223e-18
7,2026-03-07,2026-03-01,AQT,0.022469853424053145
7,2026-03-07,2026-03-01,SAFE,4.625929269271223e-18
7,2026-03-07,2026-03-01,GLM,4.625929269271223e-18
7,2026-03-07,2026-03-01,PEPE,4.625929269271223e-18
7,2026-03-07,2026-03-01,BONK,4.625929269271223e-18
7,2026-03-07,2026-03-01,WAVES,0.05395872482332343
7,2026-03-07,2026-03-01,MASK,4.625929269271223e-18
7,2026-03-07,2026-03-01,ATH,4.625929269271223e-18
7,2026-03-07,2026-03-01,TOKAMAK,0.14715460866656685
7,2026-03-07,2026-03-01,CARV,4.625929269271223e-18
7,2026-03-07,2026-03-01,MEW,4.625929269271223e-18
7,2026-03-07,2026-03-01,MNT,0.17669474544390384
7,2026-03-07,2026-03-01,PYTH,4.625929269271223e-18
7,2026-03-07,2026-03-01,SONIC,0.012791299417239622
7,2026-03-07,2026-03-01,GAS,4.625929269271223e-18
7,2026-03-07,2026-03-01,AKT,4.625929269271223e-18
7,2026-03-07,2026-03-01,BIGTIME,4.625929269271223e-18
7,2026-03-07,2026-03-01,DRIFT,4.625929269271223e-18
14,2025-03-01,2025-03-01,XRP,4.625929269271223e-18
14,2025-03-01,2025-03-01,BTC,0.25
14,2025-03-01,2025-03-01,ETH,0.20699180553159044
14,2025-03-01,2025-03-01,SOL,4.625929269271223e-18
14,2025-03-01,2025-03-01,DOGE,4.625929269271223e-18
14,2025-03-01,2025-03-01,AERGO,4.625929269271223e-18
14,2025-03-01,2025-03-01,ADA,4.625929269271223e-18
14,2025-03-01,2025-03-01,AUCTION,4.625929269271223e-18
14,2025-03-01,2025-03-01,ONDO,4.625929269271223e-18
14,2025-03-01,2025-03-01,SUI,4.625929269271223e-18
14,2025-03-01,2025-03-01,VIRTUAL,4.625929269271223e-18
14,2025-03-01,2025-03-01,ARDR,4.625929269271223e-18
14,2025-03-01,2025-03-01,MOVE,4.625929269271223e-18
14,2025-03-01,2025-03-01,AWE,0.047365977792575724
14,2025-03-01,2025-03-01,XLM,4.625929269271223e-18
14,2025-03-01,2025-03-01,AXS,4.625929269271223e-18
14,2025-03-01,2025-03-01,SNT,4.625929269271223e-18
14,2025-03-01,2025-03-01,QTUM,4.625929269271223e-18
14,2025-03-01,2025-03-01,ANIME,4.625929269271223e-18
14,2025-03-01,2025-03-01,PUNDIX,0.12566932553126617
14,2025-03-01,2025-03-01,ARK,4.625929269271223e-18
14,2025-03-01,2025-03-01,ENS,4.625929269271223e-18
14,2025-03-01,2025-03-01,LINK,4.625929269271223e-18
14,2025-03-01,2025-03-01,CRO,4.625929269271223e-18
14,2025-03-01,2025-03-01,HBAR,4.625929269271223e-18
14,2025-03-01,2025-03-01,VANA,4.625929269271223e-18
14,2025-03-01,2025-03-01,SEI,4.625929269271223e-18
14,2025-03-01,2025-03-01,STRAX,4.625929269271223e-18
14,2025-03-01,2025-03-01,KNC,4.625929269271223e-18
14,2025-03-01,2025-03-01,ME,4.625929269271223e-18
14,2025-03-01,2025-03-01,SHIB,4.625929269271223e-18
14,2025-03-01,2025-03-01,CBK,4.625929269271223e-18
14,2025-03-01,2025-03-01,AQT,4.625929269271223e-18
14,2025-03-01,2025-03-01,SAFE,4.625929269271223e-18
14,2025-03-01,2025-03-01,GLM,4.625929269271223e-18
14,2025-03-01,2025-03-01,PEPE,4.625929269271223e-18
14,2025-03-01,2025-03-01,BONK,4.625929269271223e-18
14,2025-03-01,2025-03-01,WAVES,4.625929269271223e-18
14,2025-03-01,2025-03-01,MASK,0.25
14,2025-03-01,2025-03-01,ATH,4.625929269271223e-18
14,2025-03-01,2025-03-01,TOKAMAK,0.08751893934456005
14,2025-03-01,2025-03-01,CARV,0.02780428609801077
14,2025-03-01,2025-03-01,MEW,4.625929269271223e-18
14,2025-03-01,2025-03-01,MNT,4.625929269271223e-18
14,2025-03-01,2025-03-01,PYTH,4.625929269271223e-18
14,2025-03-01,2025-03-01,SONIC,4.625929269271223e-18
14,2025-03-01,2025-03-01,GAS,0.004649665701996893
14,2025-03-01,2025-03-01,AKT,4.625929269271223e-18
14,2025-03-01,2025-03-01,BIGTIME,4.625929269271223e-18
14,2025-03-01,2025-03-01,DRIFT,4.625929269271223e-18
14,2025-03-02,2025-03-01,XRP,4.625929269271223e-18
14,2025-03-02,2025-03-01,BTC,0.25
14,2025-03-02,2025-03-01,ETH,0.20699180553159044
14,2025-03-02,2025-03-01,SOL,4.625929269271223e-18
14,2025-03-02,2025-03-01,DOGE,4.625929269271223e-18
14,2025-03-02,2025-03-01,AERGO,4.625929269271223e-18
14,2025-03-02,2025-03-01,ADA,4.625929269271223e-18
14,2025-03-02,2025-03-01,AUCTION,4.625929269271223e-18
14,2025-03-02,2025-03-01,ONDO,4.625929269271223e-18
14,2025-03-02,2025-03-01,SUI,4.625929269271223e-18
14,2025-03-02,2025-03-01,VIRTUAL,4.625929269271223e-18
14,2025-03-02,2025-03-01,ARDR,4.625929269271223e-18
14,2025-03-02,2025-03-01,MOVE,4.625929269271223e-18
14,2025-03-02,2025-03-01,AWE,0.047365977792575724
14,2025-03-02,2025-03-01,XLM,4.625929269271223e-18
14,2025-03-02,2025-03-01,AXS,4.625929269271223e-18
14,2025-03-02,2025-03-01,SNT,4.625929269271223e-18
14,2025-03-02,2025-03-01,QTUM,4.625929269271223e-18
14,2025-03-02,2025-03-01,ANIME,4.625929269271223e-18
14,2025-03-02,2025-03-01,PUNDIX,0.12566932553126617
14,2025-03-02,2025-03-01,ARK,4.625929269271223e-18
14,2025-03-02,2025-03-01,ENS,4.625929269271223e-18
14,2025-03-02,2025-03-01,LINK,4.625929269271223e-18
14,2025-03-02,2025-03-01,CRO,4.625929269271223e-18
14,2025-03-02,2025-03-01,HBAR,4.625929269271223e-18
14,2025-03-02,2025-03-01,VANA,4.625929269271223e-18
14,2025-03-02,2025-03-01,SEI,4.625929269271223e-18
14,2025-03-02,2025-03-01,STRAX,4.625929269271223e-18
14,2025-03-02,2025-03-01,KNC,4.625929269271223e-18
14,2025-03-02,2025-03-01,ME,4.625929269271223e-18
14,2025-03-02,2025-03-01,SHIB,4.625929269271223e-18
14,2025-03-02,2025-03-01,CBK,4.625929269271223e-18
14,2025-03-02,2025-03-01,AQT,4.625929269271223e-18
14,2025-03-02,2025-03-01,SAFE,4.625929269271223e-18
14,2025-03-02,2025-03-01,GLM,4.625929269271223e-18
14,2025-03-02,2025-03-01,PEPE,4.625929269271223e-18
14,2025-03-02,2025-03-01,BONK,4.625929269271223e-18
14,2025-03-02,2025-03-01,WAVES,4.625929269271223e-18
14,2025-03-02,2025-03-01,MASK,0.25
14,2025-03-02,2025-03-01,ATH,4.625929269271223e-18
14,2025-03-02,2025-03-01,TOKAMAK,0.08751893934456005
14,2025-03-02,2025-03-01,CARV,0.02780428609801077
14,2025-03-02,2025-03-01,MEW,4.625929269271223e-18
14,2025-03-02,2025-03-01,MNT,4.625929269271223e-18
14,2025-03-02,2025-03-01,PYTH,4.625929269271223e-18
14,2025-03-02,2025-03-01,SONIC,4.625929269271223e-18
14,2025-03-02,2025-03-01,GAS,0.004649665701996893
14,2025-03-02,2025-03-01,AKT,4.625929269271223e-18
14,2025-03-02,2025-03-01,BIGTIME,4.625929269271223e-18
14,2025-03-02,2025-03-01,DRIFT,4.625929269271223e-18
14,2025-03-03,2025-03-01,XRP,4.625929269271223e-18
14,2025-03-03,2025-03-01,BTC,0.25
14,2025-03-03,2025-03-01,ETH,0.20699180553159044
14,2025-03-03,2025-03-01,SOL,4.625929269271223e-18
14,2025-03-03,2025-03-01,DOGE,4.625929269271223e-18
14,2025-03-03,2025-03-01,AERGO,4.625929269271223e-18
14,2025-03-03,2025-03-01,ADA,4.625929269271223e-18
14,2025-03-03,2025-03-01,AUCTION,4.625929269271223e-18
14,2025-03-03,2025-03-01,ONDO,4.625929269271223e-18
14,2025-03-03,2025-03-01,SUI,4.625929269271223e-18
14,2025-03-03,2025-03-01,VIRTUAL,4.625929269271223e-18
14,2025-03-03,2025-03-01,ARDR,4.625929269271223e-18
14,2025-03-03,2025-03-01,MOVE,4.625929269271223e-18
14,2025-03-03,2025-03-01,AWE,0.047365977792575724
14,2025-03-03,2025-03-01,XLM,4.625929269271223e-18
14,2025-03-03,2025-03-01,AXS,4.625929269271223e-18
14,2025-03-03,2025-03-01,SNT,4.625929269271223e-18
14,2025-03-03,2025-03-01,QTUM,4.625929269271223e-18
14,2025-03-03,2025-03-01,ANIME,4.625929269271223e-18
14,2025-03-03,2025-03-01,PUNDIX,0.12566932553126617
14,2025-03-03,2025-03-01,ARK,4.625929269271223e-18
14,2025-03-03,2025-03-01,ENS,4.625929269271223e-18
14,2025-03-03,2025-03-01,LINK,4.625929269271223e-18
14,2025-03-03,2025-03-01,CRO,4.625929269271223e-18
14,2025-03-03,2025-03-01,HBAR,4.625929269271223e-18
14,2025-03-03,2025-03-01,VANA,4.625929269271223e-18
14,2025-03-03,2025-03-01,SEI,4.625929269271223e-18
14,2025-03-03,2025-03-01,STRAX,4.625929269271223e-18
14,2025-03-03,2025-03-01,KNC,4.625929269271223e-18
14,2025-03-03,2025-03-01,ME,4.625929269271223e-18
14,2025-03-03,2025-03-01,SHIB,4.625929269271223e-18
14,2025-03-03,2025-03-01,CBK,4.625929269271223e-18
14,2025-03-03,2025-03-01,AQT,4.625929269271223e-18
14,2025-03-03,2025-03-01,SAFE,4.625929269271223e-18
14,2025-03-03,2025-03-01,GLM,4.625929269271223e-18
14,2025-03-03,2025-03-01,PEPE,4.625929269271223e-18
14,2025-03-03,2025-03-01,BONK,4.625929269271223e-18
14,2025-03-03,2025-03-01,WAVES,4.625929269271223e-18
14,2025-03-03,2025-03-01,MASK,0.25
14,2025-03-03,2025-03-01,ATH,4.625929269271223e-18
14,2025-03-03,2025-03-01,TOKAMAK,0.08751893934456005
14,2025-03-03,2025-03-01,CARV,0.02780428609801077
14,2025-03-03,2025-03-01,MEW,4.625929269271223e-18
14,2025-03-03,2025-03-01,MNT,4.625929269271223e-18
14,2025-03-03,2025-03-01,PYTH,4.625929269271223e-18
14,2025-03-03,2025-03-01,SONIC,4.625929269271223e-18
14,2025-03-03,2025-03-01,GAS,0.004649665701996893
14,2025-03-03,2025-03-01,AKT,4.625929269271223e-18
14,2025-03-03,2025-03-01,BIGTIME,4.625929269271223e-18
14,2025-03-03,2025-03-01,DRIFT,4.625929269271223e-18
14,2025-03-04,2025-03-01,XRP,4.625929269271223e-18
14,2025-03-04,2025-03-01,BTC,0.25
14,2025-03-04,2025-03-01,ETH,0.20699180553159044
14,2025-03-04,2025-03-01,SOL,4.625929269271223e-18
14,2025-03-04,2025-03-01,DOGE,4.625929269271223e-18
14,2025-03-04,2025-03-01,AERGO,4.625929269271223e-18
14,2025-03-04,2025-03-01,ADA,4.625929269271223e-18
14,2025-03-04,2025-03-01,AUCTION,4.625929269271223e-18
14,2025-03-04,2025-03-01,ONDO,4.625929269271223e-18
14,2025-03-04,2025-03-01,SUI,4.625929269271223e-18
14,2025-03-04,2025-03-01,VIRTUAL,4.625929269271223e-18
14,2025-03-04,2025-03-01,ARDR,4.625929269271223e-18
14,2025-03-04,2025-03-01,MOVE,4.625929269271223e-18
14,2025-03-04,2025-03-01,AWE,0.047365977792575724
14,2025-03-04,2025-03-01,XLM,4.625929269271223e-18
14,2025-03-04,2025-03-01,AXS,4.625929269271223e-18
14,2025-03-04,2025-03-01,SNT,4.625929269271223e-18
14,2025-03-04,2025-03-01,QTUM,4.625929269271223e-18
14,2025-03-04,2025-03-01,ANIME,4.625929269271223e-18
14,2025-03-04,2025-03-01,PUNDIX,0.12566932553126617
14,2025-03-04,2025-03-01,ARK,4.625929269271223e-18
14,2025-03-04,2025-03-01,ENS,4.625929269271223e-18
14,2025-03-04,2025-03-01,LINK,4.625929269271223e-18
14,2025-03-04,2025-03-01,CRO,4.625929269271223e-18
14,2025-03-04,2025-03-01,HBAR,4.625929269271223e-18
14,2025-03-04,2025-03-01,VANA,4.625929269271223e-18
14,2025-03-04,2025-03-01,SEI,4.625929269271223e-18
14,2025-03-04,2025-03-01,STRAX,4.625929269271223e-18
14,2025-03-04,2025-03-01,KNC,4.625929269271223e-18
14,2025-03-04,2025-03-01,ME,4.625929269271223e-18
14,2025-03-04,2025-03-01,SHIB,4.625929269271223e-18
14,2025-03-04,2025-03-01,CBK,4.625929269271223e-18
14,2025-03-04,2025-03-01,AQT,4.625929269271223e-18
14,2025-03-04,2025-03-01,SAFE,4.625929269271223e-18
14,2025-03-04,2025-03-01,GLM,4.625929269271223e-18
14,2025-03-04,2025-03-01,PEPE,4.625929269271223e-18
14,2025-03-04,2025-03-01,BONK,4.625929269271223e-18
14,2025-03-04,2025-03-01,WAVES,4.625929269271223e-18
14,2025-03-04,2025-03-01,MASK,0.25
14,2025-03-04,2025-03-01,ATH,4.625929269271223e-18
14,2025-03-04,2025-03-01,TOKAMAK,0.08751893934456005
14,2025-03-04,2025-03-01,CARV,0.02780428609801077
14,2025-03-04,2025-03-01,MEW,4.625929269271223e-18
14,2025-03-04,2025-03-01,MNT,4.625929269271223e-18
14,2025-03-04,2025-03-01,PYTH,4.625929269271223e-18
14,2025-03-04,2025-03-01,SONIC,4.625929269271223e-18
14,2025-03-04,2025-03-01,GAS,0.004649665701996893
14,2025-03-04,2025-03-01,AKT,4.625929269271223e-18
14,2025-03-04,2025-03-01,BIGTIME,4.625929269271223e-18
14,2025-03-04,2025-03-01,DRIFT,4.625929269271223e-18
14,2025-03-05,2025-03-01,XRP,4.625929269271223e-18
14,2025-03-05,2025-03-01,BTC,0.25
14,2025-03-05,2025-03-01,ETH,0.20699180553159044
14,2025-03-05,2025-03-01,SOL,4.625929269271223e-18
14,2025-03-05,2025-03-01,DOGE,4.625929269271223e-18
14,2025-03-05,2025-03-01,AERGO,4.625929269271223e-18
14,2025-03-05,2025-03-01,ADA,4.625929269271223e-18
14,2025-03-05,2025-03-01,AUCTION,4.625929269271223e-18
14,2025-03-05,2025-03-01,ONDO,4.625929269271223e-18
14,2025-03-05,2025-03-01,SUI,4.625929269271223e-18
14,2025-03-05,2025-03-01,VIRTUAL,4.625929269271223e-18
14,2025-03-05,2025-03-01,ARDR,4.625929269271223e-18
14,2025-03-05,2025-03-01,MOVE,4.625929269271223e-18
14,2025-03-05,2025-03-01,AWE,0.047365977792575724
14,2025-03-05,2025-03-01,XLM,4.625929269271223e-18
14,2025-03-05,2025-03-01,AXS,4.625929269271223e-18
14,2025-03-05,2025-03-01,SNT,4.625929269271223e-18
14,2025-03-05,2025-03-01,QTUM,4.625929269271223e-18
14,2025-03-05,2025-03-01,ANIME,4.625929269271223e-18
14,2025-03-05,2025-03-01,PUNDIX,0.12566932553126617
14,2025-03-05,2025-03-01,ARK,4.625929269271223e-18
14,2025-03-05,2025-03-01,ENS,4.625929269271223e-18
14,2025-03-05,2025-03-01,LINK,4.625929269271223e-18
14,2025-03-05,2025-03-01,CRO,4.625929269271223e-18
14,2025-03-05,2025-03-01,HBAR,4.625929269271223e-18
14,2025-03-05,2025-03-01,VANA,4.625929269271223e-18
14,2025-03-05,2025-03-01,SEI,4.625929269271223e-18
14,2025-03-05,2025-03-01,STRAX,4.625929269271223e-18
14,2025-03-05,2025-03-01,KNC,4.625929269271223e-18
14,2025-03-05,2025-03-01,ME,4.625929269271223e-18
14,2025-03-05,2025-03-01,SHIB,4.625929269271223e-18
14,2025-03-05,2025-03-01,CBK,4.625929269271223e-18
14,2025-03-05,2025-03-01,AQT,4.625929269271223e-18
14,2025-03-05,2025-03-01,SAFE,4.625929269271223e-18
14,2025-03-05,2025-03-01,GLM,4.625929269271223e-18
14,2025-03-05,2025-03-01,PEPE,4.625929269271223e-18
14,2025-03-05,2025-03-01,BONK,4.625929269271223e-18
14,2025-03-05,2025-03-01,WAVES,4.625929269271223e-18
14,2025-03-05,2025-03-01,MASK,0.25
14,2025-03-05,2025-03-01,ATH,4.625929269271223e-18
14,2025-03-05,2025-03-01,TOKAMAK,0.08751893934456005
14,2025-03-05,2025-03-01,CARV,0.02780428609801077
14,2025-03-05,2025-03-01,MEW,4.625929269271223e-18
14,2025-03-05,2025-03-01,MNT,4.625929269271223e-18
14,2025-03-05,2025-03-01,PYTH,4.625929269271223e-18
14,2025-03-05,2025-03-01,SONIC,4.625929269271223e-18
14,2025-03-05,2025-03-01,GAS,0.004649665701996893
14,2025-03-05,2025-03-01,AKT,4.625929269271223e-18
14,2025-03-05,2025-03-01,BIGTIME,4.625929269271223e-18
14,2025-03-05,2025-03-01,DRIFT,4.625929269271223e-18
14,2025-03-06,2025-03-01,XRP,4.625929269271223e-18
14,2025-03-06,2025-03-01,BTC,0.25
14,2025-03-06,2025-03-01,ETH,0.20699180553159044
14,2025-03-06,2025-03-01,SOL,4.625929269271223e-18
14,2025-03-06,2025-03-01,DOGE,4.625929269271223e-18
14,2025-03-06,2025-03-01,AERGO,4.625929269271223e-18
14,2025-03-06,2025-03-01,ADA,4.625929269271223e-18
14,2025-03-06,2025-03-01,AUCTION,4.625929269271223e-18
14,2025-03-06,2025-03-01,ONDO,4.625929269271223e-18
14,2025-03-06,2025-03-01,SUI,4.625929269271223e-18
14,2025-03-06,2025-03-01,VIRTUAL,4.625929269271223e-18
14,2025-03-06,2025-03-01,ARDR,4.625929269271223e-18
14,2025-03-06,2025-03-01,MOVE,4.625929269271223e-18
14,2025-03-06,2025-03-01,AWE,0.047365977792575724
14,2025-03-06,2025-03-01,XLM,4.625929269271223e-18
14,2025-03-06,2025-03-01,AXS,4.625929269271223e-18
14,2025-03-06,2025-03-01,SNT,4.625929269271223e-18
14,2025-03-06,2025-03-01,QTUM,4.625929269271223e-18
14,2025-03-06,2025-03-01,ANIME,4.625929269271223e-18
14,2025-03-06,2025-03-01,PUNDIX,0.12566932553126617
14,2025-03-06,2025-03-01,ARK,4.625929269271223e-18
14,2025-03-06,2025-03-01,ENS,4.625929269271223e-18
14,2025-03-06,2025-03-01,LINK,4.625929269271223e-18
14,2025-03-06,2025-03-01,CRO,4.625929269271223e-18
14,2025-03-06,2025-03-01,HBAR,4.625929269271223e-18
14,2025-03-06,2025-03-01,VANA,4.625929269271223e-18
14,2025-03-06,2025-03-01,SEI,4.625929269271223e-18
14,2025-03-06,2025-03-01,STRAX,4.625929269271223e-18
14,2025-03-06,2025-03-01,KNC,4.625929269271223e-18
14,2025-03-06,2025-03-01,ME,4.625929269271223e-18
14,2025-03-06,2025-03-01,SHIB,4.625929269271223e-18
14,2025-03-06,2025-03-01,CBK,4.625929269271223e-18
14,2025-03-06,2025-03-01,AQT,4.625929269271223e-18
14,2025-03-06,2025-03-01,SAFE,4.625929269271223e-18
14,2025-03-06,2025-03-01,GLM,4.625929269271223e-18
14,2025-03-06,2025-03-01,PEPE,4.625929269271223e-18
14,2025-03-06,2025-03-01,BONK,4.625929269271223e-18
14,2025-03-06,2025-03-01,WAVES,4.625929269271223e-18
14,2025-03-06,2025-03-01,MASK,0.25
14,2025-03-06,2025-03-01,ATH,4.625929269271223e-18
14,2025-03-06,2025-03-01,TOKAMAK,0.08751893934456005
14,2025-03-06,2025-03-01,CARV,0.02780428609801077
14,2025-03-06,2025-03-01,MEW,4.625929269271223e-18
14,2025-03-06,2025-03-01,MNT,4.625929269271223e-18
14,2025-03-06,2025-03-01,PYTH,4.625929269271223e-18
14,2025-03-06,2025-03-01,SONIC,4.625929269271223e-18
14,2025-03-06,2025-03-01,GAS,0.004649665701996893
14,2025-03-06,2025-03-01,AKT,4.625929269271223e-18
14,2025-03-06,2025-03-01,BIGTIME,4.625929269271223e-18
14,2025-03-06,2025-03-01,DRIFT,4.625929269271223e-18
14,2025-03-07,2025-03-01,XRP,4.625929269271223e-18
14,2025-03-07,2025-03-01,BTC,0.25
14,2025-03-07,2025-03-01,ETH,0.20699180553159044
14,2025-03-07,2025-03-01,SOL,4.625929269271223e-18
14,2025-03-07,2025-03-01,DOGE,4.625929269271223e-18
14,2025-03-07,2025-03-01,AERGO,4.625929269271223e-18
14,2025-03-07,2025-03-01,ADA,4.625929269271223e-18
14,2025-03-07,2025-03-01,AUCTION,4.625929269271223e-18
14,2025-03-07,2025-03-01,ONDO,4.625929269271223e-18
14,2025-03-07,2025-03-01,SUI,4.625929269271223e-18
14,2025-03-07,2025-03-01,VIRTUAL,4.625929269271223e-18
14,2025-03-07,2025-03-01,ARDR,4.625929269271223e-18
14,2025-03-07,2025-03-01,MOVE,4.625929269271223e-18
14,2025-03-07,2025-03-01,AWE,0.047365977792575724
14,2025-03-07,2025-03-01,XLM,4.625929269271223e-18
14,2025-03-07,2025-03-01,AXS,4.625929269271223e-18
14,2025-03-07,2025-03-01,SNT,4.625929269271223e-18
14,2025-03-07,2025-03-01,QTUM,4.625929269271223e-18
14,2025-03-07,2025-03-01,ANIME,4.625929269271223e-18
14,2025-03-07,2025-03-01,PUNDIX,0.12566932553126617
14,2025-03-07,2025-03-01,ARK,4.625929269271223e-18
14,2025-03-07,2025-03-01,ENS,4.625929269271223e-18
14,2025-03-07,2025-03-01,LINK,4.625929269271223e-18
14,2025-03-07,2025-03-01,CRO,4.625929269271223e-18
14,2025-03-07,2025-03-01,HBAR,4.625929269271223e-18
14,2025-03-07,2025-03-01,VANA,4.625929269271223e-18
14,2025-03-07,2025-03-01,SEI,4.625929269271223e-18
14,2025-03-07,2025-03-01,STRAX,4.625929269271223e-18
14,2025-03-07,2025-03-01,KNC,4.625929269271223e-18
14,2025-03-07,2025-03-01,ME,4.625929269271223e-18
14,2025-03-07,2025-03-01,SHIB,4.625929269271223e-18
14,2025-03-07,2025-03-01,CBK,4.625929269271223e-18
14,2025-03-07,2025-03-01,AQT,4.625929269271223e-18
14,2025-03-07,2025-03-01,SAFE,4.625929269271223e-18
14,2025-03-07,2025-03-01,GLM,4.625929269271223e-18
14,2025-03-07,2025-03-01,PEPE,4.625929269271223e-18
14,2025-03-07,2025-03-01,BONK,4.625929269271223e-18
14,2025-03-07,2025-03-01,WAVES,4.625929269271223e-18
14,2025-03-07,2025-03-01,MASK,0.25
14,2025-03-07,2025-03-01,ATH,4.625929269271223e-18
14,2025-03-07,2025-03-01,TOKAMAK,0.08751893934456005
14,2025-03-07,2025-03-01,CARV,0.02780428609801077
14,2025-03-07,2025-03-01,MEW,4.625929269271223e-18
14,2025-03-07,2025-03-01,MNT,4.625929269271223e-18
14,2025-03-07,2025-03-01,PYTH,4.625929269271223e-18
14,2025-03-07,2025-03-01,SONIC,4.625929269271223e-18
14,2025-03-07,2025-03-01,GAS,0.004649665701996893
14,2025-03-07,2025-03-01,AKT,4.625929269271223e-18
14,2025-03-07,2025-03-01,BIGTIME,4.625929269271223e-18
14,2025-03-07,2025-03-01,DRIFT,4.625929269271223e-18
14,2025-03-08,2025-03-01,XRP,4.625929269271223e-18
14,2025-03-08,2025-03-01,BTC,0.25
14,2025-03-08,2025-03-01,ETH,0.20699180553159044
14,2025-03-08,2025-03-01,SOL,4.625929269271223e-18
14,2025-03-08,2025-03-01,DOGE,4.625929269271223e-18
14,2025-03-08,2025-03-01,AERGO,4.625929269271223e-18
14,2025-03-08,2025-03-01,ADA,4.625929269271223e-18
14,2025-03-08,2025-03-01,AUCTION,4.625929269271223e-18
14,2025-03-08,2025-03-01,ONDO,4.625929269271223e-18
14,2025-03-08,2025-03-01,SUI,4.625929269271223e-18
14,2025-03-08,2025-03-01,VIRTUAL,4.625929269271223e-18
14,2025-03-08,2025-03-01,ARDR,4.625929269271223e-18
14,2025-03-08,2025-03-01,MOVE,4.625929269271223e-18
14,2025-03-08,2025-03-01,AWE,0.047365977792575724
14,2025-03-08,2025-03-01,XLM,4.625929269271223e-18
14,2025-03-08,2025-03-01,AXS,4.625929269271223e-18
14,2025-03-08,2025-03-01,SNT,4.625929269271223e-18
14,2025-03-08,2025-03-01,QTUM,4.625929269271223e-18
14,2025-03-08,2025-03-01,ANIME,4.625929269271223e-18
14,2025-03-08,2025-03-01,PUNDIX,0.12566932553126617
14,2025-03-08,2025-03-01,ARK,4.625929269271223e-18
14,2025-03-08,2025-03-01,ENS,4.625929269271223e-18
14,2025-03-08,2025-03-01,LINK,4.625929269271223e-18
14,2025-03-08,2025-03-01,CRO,4.625929269271223e-18
14,2025-03-08,2025-03-01,HBAR,4.625929269271223e-18
14,2025-03-08,2025-03-01,VANA,4.625929269271223e-18
14,2025-03-08,2025-03-01,SEI,4.625929269271223e-18
14,2025-03-08,2025-03-01,STRAX,4.625929269271223e-18
14,2025-03-08,2025-03-01,KNC,4.625929269271223e-18
14,2025-03-08,2025-03-01,ME,4.625929269271223e-18
14,2025-03-08,2025-03-01,SHIB,4.625929269271223e-18
14,2025-03-08,2025-03-01,CBK,4.625929269271223e-18
14,2025-03-08,2025-03-01,AQT,4.625929269271223e-18
14,2025-03-08,2025-03-01,SAFE,4.625929269271223e-18
14,2025-03-08,2025-03-01,GLM,4.625929269271223e-18
14,2025-03-08,2025-03-01,PEPE,4.625929269271223e-18
14,2025-03-08,2025-03-01,BONK,4.625929269271223e-18
14,2025-03-08,2025-03-01,WAVES,4.625929269271223e-18
14,2025-03-08,2025-03-01,MASK,0.25
14,2025-03-08,2025-03-01,ATH,4.625929269271223e-18
14,2025-03-08,2025-03-01,TOKAMAK,0.08751893934456005
14,2025-03-08,2025-03-01,CARV,0.02780428609801077
14,2025-03-08,2025-03-01,MEW,4.625929269271223e-18
14,2025-03-08,2025-03-01,MNT,4.625929269271223e-18
14,2025-03-08,2025-03-01,PYTH,4.625929269271223e-18
14,2025-03-08,2025-03-01,SONIC,4.625929269271223e-18
14,2025-03-08,2025-03-01,GAS,0.004649665701996893
14,2025-03-08,2025-03-01,AKT,4.625929269271223e-18
14,2025-03-08,2025-03-01,BIGTIME,4.625929269271223e-18
14,2025-03-08,2025-03-01,DRIFT,4.625929269271223e-18
14,2025-03-09,2025-03-01,XRP,4.625929269271223e-18
14,2025-03-09,2025-03-01,BTC,0.25
14,2025-03-09,2025-03-01,ETH,0.20699180553159044
14,2025-03-09,2025-03-01,SOL,4.625929269271223e-18
14,2025-03-09,2025-03-01,DOGE,4.625929269271223e-18
14,2025-03-09,2025-03-01,AERGO,4.625929269271223e-18
14,2025-03-09,2025-03-01,ADA,4.625929269271223e-18
14,2025-03-09,2025-03-01,AUCTION,4.625929269271223e-18
14,2025-03-09,2025-03-01,ONDO,4.625929269271223e-18
14,2025-03-09,2025-03-01,SUI,4.625929269271223e-18
14,2025-03-09,2025-03-01,VIRTUAL,4.625929269271223e-18
14,2025-03-09,2025-03-01,ARDR,4.625929269271223e-18
14,2025-03-09,2025-03-01,MOVE,4.625929269271223e-18
14,2025-03-09,2025-03-01,AWE,0.047365977792575724
14,2025-03-09,2025-03-01,XLM,4.625929269271223e-18
14,2025-03-09,2025-03-01,AXS,4.625929269271223e-18
14,2025-03-09,2025-03-01,SNT,4.625929269271223e-18
14,2025-03-09,2025-03-01,QTUM,4.625929269271223e-18
14,2025-03-09,2025-03-01,ANIME,4.625929269271223e-18
14,2025-03-09,2025-03-01,PUNDIX,0.12566932553126617
14,2025-03-09,2025-03-01,ARK,4.625929269271223e-18
14,2025-03-09,2025-03-01,ENS,4.625929269271223e-18
14,2025-03-09,2025-03-01,LINK,4.625929269271223e-18
14,2025-03-09,2025-03-01,CRO,4.625929269271223e-18
14,2025-03-09,2025-03-01,HBAR,4.625929269271223e-18
14,2025-03-09,2025-03-01,VANA,4.625929269271223e-18
14,2025-03-09,2025-03-01,SEI,4.625929269271223e-18
14,2025-03-09,2025-03-01,STRAX,4.625929269271223e-18
14,2025-03-09,2025-03-01,KNC,4.625929269271223e-18
14,2025-03-09,2025-03-01,ME,4.625929269271223e-18
14,2025-03-09,2025-03-01,SHIB,4.625929269271223e-18
14,2025-03-09,2025-03-01,CBK,4.625929269271223e-18
14,2025-03-09,2025-03-01,AQT,4.625929269271223e-18
14,2025-03-09,2025-03-01,SAFE,4.625929269271223e-18
14,2025-03-09,2025-03-01,GLM,4.625929269271223e-18
14,2025-03-09,2025-03-01,PEPE,4.625929269271223e-18
14,2025-03-09,2025-03-01,BONK,4.625929269271223e-18
14,2025-03-09,2025-03-01,WAVES,4.625929269271223e-18
14,2025-03-09,2025-03-01,MASK,0.25
14,2025-03-09,2025-03-01,ATH,4.625929269271223e-18
14,2025-03-09,2025-03-01,TOKAMAK,0.08751893934456005
14,2025-03-09,2025-03-01,CARV,0.02780428609801077
14,2025-03-09,2025-03-01,MEW,4.625929269271223e-18
14,2025-03-09,2025-03-01,MNT,4.625929269271223e-18
14,2025-03-09,2025-03-01,PYTH,4.625929269271223e-18
14,2025-03-09,2025-03-01,SONIC,4.625929269271223e-18
14,2025-03-09,2025-03-01,GAS,0.004649665701996893
14,2025-03-09,2025-03-01,AKT,4.625929269271223e-18
14,2025-03-09,2025-03-01,BIGTIME,4.625929269271223e-18
14,2025-03-09,2025-03-01,DRIFT,4.625929269271223e-18
14,2025-03-10,2025-03-01,XRP,4.625929269271223e-18
14,2025-03-10,2025-03-01,BTC,0.25
14,2025-03-10,2025-03-01,ETH,0.20699180553159044
14,2025-03-10,2025-03-01,SOL,4.625929269271223e-18
14,2025-03-10,2025-03-01,DOGE,4.625929269271223e-18
14,2025-03-10,2025-03-01,AERGO,4.625929269271223e-18
14,2025-03-10,2025-03-01,ADA,4.625929269271223e-18
14,2025-03-10,2025-03-01,AUCTION,4.625929269271223e-18
14,2025-03-10,2025-03-01,ONDO,4.625929269271223e-18
14,2025-03-10,2025-03-01,SUI,4.625929269271223e-18
14,2025-03-10,2025-03-01,VIRTUAL,4.625929269271223e-18
14,2025-03-10,2025-03-01,ARDR,4.625929269271223e-18
14,2025-03-10,2025-03-01,MOVE,4.625929269271223e-18
14,2025-03-10,2025-03-01,AWE,0.047365977792575724
14,2025-03-10,2025-03-01,XLM,4.625929269271223e-18
14,2025-03-10,2025-03-01,AXS,4.625929269271223e-18
14,2025-03-10,2025-03-01,SNT,4.625929269271223e-18
14,2025-03-10,2025-03-01,QTUM,4.625929269271223e-18
14,2025-03-10,2025-03-01,ANIME,4.625929269271223e-18
14,2025-03-10,2025-03-01,PUNDIX,0.12566932553126617
14,2025-03-10,2025-03-01,ARK,4.625929269271223e-18
14,2025-03-10,2025-03-01,ENS,4.625929269271223e-18
14,2025-03-10,2025-03-01,LINK,4.625929269271223e-18
14,2025-03-10,2025-03-01,CRO,4.625929269271223e-18
14,2025-03-10,2025-03-01,HBAR,4.625929269271223e-18
14,2025-03-10,2025-03-01,VANA,4.625929269271223e-18
14,2025-03-10,2025-03-01,SEI,4.625929269271223e-18
14,2025-03-10,2025-03-01,STRAX,4.625929269271223e-18
14,2025-03-10,2025-03-01,KNC,4.625929269271223e-18
14,2025-03-10,2025-03-01,ME,4.625929269271223e-18
14,2025-03-10,2025-03-01,SHIB,4.625929269271223e-18
14,2025-03-10,2025-03-01,CBK,4.625929269271223e-18
14,2025-03-10,2025-03-01,AQT,4.625929269271223e-18
14,2025-03-10,2025-03-01,SAFE,4.625929269271223e-18
14,2025-03-10,2025-03-01,GLM,4.625929269271223e-18
14,2025-03-10,2025-03-01,PEPE,4.625929269271223e-18
14,2025-03-10,2025-03-01,BONK,4.625929269271223e-18
14,2025-03-10,2025-03-01,WAVES,4.625929269271223e-18
14,2025-03-10,2025-03-01,MASK,0.25
14,2025-03-10,2025-03-01,ATH,4.625929269271223e-18
14,2025-03-10,2025-03-01,TOKAMAK,0.08751893934456005
14,2025-03-10,2025-03-01,CARV,0.02780428609801077
14,2025-03-10,2025-03-01,MEW,4.625929269271223e-18
14,2025-03-10,2025-03-01,MNT,4.625929269271223e-18
14,2025-03-10,2025-03-01,PYTH,4.625929269271223e-18
14,2025-03-10,2025-03-01,SONIC,4.625929269271223e-18
14,2025-03-10,2025-03-01,GAS,0.004649665701996893
14,2025-03-10,2025-03-01,AKT,4.625929269271223e-18
14,2025-03-10,2025-03-01,BIGTIME,4.625929269271223e-18
14,2025-03-10,2025-03-01,DRIFT,4.625929269271223e-18
14,2025-03-11,2025-03-01,XRP,4.625929269271223e-18
14,2025-03-11,2025-03-01,BTC,0.25
14,2025-03-11,2025-03-01,ETH,0.20699180553159044
14,2025-03-11,2025-03-01,SOL,4.625929269271223e-18
14,2025-03-11,2025-03-01,DOGE,4.625929269271223e-18
14,2025-03-11,2025-03-01,AERGO,4.625929269271223e-18
14,2025-03-11,2025-03-01,ADA,4.625929269271223e-18
14,2025-03-11,2025-03-01,AUCTION,4.625929269271223e-18
14,2025-03-11,2025-03-01,ONDO,4.625929269271223e-18
14,2025-03-11,2025-03-01,SUI,4.625929269271223e-18
14,2025-03-11,2025-03-01,VIRTUAL,4.625929269271223e-18
14,2025-03-11,2025-03-01,ARDR,4.625929269271223e-18
14,2025-03-11,2025-03-01,MOVE,4.625929269271223e-18
14,2025-03-11,2025-03-01,AWE,0.047365977792575724
14,2025-03-11,2025-03-01,XLM,4.625929269271223e-18
14,2025-03-11,2025-03-01,AXS,4.625929269271223e-18
14,2025-03-11,2025-03-01,SNT,4.625929269271223e-18
14,2025-03-11,2025-03-01,QTUM,4.625929269271223e-18
14,2025-03-11,2025-03-01,ANIME,4.625929269271223e-18
14,2025-03-11,2025-03-01,PUNDIX,0.12566932553126617
14,2025-03-11,2025-03-01,ARK,4.625929269271223e-18
14,2025-03-11,2025-03-01,ENS,4.625929269271223e-18
14,2025-03-11,2025-03-01,LINK,4.625929269271223e-18
14,2025-03-11,2025-03-01,CRO,4.625929269271223e-18
14,2025-03-11,2025-03-01,HBAR,4.625929269271223e-18
14,2025-03-11,2025-03-01,VANA,4.625929269271223e-18
14,2025-03-11,2025-03-01,SEI,4.625929269271223e-18
14,2025-03-11,2025-03-01,STRAX,4.625929269271223e-18
14,2025-03-11,2025-03-01,KNC,4.625929269271223e-18
14,2025-03-11,2025-03-01,ME,4.625929269271223e-18
14,2025-03-11,2025-03-01,SHIB,4.625929269271223e-18
14,2025-03-11,2025-03-01,CBK,4.625929269271223e-18
14,2025-03-11,2025-03-01,AQT,4.625929269271223e-18
14,2025-03-11,2025-03-01,SAFE,4.625929269271223e-18
14,2025-03-11,2025-03-01,GLM,4.625929269271223e-18
14,2025-03-11,2025-03-01,PEPE,4.625929269271223e-18
14,2025-03-11,2025-03-01,BONK,4.625929269271223e-18
14,2025-03-11,2025-03-01,WAVES,4.625929269271223e-18
14,2025-03-11,2025-03-01,MASK,0.25
14,2025-03-11,2025-03-01,ATH,4.625929269271223e-18
14,2025-03-11,2025-03-01,TOKAMAK,0.08751893934456005
14,2025-03-11,2025-03-01,CARV,0.02780428609801077
14,2025-03-11,2025-03-01,MEW,4.625929269271223e-18
14,2025-03-11,2025-03-01,MNT,4.625929269271223e-18
14,2025-03-11,2025-03-01,PYTH,4.625929269271223e-18
14,2025-03-11,2025-03-01,SONIC,4.625929269271223e-18
14,2025-03-11,2025-03-01,GAS,0.004649665701996893
14,2025-03-11,2025-03-01,AKT,4.625929269271223e-18
14,2025-03-11,2025-03-01,BIGTIME,4.625929269271223e-18
14,2025-03-11,2025-03-01,DRIFT,4.625929269271223e-18
14,2025-03-12,2025-03-01,XRP,4.625929269271223e-18
14,2025-03-12,2025-03-01,BTC,0.25
14,2025-03-12,2025-03-01,ETH,0.20699180553159044
14,2025-03-12,2025-03-01,SOL,4.625929269271223e-18
14,2025-03-12,2025-03-01,DOGE,4.625929269271223e-18
14,2025-03-12,2025-03-01,AERGO,4.625929269271223e-18
14,2025-03-12,2025-03-01,ADA,4.625929269271223e-18
14,2025-03-12,2025-03-01,AUCTION,4.625929269271223e-18
14,2025-03-12,2025-03-01,ONDO,4.625929269271223e-18
14,2025-03-12,2025-03-01,SUI,4.625929269271223e-18
14,2025-03-12,2025-03-01,VIRTUAL,4.625929269271223e-18
14,2025-03-12,2025-03-01,ARDR,4.625929269271223e-18
14,2025-03-12,2025-03-01,MOVE,4.625929269271223e-18
14,2025-03-12,2025-03-01,AWE,0.047365977792575724
14,2025-03-12,2025-03-01,XLM,4.625929269271223e-18
14,2025-03-12,2025-03-01,AXS,4.625929269271223e-18
14,2025-03-12,2025-03-01,SNT,4.625929269271223e-18
14,2025-03-12,2025-03-01,QTUM,4.625929269271223e-18
14,2025-03-12,2025-03-01,ANIME,4.625929269271223e-18
14,2025-03-12,2025-03-01,PUNDIX,0.12566932553126617
14,2025-03-12,2025-03-01,ARK,4.625929269271223e-18
14,2025-03-12,2025-03-01,ENS,4.625929269271223e-18
14,2025-03-12,2025-03-01,LINK,4.625929269271223e-18
14,2025-03-12,2025-03-01,CRO,4.625929269271223e-18
14,2025-03-12,2025-03-01,HBAR,4.625929269271223e-18
14,2025-03-12,2025-03-01,VANA,4.625929269271223e-18
14,2025-03-12,2025-03-01,SEI,4.625929269271223e-18
14,2025-03-12,2025-03-01,STRAX,4.625929269271223e-18
14,2025-03-12,2025-03-01,KNC,4.625929269271223e-18
14,2025-03-12,2025-03-01,ME,4.625929269271223e-18
14,2025-03-12,2025-03-01,SHIB,4.625929269271223e-18
14,2025-03-12,2025-03-01,CBK,4.625929269271223e-18
14,2025-03-12,2025-03-01,AQT,4.625929269271223e-18
14,2025-03-12,2025-03-01,SAFE,4.625929269271223e-18
14,2025-03-12,2025-03-01,GLM,4.625929269271223e-18
14,2025-03-12,2025-03-01,PEPE,4.625929269271223e-18
14,2025-03-12,2025-03-01,BONK,4.625929269271223e-18
14,2025-03-12,2025-03-01,WAVES,4.625929269271223e-18
14,2025-03-12,2025-03-01,MASK,0.25
14,2025-03-12,2025-03-01,ATH,4.625929269271223e-18
14,2025-03-12,2025-03-01,TOKAMAK,0.08751893934456005
14,2025-03-12,2025-03-01,CARV,0.02780428609801077
14,2025-03-12,2025-03-01,MEW,4.625929269271223e-18
14,2025-03-12,2025-03-01,MNT,4.625929269271223e-18
14,2025-03-12,2025-03-01,PYTH,4.625929269271223e-18
14,2025-03-12,2025-03-01,SONIC,4.625929269271223e-18
14,2025-03-12,2025-03-01,GAS,0.004649665701996893
14,2025-03-12,2025-03-01,AKT,4.625929269271223e-18
14,2025-03-12,2025-03-01,BIGTIME,4.625929269271223e-18
14,2025-03-12,2025-03-01,DRIFT,4.625929269271223e-18
14,2025-03-13,2025-03-01,XRP,4.625929269271223e-18
14,2025-03-13,2025-03-01,BTC,0.25
14,2025-03-13,2025-03-01,ETH,0.20699180553159044
14,2025-03-13,2025-03-01,SOL,4.625929269271223e-18
14,2025-03-13,2025-03-01,DOGE,4.625929269271223e-18
14,2025-03-13,2025-03-01,AERGO,4.625929269271223e-18
14,2025-03-13,2025-03-01,ADA,4.625929269271223e-18
14,2025-03-13,2025-03-01,AUCTION,4.625929269271223e-18
14,2025-03-13,2025-03-01,ONDO,4.625929269271223e-18
14,2025-03-13,2025-03-01,SUI,4.625929269271223e-18
14,2025-03-13,2025-03-01,VIRTUAL,4.625929269271223e-18
14,2025-03-13,2025-03-01,ARDR,4.625929269271223e-18
14,2025-03-13,2025-03-01,MOVE,4.625929269271223e-18
14,2025-03-13,2025-03-01,AWE,0.047365977792575724
14,2025-03-13,2025-03-01,XLM,4.625929269271223e-18
14,2025-03-13,2025-03-01,AXS,4.625929269271223e-18
14,2025-03-13,2025-03-01,SNT,4.625929269271223e-18
14,2025-03-13,2025-03-01,QTUM,4.625929269271223e-18
14,2025-03-13,2025-03-01,ANIME,4.625929269271223e-18
14,2025-03-13,2025-03-01,PUNDIX,0.12566932553126617
14,2025-03-13,2025-03-01,ARK,4.625929269271223e-18
14,2025-03-13,2025-03-01,ENS,4.625929269271223e-18
14,2025-03-13,2025-03-01,LINK,4.625929269271223e-18
14,2025-03-13,2025-03-01,CRO,4.625929269271223e-18
14,2025-03-13,2025-03-01,HBAR,4.625929269271223e-18
14,2025-03-13,2025-03-01,VANA,4.625929269271223e-18
14,2025-03-13,2025-03-01,SEI,4.625929269271223e-18
14,2025-03-13,2025-03-01,STRAX,4.625929269271223e-18
14,2025-03-13,2025-03-01,KNC,4.625929269271223e-18
14,2025-03-13,2025-03-01,ME,4.625929269271223e-18
14,2025-03-13,2025-03-01,SHIB,4.625929269271223e-18
14,2025-03-13,2025-03-01,CBK,4.625929269271223e-18
14,2025-03-13,2025-03-01,AQT,4.625929269271223e-18
14,2025-03-13,2025-03-01,SAFE,4.625929269271223e-18
14,2025-03-13,2025-03-01,GLM,4.625929269271223e-18
14,2025-03-13,2025-03-01,PEPE,4.625929269271223e-18
14,2025-03-13,2025-03-01,BONK,4.625929269271223e-18
14,2025-03-13,2025-03-01,WAVES,4.625929269271223e-18
14,2025-03-13,2025-03-01,MASK,0.25
14,2025-03-13,2025-03-01,ATH,4.625929269271223e-18
14,2025-03-13,2025-03-01,TOKAMAK,0.08751893934456005
14,2025-03-13,2025-03-01,CARV,0.02780428609801077
14,2025-03-13,2025-03-01,MEW,4.625929269271223e-18
14,2025-03-13,2025-03-01,MNT,4.625929269271223e-18
14,2025-03-13,2025-03-01,PYTH,4.625929269271223e-18
14,2025-03-13,2025-03-01,SONIC,4.625929269271223e-18
14,2025-03-13,2025-03-01,GAS,0.004649665701996893
14,2025-03-13,2025-03-01,AKT,4.625929269271223e-18
14,2025-03-13,2025-03-01,BIGTIME,4.625929269271223e-18
14,2025-03-13,2025-03-01,DRIFT,4.625929269271223e-18
14,2025-03-14,2025-03-01,XRP,4.625929269271223e-18
14,2025-03-14,2025-03-01,BTC,0.25
14,2025-03-14,2025-03-01,ETH,0.20699180553159044
14,2025-03-14,2025-03-01,SOL,4.625929269271223e-18
14,2025-03-14,2025-03-01,DOGE,4.625929269271223e-18
14,2025-03-14,2025-03-01,AERGO,4.625929269271223e-18
14,2025-03-14,2025-03-01,ADA,4.625929269271223e-18
14,2025-03-14,2025-03-01,AUCTION,4.625929269271223e-18
14,2025-03-14,2025-03-01,ONDO,4.625929269271223e-18
14,2025-03-14,2025-03-01,SUI,4.625929269271223e-18
14,2025-03-14,2025-03-01,VIRTUAL,4.625929269271223e-18
14,2025-03-14,2025-03-01,ARDR,4.625929269271223e-18
14,2025-03-14,2025-03-01,MOVE,4.625929269271223e-18
14,2025-03-14,2025-03-01,AWE,0.047365977792575724
14,2025-03-14,2025-03-01,XLM,4.625929269271223e-18
14,2025-03-14,2025-03-01,AXS,4.625929269271223e-18
14,2025-03-14,2025-03-01,SNT,4.625929269271223e-18
14,2025-03-14,2025-03-01,QTUM,4.625929269271223e-18
14,2025-03-14,2025-03-01,ANIME,4.625929269271223e-18
14,2025-03-14,2025-03-01,PUNDIX,0.12566932553126617
14,2025-03-14,2025-03-01,ARK,4.625929269271223e-18
14,2025-03-14,2025-03-01,ENS,4.625929269271223e-18
14,2025-03-14,2025-03-01,LINK,4.625929269271223e-18
14,2025-03-14,2025-03-01,CRO,4.625929269271223e-18
14,2025-03-14,2025-03-01,HBAR,4.625929269271223e-18
14,2025-03-14,2025-03-01,VANA,4.625929269271223e-18
14,2025-03-14,2025-03-01,SEI,4.625929269271223e-18
14,2025-03-14,2025-03-01,STRAX,4.625929269271223e-18
14,2025-03-14,2025-03-01,KNC,4.625929269271223e-18
14,2025-03-14,2025-03-01,ME,4.625929269271223e-18
14,2025-03-14,2025-03-01,SHIB,4.625929269271223e-18
14,2025-03-14,2025-03-01,CBK,4.625929269271223e-18
14,2025-03-14,2025-03-01,AQT,4.625929269271223e-18
14,2025-03-14,2025-03-01,SAFE,4.625929269271223e-18
14,2025-03-14,2025-03-01,GLM,4.625929269271223e-18
14,2025-03-14,2025-03-01,PEPE,4.625929269271223e-18
14,2025-03-14,2025-03-01,BONK,4.625929269271223e-18
14,2025-03-14,2025-03-01,WAVES,4.625929269271223e-18
14,2025-03-14,2025-03-01,MASK,0.25
14,2025-03-14,2025-03-01,ATH,4.625929269271223e-18
14,2025-03-14,2025-03-01,TOKAMAK,0.08751893934456005
14,2025-03-14,2025-03-01,CARV,0.02780428609801077
14,2025-03-14,2025-03-01,MEW,4.625929269271223e-18
14,2025-03-14,2025-03-01,MNT,4.625929269271223e-18
14,2025-03-14,2025-03-01,PYTH,4.625929269271223e-18
14,2025-03-14,2025-03-01,SONIC,4.625929269271223e-18
14,2025-03-14,2025-03-01,GAS,0.004649665701996893
14,2025-03-14,2025-03-01,AKT,4.625929269271223e-18
14,2025-03-14,2025-03-01,BIGTIME,4.625929269271223e-18
14,2025-03-14,2025-03-01,DRIFT,4.625929269271223e-18
14,2025-04-01,2025-04-01,XRP,5.168030355513975e-18
14,2025-04-01,2025-04-01,BTC,0.25
14,2025-04-01,2025-04-01,ETH,0.01873081642631225
14,2025-04-01,2025-04-01,SOL,5.168030355513975e-18
14,2025-04-01,2025-04-01,DOGE,5.168030355513975e-18
14,2025-04-01,2025-04-01,AERGO,5.168030355513975e-18
14,2025-04-01,2025-04-01,ADA,5.168030355513975e-18
14,2025-04-01,2025-04-01,AUCTION,0.01464813709517196
14,2025-04-01,2025-04-01,ONDO,5.168030355513975e-18
14,2025-04-01,2025-04-01,SUI,5.168030355513975e-18
14,2025-04-01,2025-04-01,VIRTUAL,5.168030355513975e-18
14,2025-04-01,2025-04-01,ARDR,0.12825551172830524
14,2025-04-01,2025-04-01,MOVE,5.168030355513975e-18
14,2025-04-01,2025-04-01,AWE,0.003778742189839214
14,2025-04-01,2025-04-01,XLM,5.168030355513975e-18
14,2025-04-01,2025-04-01,AXS,5.168030355513975e-18
14,2025-04-01,2025-04-01,SNT,0.05859727168420727
14,2025-04-01,2025-04-01,QTUM,5.168030355513975e-18
14,2025-04-01,2025-04-01,ANIME,5.168030355513975e-18
14,2025-04-01,2025-04-01,PUNDIX,5.168030355513975e-18
14,2025-04-01,2025-04-01,ARK,5.168030355513975e-18
14,2025-04-01,2025-04-01,ENS,5.168030355513975e-18
14,2025-04-01,2025-04-01,LINK,5.168030355513975e-18
14,2025-04-01,2025-04-01,CRO,5.168030355513975e-18
14,2025-04-01,2025-04-01,HBAR,5.168030355513975e-18
14,2025-04-01,2025-04-01,VANA,5.168030355513975e-18
14,2025-04-01,2025-04-01,SEI,5.168030355513975e-18
14,2025-04-01,2025-04-01,STRAX,5.168030355513975e-18
14,2025-04-01,2025-04-01,KNC,5.168030355513975e-18
14,2025-04-01,2025-04-01,ME,5.168030355513975e-18
14,2025-04-01,2025-04-01,SHIB,5.168030355513975e-18
14,2025-04-01,2025-04-01,CBK,0.07424782413292705
14,2025-04-01,2025-04-01,AQT,5.168030355513975e-18
14,2025-04-01,2025-04-01,SAFE,0.021375827674421387
14,2025-04-01,2025-04-01,GLM,0.0072604976972772016
14,2025-04-01,2025-04-01,PEPE,5.168030355513975e-18
14,2025-04-01,2025-04-01,BONK,5.168030355513975e-18
14,2025-04-01,2025-04-01,WAVES,5.168030355513975e-18
14,2025-04-01,2025-04-01,MASK,0.04167712853803193
14,2025-04-01,2025-04-01,ATH,5.168030355513975e-18
14,2025-04-01,2025-04-01,TOKAMAK,0.14193474000011558
14,2025-04-01,2025-04-01,CARV,0.013056433215746423
14,2025-04-01,2025-04-01,MEW,5.168030355513975e-18
14,2025-04-01,2025-04-01,MNT,0.22643706961764462
14,2025-04-01,2025-04-01,PYTH,5.168030355513975e-18
14,2025-04-01,2025-04-01,SONIC,5.168030355513975e-18
14,2025-04-01,2025-04-01,GAS,5.168030355513975e-18
14,2025-04-01,2025-04-01,AKT,5.168030355513975e-18
14,2025-04-01,2025-04-01,BIGTIME,5.168030355513975e-18
14,2025-04-01,2025-04-01,DRIFT,5.168030355513975e-18
14,2025-04-02,2025-04-01,XRP,5.168030355513975e-18
14,2025-04-02,2025-04-01,BTC,0.25
14,2025-04-02,2025-04-01,ETH,0.01873081642631225
14,2025-04-02,2025-04-01,SOL,5.168030355513975e-18
14,2025-04-02,2025-04-01,DOGE,5.168030355513975e-18
14,2025-04-02,2025-04-01,AERGO,5.168030355513975e-18
14,2025-04-02,2025-04-01,ADA,5.168030355513975e-18
14,2025-04-02,2025-04-01,AUCTION,0.01464813709517196
14,2025-04-02,2025-04-01,ONDO,5.168030355513975e-18
14,2025-04-02,2025-04-01,SUI,5.168030355513975e-18
14,2025-04-02,2025-04-01,VIRTUAL,5.168030355513975e-18
14,2025-04-02,2025-04-01,ARDR,0.12825551172830524
14,2025-04-02,2025-04-01,MOVE,5.168030355513975e-18
14,2025-04-02,2025-04-01,AWE,0.003778742189839214
14,2025-04-02,2025-04-01,XLM,5.168030355513975e-18
14,2025-04-02,2025-04-01,AXS,5.168030355513975e-18
14,2025-04-02,2025-04-01,SNT,0.05859727168420727
14,2025-04-02,2025-04-01,QTUM,5.168030355513975e-18
14,2025-04-02,2025-04-01,ANIME,5.168030355513975e-18
14,2025-04-02,2025-04-01,PUNDIX,5.168030355513975e-18
14,2025-04-02,2025-04-01,ARK,5.168030355513975e-18
14,2025-04-02,2025-04-01,ENS,5.168030355513975e-18
14,2025-04-02,2025-04-01,LINK,5.168030355513975e-18
14,2025-04-02,2025-04-01,CRO,5.168030355513975e-18
14,2025-04-02,2025-04-01,HBAR,5.168030355513975e-18
14,2025-04-02,2025-04-01,VANA,5.168030355513975e-18
14,2025-04-02,2025-04-01,SEI,5.168030355513975e-18
14,2025-04-02,2025-04-01,STRAX,5.168030355513975e-18
14,2025-04-02,2025-04-01,KNC,5.168030355513975e-18
14,2025-04-02,2025-04-01,ME,5.168030355513975e-18
14,2025-04-02,2025-04-01,SHIB,5.168030355513975e-18
14,2025-04-02,2025-04-01,CBK,0.07424782413292705
14,2025-04-02,2025-04-01,AQT,5.168030355513975e-18
14,2025-04-02,2025-04-01,SAFE,0.021375827674421387
14,2025-04-02,2025-04-01,GLM,0.0072604976972772016
14,2025-04-02,2025-04-01,PEPE,5.168030355513975e-18
14,2025-04-02,2025-04-01,BONK,5.168030355513975e-18
14,2025-04-02,2025-04-01,WAVES,5.168030355513975e-18
14,2025-04-02,2025-04-01,MASK,0.04167712853803193
14,2025-04-02,2025-04-01,ATH,5.168030355513975e-18
14,2025-04-02,2025-04-01,TOKAMAK,0.14193474000011558
14,2025-04-02,2025-04-01,CARV,0.013056433215746423
14,2025-04-02,2025-04-01,MEW,5.168030355513975e-18
14,2025-04-02,2025-04-01,MNT,0.22643706961764462
14,2025-04-02,2025-04-01,PYTH,5.168030355513975e-18
14,2025-04-02,2025-04-01,SONIC,5.168030355513975e-18
14,2025-04-02,2025-04-01,GAS,5.168030355513975e-18
14,2025-04-02,2025-04-01,AKT,5.168030355513975e-18
14,2025-04-02,2025-04-01,BIGTIME,5.168030355513975e-18
14,2025-04-02,2025-04-01,DRIFT,5.168030355513975e-18
14,2025-04-03,2025-04-01,XRP,5.168030355513975e-18
14,2025-04-03,2025-04-01,BTC,0.25
14,2025-04-03,2025-04-01,ETH,0.01873081642631225
14,2025-04-03,2025-04-01,SOL,5.168030355513975e-18
14,2025-04-03,2025-04-01,DOGE,5.168030355513975e-18
14,2025-04-03,2025-04-01,AERGO,5.168030355513975e-18
14,2025-04-03,2025-04-01,ADA,5.168030355513975e-18
14,2025-04-03,2025-04-01,AUCTION,0.01464813709517196
14,2025-04-03,2025-04-01,ONDO,5.168030355513975e-18
14,2025-04-03,2025-04-01,SUI,5.168030355513975e-18
14,2025-04-03,2025-04-01,VIRTUAL,5.168030355513975e-18
14,2025-04-03,2025-04-01,ARDR,0.12825551172830524
14,2025-04-03,2025-04-01,MOVE,5.168030355513975e-18
14,2025-04-03,2025-04-01,AWE,0.003778742189839214
14,2025-04-03,2025-04-01,XLM,5.168030355513975e-18
14,2025-04-03,2025-04-01,AXS,5.168030355513975e-18
14,2025-04-03,2025-04-01,SNT,0.05859727168420727
14,2025-04-03,2025-04-01,QTUM,5.168030355513975e-18
14,2025-04-03,2025-04-01,ANIME,5.168030355513975e-18
14,2025-04-03,2025-04-01,PUNDIX,5.168030355513975e-18
14,2025-04-03,2025-04-01,ARK,5.168030355513975e-18
14,2025-04-03,2025-04-01,ENS,5.168030355513975e-18
14,2025-04-03,2025-04-01,LINK,5.168030355513975e-18
14,2025-04-03,2025-04-01,CRO,5.168030355513975e-18
14,2025-04-03,2025-04-01,HBAR,5.168030355513975e-18
14,2025-04-03,2025-04-01,VANA,5.168030355513975e-18
14,2025-04-03,2025-04-01,SEI,5.168030355513975e-18
14,2025-04-03,2025-04-01,STRAX,5.168030355513975e-18
14,2025-04-03,2025-04-01,KNC,5.168030355513975e-18
14,2025-04-03,2025-04-01,ME,5.168030355513975e-18
14,2025-04-03,2025-04-01,SHIB,5.168030355513975e-18
14,2025-04-03,2025-04-01,CBK,0.07424782413292705
14,2025-04-03,2025-04-01,AQT,5.168030355513975e-18
14,2025-04-03,2025-04-01,SAFE,0.021375827674421387
14,2025-04-03,2025-04-01,GLM,0.0072604976972772016
14,2025-04-03,2025-04-01,PEPE,5.168030355513975e-18
14,2025-04-03,2025-04-01,BONK,5.168030355513975e-18
14,2025-04-03,2025-04-01,WAVES,5.168030355513975e-18
14,2025-04-03,2025-04-01,MASK,0.04167712853803193
14,2025-04-03,2025-04-01,ATH,5.168030355513975e-18
14,2025-04-03,2025-04-01,TOKAMAK,0.14193474000011558
14,2025-04-03,2025-04-01,CARV,0.013056433215746423
14,2025-04-03,2025-04-01,MEW,5.168030355513975e-18
14,2025-04-03,2025-04-01,MNT,0.22643706961764462
14,2025-04-03,2025-04-01,PYTH,5.168030355513975e-18
14,2025-04-03,2025-04-01,SONIC,5.168030355513975e-18
14,2025-04-03,2025-04-01,GAS,5.168030355513975e-18
14,2025-04-03,2025-04-01,AKT,5.168030355513975e-18
14,2025-04-03,2025-04-01,BIGTIME,5.168030355513975e-18
14,2025-04-03,2025-04-01,DRIFT,5.168030355513975e-18
14,2025-04-04,2025-04-01,XRP,5.168030355513975e-18
14,2025-04-04,2025-04-01,BTC,0.25
14,2025-04-04,2025-04-01,ETH,0.01873081642631225
14,2025-04-04,2025-04-01,SOL,5.168030355513975e-18
14,2025-04-04,2025-04-01,DOGE,5.168030355513975e-18
14,2025-04-04,2025-04-01,AERGO,5.168030355513975e-18
14,2025-04-04,2025-04-01,ADA,5.168030355513975e-18
14,2025-04-04,2025-04-01,AUCTION,0.01464813709517196
14,2025-04-04,2025-04-01,ONDO,5.168030355513975e-18
14,2025-04-04,2025-04-01,SUI,5.168030355513975e-18
14,2025-04-04,2025-04-01,VIRTUAL,5.168030355513975e-18
14,2025-04-04,2025-04-01,ARDR,0.12825551172830524
14,2025-04-04,2025-04-01,MOVE,5.168030355513975e-18
14,2025-04-04,2025-04-01,AWE,0.003778742189839214
14,2025-04-04,2025-04-01,XLM,5.168030355513975e-18
14,2025-04-04,2025-04-01,AXS,5.168030355513975e-18
14,2025-04-04,2025-04-01,SNT,0.05859727168420727
14,2025-04-04,2025-04-01,QTUM,5.168030355513975e-18
14,2025-04-04,2025-04-01,ANIME,5.168030355513975e-18
14,2025-04-04,2025-04-01,PUNDIX,5.168030355513975e-18
14,2025-04-04,2025-04-01,ARK,5.168030355513975e-18
14,2025-04-04,2025-04-01,ENS,5.168030355513975e-18
14,2025-04-04,2025-04-01,LINK,5.168030355513975e-18
14,2025-04-04,2025-04-01,CRO,5.168030355513975e-18
14,2025-04-04,2025-04-01,HBAR,5.168030355513975e-18
14,2025-04-04,2025-04-01,VANA,5.168030355513975e-18
14,2025-04-04,2025-04-01,SEI,5.168030355513975e-18
14,2025-04-04,2025-04-01,STRAX,5.168030355513975e-18
14,2025-04-04,2025-04-01,KNC,5.168030355513975e-18
14,2025-04-04,2025-04-01,ME,5.168030355513975e-18
14,2025-04-04,2025-04-01,SHIB,5.168030355513975e-18
14,2025-04-04,2025-04-01,CBK,0.07424782413292705
14,2025-04-04,2025-04-01,AQT,5.168030355513975e-18
14,2025-04-04,2025-04-01,SAFE,0.021375827674421387
14,2025-04-04,2025-04-01,GLM,0.0072604976972772016
14,2025-04-04,2025-04-01,PEPE,5.168030355513975e-18
14,2025-04-04,2025-04-01,BONK,5.168030355513975e-18
14,2025-04-04,2025-04-01,WAVES,5.168030355513975e-18
14,2025-04-04,2025-04-01,MASK,0.04167712853803193
14,2025-04-04,2025-04-01,ATH,5.168030355513975e-18
14,2025-04-04,2025-04-01,TOKAMAK,0.14193474000011558
14,2025-04-04,2025-04-01,CARV,0.013056433215746423
14,2025-04-04,2025-04-01,MEW,5.168030355513975e-18
14,2025-04-04,2025-04-01,MNT,0.22643706961764462
14,2025-04-04,2025-04-01,PYTH,5.168030355513975e-18
14,2025-04-04,2025-04-01,SONIC,5.168030355513975e-18
14,2025-04-04,2025-04-01,GAS,5.168030355513975e-18
14,2025-04-04,2025-04-01,AKT,5.168030355513975e-18
14,2025-04-04,2025-04-01,BIGTIME,5.168030355513975e-18
14,2025-04-04,2025-04-01,DRIFT,5.168030355513975e-18
14,2025-04-05,2025-04-01,XRP,5.168030355513975e-18
14,2025-04-05,2025-04-01,BTC,0.25
14,2025-04-05,2025-04-01,ETH,0.01873081642631225
14,2025-04-05,2025-04-01,SOL,5.168030355513975e-18
14,2025-04-05,2025-04-01,DOGE,5.168030355513975e-18
14,2025-04-05,2025-04-01,AERGO,5.168030355513975e-18
14,2025-04-05,2025-04-01,ADA,5.168030355513975e-18
14,2025-04-05,2025-04-01,AUCTION,0.01464813709517196
14,2025-04-05,2025-04-01,ONDO,5.168030355513975e-18
14,2025-04-05,2025-04-01,SUI,5.168030355513975e-18
14,2025-04-05,2025-04-01,VIRTUAL,5.168030355513975e-18
14,2025-04-05,2025-04-01,ARDR,0.12825551172830524
14,2025-04-05,2025-04-01,MOVE,5.168030355513975e-18
14,2025-04-05,2025-04-01,AWE,0.003778742189839214
14,2025-04-05,2025-04-01,XLM,5.168030355513975e-18
14,2025-04-05,2025-04-01,AXS,5.168030355513975e-18
14,2025-04-05,2025-04-01,SNT,0.05859727168420727
14,2025-04-05,2025-04-01,QTUM,5.168030355513975e-18
14,2025-04-05,2025-04-01,ANIME,5.168030355513975e-18
14,2025-04-05,2025-04-01,PUNDIX,5.168030355513975e-18
14,2025-04-05,2025-04-01,ARK,5.168030355513975e-18
14,2025-04-05,2025-04-01,ENS,5.168030355513975e-18
14,2025-04-05,2025-04-01,LINK,5.168030355513975e-18
14,2025-04-05,2025-04-01,CRO,5.168030355513975e-18
14,2025-04-05,2025-04-01,HBAR,5.168030355513975e-18
14,2025-04-05,2025-04-01,VANA,5.168030355513975e-18
14,2025-04-05,2025-04-01,SEI,5.168030355513975e-18
14,2025-04-05,2025-04-01,STRAX,5.168030355513975e-18
14,2025-04-05,2025-04-01,KNC,5.168030355513975e-18
14,2025-04-05,2025-04-01,ME,5.168030355513975e-18
14,2025-04-05,2025-04-01,SHIB,5.168030355513975e-18
14,2025-04-05,2025-04-01,CBK,0.07424782413292705
14,2025-04-05,2025-04-01,AQT,5.168030355513975e-18
14,2025-04-05,2025-04-01,SAFE,0.021375827674421387
14,2025-04-05,2025-04-01,GLM,0.0072604976972772016
14,2025-04-05,2025-04-01,PEPE,5.168030355513975e-18
14,2025-04-05,2025-04-01,BONK,5.168030355513975e-18
14,2025-04-05,2025-04-01,WAVES,5.168030355513975e-18
14,2025-04-05,2025-04-01,MASK,0.04167712853803193
14,2025-04-05,2025-04-01,ATH,5.168030355513975e-18
14,2025-04-05,2025-04-01,TOKAMAK,0.14193474000011558
14,2025-04-05,2025-04-01,CARV,0.013056433215746423
14,2025-04-05,2025-04-01,MEW,5.168030355513975e-18
14,2025-04-05,2025-04-01,MNT,0.22643706961764462
14,2025-04-05,2025-04-01,PYTH,5.168030355513975e-18
14,2025-04-05,2025-04-01,SONIC,5.168030355513975e-18
14,2025-04-05,2025-04-01,GAS,5.168030355513975e-18
14,2025-04-05,2025-04-01,AKT,5.168030355513975e-18
14,2025-04-05,2025-04-01,BIGTIME,5.168030355513975e-18
14,2025-04-05,2025-04-01,DRIFT,5.168030355513975e-18
14,2025-04-06,2025-04-01,XRP,5.168030355513975e-18
14,2025-04-06,2025-04-01,BTC,0.25
14,2025-04-06,2025-04-01,ETH,0.01873081642631225
14,2025-04-06,2025-04-01,SOL,5.168030355513975e-18
14,2025-04-06,2025-04-01,DOGE,5.168030355513975e-18
14,2025-04-06,2025-04-01,AERGO,5.168030355513975e-18
14,2025-04-06,2025-04-01,ADA,5.168030355513975e-18
14,2025-04-06,2025-04-01,AUCTION,0.01464813709517196
14,2025-04-06,2025-04-01,ONDO,5.168030355513975e-18
14,2025-04-06,2025-04-01,SUI,5.168030355513975e-18
14,2025-04-06,2025-04-01,VIRTUAL,5.168030355513975e-18
14,2025-04-06,2025-04-01,ARDR,0.12825551172830524
14,2025-04-06,2025-04-01,MOVE,5.168030355513975e-18
14,2025-04-06,2025-04-01,AWE,0.003778742189839214
14,2025-04-06,2025-04-01,XLM,5.168030355513975e-18
14,2025-04-06,2025-04-01,AXS,5.168030355513975e-18
14,2025-04-06,2025-04-01,SNT,0.05859727168420727
14,2025-04-06,2025-04-01,QTUM,5.168030355513975e-18
14,2025-04-06,2025-04-01,ANIME,5.168030355513975e-18
14,2025-04-06,2025-04-01,PUNDIX,5.168030355513975e-18
14,2025-04-06,2025-04-01,ARK,5.168030355513975e-18
14,2025-04-06,2025-04-01,ENS,5.168030355513975e-18
14,2025-04-06,2025-04-01,LINK,5.168030355513975e-18
14,2025-04-06,2025-04-01,CRO,5.168030355513975e-18
14,2025-04-06,2025-04-01,HBAR,5.168030355513975e-18
14,2025-04-06,2025-04-01,VANA,5.168030355513975e-18
14,2025-04-06,2025-04-01,SEI,5.168030355513975e-18
14,2025-04-06,2025-04-01,STRAX,5.168030355513975e-18
14,2025-04-06,2025-04-01,KNC,5.168030355513975e-18
14,2025-04-06,2025-04-01,ME,5.168030355513975e-18
14,2025-04-06,2025-04-01,SHIB,5.168030355513975e-18
14,2025-04-06,2025-04-01,CBK,0.07424782413292705
14,2025-04-06,2025-04-01,AQT,5.168030355513975e-18
14,2025-04-06,2025-04-01,SAFE,0.021375827674421387
14,2025-04-06,2025-04-01,GLM,0.0072604976972772016
14,2025-04-06,2025-04-01,PEPE,5.168030355513975e-18
14,2025-04-06,2025-04-01,BONK,5.168030355513975e-18
14,2025-04-06,2025-04-01,WAVES,5.168030355513975e-18
14,2025-04-06,2025-04-01,MASK,0.04167712853803193
14,2025-04-06,2025-04-01,ATH,5.168030355513975e-18
14,2025-04-06,2025-04-01,TOKAMAK,0.14193474000011558
14,2025-04-06,2025-04-01,CARV,0.013056433215746423
14,2025-04-06,2025-04-01,MEW,5.168030355513975e-18
14,2025-04-06,2025-04-01,MNT,0.22643706961764462
14,2025-04-06,2025-04-01,PYTH,5.168030355513975e-18
14,2025-04-06,2025-04-01,SONIC,5.168030355513975e-18
14,2025-04-06,2025-04-01,GAS,5.168030355513975e-18
14,2025-04-06,2025-04-01,AKT,5.168030355513975e-18
14,2025-04-06,2025-04-01,BIGTIME,5.168030355513975e-18
14,2025-04-06,2025-04-01,DRIFT,5.168030355513975e-18
14,2025-04-07,2025-04-01,XRP,5.168030355513975e-18
14,2025-04-07,2025-04-01,BTC,0.25
14,2025-04-07,2025-04-01,ETH,0.01873081642631225
14,2025-04-07,2025-04-01,SOL,5.168030355513975e-18
14,2025-04-07,2025-04-01,DOGE,5.168030355513975e-18
14,2025-04-07,2025-04-01,AERGO,5.168030355513975e-18
14,2025-04-07,2025-04-01,ADA,5.168030355513975e-18
14,2025-04-07,2025-04-01,AUCTION,0.01464813709517196
14,2025-04-07,2025-04-01,ONDO,5.168030355513975e-18
14,2025-04-07,2025-04-01,SUI,5.168030355513975e-18
14,2025-04-07,2025-04-01,VIRTUAL,5.168030355513975e-18
14,2025-04-07,2025-04-01,ARDR,0.12825551172830524
14,2025-04-07,2025-04-01,MOVE,5.168030355513975e-18
14,2025-04-07,2025-04-01,AWE,0.003778742189839214
14,2025-04-07,2025-04-01,XLM,5.168030355513975e-18
14,2025-04-07,2025-04-01,AXS,5.168030355513975e-18
14,2025-04-07,2025-04-01,SNT,0.05859727168420727
14,2025-04-07,2025-04-01,QTUM,5.168030355513975e-18
14,2025-04-07,2025-04-01,ANIME,5.168030355513975e-18
14,2025-04-07,2025-04-01,PUNDIX,5.168030355513975e-18
14,2025-04-07,2025-04-01,ARK,5.168030355513975e-18
14,2025-04-07,2025-04-01,ENS,5.168030355513975e-18
14,2025-04-07,2025-04-01,LINK,5.168030355513975e-18
14,2025-04-07,2025-04-01,CRO,5.168030355513975e-18
14,2025-04-07,2025-04-01,HBAR,5.168030355513975e-18
14,2025-04-07,2025-04-01,VANA,5.168030355513975e-18
14,2025-04-07,2025-04-01,SEI,5.168030355513975e-18
14,2025-04-07,2025-04-01,STRAX,5.168030355513975e-18
14,2025-04-07,2025-04-01,KNC,5.168030355513975e-18
14,2025-04-07,2025-04-01,ME,5.168030355513975e-18
14,2025-04-07,2025-04-01,SHIB,5.168030355513975e-18
14,2025-04-07,2025-04-01,CBK,0.07424782413292705
14,2025-04-07,2025-04-01,AQT,5.168030355513975e-18
14,2025-04-07,2025-04-01,SAFE,0.021375827674421387
14,2025-04-07,2025-04-01,GLM,0.0072604976972772016
14,2025-04-07,2025-04-01,PEPE,5.168030355513975e-18
14,2025-04-07,2025-04-01,BONK,5.168030355513975e-18
14,2025-04-07,2025-04-01,WAVES,5.168030355513975e-18
14,2025-04-07,2025-04-01,MASK,0.04167712853803193
14,2025-04-07,2025-04-01,ATH,5.168030355513975e-18
14,2025-04-07,2025-04-01,TOKAMAK,0.14193474000011558
14,2025-04-07,2025-04-01,CARV,0.013056433215746423
14,2025-04-07,2025-04-01,MEW,5.168030355513975e-18
14,2025-04-07,2025-04-01,MNT,0.22643706961764462
14,2025-04-07,2025-04-01,PYTH,5.168030355513975e-18
14,2025-04-07,2025-04-01,SONIC,5.168030355513975e-18
14,2025-04-07,2025-04-01,GAS,5.168030355513975e-18
14,2025-04-07,2025-04-01,AKT,5.168030355513975e-18
14,2025-04-07,2025-04-01,BIGTIME,5.168030355513975e-18
14,2025-04-07,2025-04-01,DRIFT,5.168030355513975e-18
14,2025-04-08,2025-04-01,XRP,5.168030355513975e-18
14,2025-04-08,2025-04-01,BTC,0.25
14,2025-04-08,2025-04-01,ETH,0.01873081642631225
14,2025-04-08,2025-04-01,SOL,5.168030355513975e-18
14,2025-04-08,2025-04-01,DOGE,5.168030355513975e-18
14,2025-04-08,2025-04-01,AERGO,5.168030355513975e-18
14,2025-04-08,2025-04-01,ADA,5.168030355513975e-18
14,2025-04-08,2025-04-01,AUCTION,0.01464813709517196
14,2025-04-08,2025-04-01,ONDO,5.168030355513975e-18
14,2025-04-08,2025-04-01,SUI,5.168030355513975e-18
14,2025-04-08,2025-04-01,VIRTUAL,5.168030355513975e-18
14,2025-04-08,2025-04-01,ARDR,0.12825551172830524
14,2025-04-08,2025-04-01,MOVE,5.168030355513975e-18
14,2025-04-08,2025-04-01,AWE,0.003778742189839214
14,2025-04-08,2025-04-01,XLM,5.168030355513975e-18
14,2025-04-08,2025-04-01,AXS,5.168030355513975e-18
14,2025-04-08,2025-04-01,SNT,0.05859727168420727
14,2025-04-08,2025-04-01,QTUM,5.168030355513975e-18
14,2025-04-08,2025-04-01,ANIME,5.168030355513975e-18
14,2025-04-08,2025-04-01,PUNDIX,5.168030355513975e-18
14,2025-04-08,2025-04-01,ARK,5.168030355513975e-18
14,2025-04-08,2025-04-01,ENS,5.168030355513975e-18
14,2025-04-08,2025-04-01,LINK,5.168030355513975e-18
14,2025-04-08,2025-04-01,CRO,5.168030355513975e-18
14,2025-04-08,2025-04-01,HBAR,5.168030355513975e-18
14,2025-04-08,2025-04-01,VANA,5.168030355513975e-18
14,2025-04-08,2025-04-01,SEI,5.168030355513975e-18
14,2025-04-08,2025-04-01,STRAX,5.168030355513975e-18
14,2025-04-08,2025-04-01,KNC,5.168030355513975e-18
14,2025-04-08,2025-04-01,ME,5.168030355513975e-18
14,2025-04-08,2025-04-01,SHIB,5.168030355513975e-18
14,2025-04-08,2025-04-01,CBK,0.07424782413292705
14,2025-04-08,2025-04-01,AQT,5.168030355513975e-18
14,2025-04-08,2025-04-01,SAFE,0.021375827674421387
14,2025-04-08,2025-04-01,GLM,0.0072604976972772016
14,2025-04-08,2025-04-01,PEPE,5.168030355513975e-18
14,2025-04-08,2025-04-01,BONK,5.168030355513975e-18
14,2025-04-08,2025-04-01,WAVES,5.168030355513975e-18
14,2025-04-08,2025-04-01,MASK,0.04167712853803193
14,2025-04-08,2025-04-01,ATH,5.168030355513975e-18
14,2025-04-08,2025-04-01,TOKAMAK,0.14193474000011558
14,2025-04-08,2025-04-01,CARV,0.013056433215746423
14,2025-04-08,2025-04-01,MEW,5.168030355513975e-18
14,2025-04-08,2025-04-01,MNT,0.22643706961764462
14,2025-04-08,2025-04-01,PYTH,5.168030355513975e-18
14,2025-04-08,2025-04-01,SONIC,5.168030355513975e-18
14,2025-04-08,2025-04-01,GAS,5.168030355513975e-18
14,2025-04-08,2025-04-01,AKT,5.168030355513975e-18
14,2025-04-08,2025-04-01,BIGTIME,5.168030355513975e-18
14,2025-04-08,2025-04-01,DRIFT,5.168030355513975e-18
14,2025-04-09,2025-04-01,XRP,5.168030355513975e-18
14,2025-04-09,2025-04-01,BTC,0.25
14,2025-04-09,2025-04-01,ETH,0.01873081642631225
14,2025-04-09,2025-04-01,SOL,5.168030355513975e-18
14,2025-04-09,2025-04-01,DOGE,5.168030355513975e-18
14,2025-04-09,2025-04-01,AERGO,5.168030355513975e-18
14,2025-04-09,2025-04-01,ADA,5.168030355513975e-18
14,2025-04-09,2025-04-01,AUCTION,0.01464813709517196
14,2025-04-09,2025-04-01,ONDO,5.168030355513975e-18
14,2025-04-09,2025-04-01,SUI,5.168030355513975e-18
14,2025-04-09,2025-04-01,VIRTUAL,5.168030355513975e-18
14,2025-04-09,2025-04-01,ARDR,0.12825551172830524
14,2025-04-09,2025-04-01,MOVE,5.168030355513975e-18
14,2025-04-09,2025-04-01,AWE,0.003778742189839214
14,2025-04-09,2025-04-01,XLM,5.168030355513975e-18
14,2025-04-09,2025-04-01,AXS,5.168030355513975e-18
14,2025-04-09,2025-04-01,SNT,0.05859727168420727
14,2025-04-09,2025-04-01,QTUM,5.168030355513975e-18
14,2025-04-09,2025-04-01,ANIME,5.168030355513975e-18
14,2025-04-09,2025-04-01,PUNDIX,5.168030355513975e-18
14,2025-04-09,2025-04-01,ARK,5.168030355513975e-18
14,2025-04-09,2025-04-01,ENS,5.168030355513975e-18
14,2025-04-09,2025-04-01,LINK,5.168030355513975e-18
14,2025-04-09,2025-04-01,CRO,5.168030355513975e-18
14,2025-04-09,2025-04-01,HBAR,5.168030355513975e-18
14,2025-04-09,2025-04-01,VANA,5.168030355513975e-18
14,2025-04-09,2025-04-01,SEI,5.168030355513975e-18
14,2025-04-09,2025-04-01,STRAX,5.168030355513975e-18
14,2025-04-09,2025-04-01,KNC,5.168030355513975e-18
14,2025-04-09,2025-04-01,ME,5.168030355513975e-18
14,2025-04-09,2025-04-01,SHIB,5.168030355513975e-18
14,2025-04-09,2025-04-01,CBK,0.07424782413292705
14,2025-04-09,2025-04-01,AQT,5.168030355513975e-18
14,2025-04-09,2025-04-01,SAFE,0.021375827674421387
14,2025-04-09,2025-04-01,GLM,0.0072604976972772016
14,2025-04-09,2025-04-01,PEPE,5.168030355513975e-18
14,2025-04-09,2025-04-01,BONK,5.168030355513975e-18
14,2025-04-09,2025-04-01,WAVES,5.168030355513975e-18
14,2025-04-09,2025-04-01,MASK,0.04167712853803193
14,2025-04-09,2025-04-01,ATH,5.168030355513975e-18
14,2025-04-09,2025-04-01,TOKAMAK,0.14193474000011558
14,2025-04-09,2025-04-01,CARV,0.013056433215746423
14,2025-04-09,2025-04-01,MEW,5.168030355513975e-18
14,2025-04-09,2025-04-01,MNT,0.22643706961764462
14,2025-04-09,2025-04-01,PYTH,5.168030355513975e-18
14,2025-04-09,2025-04-01,SONIC,5.168030355513975e-18
14,2025-04-09,2025-04-01,GAS,5.168030355513975e-18
14,2025-04-09,2025-04-01,AKT,5.168030355513975e-18
14,2025-04-09,2025-04-01,BIGTIME,5.168030355513975e-18
14,2025-04-09,2025-04-01,DRIFT,5.168030355513975e-18
14,2025-04-10,2025-04-01,XRP,5.168030355513975e-18
14,2025-04-10,2025-04-01,BTC,0.25
14,2025-04-10,2025-04-01,ETH,0.01873081642631225
14,2025-04-10,2025-04-01,SOL,5.168030355513975e-18
14,2025-04-10,2025-04-01,DOGE,5.168030355513975e-18
14,2025-04-10,2025-04-01,AERGO,5.168030355513975e-18
14,2025-04-10,2025-04-01,ADA,5.168030355513975e-18
14,2025-04-10,2025-04-01,AUCTION,0.01464813709517196
14,2025-04-10,2025-04-01,ONDO,5.168030355513975e-18
14,2025-04-10,2025-04-01,SUI,5.168030355513975e-18
14,2025-04-10,2025-04-01,VIRTUAL,5.168030355513975e-18
14,2025-04-10,2025-04-01,ARDR,0.12825551172830524
14,2025-04-10,2025-04-01,MOVE,5.168030355513975e-18
14,2025-04-10,2025-04-01,AWE,0.003778742189839214
14,2025-04-10,2025-04-01,XLM,5.168030355513975e-18
14,2025-04-10,2025-04-01,AXS,5.168030355513975e-18
14,2025-04-10,2025-04-01,SNT,0.05859727168420727
14,2025-04-10,2025-04-01,QTUM,5.168030355513975e-18
14,2025-04-10,2025-04-01,ANIME,5.168030355513975e-18
14,2025-04-10,2025-04-01,PUNDIX,5.168030355513975e-18
14,2025-04-10,2025-04-01,ARK,5.168030355513975e-18
14,2025-04-10,2025-04-01,ENS,5.168030355513975e-18
14,2025-04-10,2025-04-01,LINK,5.168030355513975e-18
14,2025-04-10,2025-04-01,CRO,5.168030355513975e-18
14,2025-04-10,2025-04-01,HBAR,5.168030355513975e-18
14,2025-04-10,2025-04-01,VANA,5.168030355513975e-18
14,2025-04-10,2025-04-01,SEI,5.168030355513975e-18
14,2025-04-10,2025-04-01,STRAX,5.168030355513975e-18
14,2025-04-10,2025-04-01,KNC,5.168030355513975e-18
14,2025-04-10,2025-04-01,ME,5.168030355513975e-18
14,2025-04-10,2025-04-01,SHIB,5.168030355513975e-18
14,2025-04-10,2025-04-01,CBK,0.07424782413292705
14,2025-04-10,2025-04-01,AQT,5.168030355513975e-18
14,2025-04-10,2025-04-01,SAFE,0.021375827674421387
14,2025-04-10,2025-04-01,GLM,0.0072604976972772016
14,2025-04-10,2025-04-01,PEPE,5.168030355513975e-18
14,2025-04-10,2025-04-01,BONK,5.168030355513975e-18
14,2025-04-10,2025-04-01,WAVES,5.168030355513975e-18
14,2025-04-10,2025-04-01,MASK,0.04167712853803193
14,2025-04-10,2025-04-01,ATH,5.168030355513975e-18
14,2025-04-10,2025-04-01,TOKAMAK,0.14193474000011558
14,2025-04-10,2025-04-01,CARV,0.013056433215746423
14,2025-04-10,2025-04-01,MEW,5.168030355513975e-18
14,2025-04-10,2025-04-01,MNT,0.22643706961764462
14,2025-04-10,2025-04-01,PYTH,5.168030355513975e-18
14,2025-04-10,2025-04-01,SONIC,5.168030355513975e-18
14,2025-04-10,2025-04-01,GAS,5.168030355513975e-18
14,2025-04-10,2025-04-01,AKT,5.168030355513975e-18
14,2025-04-10,2025-04-01,BIGTIME,5.168030355513975e-18
14,2025-04-10,2025-04-01,DRIFT,5.168030355513975e-18
14,2025-04-11,2025-04-01,XRP,5.168030355513975e-18
14,2025-04-11,2025-04-01,BTC,0.25
14,2025-04-11,2025-04-01,ETH,0.01873081642631225
14,2025-04-11,2025-04-01,SOL,5.168030355513975e-18
14,2025-04-11,2025-04-01,DOGE,5.168030355513975e-18
14,2025-04-11,2025-04-01,AERGO,5.168030355513975e-18
14,2025-04-11,2025-04-01,ADA,5.168030355513975e-18
14,2025-04-11,2025-04-01,AUCTION,0.01464813709517196
14,2025-04-11,2025-04-01,ONDO,5.168030355513975e-18
14,2025-04-11,2025-04-01,SUI,5.168030355513975e-18
14,2025-04-11,2025-04-01,VIRTUAL,5.168030355513975e-18
14,2025-04-11,2025-04-01,ARDR,0.12825551172830524
14,2025-04-11,2025-04-01,MOVE,5.168030355513975e-18
14,2025-04-11,2025-04-01,AWE,0.003778742189839214
14,2025-04-11,2025-04-01,XLM,5.168030355513975e-18
14,2025-04-11,2025-04-01,AXS,5.168030355513975e-18
14,2025-04-11,2025-04-01,SNT,0.05859727168420727
14,2025-04-11,2025-04-01,QTUM,5.168030355513975e-18
14,2025-04-11,2025-04-01,ANIME,5.168030355513975e-18
14,2025-04-11,2025-04-01,PUNDIX,5.168030355513975e-18
14,2025-04-11,2025-04-01,ARK,5.168030355513975e-18
14,2025-04-11,2025-04-01,ENS,5.168030355513975e-18
14,2025-04-11,2025-04-01,LINK,5.168030355513975e-18
14,2025-04-11,2025-04-01,CRO,5.168030355513975e-18
14,2025-04-11,2025-04-01,HBAR,5.168030355513975e-18
14,2025-04-11,2025-04-01,VANA,5.168030355513975e-18
14,2025-04-11,2025-04-01,SEI,5.168030355513975e-18
14,2025-04-11,2025-04-01,STRAX,5.168030355513975e-18
14,2025-04-11,2025-04-01,KNC,5.168030355513975e-18
14,2025-04-11,2025-04-01,ME,5.168030355513975e-18
14,2025-04-11,2025-04-01,SHIB,5.168030355513975e-18
14,2025-04-11,2025-04-01,CBK,0.07424782413292705
14,2025-04-11,2025-04-01,AQT,5.168030355513975e-18
14,2025-04-11,2025-04-01,SAFE,0.021375827674421387
14,2025-04-11,2025-04-01,GLM,0.0072604976972772016
14,2025-04-11,2025-04-01,PEPE,5.168030355513975e-18
14,2025-04-11,2025-04-01,BONK,5.168030355513975e-18
14,2025-04-11,2025-04-01,WAVES,5.168030355513975e-18
14,2025-04-11,2025-04-01,MASK,0.04167712853803193
14,2025-04-11,2025-04-01,ATH,5.168030355513975e-18
14,2025-04-11,2025-04-01,TOKAMAK,0.14193474000011558
14,2025-04-11,2025-04-01,CARV,0.013056433215746423
14,2025-04-11,2025-04-01,MEW,5.168030355513975e-18
14,2025-04-11,2025-04-01,MNT,0.22643706961764462
14,2025-04-11,2025-04-01,PYTH,5.168030355513975e-18
14,2025-04-11,2025-04-01,SONIC,5.168030355513975e-18
14,2025-04-11,2025-04-01,GAS,5.168030355513975e-18
14,2025-04-11,2025-04-01,AKT,5.168030355513975e-18
14,2025-04-11,2025-04-01,BIGTIME,5.168030355513975e-18
14,2025-04-11,2025-04-01,DRIFT,5.168030355513975e-18
14,2025-04-12,2025-04-01,XRP,5.168030355513975e-18
14,2025-04-12,2025-04-01,BTC,0.25
14,2025-04-12,2025-04-01,ETH,0.01873081642631225
14,2025-04-12,2025-04-01,SOL,5.168030355513975e-18
14,2025-04-12,2025-04-01,DOGE,5.168030355513975e-18
14,2025-04-12,2025-04-01,AERGO,5.168030355513975e-18
14,2025-04-12,2025-04-01,ADA,5.168030355513975e-18
14,2025-04-12,2025-04-01,AUCTION,0.01464813709517196
14,2025-04-12,2025-04-01,ONDO,5.168030355513975e-18
14,2025-04-12,2025-04-01,SUI,5.168030355513975e-18
14,2025-04-12,2025-04-01,VIRTUAL,5.168030355513975e-18
14,2025-04-12,2025-04-01,ARDR,0.12825551172830524
14,2025-04-12,2025-04-01,MOVE,5.168030355513975e-18
14,2025-04-12,2025-04-01,AWE,0.003778742189839214
14,2025-04-12,2025-04-01,XLM,5.168030355513975e-18
14,2025-04-12,2025-04-01,AXS,5.168030355513975e-18
14,2025-04-12,2025-04-01,SNT,0.05859727168420727
14,2025-04-12,2025-04-01,QTUM,5.168030355513975e-18
14,2025-04-12,2025-04-01,ANIME,5.168030355513975e-18
14,2025-04-12,2025-04-01,PUNDIX,5.168030355513975e-18
14,2025-04-12,2025-04-01,ARK,5.168030355513975e-18
14,2025-04-12,2025-04-01,ENS,5.168030355513975e-18
14,2025-04-12,2025-04-01,LINK,5.168030355513975e-18
14,2025-04-12,2025-04-01,CRO,5.168030355513975e-18
14,2025-04-12,2025-04-01,HBAR,5.168030355513975e-18
14,2025-04-12,2025-04-01,VANA,5.168030355513975e-18
14,2025-04-12,2025-04-01,SEI,5.168030355513975e-18
14,2025-04-12,2025-04-01,STRAX,5.168030355513975e-18
14,2025-04-12,2025-04-01,KNC,5.168030355513975e-18
14,2025-04-12,2025-04-01,ME,5.168030355513975e-18
14,2025-04-12,2025-04-01,SHIB,5.168030355513975e-18
14,2025-04-12,2025-04-01,CBK,0.07424782413292705
14,2025-04-12,2025-04-01,AQT,5.168030355513975e-18
14,2025-04-12,2025-04-01,SAFE,0.021375827674421387
14,2025-04-12,2025-04-01,GLM,0.0072604976972772016
14,2025-04-12,2025-04-01,PEPE,5.168030355513975e-18
14,2025-04-12,2025-04-01,BONK,5.168030355513975e-18
14,2025-04-12,2025-04-01,WAVES,5.168030355513975e-18
14,2025-04-12,2025-04-01,MASK,0.04167712853803193
14,2025-04-12,2025-04-01,ATH,5.168030355513975e-18
14,2025-04-12,2025-04-01,TOKAMAK,0.14193474000011558
14,2025-04-12,2025-04-01,CARV,0.013056433215746423
14,2025-04-12,2025-04-01,MEW,5.168030355513975e-18
14,2025-04-12,2025-04-01,MNT,0.22643706961764462
14,2025-04-12,2025-04-01,PYTH,5.168030355513975e-18
14,2025-04-12,2025-04-01,SONIC,5.168030355513975e-18
14,2025-04-12,2025-04-01,GAS,5.168030355513975e-18
14,2025-04-12,2025-04-01,AKT,5.168030355513975e-18
14,2025-04-12,2025-04-01,BIGTIME,5.168030355513975e-18
14,2025-04-12,2025-04-01,DRIFT,5.168030355513975e-18
14,2025-04-13,2025-04-01,XRP,5.168030355513975e-18
14,2025-04-13,2025-04-01,BTC,0.25
14,2025-04-13,2025-04-01,ETH,0.01873081642631225
14,2025-04-13,2025-04-01,SOL,5.168030355513975e-18
14,2025-04-13,2025-04-01,DOGE,5.168030355513975e-18
14,2025-04-13,2025-04-01,AERGO,5.168030355513975e-18
14,2025-04-13,2025-04-01,ADA,5.168030355513975e-18
14,2025-04-13,2025-04-01,AUCTION,0.01464813709517196
14,2025-04-13,2025-04-01,ONDO,5.168030355513975e-18
14,2025-04-13,2025-04-01,SUI,5.168030355513975e-18
14,2025-04-13,2025-04-01,VIRTUAL,5.168030355513975e-18
14,2025-04-13,2025-04-01,ARDR,0.12825551172830524
14,2025-04-13,2025-04-01,MOVE,5.168030355513975e-18
14,2025-04-13,2025-04-01,AWE,0.003778742189839214
14,2025-04-13,2025-04-01,XLM,5.168030355513975e-18
14,2025-04-13,2025-04-01,AXS,5.168030355513975e-18
14,2025-04-13,2025-04-01,SNT,0.05859727168420727
14,2025-04-13,2025-04-01,QTUM,5.168030355513975e-18
14,2025-04-13,2025-04-01,ANIME,5.168030355513975e-18
14,2025-04-13,2025-04-01,PUNDIX,5.168030355513975e-18
14,2025-04-13,2025-04-01,ARK,5.168030355513975e-18
14,2025-04-13,2025-04-01,ENS,5.168030355513975e-18
14,2025-04-13,2025-04-01,LINK,5.168030355513975e-18
14,2025-04-13,2025-04-01,CRO,5.168030355513975e-18
14,2025-04-13,2025-04-01,HBAR,5.168030355513975e-18
14,2025-04-13,2025-04-01,VANA,5.168030355513975e-18
14,2025-04-13,2025-04-01,SEI,5.168030355513975e-18
14,2025-04-13,2025-04-01,STRAX,5.168030355513975e-18
14,2025-04-13,2025-04-01,KNC,5.168030355513975e-18
14,2025-04-13,2025-04-01,ME,5.168030355513975e-18
14,2025-04-13,2025-04-01,SHIB,5.168030355513975e-18
14,2025-04-13,2025-04-01,CBK,0.07424782413292705
14,2025-04-13,2025-04-01,AQT,5.168030355513975e-18
14,2025-04-13,2025-04-01,SAFE,0.021375827674421387
14,2025-04-13,2025-04-01,GLM,0.0072604976972772016
14,2025-04-13,2025-04-01,PEPE,5.168030355513975e-18
14,2025-04-13,2025-04-01,BONK,5.168030355513975e-18
14,2025-04-13,2025-04-01,WAVES,5.168030355513975e-18
14,2025-04-13,2025-04-01,MASK,0.04167712853803193
14,2025-04-13,2025-04-01,ATH,5.168030355513975e-18
14,2025-04-13,2025-04-01,TOKAMAK,0.14193474000011558
14,2025-04-13,2025-04-01,CARV,0.013056433215746423
14,2025-04-13,2025-04-01,MEW,5.168030355513975e-18
14,2025-04-13,2025-04-01,MNT,0.22643706961764462
14,2025-04-13,2025-04-01,PYTH,5.168030355513975e-18
14,2025-04-13,2025-04-01,SONIC,5.168030355513975e-18
14,2025-04-13,2025-04-01,GAS,5.168030355513975e-18
14,2025-04-13,2025-04-01,AKT,5.168030355513975e-18
14,2025-04-13,2025-04-01,BIGTIME,5.168030355513975e-18
14,2025-04-13,2025-04-01,DRIFT,5.168030355513975e-18
14,2025-04-14,2025-04-01,XRP,5.168030355513975e-18
14,2025-04-14,2025-04-01,BTC,0.25
14,2025-04-14,2025-04-01,ETH,0.01873081642631225
14,2025-04-14,2025-04-01,SOL,5.168030355513975e-18
14,2025-04-14,2025-04-01,DOGE,5.168030355513975e-18
14,2025-04-14,2025-04-01,AERGO,5.168030355513975e-18
14,2025-04-14,2025-04-01,ADA,5.168030355513975e-18
14,2025-04-14,2025-04-01,AUCTION,0.01464813709517196
14,2025-04-14,2025-04-01,ONDO,5.168030355513975e-18
14,2025-04-14,2025-04-01,SUI,5.168030355513975e-18
14,2025-04-14,2025-04-01,VIRTUAL,5.168030355513975e-18
14,2025-04-14,2025-04-01,ARDR,0.12825551172830524
14,2025-04-14,2025-04-01,MOVE,5.168030355513975e-18
14,2025-04-14,2025-04-01,AWE,0.003778742189839214
14,2025-04-14,2025-04-01,XLM,5.168030355513975e-18
14,2025-04-14,2025-04-01,AXS,5.168030355513975e-18
14,2025-04-14,2025-04-01,SNT,0.05859727168420727
14,2025-04-14,2025-04-01,QTUM,5.168030355513975e-18
14,2025-04-14,2025-04-01,ANIME,5.168030355513975e-18
14,2025-04-14,2025-04-01,PUNDIX,5.168030355513975e-18
14,2025-04-14,2025-04-01,ARK,5.168030355513975e-18
14,2025-04-14,2025-04-01,ENS,5.168030355513975e-18
14,2025-04-14,2025-04-01,LINK,5.168030355513975e-18
14,2025-04-14,2025-04-01,CRO,5.168030355513975e-18
14,2025-04-14,2025-04-01,HBAR,5.168030355513975e-18
14,2025-04-14,2025-04-01,VANA,5.168030355513975e-18
14,2025-04-14,2025-04-01,SEI,5.168030355513975e-18
14,2025-04-14,2025-04-01,STRAX,5.168030355513975e-18
14,2025-04-14,2025-04-01,KNC,5.168030355513975e-18
14,2025-04-14,2025-04-01,ME,5.168030355513975e-18
14,2025-04-14,2025-04-01,SHIB,5.168030355513975e-18
14,2025-04-14,2025-04-01,CBK,0.07424782413292705
14,2025-04-14,2025-04-01,AQT,5.168030355513975e-18
14,2025-04-14,2025-04-01,SAFE,0.021375827674421387
14,2025-04-14,2025-04-01,GLM,0.0072604976972772016
14,2025-04-14,2025-04-01,PEPE,5.168030355513975e-18
14,2025-04-14,2025-04-01,BONK,5.168030355513975e-18
14,2025-04-14,2025-04-01,WAVES,5.168030355513975e-18
14,2025-04-14,2025-04-01,MASK,0.04167712853803193
14,2025-04-14,2025-04-01,ATH,5.168030355513975e-18
14,2025-04-14,2025-04-01,TOKAMAK,0.14193474000011558
14,2025-04-14,2025-04-01,CARV,0.013056433215746423
14,2025-04-14,2025-04-01,MEW,5.168030355513975e-18
14,2025-04-14,2025-04-01,MNT,0.22643706961764462
14,2025-04-14,2025-04-01,PYTH,5.168030355513975e-18
14,2025-04-14,2025-04-01,SONIC,5.168030355513975e-18
14,2025-04-14,2025-04-01,GAS,5.168030355513975e-18
14,2025-04-14,2025-04-01,AKT,5.168030355513975e-18
14,2025-04-14,2025-04-01,BIGTIME,5.168030355513975e-18
14,2025-04-14,2025-04-01,DRIFT,5.168030355513975e-18
14,2025-05-01,2025-05-01,XRP,3.903127820947816e-18
14,2025-05-01,2025-05-01,BTC,0.25
14,2025-05-01,2025-05-01,ETH,0.03684510958533511
14,2025-05-01,2025-05-01,SOL,3.903127820947816e-18
14,2025-05-01,2025-05-01,DOGE,3.903127820947816e-18
14,2025-05-01,2025-05-01,AERGO,0.00846951334997276
14,2025-05-01,2025-05-01,ADA,3.903127820947816e-18
14,2025-05-01,2025-05-01,AUCTION,0.016018553573433503
14,2025-05-01,2025-05-01,ONDO,3.903127820947816e-18
14,2025-05-01,2025-05-01,SUI,3.903127820947816e-18
14,2025-05-01,2025-05-01,VIRTUAL,3.903127820947816e-18
14,2025-05-01,2025-05-01,ARDR,0.011437961515455581
14,2025-05-01,2025-05-01,MOVE,3.903127820947816e-18
14,2025-05-01,2025-05-01,AWE,0.018944745382360385
14,2025-05-01,2025-05-01,XLM,0.0034302120705146347
14,2025-05-01,2025-05-01,AXS,3.903127820947816e-18
14,2025-05-01,2025-05-01,SNT,0.01695457254077024
14,2025-05-01,2025-05-01,QTUM,3.903127820947816e-18
14,2025-05-01,2025-05-01,ANIME,3.903127820947816e-18
14,2025-05-01,2025-05-01,PUNDIX,0.02900794717443925
14,2025-05-01,2025-05-01,ARK,0.0047056964248835265
14,2025-05-01,2025-05-01,ENS,3.903127820947816e-18
14,2025-05-01,2025-05-01,LINK,3.903127820947816e-18
14,2025-05-01,2025-05-01,CRO,3.903127820947816e-18
14,2025-05-01,2025-05-01,HBAR,3.903127820947816e-18
14,2025-05-01,2025-05-01,VANA,3.903127820947816e-18
14,2025-05-01,2025-05-01,SEI,3.903127820947816e-18
14,2025-05-01,2025-05-01,STRAX,0.024490050951539385
14,2025-05-01,2025-05-01,KNC,3.903127820947816e-18
14,2025-05-01,2025-05-01,ME,3.903127820947816e-18
14,2025-05-01,2025-05-01,SHIB,3.903127820947816e-18
14,2025-05-01,2025-05-01,CBK,0.05157225464318407
14,2025-05-01,2025-05-01,AQT,0.00909541786727987
14,2025-05-01,2025-05-01,SAFE,3.903127820947816e-18
14,2025-05-01,2025-05-01,GLM,3.903127820947816e-18
14,2025-05-01,2025-05-01,PEPE,3.903127820947816e-18
14,2025-05-01,2025-05-01,BONK,3.903127820947816e-18
14,2025-05-01,2025-05-01,WAVES,0.062256932451793735
14,2025-05-01,2025-05-01,MASK,0.0512023525411051
14,2025-05-01,2025-05-01,ATH,3.903127820947816e-18
14,2025-05-01,2025-05-01,TOKAMAK,0.1251388808704142
14,2025-05-01,2025-05-01,CARV,0.015372349658496558
14,2025-05-01,2025-05-01,MEW,3.903127820947816e-18
14,2025-05-01,2025-05-01,MNT,0.25
14,2025-05-01,2025-05-01,PYTH,3.903127820947816e-18
14,2025-05-01,2025-05-01,SONIC,3.903127820947816e-18
14,2025-05-01,2025-05-01,GAS,0.015057449399022121
14,2025-05-01,2025-05-01,AKT,3.903127820947816e-18
14,2025-05-01,2025-05-01,BIGTIME,3.903127820947816e-18
14,2025-05-01,2025-05-01,DRIFT,3.903127820947816e-18
14,2025-05-02,2025-05-01,XRP,3.903127820947816e-18
14,2025-05-02,2025-05-01,BTC,0.25
14,2025-05-02,2025-05-01,ETH,0.03684510958533511
14,2025-05-02,2025-05-01,SOL,3.903127820947816e-18
14,2025-05-02,2025-05-01,DOGE,3.903127820947816e-18
14,2025-05-02,2025-05-01,AERGO,0.00846951334997276
14,2025-05-02,2025-05-01,ADA,3.903127820947816e-18
14,2025-05-02,2025-05-01,AUCTION,0.016018553573433503
14,2025-05-02,2025-05-01,ONDO,3.903127820947816e-18
14,2025-05-02,2025-05-01,SUI,3.903127820947816e-18
14,2025-05-02,2025-05-01,VIRTUAL,3.903127820947816e-18
14,2025-05-02,2025-05-01,ARDR,0.011437961515455581
14,2025-05-02,2025-05-01,MOVE,3.903127820947816e-18
14,2025-05-02,2025-05-01,AWE,0.018944745382360385
14,2025-05-02,2025-05-01,XLM,0.0034302120705146347
14,2025-05-02,2025-05-01,AXS,3.903127820947816e-18
14,2025-05-02,2025-05-01,SNT,0.01695457254077024
14,2025-05-02,2025-05-01,QTUM,3.903127820947816e-18
14,2025-05-02,2025-05-01,ANIME,3.903127820947816e-18
14,2025-05-02,2025-05-01,PUNDIX,0.02900794717443925
14,2025-05-02,2025-05-01,ARK,0.0047056964248835265
14,2025-05-02,2025-05-01,ENS,3.903127820947816e-18
14,2025-05-02,2025-05-01,LINK,3.903127820947816e-18
14,2025-05-02,2025-05-01,CRO,3.903127820947816e-18
14,2025-05-02,2025-05-01,HBAR,3.903127820947816e-18
14,2025-05-02,2025-05-01,VANA,3.903127820947816e-18
14,2025-05-02,2025-05-01,SEI,3.903127820947816e-18
14,2025-05-02,2025-05-01,STRAX,0.024490050951539385
14,2025-05-02,2025-05-01,KNC,3.903127820947816e-18
14,2025-05-02,2025-05-01,ME,3.903127820947816e-18
14,2025-05-02,2025-05-01,SHIB,3.903127820947816e-18
14,2025-05-02,2025-05-01,CBK,0.05157225464318407
14,2025-05-02,2025-05-01,AQT,0.00909541786727987
14,2025-05-02,2025-05-01,SAFE,3.903127820947816e-18
14,2025-05-02,2025-05-01,GLM,3.903127820947816e-18
14,2025-05-02,2025-05-01,PEPE,3.903127820947816e-18
14,2025-05-02,2025-05-01,BONK,3.903127820947816e-18
14,2025-05-02,2025-05-01,WAVES,0.062256932451793735
14,2025-05-02,2025-05-01,MASK,0.0512023525411051
14,2025-05-02,2025-05-01,ATH,3.903127820947816e-18
14,2025-05-02,2025-05-01,TOKAMAK,0.1251388808704142
14,2025-05-02,2025-05-01,CARV,0.015372349658496558
14,2025-05-02,2025-05-01,MEW,3.903127820947816e-18
14,2025-05-02,2025-05-01,MNT,0.25
14,2025-05-02,2025-05-01,PYTH,3.903127820947816e-18
14,2025-05-02,2025-05-01,SONIC,3.903127820947816e-18
14,2025-05-02,2025-05-01,GAS,0.015057449399022121
14,2025-05-02,2025-05-01,AKT,3.903127820947816e-18
14,2025-05-02,2025-05-01,BIGTIME,3.903127820947816e-18
14,2025-05-02,2025-05-01,DRIFT,3.903127820947816e-18
14,2025-05-03,2025-05-01,XRP,3.903127820947816e-18
14,2025-05-03,2025-05-01,BTC,0.25
14,2025-05-03,2025-05-01,ETH,0.03684510958533511
14,2025-05-03,2025-05-01,SOL,3.903127820947816e-18
14,2025-05-03,2025-05-01,DOGE,3.903127820947816e-18
14,2025-05-03,2025-05-01,AERGO,0.00846951334997276
14,2025-05-03,2025-05-01,ADA,3.903127820947816e-18
14,2025-05-03,2025-05-01,AUCTION,0.016018553573433503
14,2025-05-03,2025-05-01,ONDO,3.903127820947816e-18
14,2025-05-03,2025-05-01,SUI,3.903127820947816e-18
14,2025-05-03,2025-05-01,VIRTUAL,3.903127820947816e-18
14,2025-05-03,2025-05-01,ARDR,0.011437961515455581
14,2025-05-03,2025-05-01,MOVE,3.903127820947816e-18
14,2025-05-03,2025-05-01,AWE,0.018944745382360385
14,2025-05-03,2025-05-01,XLM,0.0034302120705146347
14,2025-05-03,2025-05-01,AXS,3.903127820947816e-18
14,2025-05-03,2025-05-01,SNT,0.01695457254077024
14,2025-05-03,2025-05-01,QTUM,3.903127820947816e-18
14,2025-05-03,2025-05-01,ANIME,3.903127820947816e-18
14,2025-05-03,2025-05-01,PUNDIX,0.02900794717443925
14,2025-05-03,2025-05-01,ARK,0.0047056964248835265
14,2025-05-03,2025-05-01,ENS,3.903127820947816e-18
14,2025-05-03,2025-05-01,LINK,3.903127820947816e-18
14,2025-05-03,2025-05-01,CRO,3.903127820947816e-18
14,2025-05-03,2025-05-01,HBAR,3.903127820947816e-18
14,2025-05-03,2025-05-01,VANA,3.903127820947816e-18
14,2025-05-03,2025-05-01,SEI,3.903127820947816e-18
14,2025-05-03,2025-05-01,STRAX,0.024490050951539385
14,2025-05-03,2025-05-01,KNC,3.903127820947816e-18
14,2025-05-03,2025-05-01,ME,3.903127820947816e-18
14,2025-05-03,2025-05-01,SHIB,3.903127820947816e-18
14,2025-05-03,2025-05-01,CBK,0.05157225464318407
14,2025-05-03,2025-05-01,AQT,0.00909541786727987
14,2025-05-03,2025-05-01,SAFE,3.903127820947816e-18
14,2025-05-03,2025-05-01,GLM,3.903127820947816e-18
14,2025-05-03,2025-05-01,PEPE,3.903127820947816e-18
14,2025-05-03,2025-05-01,BONK,3.903127820947816e-18
14,2025-05-03,2025-05-01,WAVES,0.062256932451793735
14,2025-05-03,2025-05-01,MASK,0.0512023525411051
14,2025-05-03,2025-05-01,ATH,3.903127820947816e-18
14,2025-05-03,2025-05-01,TOKAMAK,0.1251388808704142
14,2025-05-03,2025-05-01,CARV,0.015372349658496558
14,2025-05-03,2025-05-01,MEW,3.903127820947816e-18
14,2025-05-03,2025-05-01,MNT,0.25
14,2025-05-03,2025-05-01,PYTH,3.903127820947816e-18
14,2025-05-03,2025-05-01,SONIC,3.903127820947816e-18
14,2025-05-03,2025-05-01,GAS,0.015057449399022121
14,2025-05-03,2025-05-01,AKT,3.903127820947816e-18
14,2025-05-03,2025-05-01,BIGTIME,3.903127820947816e-18
14,2025-05-03,2025-05-01,DRIFT,3.903127820947816e-18
14,2025-05-04,2025-05-01,XRP,3.903127820947816e-18
14,2025-05-04,2025-05-01,BTC,0.25
14,2025-05-04,2025-05-01,ETH,0.03684510958533511
14,2025-05-04,2025-05-01,SOL,3.903127820947816e-18
14,2025-05-04,2025-05-01,DOGE,3.903127820947816e-18
14,2025-05-04,2025-05-01,AERGO,0.00846951334997276
14,2025-05-04,2025-05-01,ADA,3.903127820947816e-18
14,2025-05-04,2025-05-01,AUCTION,0.016018553573433503
14,2025-05-04,2025-05-01,ONDO,3.903127820947816e-18
14,2025-05-04,2025-05-01,SUI,3.903127820947816e-18
14,2025-05-04,2025-05-01,VIRTUAL,3.903127820947816e-18
14,2025-05-04,2025-05-01,ARDR,0.011437961515455581
14,2025-05-04,2025-05-01,MOVE,3.903127820947816e-18
14,2025-05-04,2025-05-01,AWE,0.018944745382360385
14,2025-05-04,2025-05-01,XLM,0.0034302120705146347
14,2025-05-04,2025-05-01,AXS,3.903127820947816e-18
14,2025-05-04,2025-05-01,SNT,0.01695457254077024
14,2025-05-04,2025-05-01,QTUM,3.903127820947816e-18
14,2025-05-04,2025-05-01,ANIME,3.903127820947816e-18
14,2025-05-04,2025-05-01,PUNDIX,0.02900794717443925
14,2025-05-04,2025-05-01,ARK,0.0047056964248835265
14,2025-05-04,2025-05-01,ENS,3.903127820947816e-18
14,2025-05-04,2025-05-01,LINK,3.903127820947816e-18
14,2025-05-04,2025-05-01,CRO,3.903127820947816e-18
14,2025-05-04,2025-05-01,HBAR,3.903127820947816e-18
14,2025-05-04,2025-05-01,VANA,3.903127820947816e-18
14,2025-05-04,2025-05-01,SEI,3.903127820947816e-18
14,2025-05-04,2025-05-01,STRAX,0.024490050951539385
14,2025-05-04,2025-05-01,KNC,3.903127820947816e-18
14,2025-05-04,2025-05-01,ME,3.903127820947816e-18
14,2025-05-04,2025-05-01,SHIB,3.903127820947816e-18
14,2025-05-04,2025-05-01,CBK,0.05157225464318407
14,2025-05-04,2025-05-01,AQT,0.00909541786727987
14,2025-05-04,2025-05-01,SAFE,3.903127820947816e-18
14,2025-05-04,2025-05-01,GLM,3.903127820947816e-18
14,2025-05-04,2025-05-01,PEPE,3.903127820947816e-18
14,2025-05-04,2025-05-01,BONK,3.903127820947816e-18
14,2025-05-04,2025-05-01,WAVES,0.062256932451793735
14,2025-05-04,2025-05-01,MASK,0.0512023525411051
14,2025-05-04,2025-05-01,ATH,3.903127820947816e-18
14,2025-05-04,2025-05-01,TOKAMAK,0.1251388808704142
14,2025-05-04,2025-05-01,CARV,0.015372349658496558
14,2025-05-04,2025-05-01,MEW,3.903127820947816e-18
14,2025-05-04,2025-05-01,MNT,0.25
14,2025-05-04,2025-05-01,PYTH,3.903127820947816e-18
14,2025-05-04,2025-05-01,SONIC,3.903127820947816e-18
14,2025-05-04,2025-05-01,GAS,0.015057449399022121
14,2025-05-04,2025-05-01,AKT,3.903127820947816e-18
14,2025-05-04,2025-05-01,BIGTIME,3.903127820947816e-18
14,2025-05-04,2025-05-01,DRIFT,3.903127820947816e-18
14,2025-05-05,2025-05-01,XRP,3.903127820947816e-18
14,2025-05-05,2025-05-01,BTC,0.25
14,2025-05-05,2025-05-01,ETH,0.03684510958533511
14,2025-05-05,2025-05-01,SOL,3.903127820947816e-18
14,2025-05-05,2025-05-01,DOGE,3.903127820947816e-18
14,2025-05-05,2025-05-01,AERGO,0.00846951334997276
14,2025-05-05,2025-05-01,ADA,3.903127820947816e-18
14,2025-05-05,2025-05-01,AUCTION,0.016018553573433503
14,2025-05-05,2025-05-01,ONDO,3.903127820947816e-18
14,2025-05-05,2025-05-01,SUI,3.903127820947816e-18
14,2025-05-05,2025-05-01,VIRTUAL,3.903127820947816e-18
14,2025-05-05,2025-05-01,ARDR,0.011437961515455581
14,2025-05-05,2025-05-01,MOVE,3.903127820947816e-18
14,2025-05-05,2025-05-01,AWE,0.018944745382360385
14,2025-05-05,2025-05-01,XLM,0.0034302120705146347
14,2025-05-05,2025-05-01,AXS,3.903127820947816e-18
14,2025-05-05,2025-05-01,SNT,0.01695457254077024
14,2025-05-05,2025-05-01,QTUM,3.903127820947816e-18
14,2025-05-05,2025-05-01,ANIME,3.903127820947816e-18
14,2025-05-05,2025-05-01,PUNDIX,0.02900794717443925
14,2025-05-05,2025-05-01,ARK,0.0047056964248835265
14,2025-05-05,2025-05-01,ENS,3.903127820947816e-18
14,2025-05-05,2025-05-01,LINK,3.903127820947816e-18
14,2025-05-05,2025-05-01,CRO,3.903127820947816e-18
14,2025-05-05,2025-05-01,HBAR,3.903127820947816e-18
14,2025-05-05,2025-05-01,VANA,3.903127820947816e-18
14,2025-05-05,2025-05-01,SEI,3.903127820947816e-18
14,2025-05-05,2025-05-01,STRAX,0.024490050951539385
14,2025-05-05,2025-05-01,KNC,3.903127820947816e-18
14,2025-05-05,2025-05-01,ME,3.903127820947816e-18
14,2025-05-05,2025-05-01,SHIB,3.903127820947816e-18
14,2025-05-05,2025-05-01,CBK,0.05157225464318407
14,2025-05-05,2025-05-01,AQT,0.00909541786727987
14,2025-05-05,2025-05-01,SAFE,3.903127820947816e-18
14,2025-05-05,2025-05-01,GLM,3.903127820947816e-18
14,2025-05-05,2025-05-01,PEPE,3.903127820947816e-18
14,2025-05-05,2025-05-01,BONK,3.903127820947816e-18
14,2025-05-05,2025-05-01,WAVES,0.062256932451793735
14,2025-05-05,2025-05-01,MASK,0.0512023525411051
14,2025-05-05,2025-05-01,ATH,3.903127820947816e-18
14,2025-05-05,2025-05-01,TOKAMAK,0.1251388808704142
14,2025-05-05,2025-05-01,CARV,0.015372349658496558
14,2025-05-05,2025-05-01,MEW,3.903127820947816e-18
14,2025-05-05,2025-05-01,MNT,0.25
14,2025-05-05,2025-05-01,PYTH,3.903127820947816e-18
14,2025-05-05,2025-05-01,SONIC,3.903127820947816e-18
14,2025-05-05,2025-05-01,GAS,0.015057449399022121
14,2025-05-05,2025-05-01,AKT,3.903127820947816e-18
14,2025-05-05,2025-05-01,BIGTIME,3.903127820947816e-18
14,2025-05-05,2025-05-01,DRIFT,3.903127820947816e-18
14,2025-05-06,2025-05-01,XRP,3.903127820947816e-18
14,2025-05-06,2025-05-01,BTC,0.25
14,2025-05-06,2025-05-01,ETH,0.03684510958533511
14,2025-05-06,2025-05-01,SOL,3.903127820947816e-18
14,2025-05-06,2025-05-01,DOGE,3.903127820947816e-18
14,2025-05-06,2025-05-01,AERGO,0.00846951334997276
14,2025-05-06,2025-05-01,ADA,3.903127820947816e-18
14,2025-05-06,2025-05-01,AUCTION,0.016018553573433503
14,2025-05-06,2025-05-01,ONDO,3.903127820947816e-18
14,2025-05-06,2025-05-01,SUI,3.903127820947816e-18
14,2025-05-06,2025-05-01,VIRTUAL,3.903127820947816e-18
14,2025-05-06,2025-05-01,ARDR,0.011437961515455581
14,2025-05-06,2025-05-01,MOVE,3.903127820947816e-18
14,2025-05-06,2025-05-01,AWE,0.018944745382360385
14,2025-05-06,2025-05-01,XLM,0.0034302120705146347
14,2025-05-06,2025-05-01,AXS,3.903127820947816e-18
14,2025-05-06,2025-05-01,SNT,0.01695457254077024
14,2025-05-06,2025-05-01,QTUM,3.903127820947816e-18
14,2025-05-06,2025-05-01,ANIME,3.903127820947816e-18
14,2025-05-06,2025-05-01,PUNDIX,0.02900794717443925
14,2025-05-06,2025-05-01,ARK,0.0047056964248835265
14,2025-05-06,2025-05-01,ENS,3.903127820947816e-18
14,2025-05-06,2025-05-01,LINK,3.903127820947816e-18
14,2025-05-06,2025-05-01,CRO,3.903127820947816e-18
14,2025-05-06,2025-05-01,HBAR,3.903127820947816e-18
14,2025-05-06,2025-05-01,VANA,3.903127820947816e-18
14,2025-05-06,2025-05-01,SEI,3.903127820947816e-18
14,2025-05-06,2025-05-01,STRAX,0.024490050951539385
14,2025-05-06,2025-05-01,KNC,3.903127820947816e-18
14,2025-05-06,2025-05-01,ME,3.903127820947816e-18
14,2025-05-06,2025-05-01,SHIB,3.903127820947816e-18
14,2025-05-06,2025-05-01,CBK,0.05157225464318407
14,2025-05-06,2025-05-01,AQT,0.00909541786727987
14,2025-05-06,2025-05-01,SAFE,3.903127820947816e-18
14,2025-05-06,2025-05-01,GLM,3.903127820947816e-18
14,2025-05-06,2025-05-01,PEPE,3.903127820947816e-18
14,2025-05-06,2025-05-01,BONK,3.903127820947816e-18
14,2025-05-06,2025-05-01,WAVES,0.062256932451793735
14,2025-05-06,2025-05-01,MASK,0.0512023525411051
14,2025-05-06,2025-05-01,ATH,3.903127820947816e-18
14,2025-05-06,2025-05-01,TOKAMAK,0.1251388808704142
14,2025-05-06,2025-05-01,CARV,0.015372349658496558
14,2025-05-06,2025-05-01,MEW,3.903127820947816e-18
14,2025-05-06,2025-05-01,MNT,0.25
14,2025-05-06,2025-05-01,PYTH,3.903127820947816e-18
14,2025-05-06,2025-05-01,SONIC,3.903127820947816e-18
14,2025-05-06,2025-05-01,GAS,0.015057449399022121
14,2025-05-06,2025-05-01,AKT,3.903127820947816e-18
14,2025-05-06,2025-05-01,BIGTIME,3.903127820947816e-18
14,2025-05-06,2025-05-01,DRIFT,3.903127820947816e-18
14,2025-05-07,2025-05-01,XRP,3.903127820947816e-18
14,2025-05-07,2025-05-01,BTC,0.25
14,2025-05-07,2025-05-01,ETH,0.03684510958533511
14,2025-05-07,2025-05-01,SOL,3.903127820947816e-18
14,2025-05-07,2025-05-01,DOGE,3.903127820947816e-18
14,2025-05-07,2025-05-01,AERGO,0.00846951334997276
14,2025-05-07,2025-05-01,ADA,3.903127820947816e-18
14,2025-05-07,2025-05-01,AUCTION,0.016018553573433503
14,2025-05-07,2025-05-01,ONDO,3.903127820947816e-18
14,2025-05-07,2025-05-01,SUI,3.903127820947816e-18
14,2025-05-07,2025-05-01,VIRTUAL,3.903127820947816e-18
14,2025-05-07,2025-05-01,ARDR,0.011437961515455581
14,2025-05-07,2025-05-01,MOVE,3.903127820947816e-18
14,2025-05-07,2025-05-01,AWE,0.018944745382360385
14,2025-05-07,2025-05-01,XLM,0.0034302120705146347
14,2025-05-07,2025-05-01,AXS,3.903127820947816e-18
14,2025-05-07,2025-05-01,SNT,0.01695457254077024
14,2025-05-07,2025-05-01,QTUM,3.903127820947816e-18
14,2025-05-07,2025-05-01,ANIME,3.903127820947816e-18
14,2025-05-07,2025-05-01,PUNDIX,0.02900794717443925
14,2025-05-07,2025-05-01,ARK,0.0047056964248835265
14,2025-05-07,2025-05-01,ENS,3.903127820947816e-18
14,2025-05-07,2025-05-01,LINK,3.903127820947816e-18
14,2025-05-07,2025-05-01,CRO,3.903127820947816e-18
14,2025-05-07,2025-05-01,HBAR,3.903127820947816e-18
14,2025-05-07,2025-05-01,VANA,3.903127820947816e-18
14,2025-05-07,2025-05-01,SEI,3.903127820947816e-18
14,2025-05-07,2025-05-01,STRAX,0.024490050951539385
14,2025-05-07,2025-05-01,KNC,3.903127820947816e-18
14,2025-05-07,2025-05-01,ME,3.903127820947816e-18
14,2025-05-07,2025-05-01,SHIB,3.903127820947816e-18
14,2025-05-07,2025-05-01,CBK,0.05157225464318407
14,2025-05-07,2025-05-01,AQT,0.00909541786727987
14,2025-05-07,2025-05-01,SAFE,3.903127820947816e-18
14,2025-05-07,2025-05-01,GLM,3.903127820947816e-18
14,2025-05-07,2025-05-01,PEPE,3.903127820947816e-18
14,2025-05-07,2025-05-01,BONK,3.903127820947816e-18
14,2025-05-07,2025-05-01,WAVES,0.062256932451793735
14,2025-05-07,2025-05-01,MASK,0.0512023525411051
14,2025-05-07,2025-05-01,ATH,3.903127820947816e-18
14,2025-05-07,2025-05-01,TOKAMAK,0.1251388808704142
14,2025-05-07,2025-05-01,CARV,0.015372349658496558
14,2025-05-07,2025-05-01,MEW,3.903127820947816e-18
14,2025-05-07,2025-05-01,MNT,0.25
14,2025-05-07,2025-05-01,PYTH,3.903127820947816e-18
14,2025-05-07,2025-05-01,SONIC,3.903127820947816e-18
14,2025-05-07,2025-05-01,GAS,0.015057449399022121
14,2025-05-07,2025-05-01,AKT,3.903127820947816e-18
14,2025-05-07,2025-05-01,BIGTIME,3.903127820947816e-18
14,2025-05-07,2025-05-01,DRIFT,3.903127820947816e-18
14,2025-05-08,2025-05-01,XRP,3.903127820947816e-18
14,2025-05-08,2025-05-01,BTC,0.25
14,2025-05-08,2025-05-01,ETH,0.03684510958533511
14,2025-05-08,2025-05-01,SOL,3.903127820947816e-18
14,2025-05-08,2025-05-01,DOGE,3.903127820947816e-18
14,2025-05-08,2025-05-01,AERGO,0.00846951334997276
14,2025-05-08,2025-05-01,ADA,3.903127820947816e-18
14,2025-05-08,2025-05-01,AUCTION,0.016018553573433503
14,2025-05-08,2025-05-01,ONDO,3.903127820947816e-18
14,2025-05-08,2025-05-01,SUI,3.903127820947816e-18
14,2025-05-08,2025-05-01,VIRTUAL,3.903127820947816e-18
14,2025-05-08,2025-05-01,ARDR,0.011437961515455581
14,2025-05-08,2025-05-01,MOVE,3.903127820947816e-18
14,2025-05-08,2025-05-01,AWE,0.018944745382360385
14,2025-05-08,2025-05-01,XLM,0.0034302120705146347
14,2025-05-08,2025-05-01,AXS,3.903127820947816e-18
14,2025-05-08,2025-05-01,SNT,0.01695457254077024
14,2025-05-08,2025-05-01,QTUM,3.903127820947816e-18
14,2025-05-08,2025-05-01,ANIME,3.903127820947816e-18
14,2025-05-08,2025-05-01,PUNDIX,0.02900794717443925
14,2025-05-08,2025-05-01,ARK,0.0047056964248835265
14,2025-05-08,2025-05-01,ENS,3.903127820947816e-18
14,2025-05-08,2025-05-01,LINK,3.903127820947816e-18
14,2025-05-08,2025-05-01,CRO,3.903127820947816e-18
14,2025-05-08,2025-05-01,HBAR,3.903127820947816e-18
14,2025-05-08,2025-05-01,VANA,3.903127820947816e-18
14,2025-05-08,2025-05-01,SEI,3.903127820947816e-18
14,2025-05-08,2025-05-01,STRAX,0.024490050951539385
14,2025-05-08,2025-05-01,KNC,3.903127820947816e-18
14,2025-05-08,2025-05-01,ME,3.903127820947816e-18
14,2025-05-08,2025-05-01,SHIB,3.903127820947816e-18
14,2025-05-08,2025-05-01,CBK,0.05157225464318407
14,2025-05-08,2025-05-01,AQT,0.00909541786727987
14,2025-05-08,2025-05-01,SAFE,3.903127820947816e-18
14,2025-05-08,2025-05-01,GLM,3.903127820947816e-18
14,2025-05-08,2025-05-01,PEPE,3.903127820947816e-18
14,2025-05-08,2025-05-01,BONK,3.903127820947816e-18
14,2025-05-08,2025-05-01,WAVES,0.062256932451793735
14,2025-05-08,2025-05-01,MASK,0.0512023525411051
14,2025-05-08,2025-05-01,ATH,3.903127820947816e-18
14,2025-05-08,2025-05-01,TOKAMAK,0.1251388808704142
14,2025-05-08,2025-05-01,CARV,0.015372349658496558
14,2025-05-08,2025-05-01,MEW,3.903127820947816e-18
14,2025-05-08,2025-05-01,MNT,0.25
14,2025-05-08,2025-05-01,PYTH,3.903127820947816e-18
14,2025-05-08,2025-05-01,SONIC,3.903127820947816e-18
14,2025-05-08,2025-05-01,GAS,0.015057449399022121
14,2025-05-08,2025-05-01,AKT,3.903127820947816e-18
14,2025-05-08,2025-05-01,BIGTIME,3.903127820947816e-18
14,2025-05-08,2025-05-01,DRIFT,3.903127820947816e-18
14,2025-05-09,2025-05-01,XRP,3.903127820947816e-18
14,2025-05-09,2025-05-01,BTC,0.25
14,2025-05-09,2025-05-01,ETH,0.03684510958533511
14,2025-05-09,2025-05-01,SOL,3.903127820947816e-18
14,2025-05-09,2025-05-01,DOGE,3.903127820947816e-18
14,2025-05-09,2025-05-01,AERGO,0.00846951334997276
14,2025-05-09,2025-05-01,ADA,3.903127820947816e-18
14,2025-05-09,2025-05-01,AUCTION,0.016018553573433503
14,2025-05-09,2025-05-01,ONDO,3.903127820947816e-18
14,2025-05-09,2025-05-01,SUI,3.903127820947816e-18
14,2025-05-09,2025-05-01,VIRTUAL,3.903127820947816e-18
14,2025-05-09,2025-05-01,ARDR,0.011437961515455581
14,2025-05-09,2025-05-01,MOVE,3.903127820947816e-18
14,2025-05-09,2025-05-01,AWE,0.018944745382360385
14,2025-05-09,2025-05-01,XLM,0.0034302120705146347
14,2025-05-09,2025-05-01,AXS,3.903127820947816e-18
14,2025-05-09,2025-05-01,SNT,0.01695457254077024
14,2025-05-09,2025-05-01,QTUM,3.903127820947816e-18
14,2025-05-09,2025-05-01,ANIME,3.903127820947816e-18
14,2025-05-09,2025-05-01,PUNDIX,0.02900794717443925
14,2025-05-09,2025-05-01,ARK,0.0047056964248835265
14,2025-05-09,2025-05-01,ENS,3.903127820947816e-18
14,2025-05-09,2025-05-01,LINK,3.903127820947816e-18
14,2025-05-09,2025-05-01,CRO,3.903127820947816e-18
14,2025-05-09,2025-05-01,HBAR,3.903127820947816e-18
14,2025-05-09,2025-05-01,VANA,3.903127820947816e-18
14,2025-05-09,2025-05-01,SEI,3.903127820947816e-18
14,2025-05-09,2025-05-01,STRAX,0.024490050951539385
14,2025-05-09,2025-05-01,KNC,3.903127820947816e-18
14,2025-05-09,2025-05-01,ME,3.903127820947816e-18
14,2025-05-09,2025-05-01,SHIB,3.903127820947816e-18
14,2025-05-09,2025-05-01,CBK,0.05157225464318407
14,2025-05-09,2025-05-01,AQT,0.00909541786727987
14,2025-05-09,2025-05-01,SAFE,3.903127820947816e-18
14,2025-05-09,2025-05-01,GLM,3.903127820947816e-18
14,2025-05-09,2025-05-01,PEPE,3.903127820947816e-18
14,2025-05-09,2025-05-01,BONK,3.903127820947816e-18
14,2025-05-09,2025-05-01,WAVES,0.062256932451793735
14,2025-05-09,2025-05-01,MASK,0.0512023525411051
14,2025-05-09,2025-05-01,ATH,3.903127820947816e-18
14,2025-05-09,2025-05-01,TOKAMAK,0.1251388808704142
14,2025-05-09,2025-05-01,CARV,0.015372349658496558
14,2025-05-09,2025-05-01,MEW,3.903127820947816e-18
14,2025-05-09,2025-05-01,MNT,0.25
14,2025-05-09,2025-05-01,PYTH,3.903127820947816e-18
14,2025-05-09,2025-05-01,SONIC,3.903127820947816e-18
14,2025-05-09,2025-05-01,GAS,0.015057449399022121
14,2025-05-09,2025-05-01,AKT,3.903127820947816e-18
14,2025-05-09,2025-05-01,BIGTIME,3.903127820947816e-18
14,2025-05-09,2025-05-01,DRIFT,3.903127820947816e-18
14,2025-05-10,2025-05-01,XRP,3.903127820947816e-18
14,2025-05-10,2025-05-01,BTC,0.25
14,2025-05-10,2025-05-01,ETH,0.03684510958533511
14,2025-05-10,2025-05-01,SOL,3.903127820947816e-18
14,2025-05-10,2025-05-01,DOGE,3.903127820947816e-18
14,2025-05-10,2025-05-01,AERGO,0.00846951334997276
14,2025-05-10,2025-05-01,ADA,3.903127820947816e-18
14,2025-05-10,2025-05-01,AUCTION,0.016018553573433503
14,2025-05-10,2025-05-01,ONDO,3.903127820947816e-18
14,2025-05-10,2025-05-01,SUI,3.903127820947816e-18
14,2025-05-10,2025-05-01,VIRTUAL,3.903127820947816e-18
14,2025-05-10,2025-05-01,ARDR,0.011437961515455581
14,2025-05-10,2025-05-01,MOVE,3.903127820947816e-18
14,2025-05-10,2025-05-01,AWE,0.018944745382360385
14,2025-05-10,2025-05-01,XLM,0.0034302120705146347
14,2025-05-10,2025-05-01,AXS,3.903127820947816e-18
14,2025-05-10,2025-05-01,SNT,0.01695457254077024
14,2025-05-10,2025-05-01,QTUM,3.903127820947816e-18
14,2025-05-10,2025-05-01,ANIME,3.903127820947816e-18
14,2025-05-10,2025-05-01,PUNDIX,0.02900794717443925
14,2025-05-10,2025-05-01,ARK,0.0047056964248835265
14,2025-05-10,2025-05-01,ENS,3.903127820947816e-18
14,2025-05-10,2025-05-01,LINK,3.903127820947816e-18
14,2025-05-10,2025-05-01,CRO,3.903127820947816e-18
14,2025-05-10,2025-05-01,HBAR,3.903127820947816e-18
14,2025-05-10,2025-05-01,VANA,3.903127820947816e-18
14,2025-05-10,2025-05-01,SEI,3.903127820947816e-18
14,2025-05-10,2025-05-01,STRAX,0.024490050951539385
14,2025-05-10,2025-05-01,KNC,3.903127820947816e-18
14,2025-05-10,2025-05-01,ME,3.903127820947816e-18
14,2025-05-10,2025-05-01,SHIB,3.903127820947816e-18
14,2025-05-10,2025-05-01,CBK,0.05157225464318407
14,2025-05-10,2025-05-01,AQT,0.00909541786727987
14,2025-05-10,2025-05-01,SAFE,3.903127820947816e-18
14,2025-05-10,2025-05-01,GLM,3.903127820947816e-18
14,2025-05-10,2025-05-01,PEPE,3.903127820947816e-18
14,2025-05-10,2025-05-01,BONK,3.903127820947816e-18
14,2025-05-10,2025-05-01,WAVES,0.062256932451793735
14,2025-05-10,2025-05-01,MASK,0.0512023525411051
14,2025-05-10,2025-05-01,ATH,3.903127820947816e-18
14,2025-05-10,2025-05-01,TOKAMAK,0.1251388808704142
14,2025-05-10,2025-05-01,CARV,0.015372349658496558
14,2025-05-10,2025-05-01,MEW,3.903127820947816e-18
14,2025-05-10,2025-05-01,MNT,0.25
14,2025-05-10,2025-05-01,PYTH,3.903127820947816e-18
14,2025-05-10,2025-05-01,SONIC,3.903127820947816e-18
14,2025-05-10,2025-05-01,GAS,0.015057449399022121
14,2025-05-10,2025-05-01,AKT,3.903127820947816e-18
14,2025-05-10,2025-05-01,BIGTIME,3.903127820947816e-18
14,2025-05-10,2025-05-01,DRIFT,3.903127820947816e-18
14,2025-05-11,2025-05-01,XRP,3.903127820947816e-18
14,2025-05-11,2025-05-01,BTC,0.25
14,2025-05-11,2025-05-01,ETH,0.03684510958533511
14,2025-05-11,2025-05-01,SOL,3.903127820947816e-18
14,2025-05-11,2025-05-01,DOGE,3.903127820947816e-18
14,2025-05-11,2025-05-01,AERGO,0.00846951334997276
14,2025-05-11,2025-05-01,ADA,3.903127820947816e-18
14,2025-05-11,2025-05-01,AUCTION,0.016018553573433503
14,2025-05-11,2025-05-01,ONDO,3.903127820947816e-18
14,2025-05-11,2025-05-01,SUI,3.903127820947816e-18
14,2025-05-11,2025-05-01,VIRTUAL,3.903127820947816e-18
14,2025-05-11,2025-05-01,ARDR,0.011437961515455581
14,2025-05-11,2025-05-01,MOVE,3.903127820947816e-18
14,2025-05-11,2025-05-01,AWE,0.018944745382360385
14,2025-05-11,2025-05-01,XLM,0.0034302120705146347
14,2025-05-11,2025-05-01,AXS,3.903127820947816e-18
14,2025-05-11,2025-05-01,SNT,0.01695457254077024
14,2025-05-11,2025-05-01,QTUM,3.903127820947816e-18
14,2025-05-11,2025-05-01,ANIME,3.903127820947816e-18
14,2025-05-11,2025-05-01,PUNDIX,0.02900794717443925
14,2025-05-11,2025-05-01,ARK,0.0047056964248835265
14,2025-05-11,2025-05-01,ENS,3.903127820947816e-18
14,2025-05-11,2025-05-01,LINK,3.903127820947816e-18
14,2025-05-11,2025-05-01,CRO,3.903127820947816e-18
14,2025-05-11,2025-05-01,HBAR,3.903127820947816e-18
14,2025-05-11,2025-05-01,VANA,3.903127820947816e-18
14,2025-05-11,2025-05-01,SEI,3.903127820947816e-18
14,2025-05-11,2025-05-01,STRAX,0.024490050951539385
14,2025-05-11,2025-05-01,KNC,3.903127820947816e-18
14,2025-05-11,2025-05-01,ME,3.903127820947816e-18
14,2025-05-11,2025-05-01,SHIB,3.903127820947816e-18
14,2025-05-11,2025-05-01,CBK,0.05157225464318407
14,2025-05-11,2025-05-01,AQT,0.00909541786727987
14,2025-05-11,2025-05-01,SAFE,3.903127820947816e-18
14,2025-05-11,2025-05-01,GLM,3.903127820947816e-18
14,2025-05-11,2025-05-01,PEPE,3.903127820947816e-18
14,2025-05-11,2025-05-01,BONK,3.903127820947816e-18
14,2025-05-11,2025-05-01,WAVES,0.062256932451793735
14,2025-05-11,2025-05-01,MASK,0.0512023525411051
14,2025-05-11,2025-05-01,ATH,3.903127820947816e-18
14,2025-05-11,2025-05-01,TOKAMAK,0.1251388808704142
14,2025-05-11,2025-05-01,CARV,0.015372349658496558
14,2025-05-11,2025-05-01,MEW,3.903127820947816e-18
14,2025-05-11,2025-05-01,MNT,0.25
14,2025-05-11,2025-05-01,PYTH,3.903127820947816e-18
14,2025-05-11,2025-05-01,SONIC,3.903127820947816e-18
14,2025-05-11,2025-05-01,GAS,0.015057449399022121
14,2025-05-11,2025-05-01,AKT,3.903127820947816e-18
14,2025-05-11,2025-05-01,BIGTIME,3.903127820947816e-18
14,2025-05-11,2025-05-01,DRIFT,3.903127820947816e-18
14,2025-05-12,2025-05-01,XRP,3.903127820947816e-18
14,2025-05-12,2025-05-01,BTC,0.25
14,2025-05-12,2025-05-01,ETH,0.03684510958533511
14,2025-05-12,2025-05-01,SOL,3.903127820947816e-18
14,2025-05-12,2025-05-01,DOGE,3.903127820947816e-18
14,2025-05-12,2025-05-01,AERGO,0.00846951334997276
14,2025-05-12,2025-05-01,ADA,3.903127820947816e-18
14,2025-05-12,2025-05-01,AUCTION,0.016018553573433503
14,2025-05-12,2025-05-01,ONDO,3.903127820947816e-18
14,2025-05-12,2025-05-01,SUI,3.903127820947816e-18
14,2025-05-12,2025-05-01,VIRTUAL,3.903127820947816e-18
14,2025-05-12,2025-05-01,ARDR,0.011437961515455581
14,2025-05-12,2025-05-01,MOVE,3.903127820947816e-18
14,2025-05-12,2025-05-01,AWE,0.018944745382360385
14,2025-05-12,2025-05-01,XLM,0.0034302120705146347
14,2025-05-12,2025-05-01,AXS,3.903127820947816e-18
14,2025-05-12,2025-05-01,SNT,0.01695457254077024
14,2025-05-12,2025-05-01,QTUM,3.903127820947816e-18
14,2025-05-12,2025-05-01,ANIME,3.903127820947816e-18
14,2025-05-12,2025-05-01,PUNDIX,0.02900794717443925
14,2025-05-12,2025-05-01,ARK,0.0047056964248835265
14,2025-05-12,2025-05-01,ENS,3.903127820947816e-18
14,2025-05-12,2025-05-01,LINK,3.903127820947816e-18
14,2025-05-12,2025-05-01,CRO,3.903127820947816e-18
14,2025-05-12,2025-05-01,HBAR,3.903127820947816e-18
14,2025-05-12,2025-05-01,VANA,3.903127820947816e-18
14,2025-05-12,2025-05-01,SEI,3.903127820947816e-18
14,2025-05-12,2025-05-01,STRAX,0.024490050951539385
14,2025-05-12,2025-05-01,KNC,3.903127820947816e-18
14,2025-05-12,2025-05-01,ME,3.903127820947816e-18
14,2025-05-12,2025-05-01,SHIB,3.903127820947816e-18
14,2025-05-12,2025-05-01,CBK,0.05157225464318407
14,2025-05-12,2025-05-01,AQT,0.00909541786727987
14,2025-05-12,2025-05-01,SAFE,3.903127820947816e-18
14,2025-05-12,2025-05-01,GLM,3.903127820947816e-18
14,2025-05-12,2025-05-01,PEPE,3.903127820947816e-18
14,2025-05-12,2025-05-01,BONK,3.903127820947816e-18
14,2025-05-12,2025-05-01,WAVES,0.062256932451793735
14,2025-05-12,2025-05-01,MASK,0.0512023525411051
14,2025-05-12,2025-05-01,ATH,3.903127820947816e-18
14,2025-05-12,2025-05-01,TOKAMAK,0.1251388808704142
14,2025-05-12,2025-05-01,CARV,0.015372349658496558
14,2025-05-12,2025-05-01,MEW,3.903127820947816e-18
14,2025-05-12,2025-05-01,MNT,0.25
14,2025-05-12,2025-05-01,PYTH,3.903127820947816e-18
14,2025-05-12,2025-05-01,SONIC,3.903127820947816e-18
14,2025-05-12,2025-05-01,GAS,0.015057449399022121
14,2025-05-12,2025-05-01,AKT,3.903127820947816e-18
14,2025-05-12,2025-05-01,BIGTIME,3.903127820947816e-18
14,2025-05-12,2025-05-01,DRIFT,3.903127820947816e-18
14,2025-05-13,2025-05-01,XRP,3.903127820947816e-18
14,2025-05-13,2025-05-01,BTC,0.25
14,2025-05-13,2025-05-01,ETH,0.03684510958533511
14,2025-05-13,2025-05-01,SOL,3.903127820947816e-18
14,2025-05-13,2025-05-01,DOGE,3.903127820947816e-18
14,2025-05-13,2025-05-01,AERGO,0.00846951334997276
14,2025-05-13,2025-05-01,ADA,3.903127820947816e-18
14,2025-05-13,2025-05-01,AUCTION,0.016018553573433503
14,2025-05-13,2025-05-01,ONDO,3.903127820947816e-18
14,2025-05-13,2025-05-01,SUI,3.903127820947816e-18
14,2025-05-13,2025-05-01,VIRTUAL,3.903127820947816e-18
14,2025-05-13,2025-05-01,ARDR,0.011437961515455581
14,2025-05-13,2025-05-01,MOVE,3.903127820947816e-18
14,2025-05-13,2025-05-01,AWE,0.018944745382360385
14,2025-05-13,2025-05-01,XLM,0.0034302120705146347
14,2025-05-13,2025-05-01,AXS,3.903127820947816e-18
14,2025-05-13,2025-05-01,SNT,0.01695457254077024
14,2025-05-13,2025-05-01,QTUM,3.903127820947816e-18
14,2025-05-13,2025-05-01,ANIME,3.903127820947816e-18
14,2025-05-13,2025-05-01,PUNDIX,0.02900794717443925
14,2025-05-13,2025-05-01,ARK,0.0047056964248835265
14,2025-05-13,2025-05-01,ENS,3.903127820947816e-18
14,2025-05-13,2025-05-01,LINK,3.903127820947816e-18
14,2025-05-13,2025-05-01,CRO,3.903127820947816e-18
14,2025-05-13,2025-05-01,HBAR,3.903127820947816e-18
14,2025-05-13,2025-05-01,VANA,3.903127820947816e-18
14,2025-05-13,2025-05-01,SEI,3.903127820947816e-18
14,2025-05-13,2025-05-01,STRAX,0.024490050951539385
14,2025-05-13,2025-05-01,KNC,3.903127820947816e-18
14,2025-05-13,2025-05-01,ME,3.903127820947816e-18
14,2025-05-13,2025-05-01,SHIB,3.903127820947816e-18
14,2025-05-13,2025-05-01,CBK,0.05157225464318407
14,2025-05-13,2025-05-01,AQT,0.00909541786727987
14,2025-05-13,2025-05-01,SAFE,3.903127820947816e-18
14,2025-05-13,2025-05-01,GLM,3.903127820947816e-18
14,2025-05-13,2025-05-01,PEPE,3.903127820947816e-18
14,2025-05-13,2025-05-01,BONK,3.903127820947816e-18
14,2025-05-13,2025-05-01,WAVES,0.062256932451793735
14,2025-05-13,2025-05-01,MASK,0.0512023525411051
14,2025-05-13,2025-05-01,ATH,3.903127820947816e-18
14,2025-05-13,2025-05-01,TOKAMAK,0.1251388808704142
14,2025-05-13,2025-05-01,CARV,0.015372349658496558
14,2025-05-13,2025-05-01,MEW,3.903127820947816e-18
14,2025-05-13,2025-05-01,MNT,0.25
14,2025-05-13,2025-05-01,PYTH,3.903127820947816e-18
14,2025-05-13,2025-05-01,SONIC,3.903127820947816e-18
14,2025-05-13,2025-05-01,GAS,0.015057449399022121
14,2025-05-13,2025-05-01,AKT,3.903127820947816e-18
14,2025-05-13,2025-05-01,BIGTIME,3.903127820947816e-18
14,2025-05-13,2025-05-01,DRIFT,3.903127820947816e-18
14,2025-05-14,2025-05-01,XRP,3.903127820947816e-18
14,2025-05-14,2025-05-01,BTC,0.25
14,2025-05-14,2025-05-01,ETH,0.03684510958533511
14,2025-05-14,2025-05-01,SOL,3.903127820947816e-18
14,2025-05-14,2025-05-01,DOGE,3.903127820947816e-18
14,2025-05-14,2025-05-01,AERGO,0.00846951334997276
14,2025-05-14,2025-05-01,ADA,3.903127820947816e-18
14,2025-05-14,2025-05-01,AUCTION,0.016018553573433503
14,2025-05-14,2025-05-01,ONDO,3.903127820947816e-18
14,2025-05-14,2025-05-01,SUI,3.903127820947816e-18
14,2025-05-14,2025-05-01,VIRTUAL,3.903127820947816e-18
14,2025-05-14,2025-05-01,ARDR,0.011437961515455581
14,2025-05-14,2025-05-01,MOVE,3.903127820947816e-18
14,2025-05-14,2025-05-01,AWE,0.018944745382360385
14,2025-05-14,2025-05-01,XLM,0.0034302120705146347
14,2025-05-14,2025-05-01,AXS,3.903127820947816e-18
14,2025-05-14,2025-05-01,SNT,0.01695457254077024
14,2025-05-14,2025-05-01,QTUM,3.903127820947816e-18
14,2025-05-14,2025-05-01,ANIME,3.903127820947816e-18
14,2025-05-14,2025-05-01,PUNDIX,0.02900794717443925
14,2025-05-14,2025-05-01,ARK,0.0047056964248835265
14,2025-05-14,2025-05-01,ENS,3.903127820947816e-18
14,2025-05-14,2025-05-01,LINK,3.903127820947816e-18
14,2025-05-14,2025-05-01,CRO,3.903127820947816e-18
14,2025-05-14,2025-05-01,HBAR,3.903127820947816e-18
14,2025-05-14,2025-05-01,VANA,3.903127820947816e-18
14,2025-05-14,2025-05-01,SEI,3.903127820947816e-18
14,2025-05-14,2025-05-01,STRAX,0.024490050951539385
14,2025-05-14,2025-05-01,KNC,3.903127820947816e-18
14,2025-05-14,2025-05-01,ME,3.903127820947816e-18
14,2025-05-14,2025-05-01,SHIB,3.903127820947816e-18
14,2025-05-14,2025-05-01,CBK,0.05157225464318407
14,2025-05-14,2025-05-01,AQT,0.00909541786727987
14,2025-05-14,2025-05-01,SAFE,3.903127820947816e-18
14,2025-05-14,2025-05-01,GLM,3.903127820947816e-18
14,2025-05-14,2025-05-01,PEPE,3.903127820947816e-18
14,2025-05-14,2025-05-01,BONK,3.903127820947816e-18
14,2025-05-14,2025-05-01,WAVES,0.062256932451793735
14,2025-05-14,2025-05-01,MASK,0.0512023525411051
14,2025-05-14,2025-05-01,ATH,3.903127820947816e-18
14,2025-05-14,2025-05-01,TOKAMAK,0.1251388808704142
14,2025-05-14,2025-05-01,CARV,0.015372349658496558
14,2025-05-14,2025-05-01,MEW,3.903127820947816e-18
14,2025-05-14,2025-05-01,MNT,0.25
14,2025-05-14,2025-05-01,PYTH,3.903127820947816e-18
14,2025-05-14,2025-05-01,SONIC,3.903127820947816e-18
14,2025-05-14,2025-05-01,GAS,0.015057449399022121
14,2025-05-14,2025-05-01,AKT,3.903127820947816e-18
14,2025-05-14,2025-05-01,BIGTIME,3.903127820947816e-18
14,2025-05-14,2025-05-01,DRIFT,3.903127820947816e-18
14,2025-06-01,2025-06-01,XRP,0.10208088339906267
14,2025-06-01,2025-06-01,BTC,0.25
14,2025-06-01,2025-06-01,ETH,3.903127820947816e-18
14,2025-06-01,2025-06-01,SOL,3.903127820947816e-18
14,2025-06-01,2025-06-01,DOGE,3.903127820947816e-18
14,2025-06-01,2025-06-01,AERGO,0.00040391937663083414
14,2025-06-01,2025-06-01,ADA,3.903127820947816e-18
14,2025-06-01,2025-06-01,AUCTION,3.903127820947816e-18
14,2025-06-01,2025-06-01,ONDO,3.903127820947816e-18
14,2025-06-01,2025-06-01,SUI,3.903127820947816e-18
14,2025-06-01,2025-06-01,VIRTUAL,3.903127820947816e-18
14,2025-06-01,2025-06-01,ARDR,0.02322052369476364
14,2025-06-01,2025-06-01,MOVE,3.903127820947816e-18
14,2025-06-01,2025-06-01,AWE,0.012665354640968516
14,2025-06-01,2025-06-01,XLM,3.903127820947816e-18
14,2025-06-01,2025-06-01,AXS,3.903127820947816e-18
14,2025-06-01,2025-06-01,SNT,0.0033245585799528896
14,2025-06-01,2025-06-01,QTUM,3.903127820947816e-18
14,2025-06-01,2025-06-01,ANIME,3.903127820947816e-18
14,2025-06-01,2025-06-01,PUNDIX,0.004768503149526438
14,2025-06-01,2025-06-01,ARK,3.903127820947816e-18
14,2025-06-01,2025-06-01,ENS,3.903127820947816e-18
14,2025-06-01,2025-06-01,LINK,3.903127820947816e-18
14,2025-06-01,2025-06-01,CRO,0.03518598173020706
14,2025-06-01,2025-06-01,HBAR,3.903127820947816e-18
14,2025-06-01,2025-06-01,VANA,3.903127820947816e-18
14,2025-06-01,2025-06-01,SEI,3.903127820947816e-18
14,2025-06-01,2025-06-01,STRAX,0.028185008704692895
14,2025-06-01,2025-06-01,KNC,3.903127820947816e-18
14,2025-06-01,2025-06-01,ME,3.903127820947816e-18
14,2025-06-01,2025-06-01,SHIB,3.903127820947816e-18
14,2025-06-01,2025-06-01,CBK,0.1893823800557252
14,2025-06-01,2025-06-01,AQT,0.06295262969580578
14,2025-06-01,2025-06-01,SAFE,3.903127820947816e-18
14,2025-06-01,2025-06-01,GLM,3.903127820947816e-18
14,2025-06-01,2025-06-01,PEPE,3.903127820947816e-18
14,2025-06-01,2025-06-01,BONK,3.903127820947816e-18
14,2025-06-01,2025-06-01,WAVES,3.903127820947816e-18
14,2025-06-01,2025-06-01,MASK,0.005970529068193083
14,2025-06-01,2025-06-01,ATH,3.903127820947816e-18
14,2025-06-01,2025-06-01,TOKAMAK,0.13095638400336762
14,2025-06-01,2025-06-01,CARV,3.903127820947816e-18
14,2025-06-01,2025-06-01,MEW,3.903127820947816e-18
14,2025-06-01,2025-06-01,MNT,0.1509033439011034
14,2025-06-01,2025-06-01,PYTH,3.903127820947816e-18
14,2025-06-01,2025-06-01,SONIC,3.903127820947816e-18
14,2025-06-01,2025-06-01,GAS,3.903127820947816e-18
14,2025-06-01,2025-06-01,AKT,3.903127820947816e-18
14,2025-06-01,2025-06-01,BIGTIME,3.903127820947816e-18
14,2025-06-01,2025-06-01,DRIFT,3.903127820947816e-18
14,2025-06-02,2025-06-01,XRP,0.10208088339906267
14,2025-06-02,2025-06-01,BTC,0.25
14,2025-06-02,2025-06-01,ETH,3.903127820947816e-18
14,2025-06-02,2025-06-01,SOL,3.903127820947816e-18
14,2025-06-02,2025-06-01,DOGE,3.903127820947816e-18
14,2025-06-02,2025-06-01,AERGO,0.00040391937663083414
14,2025-06-02,2025-06-01,ADA,3.903127820947816e-18
14,2025-06-02,2025-06-01,AUCTION,3.903127820947816e-18
14,2025-06-02,2025-06-01,ONDO,3.903127820947816e-18
14,2025-06-02,2025-06-01,SUI,3.903127820947816e-18
14,2025-06-02,2025-06-01,VIRTUAL,3.903127820947816e-18
14,2025-06-02,2025-06-01,ARDR,0.02322052369476364
14,2025-06-02,2025-06-01,MOVE,3.903127820947816e-18
14,2025-06-02,2025-06-01,AWE,0.012665354640968516
14,2025-06-02,2025-06-01,XLM,3.903127820947816e-18
14,2025-06-02,2025-06-01,AXS,3.903127820947816e-18
14,2025-06-02,2025-06-01,SNT,0.0033245585799528896
14,2025-06-02,2025-06-01,QTUM,3.903127820947816e-18
14,2025-06-02,2025-06-01,ANIME,3.903127820947816e-18
14,2025-06-02,2025-06-01,PUNDIX,0.004768503149526438
14,2025-06-02,2025-06-01,ARK,3.903127820947816e-18
14,2025-06-02,2025-06-01,ENS,3.903127820947816e-18
14,2025-06-02,2025-06-01,LINK,3.903127820947816e-18
14,2025-06-02,2025-06-01,CRO,0.03518598173020706
14,2025-06-02,2025-06-01,HBAR,3.903127820947816e-18
14,2025-06-02,2025-06-01,VANA,3.903127820947816e-18
14,2025-06-02,2025-06-01,SEI,3.903127820947816e-18
14,2025-06-02,2025-06-01,STRAX,0.028185008704692895
14,2025-06-02,2025-06-01,KNC,3.903127820947816e-18
14,2025-06-02,2025-06-01,ME,3.903127820947816e-18
14,2025-06-02,2025-06-01,SHIB,3.903127820947816e-18
14,2025-06-02,2025-06-01,CBK,0.1893823800557252
14,2025-06-02,2025-06-01,AQT,0.06295262969580578
14,2025-06-02,2025-06-01,SAFE,3.903127820947816e-18
14,2025-06-02,2025-06-01,GLM,3.903127820947816e-18
14,2025-06-02,2025-06-01,PEPE,3.903127820947816e-18
14,2025-06-02,2025-06-01,BONK,3.903127820947816e-18
14,2025-06-02,2025-06-01,WAVES,3.903127820947816e-18
14,2025-06-02,2025-06-01,MASK,0.005970529068193083
14,2025-06-02,2025-06-01,ATH,3.903127820947816e-18
14,2025-06-02,2025-06-01,TOKAMAK,0.13095638400336762
14,2025-06-02,2025-06-01,CARV,3.903127820947816e-18
14,2025-06-02,2025-06-01,MEW,3.903127820947816e-18
14,2025-06-02,2025-06-01,MNT,0.1509033439011034
14,2025-06-02,2025-06-01,PYTH,3.903127820947816e-18
14,2025-06-02,2025-06-01,SONIC,3.903127820947816e-18
14,2025-06-02,2025-06-01,GAS,3.903127820947816e-18
14,2025-06-02,2025-06-01,AKT,3.903127820947816e-18
14,2025-06-02,2025-06-01,BIGTIME,3.903127820947816e-18
14,2025-06-02,2025-06-01,DRIFT,3.903127820947816e-18
14,2025-06-03,2025-06-01,XRP,0.10208088339906267
14,2025-06-03,2025-06-01,BTC,0.25
14,2025-06-03,2025-06-01,ETH,3.903127820947816e-18
14,2025-06-03,2025-06-01,SOL,3.903127820947816e-18
14,2025-06-03,2025-06-01,DOGE,3.903127820947816e-18
14,2025-06-03,2025-06-01,AERGO,0.00040391937663083414
14,2025-06-03,2025-06-01,ADA,3.903127820947816e-18
14,2025-06-03,2025-06-01,AUCTION,3.903127820947816e-18
14,2025-06-03,2025-06-01,ONDO,3.903127820947816e-18
14,2025-06-03,2025-06-01,SUI,3.903127820947816e-18
14,2025-06-03,2025-06-01,VIRTUAL,3.903127820947816e-18
14,2025-06-03,2025-06-01,ARDR,0.02322052369476364
14,2025-06-03,2025-06-01,MOVE,3.903127820947816e-18
14,2025-06-03,2025-06-01,AWE,0.012665354640968516
14,2025-06-03,2025-06-01,XLM,3.903127820947816e-18
14,2025-06-03,2025-06-01,AXS,3.903127820947816e-18
14,2025-06-03,2025-06-01,SNT,0.0033245585799528896
14,2025-06-03,2025-06-01,QTUM,3.903127820947816e-18
14,2025-06-03,2025-06-01,ANIME,3.903127820947816e-18
14,2025-06-03,2025-06-01,PUNDIX,0.004768503149526438
14,2025-06-03,2025-06-01,ARK,3.903127820947816e-18
14,2025-06-03,2025-06-01,ENS,3.903127820947816e-18
14,2025-06-03,2025-06-01,LINK,3.903127820947816e-18
14,2025-06-03,2025-06-01,CRO,0.03518598173020706
14,2025-06-03,2025-06-01,HBAR,3.903127820947816e-18
14,2025-06-03,2025-06-01,VANA,3.903127820947816e-18
14,2025-06-03,2025-06-01,SEI,3.903127820947816e-18
14,2025-06-03,2025-06-01,STRAX,0.028185008704692895
14,2025-06-03,2025-06-01,KNC,3.903127820947816e-18
14,2025-06-03,2025-06-01,ME,3.903127820947816e-18
14,2025-06-03,2025-06-01,SHIB,3.903127820947816e-18
14,2025-06-03,2025-06-01,CBK,0.1893823800557252
14,2025-06-03,2025-06-01,AQT,0.06295262969580578
14,2025-06-03,2025-06-01,SAFE,3.903127820947816e-18
14,2025-06-03,2025-06-01,GLM,3.903127820947816e-18
14,2025-06-03,2025-06-01,PEPE,3.903127820947816e-18
14,2025-06-03,2025-06-01,BONK,3.903127820947816e-18
14,2025-06-03,2025-06-01,WAVES,3.903127820947816e-18
14,2025-06-03,2025-06-01,MASK,0.005970529068193083
14,2025-06-03,2025-06-01,ATH,3.903127820947816e-18
14,2025-06-03,2025-06-01,TOKAMAK,0.13095638400336762
14,2025-06-03,2025-06-01,CARV,3.903127820947816e-18
14,2025-06-03,2025-06-01,MEW,3.903127820947816e-18
14,2025-06-03,2025-06-01,MNT,0.1509033439011034
14,2025-06-03,2025-06-01,PYTH,3.903127820947816e-18
14,2025-06-03,2025-06-01,SONIC,3.903127820947816e-18
14,2025-06-03,2025-06-01,GAS,3.903127820947816e-18
14,2025-06-03,2025-06-01,AKT,3.903127820947816e-18
14,2025-06-03,2025-06-01,BIGTIME,3.903127820947816e-18
14,2025-06-03,2025-06-01,DRIFT,3.903127820947816e-18
14,2025-06-04,2025-06-01,XRP,0.10208088339906267
14,2025-06-04,2025-06-01,BTC,0.25
14,2025-06-04,2025-06-01,ETH,3.903127820947816e-18
14,2025-06-04,2025-06-01,SOL,3.903127820947816e-18
14,2025-06-04,2025-06-01,DOGE,3.903127820947816e-18
14,2025-06-04,2025-06-01,AERGO,0.00040391937663083414
14,2025-06-04,2025-06-01,ADA,3.903127820947816e-18
14,2025-06-04,2025-06-01,AUCTION,3.903127820947816e-18
14,2025-06-04,2025-06-01,ONDO,3.903127820947816e-18
14,2025-06-04,2025-06-01,SUI,3.903127820947816e-18
14,2025-06-04,2025-06-01,VIRTUAL,3.903127820947816e-18
14,2025-06-04,2025-06-01,ARDR,0.02322052369476364
14,2025-06-04,2025-06-01,MOVE,3.903127820947816e-18
14,2025-06-04,2025-06-01,AWE,0.012665354640968516
14,2025-06-04,2025-06-01,XLM,3.903127820947816e-18
14,2025-06-04,2025-06-01,AXS,3.903127820947816e-18
14,2025-06-04,2025-06-01,SNT,0.0033245585799528896
14,2025-06-04,2025-06-01,QTUM,3.903127820947816e-18
14,2025-06-04,2025-06-01,ANIME,3.903127820947816e-18
14,2025-06-04,2025-06-01,PUNDIX,0.004768503149526438
14,2025-06-04,2025-06-01,ARK,3.903127820947816e-18
14,2025-06-04,2025-06-01,ENS,3.903127820947816e-18
14,2025-06-04,2025-06-01,LINK,3.903127820947816e-18
14,2025-06-04,2025-06-01,CRO,0.03518598173020706
14,2025-06-04,2025-06-01,HBAR,3.903127820947816e-18
14,2025-06-04,2025-06-01,VANA,3.903127820947816e-18
14,2025-06-04,2025-06-01,SEI,3.903127820947816e-18
14,2025-06-04,2025-06-01,STRAX,0.028185008704692895
14,2025-06-04,2025-06-01,KNC,3.903127820947816e-18
14,2025-06-04,2025-06-01,ME,3.903127820947816e-18
14,2025-06-04,2025-06-01,SHIB,3.903127820947816e-18
14,2025-06-04,2025-06-01,CBK,0.1893823800557252
14,2025-06-04,2025-06-01,AQT,0.06295262969580578
14,2025-06-04,2025-06-01,SAFE,3.903127820947816e-18
14,2025-06-04,2025-06-01,GLM,3.903127820947816e-18
14,2025-06-04,2025-06-01,PEPE,3.903127820947816e-18
14,2025-06-04,2025-06-01,BONK,3.903127820947816e-18
14,2025-06-04,2025-06-01,WAVES,3.903127820947816e-18
14,2025-06-04,2025-06-01,MASK,0.005970529068193083
14,2025-06-04,2025-06-01,ATH,3.903127820947816e-18
14,2025-06-04,2025-06-01,TOKAMAK,0.13095638400336762
14,2025-06-04,2025-06-01,CARV,3.903127820947816e-18
14,2025-06-04,2025-06-01,MEW,3.903127820947816e-18
14,2025-06-04,2025-06-01,MNT,0.1509033439011034
14,2025-06-04,2025-06-01,PYTH,3.903127820947816e-18
14,2025-06-04,2025-06-01,SONIC,3.903127820947816e-18
14,2025-06-04,2025-06-01,GAS,3.903127820947816e-18
14,2025-06-04,2025-06-01,AKT,3.903127820947816e-18
14,2025-06-04,2025-06-01,BIGTIME,3.903127820947816e-18
14,2025-06-04,2025-06-01,DRIFT,3.903127820947816e-18
14,2025-06-05,2025-06-01,XRP,0.10208088339906267
14,2025-06-05,2025-06-01,BTC,0.25
14,2025-06-05,2025-06-01,ETH,3.903127820947816e-18
14,2025-06-05,2025-06-01,SOL,3.903127820947816e-18
14,2025-06-05,2025-06-01,DOGE,3.903127820947816e-18
14,2025-06-05,2025-06-01,AERGO,0.00040391937663083414
14,2025-06-05,2025-06-01,ADA,3.903127820947816e-18
14,2025-06-05,2025-06-01,AUCTION,3.903127820947816e-18
14,2025-06-05,2025-06-01,ONDO,3.903127820947816e-18
14,2025-06-05,2025-06-01,SUI,3.903127820947816e-18
14,2025-06-05,2025-06-01,VIRTUAL,3.903127820947816e-18
14,2025-06-05,2025-06-01,ARDR,0.02322052369476364
14,2025-06-05,2025-06-01,MOVE,3.903127820947816e-18
14,2025-06-05,2025-06-01,AWE,0.012665354640968516
14,2025-06-05,2025-06-01,XLM,3.903127820947816e-18
14,2025-06-05,2025-06-01,AXS,3.903127820947816e-18
14,2025-06-05,2025-06-01,SNT,0.0033245585799528896
14,2025-06-05,2025-06-01,QTUM,3.903127820947816e-18
14,2025-06-05,2025-06-01,ANIME,3.903127820947816e-18
14,2025-06-05,2025-06-01,PUNDIX,0.004768503149526438
14,2025-06-05,2025-06-01,ARK,3.903127820947816e-18
14,2025-06-05,2025-06-01,ENS,3.903127820947816e-18
14,2025-06-05,2025-06-01,LINK,3.903127820947816e-18
14,2025-06-05,2025-06-01,CRO,0.03518598173020706
14,2025-06-05,2025-06-01,HBAR,3.903127820947816e-18
14,2025-06-05,2025-06-01,VANA,3.903127820947816e-18
14,2025-06-05,2025-06-01,SEI,3.903127820947816e-18
14,2025-06-05,2025-06-01,STRAX,0.028185008704692895
14,2025-06-05,2025-06-01,KNC,3.903127820947816e-18
14,2025-06-05,2025-06-01,ME,3.903127820947816e-18
14,2025-06-05,2025-06-01,SHIB,3.903127820947816e-18
14,2025-06-05,2025-06-01,CBK,0.1893823800557252
14,2025-06-05,2025-06-01,AQT,0.06295262969580578
14,2025-06-05,2025-06-01,SAFE,3.903127820947816e-18
14,2025-06-05,2025-06-01,GLM,3.903127820947816e-18
14,2025-06-05,2025-06-01,PEPE,3.903127820947816e-18
14,2025-06-05,2025-06-01,BONK,3.903127820947816e-18
14,2025-06-05,2025-06-01,WAVES,3.903127820947816e-18
14,2025-06-05,2025-06-01,MASK,0.005970529068193083
14,2025-06-05,2025-06-01,ATH,3.903127820947816e-18
14,2025-06-05,2025-06-01,TOKAMAK,0.13095638400336762
14,2025-06-05,2025-06-01,CARV,3.903127820947816e-18
14,2025-06-05,2025-06-01,MEW,3.903127820947816e-18
14,2025-06-05,2025-06-01,MNT,0.1509033439011034
14,2025-06-05,2025-06-01,PYTH,3.903127820947816e-18
14,2025-06-05,2025-06-01,SONIC,3.903127820947816e-18
14,2025-06-05,2025-06-01,GAS,3.903127820947816e-18
14,2025-06-05,2025-06-01,AKT,3.903127820947816e-18
14,2025-06-05,2025-06-01,BIGTIME,3.903127820947816e-18
14,2025-06-05,2025-06-01,DRIFT,3.903127820947816e-18
14,2025-06-06,2025-06-01,XRP,0.10208088339906267
14,2025-06-06,2025-06-01,BTC,0.25
14,2025-06-06,2025-06-01,ETH,3.903127820947816e-18
14,2025-06-06,2025-06-01,SOL,3.903127820947816e-18
14,2025-06-06,2025-06-01,DOGE,3.903127820947816e-18
14,2025-06-06,2025-06-01,AERGO,0.00040391937663083414
14,2025-06-06,2025-06-01,ADA,3.903127820947816e-18
14,2025-06-06,2025-06-01,AUCTION,3.903127820947816e-18
14,2025-06-06,2025-06-01,ONDO,3.903127820947816e-18
14,2025-06-06,2025-06-01,SUI,3.903127820947816e-18
14,2025-06-06,2025-06-01,VIRTUAL,3.903127820947816e-18
14,2025-06-06,2025-06-01,ARDR,0.02322052369476364
14,2025-06-06,2025-06-01,MOVE,3.903127820947816e-18
14,2025-06-06,2025-06-01,AWE,0.012665354640968516
14,2025-06-06,2025-06-01,XLM,3.903127820947816e-18
14,2025-06-06,2025-06-01,AXS,3.903127820947816e-18
14,2025-06-06,2025-06-01,SNT,0.0033245585799528896
14,2025-06-06,2025-06-01,QTUM,3.903127820947816e-18
14,2025-06-06,2025-06-01,ANIME,3.903127820947816e-18
14,2025-06-06,2025-06-01,PUNDIX,0.004768503149526438
14,2025-06-06,2025-06-01,ARK,3.903127820947816e-18
14,2025-06-06,2025-06-01,ENS,3.903127820947816e-18
14,2025-06-06,2025-06-01,LINK,3.903127820947816e-18
14,2025-06-06,2025-06-01,CRO,0.03518598173020706
14,2025-06-06,2025-06-01,HBAR,3.903127820947816e-18
14,2025-06-06,2025-06-01,VANA,3.903127820947816e-18
14,2025-06-06,2025-06-01,SEI,3.903127820947816e-18
14,2025-06-06,2025-06-01,STRAX,0.028185008704692895
14,2025-06-06,2025-06-01,KNC,3.903127820947816e-18
14,2025-06-06,2025-06-01,ME,3.903127820947816e-18
14,2025-06-06,2025-06-01,SHIB,3.903127820947816e-18
14,2025-06-06,2025-06-01,CBK,0.1893823800557252
14,2025-06-06,2025-06-01,AQT,0.06295262969580578
14,2025-06-06,2025-06-01,SAFE,3.903127820947816e-18
14,2025-06-06,2025-06-01,GLM,3.903127820947816e-18
14,2025-06-06,2025-06-01,PEPE,3.903127820947816e-18
14,2025-06-06,2025-06-01,BONK,3.903127820947816e-18
14,2025-06-06,2025-06-01,WAVES,3.903127820947816e-18
14,2025-06-06,2025-06-01,MASK,0.005970529068193083
14,2025-06-06,2025-06-01,ATH,3.903127820947816e-18
14,2025-06-06,2025-06-01,TOKAMAK,0.13095638400336762
14,2025-06-06,2025-06-01,CARV,3.903127820947816e-18
14,2025-06-06,2025-06-01,MEW,3.903127820947816e-18
14,2025-06-06,2025-06-01,MNT,0.1509033439011034
14,2025-06-06,2025-06-01,PYTH,3.903127820947816e-18
14,2025-06-06,2025-06-01,SONIC,3.903127820947816e-18
14,2025-06-06,2025-06-01,GAS,3.903127820947816e-18
14,2025-06-06,2025-06-01,AKT,3.903127820947816e-18
14,2025-06-06,2025-06-01,BIGTIME,3.903127820947816e-18
14,2025-06-06,2025-06-01,DRIFT,3.903127820947816e-18
14,2025-06-07,2025-06-01,XRP,0.10208088339906267
14,2025-06-07,2025-06-01,BTC,0.25
14,2025-06-07,2025-06-01,ETH,3.903127820947816e-18
14,2025-06-07,2025-06-01,SOL,3.903127820947816e-18
14,2025-06-07,2025-06-01,DOGE,3.903127820947816e-18
14,2025-06-07,2025-06-01,AERGO,0.00040391937663083414
14,2025-06-07,2025-06-01,ADA,3.903127820947816e-18
14,2025-06-07,2025-06-01,AUCTION,3.903127820947816e-18
14,2025-06-07,2025-06-01,ONDO,3.903127820947816e-18
14,2025-06-07,2025-06-01,SUI,3.903127820947816e-18
14,2025-06-07,2025-06-01,VIRTUAL,3.903127820947816e-18
14,2025-06-07,2025-06-01,ARDR,0.02322052369476364
14,2025-06-07,2025-06-01,MOVE,3.903127820947816e-18
14,2025-06-07,2025-06-01,AWE,0.012665354640968516
14,2025-06-07,2025-06-01,XLM,3.903127820947816e-18
14,2025-06-07,2025-06-01,AXS,3.903127820947816e-18
14,2025-06-07,2025-06-01,SNT,0.0033245585799528896
14,2025-06-07,2025-06-01,QTUM,3.903127820947816e-18
14,2025-06-07,2025-06-01,ANIME,3.903127820947816e-18
14,2025-06-07,2025-06-01,PUNDIX,0.004768503149526438
14,2025-06-07,2025-06-01,ARK,3.903127820947816e-18
14,2025-06-07,2025-06-01,ENS,3.903127820947816e-18
14,2025-06-07,2025-06-01,LINK,3.903127820947816e-18
14,2025-06-07,2025-06-01,CRO,0.03518598173020706
14,2025-06-07,2025-06-01,HBAR,3.903127820947816e-18
14,2025-06-07,2025-06-01,VANA,3.903127820947816e-18
14,2025-06-07,2025-06-01,SEI,3.903127820947816e-18
14,2025-06-07,2025-06-01,STRAX,0.028185008704692895
14,2025-06-07,2025-06-01,KNC,3.903127820947816e-18
14,2025-06-07,2025-06-01,ME,3.903127820947816e-18
14,2025-06-07,2025-06-01,SHIB,3.903127820947816e-18
14,2025-06-07,2025-06-01,CBK,0.1893823800557252
14,2025-06-07,2025-06-01,AQT,0.06295262969580578
14,2025-06-07,2025-06-01,SAFE,3.903127820947816e-18
14,2025-06-07,2025-06-01,GLM,3.903127820947816e-18
14,2025-06-07,2025-06-01,PEPE,3.903127820947816e-18
14,2025-06-07,2025-06-01,BONK,3.903127820947816e-18
14,2025-06-07,2025-06-01,WAVES,3.903127820947816e-18
14,2025-06-07,2025-06-01,MASK,0.005970529068193083
14,2025-06-07,2025-06-01,ATH,3.903127820947816e-18
14,2025-06-07,2025-06-01,TOKAMAK,0.13095638400336762
14,2025-06-07,2025-06-01,CARV,3.903127820947816e-18
14,2025-06-07,2025-06-01,MEW,3.903127820947816e-18
14,2025-06-07,2025-06-01,MNT,0.1509033439011034
14,2025-06-07,2025-06-01,PYTH,3.903127820947816e-18
14,2025-06-07,2025-06-01,SONIC,3.903127820947816e-18
14,2025-06-07,2025-06-01,GAS,3.903127820947816e-18
14,2025-06-07,2025-06-01,AKT,3.903127820947816e-18
14,2025-06-07,2025-06-01,BIGTIME,3.903127820947816e-18
14,2025-06-07,2025-06-01,DRIFT,3.903127820947816e-18
14,2025-06-08,2025-06-01,XRP,0.10208088339906267
14,2025-06-08,2025-06-01,BTC,0.25
14,2025-06-08,2025-06-01,ETH,3.903127820947816e-18
14,2025-06-08,2025-06-01,SOL,3.903127820947816e-18
14,2025-06-08,2025-06-01,DOGE,3.903127820947816e-18
14,2025-06-08,2025-06-01,AERGO,0.00040391937663083414
14,2025-06-08,2025-06-01,ADA,3.903127820947816e-18
14,2025-06-08,2025-06-01,AUCTION,3.903127820947816e-18
14,2025-06-08,2025-06-01,ONDO,3.903127820947816e-18
14,2025-06-08,2025-06-01,SUI,3.903127820947816e-18
14,2025-06-08,2025-06-01,VIRTUAL,3.903127820947816e-18
14,2025-06-08,2025-06-01,ARDR,0.02322052369476364
14,2025-06-08,2025-06-01,MOVE,3.903127820947816e-18
14,2025-06-08,2025-06-01,AWE,0.012665354640968516
14,2025-06-08,2025-06-01,XLM,3.903127820947816e-18
14,2025-06-08,2025-06-01,AXS,3.903127820947816e-18
14,2025-06-08,2025-06-01,SNT,0.0033245585799528896
14,2025-06-08,2025-06-01,QTUM,3.903127820947816e-18
14,2025-06-08,2025-06-01,ANIME,3.903127820947816e-18
14,2025-06-08,2025-06-01,PUNDIX,0.004768503149526438
14,2025-06-08,2025-06-01,ARK,3.903127820947816e-18
14,2025-06-08,2025-06-01,ENS,3.903127820947816e-18
14,2025-06-08,2025-06-01,LINK,3.903127820947816e-18
14,2025-06-08,2025-06-01,CRO,0.03518598173020706
14,2025-06-08,2025-06-01,HBAR,3.903127820947816e-18
14,2025-06-08,2025-06-01,VANA,3.903127820947816e-18
14,2025-06-08,2025-06-01,SEI,3.903127820947816e-18
14,2025-06-08,2025-06-01,STRAX,0.028185008704692895
14,2025-06-08,2025-06-01,KNC,3.903127820947816e-18
14,2025-06-08,2025-06-01,ME,3.903127820947816e-18
14,2025-06-08,2025-06-01,SHIB,3.903127820947816e-18
14,2025-06-08,2025-06-01,CBK,0.1893823800557252
14,2025-06-08,2025-06-01,AQT,0.06295262969580578
14,2025-06-08,2025-06-01,SAFE,3.903127820947816e-18
14,2025-06-08,2025-06-01,GLM,3.903127820947816e-18
14,2025-06-08,2025-06-01,PEPE,3.903127820947816e-18
14,2025-06-08,2025-06-01,BONK,3.903127820947816e-18
14,2025-06-08,2025-06-01,WAVES,3.903127820947816e-18
14,2025-06-08,2025-06-01,MASK,0.005970529068193083
14,2025-06-08,2025-06-01,ATH,3.903127820947816e-18
14,2025-06-08,2025-06-01,TOKAMAK,0.13095638400336762
14,2025-06-08,2025-06-01,CARV,3.903127820947816e-18
14,2025-06-08,2025-06-01,MEW,3.903127820947816e-18
14,2025-06-08,2025-06-01,MNT,0.1509033439011034
14,2025-06-08,2025-06-01,PYTH,3.903127820947816e-18
14,2025-06-08,2025-06-01,SONIC,3.903127820947816e-18
14,2025-06-08,2025-06-01,GAS,3.903127820947816e-18
14,2025-06-08,2025-06-01,AKT,3.903127820947816e-18
14,2025-06-08,2025-06-01,BIGTIME,3.903127820947816e-18
14,2025-06-08,2025-06-01,DRIFT,3.903127820947816e-18
14,2025-06-09,2025-06-01,XRP,0.10208088339906267
14,2025-06-09,2025-06-01,BTC,0.25
14,2025-06-09,2025-06-01,ETH,3.903127820947816e-18
14,2025-06-09,2025-06-01,SOL,3.903127820947816e-18
14,2025-06-09,2025-06-01,DOGE,3.903127820947816e-18
14,2025-06-09,2025-06-01,AERGO,0.00040391937663083414
14,2025-06-09,2025-06-01,ADA,3.903127820947816e-18
14,2025-06-09,2025-06-01,AUCTION,3.903127820947816e-18
14,2025-06-09,2025-06-01,ONDO,3.903127820947816e-18
14,2025-06-09,2025-06-01,SUI,3.903127820947816e-18
14,2025-06-09,2025-06-01,VIRTUAL,3.903127820947816e-18
14,2025-06-09,2025-06-01,ARDR,0.02322052369476364
14,2025-06-09,2025-06-01,MOVE,3.903127820947816e-18
14,2025-06-09,2025-06-01,AWE,0.012665354640968516
14,2025-06-09,2025-06-01,XLM,3.903127820947816e-18
14,2025-06-09,2025-06-01,AXS,3.903127820947816e-18
14,2025-06-09,2025-06-01,SNT,0.0033245585799528896
14,2025-06-09,2025-06-01,QTUM,3.903127820947816e-18
14,2025-06-09,2025-06-01,ANIME,3.903127820947816e-18
14,2025-06-09,2025-06-01,PUNDIX,0.004768503149526438
14,2025-06-09,2025-06-01,ARK,3.903127820947816e-18
14,2025-06-09,2025-06-01,ENS,3.903127820947816e-18
14,2025-06-09,2025-06-01,LINK,3.903127820947816e-18
14,2025-06-09,2025-06-01,CRO,0.03518598173020706
14,2025-06-09,2025-06-01,HBAR,3.903127820947816e-18
14,2025-06-09,2025-06-01,VANA,3.903127820947816e-18
14,2025-06-09,2025-06-01,SEI,3.903127820947816e-18
14,2025-06-09,2025-06-01,STRAX,0.028185008704692895
14,2025-06-09,2025-06-01,KNC,3.903127820947816e-18
14,2025-06-09,2025-06-01,ME,3.903127820947816e-18
14,2025-06-09,2025-06-01,SHIB,3.903127820947816e-18
14,2025-06-09,2025-06-01,CBK,0.1893823800557252
14,2025-06-09,2025-06-01,AQT,0.06295262969580578
14,2025-06-09,2025-06-01,SAFE,3.903127820947816e-18
14,2025-06-09,2025-06-01,GLM,3.903127820947816e-18
14,2025-06-09,2025-06-01,PEPE,3.903127820947816e-18
14,2025-06-09,2025-06-01,BONK,3.903127820947816e-18
14,2025-06-09,2025-06-01,WAVES,3.903127820947816e-18
14,2025-06-09,2025-06-01,MASK,0.005970529068193083
14,2025-06-09,2025-06-01,ATH,3.903127820947816e-18
14,2025-06-09,2025-06-01,TOKAMAK,0.13095638400336762
14,2025-06-09,2025-06-01,CARV,3.903127820947816e-18
14,2025-06-09,2025-06-01,MEW,3.903127820947816e-18
14,2025-06-09,2025-06-01,MNT,0.1509033439011034
14,2025-06-09,2025-06-01,PYTH,3.903127820947816e-18
14,2025-06-09,2025-06-01,SONIC,3.903127820947816e-18
14,2025-06-09,2025-06-01,GAS,3.903127820947816e-18
14,2025-06-09,2025-06-01,AKT,3.903127820947816e-18
14,2025-06-09,2025-06-01,BIGTIME,3.903127820947816e-18
14,2025-06-09,2025-06-01,DRIFT,3.903127820947816e-18
14,2025-06-10,2025-06-01,XRP,0.10208088339906267
14,2025-06-10,2025-06-01,BTC,0.25
14,2025-06-10,2025-06-01,ETH,3.903127820947816e-18
14,2025-06-10,2025-06-01,SOL,3.903127820947816e-18
14,2025-06-10,2025-06-01,DOGE,3.903127820947816e-18
14,2025-06-10,2025-06-01,AERGO,0.00040391937663083414
14,2025-06-10,2025-06-01,ADA,3.903127820947816e-18
14,2025-06-10,2025-06-01,AUCTION,3.903127820947816e-18
14,2025-06-10,2025-06-01,ONDO,3.903127820947816e-18
14,2025-06-10,2025-06-01,SUI,3.903127820947816e-18
14,2025-06-10,2025-06-01,VIRTUAL,3.903127820947816e-18
14,2025-06-10,2025-06-01,ARDR,0.02322052369476364
14,2025-06-10,2025-06-01,MOVE,3.903127820947816e-18
14,2025-06-10,2025-06-01,AWE,0.012665354640968516
14,2025-06-10,2025-06-01,XLM,3.903127820947816e-18
14,2025-06-10,2025-06-01,AXS,3.903127820947816e-18
14,2025-06-10,2025-06-01,SNT,0.0033245585799528896
14,2025-06-10,2025-06-01,QTUM,3.903127820947816e-18
14,2025-06-10,2025-06-01,ANIME,3.903127820947816e-18
14,2025-06-10,2025-06-01,PUNDIX,0.004768503149526438
14,2025-06-10,2025-06-01,ARK,3.903127820947816e-18
14,2025-06-10,2025-06-01,ENS,3.903127820947816e-18
14,2025-06-10,2025-06-01,LINK,3.903127820947816e-18
14,2025-06-10,2025-06-01,CRO,0.03518598173020706
14,2025-06-10,2025-06-01,HBAR,3.903127820947816e-18
14,2025-06-10,2025-06-01,VANA,3.903127820947816e-18
14,2025-06-10,2025-06-01,SEI,3.903127820947816e-18
14,2025-06-10,2025-06-01,STRAX,0.028185008704692895
14,2025-06-10,2025-06-01,KNC,3.903127820947816e-18
14,2025-06-10,2025-06-01,ME,3.903127820947816e-18
14,2025-06-10,2025-06-01,SHIB,3.903127820947816e-18
14,2025-06-10,2025-06-01,CBK,0.1893823800557252
14,2025-06-10,2025-06-01,AQT,0.06295262969580578
14,2025-06-10,2025-06-01,SAFE,3.903127820947816e-18
14,2025-06-10,2025-06-01,GLM,3.903127820947816e-18
14,2025-06-10,2025-06-01,PEPE,3.903127820947816e-18
14,2025-06-10,2025-06-01,BONK,3.903127820947816e-18
14,2025-06-10,2025-06-01,WAVES,3.903127820947816e-18
14,2025-06-10,2025-06-01,MASK,0.005970529068193083
14,2025-06-10,2025-06-01,ATH,3.903127820947816e-18
14,2025-06-10,2025-06-01,TOKAMAK,0.13095638400336762
14,2025-06-10,2025-06-01,CARV,3.903127820947816e-18
14,2025-06-10,2025-06-01,MEW,3.903127820947816e-18
14,2025-06-10,2025-06-01,MNT,0.1509033439011034
14,2025-06-10,2025-06-01,PYTH,3.903127820947816e-18
14,2025-06-10,2025-06-01,SONIC,3.903127820947816e-18
14,2025-06-10,2025-06-01,GAS,3.903127820947816e-18
14,2025-06-10,2025-06-01,AKT,3.903127820947816e-18
14,2025-06-10,2025-06-01,BIGTIME,3.903127820947816e-18
14,2025-06-10,2025-06-01,DRIFT,3.903127820947816e-18
14,2025-06-11,2025-06-01,XRP,0.10208088339906267
14,2025-06-11,2025-06-01,BTC,0.25
14,2025-06-11,2025-06-01,ETH,3.903127820947816e-18
14,2025-06-11,2025-06-01,SOL,3.903127820947816e-18
14,2025-06-11,2025-06-01,DOGE,3.903127820947816e-18
14,2025-06-11,2025-06-01,AERGO,0.00040391937663083414
14,2025-06-11,2025-06-01,ADA,3.903127820947816e-18
14,2025-06-11,2025-06-01,AUCTION,3.903127820947816e-18
14,2025-06-11,2025-06-01,ONDO,3.903127820947816e-18
14,2025-06-11,2025-06-01,SUI,3.903127820947816e-18
14,2025-06-11,2025-06-01,VIRTUAL,3.903127820947816e-18
14,2025-06-11,2025-06-01,ARDR,0.02322052369476364
14,2025-06-11,2025-06-01,MOVE,3.903127820947816e-18
14,2025-06-11,2025-06-01,AWE,0.012665354640968516
14,2025-06-11,2025-06-01,XLM,3.903127820947816e-18
14,2025-06-11,2025-06-01,AXS,3.903127820947816e-18
14,2025-06-11,2025-06-01,SNT,0.0033245585799528896
14,2025-06-11,2025-06-01,QTUM,3.903127820947816e-18
14,2025-06-11,2025-06-01,ANIME,3.903127820947816e-18
14,2025-06-11,2025-06-01,PUNDIX,0.004768503149526438
14,2025-06-11,2025-06-01,ARK,3.903127820947816e-18
14,2025-06-11,2025-06-01,ENS,3.903127820947816e-18
14,2025-06-11,2025-06-01,LINK,3.903127820947816e-18
14,2025-06-11,2025-06-01,CRO,0.03518598173020706
14,2025-06-11,2025-06-01,HBAR,3.903127820947816e-18
14,2025-06-11,2025-06-01,VANA,3.903127820947816e-18
14,2025-06-11,2025-06-01,SEI,3.903127820947816e-18
14,2025-06-11,2025-06-01,STRAX,0.028185008704692895
14,2025-06-11,2025-06-01,KNC,3.903127820947816e-18
14,2025-06-11,2025-06-01,ME,3.903127820947816e-18
14,2025-06-11,2025-06-01,SHIB,3.903127820947816e-18
14,2025-06-11,2025-06-01,CBK,0.1893823800557252
14,2025-06-11,2025-06-01,AQT,0.06295262969580578
14,2025-06-11,2025-06-01,SAFE,3.903127820947816e-18
14,2025-06-11,2025-06-01,GLM,3.903127820947816e-18
14,2025-06-11,2025-06-01,PEPE,3.903127820947816e-18
14,2025-06-11,2025-06-01,BONK,3.903127820947816e-18
14,2025-06-11,2025-06-01,WAVES,3.903127820947816e-18
14,2025-06-11,2025-06-01,MASK,0.005970529068193083
14,2025-06-11,2025-06-01,ATH,3.903127820947816e-18
14,2025-06-11,2025-06-01,TOKAMAK,0.13095638400336762
14,2025-06-11,2025-06-01,CARV,3.903127820947816e-18
14,2025-06-11,2025-06-01,MEW,3.903127820947816e-18
14,2025-06-11,2025-06-01,MNT,0.1509033439011034
14,2025-06-11,2025-06-01,PYTH,3.903127820947816e-18
14,2025-06-11,2025-06-01,SONIC,3.903127820947816e-18
14,2025-06-11,2025-06-01,GAS,3.903127820947816e-18
14,2025-06-11,2025-06-01,AKT,3.903127820947816e-18
14,2025-06-11,2025-06-01,BIGTIME,3.903127820947816e-18
14,2025-06-11,2025-06-01,DRIFT,3.903127820947816e-18
14,2025-06-12,2025-06-01,XRP,0.10208088339906267
14,2025-06-12,2025-06-01,BTC,0.25
14,2025-06-12,2025-06-01,ETH,3.903127820947816e-18
14,2025-06-12,2025-06-01,SOL,3.903127820947816e-18
14,2025-06-12,2025-06-01,DOGE,3.903127820947816e-18
14,2025-06-12,2025-06-01,AERGO,0.00040391937663083414
14,2025-06-12,2025-06-01,ADA,3.903127820947816e-18
14,2025-06-12,2025-06-01,AUCTION,3.903127820947816e-18
14,2025-06-12,2025-06-01,ONDO,3.903127820947816e-18
14,2025-06-12,2025-06-01,SUI,3.903127820947816e-18
14,2025-06-12,2025-06-01,VIRTUAL,3.903127820947816e-18
14,2025-06-12,2025-06-01,ARDR,0.02322052369476364
14,2025-06-12,2025-06-01,MOVE,3.903127820947816e-18
14,2025-06-12,2025-06-01,AWE,0.012665354640968516
14,2025-06-12,2025-06-01,XLM,3.903127820947816e-18
14,2025-06-12,2025-06-01,AXS,3.903127820947816e-18
14,2025-06-12,2025-06-01,SNT,0.0033245585799528896
14,2025-06-12,2025-06-01,QTUM,3.903127820947816e-18
14,2025-06-12,2025-06-01,ANIME,3.903127820947816e-18
14,2025-06-12,2025-06-01,PUNDIX,0.004768503149526438
14,2025-06-12,2025-06-01,ARK,3.903127820947816e-18
14,2025-06-12,2025-06-01,ENS,3.903127820947816e-18
14,2025-06-12,2025-06-01,LINK,3.903127820947816e-18
14,2025-06-12,2025-06-01,CRO,0.03518598173020706
14,2025-06-12,2025-06-01,HBAR,3.903127820947816e-18
14,2025-06-12,2025-06-01,VANA,3.903127820947816e-18
14,2025-06-12,2025-06-01,SEI,3.903127820947816e-18
14,2025-06-12,2025-06-01,STRAX,0.028185008704692895
14,2025-06-12,2025-06-01,KNC,3.903127820947816e-18
14,2025-06-12,2025-06-01,ME,3.903127820947816e-18
14,2025-06-12,2025-06-01,SHIB,3.903127820947816e-18
14,2025-06-12,2025-06-01,CBK,0.1893823800557252
14,2025-06-12,2025-06-01,AQT,0.06295262969580578
14,2025-06-12,2025-06-01,SAFE,3.903127820947816e-18
14,2025-06-12,2025-06-01,GLM,3.903127820947816e-18
14,2025-06-12,2025-06-01,PEPE,3.903127820947816e-18
14,2025-06-12,2025-06-01,BONK,3.903127820947816e-18
14,2025-06-12,2025-06-01,WAVES,3.903127820947816e-18
14,2025-06-12,2025-06-01,MASK,0.005970529068193083
14,2025-06-12,2025-06-01,ATH,3.903127820947816e-18
14,2025-06-12,2025-06-01,TOKAMAK,0.13095638400336762
14,2025-06-12,2025-06-01,CARV,3.903127820947816e-18
14,2025-06-12,2025-06-01,MEW,3.903127820947816e-18
14,2025-06-12,2025-06-01,MNT,0.1509033439011034
14,2025-06-12,2025-06-01,PYTH,3.903127820947816e-18
14,2025-06-12,2025-06-01,SONIC,3.903127820947816e-18
14,2025-06-12,2025-06-01,GAS,3.903127820947816e-18
14,2025-06-12,2025-06-01,AKT,3.903127820947816e-18
14,2025-06-12,2025-06-01,BIGTIME,3.903127820947816e-18
14,2025-06-12,2025-06-01,DRIFT,3.903127820947816e-18
14,2025-06-13,2025-06-01,XRP,0.10208088339906267
14,2025-06-13,2025-06-01,BTC,0.25
14,2025-06-13,2025-06-01,ETH,3.903127820947816e-18
14,2025-06-13,2025-06-01,SOL,3.903127820947816e-18
14,2025-06-13,2025-06-01,DOGE,3.903127820947816e-18
14,2025-06-13,2025-06-01,AERGO,0.00040391937663083414
14,2025-06-13,2025-06-01,ADA,3.903127820947816e-18
14,2025-06-13,2025-06-01,AUCTION,3.903127820947816e-18
14,2025-06-13,2025-06-01,ONDO,3.903127820947816e-18
14,2025-06-13,2025-06-01,SUI,3.903127820947816e-18
14,2025-06-13,2025-06-01,VIRTUAL,3.903127820947816e-18
14,2025-06-13,2025-06-01,ARDR,0.02322052369476364
14,2025-06-13,2025-06-01,MOVE,3.903127820947816e-18
14,2025-06-13,2025-06-01,AWE,0.012665354640968516
14,2025-06-13,2025-06-01,XLM,3.903127820947816e-18
14,2025-06-13,2025-06-01,AXS,3.903127820947816e-18
14,2025-06-13,2025-06-01,SNT,0.0033245585799528896
14,2025-06-13,2025-06-01,QTUM,3.903127820947816e-18
14,2025-06-13,2025-06-01,ANIME,3.903127820947816e-18
14,2025-06-13,2025-06-01,PUNDIX,0.004768503149526438
14,2025-06-13,2025-06-01,ARK,3.903127820947816e-18
14,2025-06-13,2025-06-01,ENS,3.903127820947816e-18
14,2025-06-13,2025-06-01,LINK,3.903127820947816e-18
14,2025-06-13,2025-06-01,CRO,0.03518598173020706
14,2025-06-13,2025-06-01,HBAR,3.903127820947816e-18
14,2025-06-13,2025-06-01,VANA,3.903127820947816e-18
14,2025-06-13,2025-06-01,SEI,3.903127820947816e-18
14,2025-06-13,2025-06-01,STRAX,0.028185008704692895
14,2025-06-13,2025-06-01,KNC,3.903127820947816e-18
14,2025-06-13,2025-06-01,ME,3.903127820947816e-18
14,2025-06-13,2025-06-01,SHIB,3.903127820947816e-18
14,2025-06-13,2025-06-01,CBK,0.1893823800557252
14,2025-06-13,2025-06-01,AQT,0.06295262969580578
14,2025-06-13,2025-06-01,SAFE,3.903127820947816e-18
14,2025-06-13,2025-06-01,GLM,3.903127820947816e-18
14,2025-06-13,2025-06-01,PEPE,3.903127820947816e-18
14,2025-06-13,2025-06-01,BONK,3.903127820947816e-18
14,2025-06-13,2025-06-01,WAVES,3.903127820947816e-18
14,2025-06-13,2025-06-01,MASK,0.005970529068193083
14,2025-06-13,2025-06-01,ATH,3.903127820947816e-18
14,2025-06-13,2025-06-01,TOKAMAK,0.13095638400336762
14,2025-06-13,2025-06-01,CARV,3.903127820947816e-18
14,2025-06-13,2025-06-01,MEW,3.903127820947816e-18
14,2025-06-13,2025-06-01,MNT,0.1509033439011034
14,2025-06-13,2025-06-01,PYTH,3.903127820947816e-18
14,2025-06-13,2025-06-01,SONIC,3.903127820947816e-18
14,2025-06-13,2025-06-01,GAS,3.903127820947816e-18
14,2025-06-13,2025-06-01,AKT,3.903127820947816e-18
14,2025-06-13,2025-06-01,BIGTIME,3.903127820947816e-18
14,2025-06-13,2025-06-01,DRIFT,3.903127820947816e-18
14,2025-06-14,2025-06-01,XRP,0.10208088339906267
14,2025-06-14,2025-06-01,BTC,0.25
14,2025-06-14,2025-06-01,ETH,3.903127820947816e-18
14,2025-06-14,2025-06-01,SOL,3.903127820947816e-18
14,2025-06-14,2025-06-01,DOGE,3.903127820947816e-18
14,2025-06-14,2025-06-01,AERGO,0.00040391937663083414
14,2025-06-14,2025-06-01,ADA,3.903127820947816e-18
14,2025-06-14,2025-06-01,AUCTION,3.903127820947816e-18
14,2025-06-14,2025-06-01,ONDO,3.903127820947816e-18
14,2025-06-14,2025-06-01,SUI,3.903127820947816e-18
14,2025-06-14,2025-06-01,VIRTUAL,3.903127820947816e-18
14,2025-06-14,2025-06-01,ARDR,0.02322052369476364
14,2025-06-14,2025-06-01,MOVE,3.903127820947816e-18
14,2025-06-14,2025-06-01,AWE,0.012665354640968516
14,2025-06-14,2025-06-01,XLM,3.903127820947816e-18
14,2025-06-14,2025-06-01,AXS,3.903127820947816e-18
14,2025-06-14,2025-06-01,SNT,0.0033245585799528896
14,2025-06-14,2025-06-01,QTUM,3.903127820947816e-18
14,2025-06-14,2025-06-01,ANIME,3.903127820947816e-18
14,2025-06-14,2025-06-01,PUNDIX,0.004768503149526438
14,2025-06-14,2025-06-01,ARK,3.903127820947816e-18
14,2025-06-14,2025-06-01,ENS,3.903127820947816e-18
14,2025-06-14,2025-06-01,LINK,3.903127820947816e-18
14,2025-06-14,2025-06-01,CRO,0.03518598173020706
14,2025-06-14,2025-06-01,HBAR,3.903127820947816e-18
14,2025-06-14,2025-06-01,VANA,3.903127820947816e-18
14,2025-06-14,2025-06-01,SEI,3.903127820947816e-18
14,2025-06-14,2025-06-01,STRAX,0.028185008704692895
14,2025-06-14,2025-06-01,KNC,3.903127820947816e-18
14,2025-06-14,2025-06-01,ME,3.903127820947816e-18
14,2025-06-14,2025-06-01,SHIB,3.903127820947816e-18
14,2025-06-14,2025-06-01,CBK,0.1893823800557252
14,2025-06-14,2025-06-01,AQT,0.06295262969580578
14,2025-06-14,2025-06-01,SAFE,3.903127820947816e-18
14,2025-06-14,2025-06-01,GLM,3.903127820947816e-18
14,2025-06-14,2025-06-01,PEPE,3.903127820947816e-18
14,2025-06-14,2025-06-01,BONK,3.903127820947816e-18
14,2025-06-14,2025-06-01,WAVES,3.903127820947816e-18
14,2025-06-14,2025-06-01,MASK,0.005970529068193083
14,2025-06-14,2025-06-01,ATH,3.903127820947816e-18
14,2025-06-14,2025-06-01,TOKAMAK,0.13095638400336762
14,2025-06-14,2025-06-01,CARV,3.903127820947816e-18
14,2025-06-14,2025-06-01,MEW,3.903127820947816e-18
14,2025-06-14,2025-06-01,MNT,0.1509033439011034
14,2025-06-14,2025-06-01,PYTH,3.903127820947816e-18
14,2025-06-14,2025-06-01,SONIC,3.903127820947816e-18
14,2025-06-14,2025-06-01,GAS,3.903127820947816e-18
14,2025-06-14,2025-06-01,AKT,3.903127820947816e-18
14,2025-06-14,2025-06-01,BIGTIME,3.903127820947816e-18
14,2025-06-14,2025-06-01,DRIFT,3.903127820947816e-18
14,2025-07-01,2025-07-01,XRP,0.02914938108990082
14,2025-07-01,2025-07-01,BTC,0.25
14,2025-07-01,2025-07-01,ETH,3.469446951953614e-18
14,2025-07-01,2025-07-01,SOL,3.469446951953614e-18
14,2025-07-01,2025-07-01,DOGE,3.469446951953614e-18
14,2025-07-01,2025-07-01,AERGO,0.0037464211279477485
14,2025-07-01,2025-07-01,ADA,3.469446951953614e-18
14,2025-07-01,2025-07-01,AUCTION,3.469446951953614e-18
14,2025-07-01,2025-07-01,ONDO,3.469446951953614e-18
14,2025-07-01,2025-07-01,SUI,3.469446951953614e-18
14,2025-07-01,2025-07-01,VIRTUAL,3.469446951953614e-18
14,2025-07-01,2025-07-01,ARDR,0.054251566786466365
14,2025-07-01,2025-07-01,MOVE,3.469446951953614e-18
14,2025-07-01,2025-07-01,AWE,0.020235137746300497
14,2025-07-01,2025-07-01,XLM,0.09259739988308827
14,2025-07-01,2025-07-01,AXS,3.469446951953614e-18
14,2025-07-01,2025-07-01,SNT,0.014840201620805522
14,2025-07-01,2025-07-01,QTUM,3.469446951953614e-18
14,2025-07-01,2025-07-01,ANIME,3.469446951953614e-18
14,2025-07-01,2025-07-01,PUNDIX,3.469446951953614e-18
14,2025-07-01,2025-07-01,ARK,3.469446951953614e-18
14,2025-07-01,2025-07-01,ENS,3.469446951953614e-18
14,2025-07-01,2025-07-01,LINK,3.469446951953614e-18
14,2025-07-01,2025-07-01,CRO,0.07690084793633495
14,2025-07-01,2025-07-01,HBAR,3.469446951953614e-18
14,2025-07-01,2025-07-01,VANA,3.469446951953614e-18
14,2025-07-01,2025-07-01,SEI,3.469446951953614e-18
14,2025-07-01,2025-07-01,STRAX,0.042826906819966204
14,2025-07-01,2025-07-01,KNC,3.469446951953614e-18
14,2025-07-01,2025-07-01,ME,3.469446951953614e-18
14,2025-07-01,2025-07-01,SHIB,3.469446951953614e-18
14,2025-07-01,2025-07-01,CBK,0.1108799726823212
14,2025-07-01,2025-07-01,AQT,0.04605635562898258
14,2025-07-01,2025-07-01,SAFE,3.469446951953614e-18
14,2025-07-01,2025-07-01,GLM,3.469446951953614e-18
14,2025-07-01,2025-07-01,PEPE,3.469446951953614e-18
14,2025-07-01,2025-07-01,BONK,3.469446951953614e-18
14,2025-07-01,2025-07-01,WAVES,0.06179005925651737
14,2025-07-01,2025-07-01,MASK,3.469446951953614e-18
14,2025-07-01,2025-07-01,ATH,3.469446951953614e-18
14,2025-07-01,2025-07-01,TOKAMAK,0.046613939717737155
14,2025-07-01,2025-07-01,CARV,3.469446951953614e-18
14,2025-07-01,2025-07-01,MEW,3.469446951953614e-18
14,2025-07-01,2025-07-01,MNT,0.1501118097036314
14,2025-07-01,2025-07-01,PYTH,3.469446951953614e-18
14,2025-07-01,2025-07-01,SONIC,3.469446951953614e-18
14,2025-07-01,2025-07-01,GAS,3.469446951953614e-18
14,2025-07-01,2025-07-01,AKT,3.469446951953614e-18
14,2025-07-01,2025-07-01,BIGTIME,3.469446951953614e-18
14,2025-07-01,2025-07-01,DRIFT,3.469446951953614e-18
14,2025-07-02,2025-07-01,XRP,0.02914938108990082
14,2025-07-02,2025-07-01,BTC,0.25
14,2025-07-02,2025-07-01,ETH,3.469446951953614e-18
14,2025-07-02,2025-07-01,SOL,3.469446951953614e-18
14,2025-07-02,2025-07-01,DOGE,3.469446951953614e-18
14,2025-07-02,2025-07-01,AERGO,0.0037464211279477485
14,2025-07-02,2025-07-01,ADA,3.469446951953614e-18
14,2025-07-02,2025-07-01,AUCTION,3.469446951953614e-18
14,2025-07-02,2025-07-01,ONDO,3.469446951953614e-18
14,2025-07-02,2025-07-01,SUI,3.469446951953614e-18
14,2025-07-02,2025-07-01,VIRTUAL,3.469446951953614e-18
14,2025-07-02,2025-07-01,ARDR,0.054251566786466365
14,2025-07-02,2025-07-01,MOVE,3.469446951953614e-18
14,2025-07-02,2025-07-01,AWE,0.020235137746300497
14,2025-07-02,2025-07-01,XLM,0.09259739988308827
14,2025-07-02,2025-07-01,AXS,3.469446951953614e-18
14,2025-07-02,2025-07-01,SNT,0.014840201620805522
14,2025-07-02,2025-07-01,QTUM,3.469446951953614e-18
14,2025-07-02,2025-07-01,ANIME,3.469446951953614e-18
14,2025-07-02,2025-07-01,PUNDIX,3.469446951953614e-18
14,2025-07-02,2025-07-01,ARK,3.469446951953614e-18
14,2025-07-02,2025-07-01,ENS,3.469446951953614e-18
14,2025-07-02,2025-07-01,LINK,3.469446951953614e-18
14,2025-07-02,2025-07-01,CRO,0.07690084793633495
14,2025-07-02,2025-07-01,HBAR,3.469446951953614e-18
14,2025-07-02,2025-07-01,VANA,3.469446951953614e-18
14,2025-07-02,2025-07-01,SEI,3.469446951953614e-18
14,2025-07-02,2025-07-01,STRAX,0.042826906819966204
14,2025-07-02,2025-07-01,KNC,3.469446951953614e-18
14,2025-07-02,2025-07-01,ME,3.469446951953614e-18
14,2025-07-02,2025-07-01,SHIB,3.469446951953614e-18
14,2025-07-02,2025-07-01,CBK,0.1108799726823212
14,2025-07-02,2025-07-01,AQT,0.04605635562898258
14,2025-07-02,2025-07-01,SAFE,3.469446951953614e-18
14,2025-07-02,2025-07-01,GLM,3.469446951953614e-18
14,2025-07-02,2025-07-01,PEPE,3.469446951953614e-18
14,2025-07-02,2025-07-01,BONK,3.469446951953614e-18
14,2025-07-02,2025-07-01,WAVES,0.06179005925651737
14,2025-07-02,2025-07-01,MASK,3.469446951953614e-18
14,2025-07-02,2025-07-01,ATH,3.469446951953614e-18
14,2025-07-02,2025-07-01,TOKAMAK,0.046613939717737155
14,2025-07-02,2025-07-01,CARV,3.469446951953614e-18
14,2025-07-02,2025-07-01,MEW,3.469446951953614e-18
14,2025-07-02,2025-07-01,MNT,0.1501118097036314
14,2025-07-02,2025-07-01,PYTH,3.469446951953614e-18
14,2025-07-02,2025-07-01,SONIC,3.469446951953614e-18
14,2025-07-02,2025-07-01,GAS,3.469446951953614e-18
14,2025-07-02,2025-07-01,AKT,3.469446951953614e-18
14,2025-07-02,2025-07-01,BIGTIME,3.469446951953614e-18
14,2025-07-02,2025-07-01,DRIFT,3.469446951953614e-18
14,2025-07-03,2025-07-01,XRP,0.02914938108990082
14,2025-07-03,2025-07-01,BTC,0.25
14,2025-07-03,2025-07-01,ETH,3.469446951953614e-18
14,2025-07-03,2025-07-01,SOL,3.469446951953614e-18
14,2025-07-03,2025-07-01,DOGE,3.469446951953614e-18
14,2025-07-03,2025-07-01,AERGO,0.0037464211279477485
14,2025-07-03,2025-07-01,ADA,3.469446951953614e-18
14,2025-07-03,2025-07-01,AUCTION,3.469446951953614e-18
14,2025-07-03,2025-07-01,ONDO,3.469446951953614e-18
14,2025-07-03,2025-07-01,SUI,3.469446951953614e-18
14,2025-07-03,2025-07-01,VIRTUAL,3.469446951953614e-18
14,2025-07-03,2025-07-01,ARDR,0.054251566786466365
14,2025-07-03,2025-07-01,MOVE,3.469446951953614e-18
14,2025-07-03,2025-07-01,AWE,0.020235137746300497
14,2025-07-03,2025-07-01,XLM,0.09259739988308827
14,2025-07-03,2025-07-01,AXS,3.469446951953614e-18
14,2025-07-03,2025-07-01,SNT,0.014840201620805522
14,2025-07-03,2025-07-01,QTUM,3.469446951953614e-18
14,2025-07-03,2025-07-01,ANIME,3.469446951953614e-18
14,2025-07-03,2025-07-01,PUNDIX,3.469446951953614e-18
14,2025-07-03,2025-07-01,ARK,3.469446951953614e-18
14,2025-07-03,2025-07-01,ENS,3.469446951953614e-18
14,2025-07-03,2025-07-01,LINK,3.469446951953614e-18
14,2025-07-03,2025-07-01,CRO,0.07690084793633495
14,2025-07-03,2025-07-01,HBAR,3.469446951953614e-18
14,2025-07-03,2025-07-01,VANA,3.469446951953614e-18
14,2025-07-03,2025-07-01,SEI,3.469446951953614e-18
14,2025-07-03,2025-07-01,STRAX,0.042826906819966204
14,2025-07-03,2025-07-01,KNC,3.469446951953614e-18
14,2025-07-03,2025-07-01,ME,3.469446951953614e-18
14,2025-07-03,2025-07-01,SHIB,3.469446951953614e-18
14,2025-07-03,2025-07-01,CBK,0.1108799726823212
14,2025-07-03,2025-07-01,AQT,0.04605635562898258
14,2025-07-03,2025-07-01,SAFE,3.469446951953614e-18
14,2025-07-03,2025-07-01,GLM,3.469446951953614e-18
14,2025-07-03,2025-07-01,PEPE,3.469446951953614e-18
14,2025-07-03,2025-07-01,BONK,3.469446951953614e-18
14,2025-07-03,2025-07-01,WAVES,0.06179005925651737
14,2025-07-03,2025-07-01,MASK,3.469446951953614e-18
14,2025-07-03,2025-07-01,ATH,3.469446951953614e-18
14,2025-07-03,2025-07-01,TOKAMAK,0.046613939717737155
14,2025-07-03,2025-07-01,CARV,3.469446951953614e-18
14,2025-07-03,2025-07-01,MEW,3.469446951953614e-18
14,2025-07-03,2025-07-01,MNT,0.1501118097036314
14,2025-07-03,2025-07-01,PYTH,3.469446951953614e-18
14,2025-07-03,2025-07-01,SONIC,3.469446951953614e-18
14,2025-07-03,2025-07-01,GAS,3.469446951953614e-18
14,2025-07-03,2025-07-01,AKT,3.469446951953614e-18
14,2025-07-03,2025-07-01,BIGTIME,3.469446951953614e-18
14,2025-07-03,2025-07-01,DRIFT,3.469446951953614e-18
14,2025-07-04,2025-07-01,XRP,0.02914938108990082
14,2025-07-04,2025-07-01,BTC,0.25
14,2025-07-04,2025-07-01,ETH,3.469446951953614e-18
14,2025-07-04,2025-07-01,SOL,3.469446951953614e-18
14,2025-07-04,2025-07-01,DOGE,3.469446951953614e-18
14,2025-07-04,2025-07-01,AERGO,0.0037464211279477485
14,2025-07-04,2025-07-01,ADA,3.469446951953614e-18
14,2025-07-04,2025-07-01,AUCTION,3.469446951953614e-18
14,2025-07-04,2025-07-01,ONDO,3.469446951953614e-18
14,2025-07-04,2025-07-01,SUI,3.469446951953614e-18
14,2025-07-04,2025-07-01,VIRTUAL,3.469446951953614e-18
14,2025-07-04,2025-07-01,ARDR,0.054251566786466365
14,2025-07-04,2025-07-01,MOVE,3.469446951953614e-18
14,2025-07-04,2025-07-01,AWE,0.020235137746300497
14,2025-07-04,2025-07-01,XLM,0.09259739988308827
14,2025-07-04,2025-07-01,AXS,3.469446951953614e-18
14,2025-07-04,2025-07-01,SNT,0.014840201620805522
14,2025-07-04,2025-07-01,QTUM,3.469446951953614e-18
14,2025-07-04,2025-07-01,ANIME,3.469446951953614e-18
14,2025-07-04,2025-07-01,PUNDIX,3.469446951953614e-18
14,2025-07-04,2025-07-01,ARK,3.469446951953614e-18
14,2025-07-04,2025-07-01,ENS,3.469446951953614e-18
14,2025-07-04,2025-07-01,LINK,3.469446951953614e-18
14,2025-07-04,2025-07-01,CRO,0.07690084793633495
14,2025-07-04,2025-07-01,HBAR,3.469446951953614e-18
14,2025-07-04,2025-07-01,VANA,3.469446951953614e-18
14,2025-07-04,2025-07-01,SEI,3.469446951953614e-18
14,2025-07-04,2025-07-01,STRAX,0.042826906819966204
14,2025-07-04,2025-07-01,KNC,3.469446951953614e-18
14,2025-07-04,2025-07-01,ME,3.469446951953614e-18
14,2025-07-04,2025-07-01,SHIB,3.469446951953614e-18
14,2025-07-04,2025-07-01,CBK,0.1108799726823212
14,2025-07-04,2025-07-01,AQT,0.04605635562898258
14,2025-07-04,2025-07-01,SAFE,3.469446951953614e-18
14,2025-07-04,2025-07-01,GLM,3.469446951953614e-18
14,2025-07-04,2025-07-01,PEPE,3.469446951953614e-18
14,2025-07-04,2025-07-01,BONK,3.469446951953614e-18
14,2025-07-04,2025-07-01,WAVES,0.06179005925651737
14,2025-07-04,2025-07-01,MASK,3.469446951953614e-18
14,2025-07-04,2025-07-01,ATH,3.469446951953614e-18
14,2025-07-04,2025-07-01,TOKAMAK,0.046613939717737155
14,2025-07-04,2025-07-01,CARV,3.469446951953614e-18
14,2025-07-04,2025-07-01,MEW,3.469446951953614e-18
14,2025-07-04,2025-07-01,MNT,0.1501118097036314
14,2025-07-04,2025-07-01,PYTH,3.469446951953614e-18
14,2025-07-04,2025-07-01,SONIC,3.469446951953614e-18
14,2025-07-04,2025-07-01,GAS,3.469446951953614e-18
14,2025-07-04,2025-07-01,AKT,3.469446951953614e-18
14,2025-07-04,2025-07-01,BIGTIME,3.469446951953614e-18
14,2025-07-04,2025-07-01,DRIFT,3.469446951953614e-18
14,2025-07-05,2025-07-01,XRP,0.02914938108990082
14,2025-07-05,2025-07-01,BTC,0.25
14,2025-07-05,2025-07-01,ETH,3.469446951953614e-18
14,2025-07-05,2025-07-01,SOL,3.469446951953614e-18
14,2025-07-05,2025-07-01,DOGE,3.469446951953614e-18
14,2025-07-05,2025-07-01,AERGO,0.0037464211279477485
14,2025-07-05,2025-07-01,ADA,3.469446951953614e-18
14,2025-07-05,2025-07-01,AUCTION,3.469446951953614e-18
14,2025-07-05,2025-07-01,ONDO,3.469446951953614e-18
14,2025-07-05,2025-07-01,SUI,3.469446951953614e-18
14,2025-07-05,2025-07-01,VIRTUAL,3.469446951953614e-18
14,2025-07-05,2025-07-01,ARDR,0.054251566786466365
14,2025-07-05,2025-07-01,MOVE,3.469446951953614e-18
14,2025-07-05,2025-07-01,AWE,0.020235137746300497
14,2025-07-05,2025-07-01,XLM,0.09259739988308827
14,2025-07-05,2025-07-01,AXS,3.469446951953614e-18
14,2025-07-05,2025-07-01,SNT,0.014840201620805522
14,2025-07-05,2025-07-01,QTUM,3.469446951953614e-18
14,2025-07-05,2025-07-01,ANIME,3.469446951953614e-18
14,2025-07-05,2025-07-01,PUNDIX,3.469446951953614e-18
14,2025-07-05,2025-07-01,ARK,3.469446951953614e-18
14,2025-07-05,2025-07-01,ENS,3.469446951953614e-18
14,2025-07-05,2025-07-01,LINK,3.469446951953614e-18
14,2025-07-05,2025-07-01,CRO,0.07690084793633495
14,2025-07-05,2025-07-01,HBAR,3.469446951953614e-18
14,2025-07-05,2025-07-01,VANA,3.469446951953614e-18
14,2025-07-05,2025-07-01,SEI,3.469446951953614e-18
14,2025-07-05,2025-07-01,STRAX,0.042826906819966204
14,2025-07-05,2025-07-01,KNC,3.469446951953614e-18
14,2025-07-05,2025-07-01,ME,3.469446951953614e-18
14,2025-07-05,2025-07-01,SHIB,3.469446951953614e-18
14,2025-07-05,2025-07-01,CBK,0.1108799726823212
14,2025-07-05,2025-07-01,AQT,0.04605635562898258
14,2025-07-05,2025-07-01,SAFE,3.469446951953614e-18
14,2025-07-05,2025-07-01,GLM,3.469446951953614e-18
14,2025-07-05,2025-07-01,PEPE,3.469446951953614e-18
14,2025-07-05,2025-07-01,BONK,3.469446951953614e-18
14,2025-07-05,2025-07-01,WAVES,0.06179005925651737
14,2025-07-05,2025-07-01,MASK,3.469446951953614e-18
14,2025-07-05,2025-07-01,ATH,3.469446951953614e-18
14,2025-07-05,2025-07-01,TOKAMAK,0.046613939717737155
14,2025-07-05,2025-07-01,CARV,3.469446951953614e-18
14,2025-07-05,2025-07-01,MEW,3.469446951953614e-18
14,2025-07-05,2025-07-01,MNT,0.1501118097036314
14,2025-07-05,2025-07-01,PYTH,3.469446951953614e-18
14,2025-07-05,2025-07-01,SONIC,3.469446951953614e-18
14,2025-07-05,2025-07-01,GAS,3.469446951953614e-18
14,2025-07-05,2025-07-01,AKT,3.469446951953614e-18
14,2025-07-05,2025-07-01,BIGTIME,3.469446951953614e-18
14,2025-07-05,2025-07-01,DRIFT,3.469446951953614e-18
14,2025-07-06,2025-07-01,XRP,0.02914938108990082
14,2025-07-06,2025-07-01,BTC,0.25
14,2025-07-06,2025-07-01,ETH,3.469446951953614e-18
14,2025-07-06,2025-07-01,SOL,3.469446951953614e-18
14,2025-07-06,2025-07-01,DOGE,3.469446951953614e-18
14,2025-07-06,2025-07-01,AERGO,0.0037464211279477485
14,2025-07-06,2025-07-01,ADA,3.469446951953614e-18
14,2025-07-06,2025-07-01,AUCTION,3.469446951953614e-18
14,2025-07-06,2025-07-01,ONDO,3.469446951953614e-18
14,2025-07-06,2025-07-01,SUI,3.469446951953614e-18
14,2025-07-06,2025-07-01,VIRTUAL,3.469446951953614e-18
14,2025-07-06,2025-07-01,ARDR,0.054251566786466365
14,2025-07-06,2025-07-01,MOVE,3.469446951953614e-18
14,2025-07-06,2025-07-01,AWE,0.020235137746300497
14,2025-07-06,2025-07-01,XLM,0.09259739988308827
14,2025-07-06,2025-07-01,AXS,3.469446951953614e-18
14,2025-07-06,2025-07-01,SNT,0.014840201620805522
14,2025-07-06,2025-07-01,QTUM,3.469446951953614e-18
14,2025-07-06,2025-07-01,ANIME,3.469446951953614e-18
14,2025-07-06,2025-07-01,PUNDIX,3.469446951953614e-18
14,2025-07-06,2025-07-01,ARK,3.469446951953614e-18
14,2025-07-06,2025-07-01,ENS,3.469446951953614e-18
14,2025-07-06,2025-07-01,LINK,3.469446951953614e-18
14,2025-07-06,2025-07-01,CRO,0.07690084793633495
14,2025-07-06,2025-07-01,HBAR,3.469446951953614e-18
14,2025-07-06,2025-07-01,VANA,3.469446951953614e-18
14,2025-07-06,2025-07-01,SEI,3.469446951953614e-18
14,2025-07-06,2025-07-01,STRAX,0.042826906819966204
14,2025-07-06,2025-07-01,KNC,3.469446951953614e-18
14,2025-07-06,2025-07-01,ME,3.469446951953614e-18
14,2025-07-06,2025-07-01,SHIB,3.469446951953614e-18
14,2025-07-06,2025-07-01,CBK,0.1108799726823212
14,2025-07-06,2025-07-01,AQT,0.04605635562898258
14,2025-07-06,2025-07-01,SAFE,3.469446951953614e-18
14,2025-07-06,2025-07-01,GLM,3.469446951953614e-18
14,2025-07-06,2025-07-01,PEPE,3.469446951953614e-18
14,2025-07-06,2025-07-01,BONK,3.469446951953614e-18
14,2025-07-06,2025-07-01,WAVES,0.06179005925651737
14,2025-07-06,2025-07-01,MASK,3.469446951953614e-18
14,2025-07-06,2025-07-01,ATH,3.469446951953614e-18
14,2025-07-06,2025-07-01,TOKAMAK,0.046613939717737155
14,2025-07-06,2025-07-01,CARV,3.469446951953614e-18
14,2025-07-06,2025-07-01,MEW,3.469446951953614e-18
14,2025-07-06,2025-07-01,MNT,0.1501118097036314
14,2025-07-06,2025-07-01,PYTH,3.469446951953614e-18
14,2025-07-06,2025-07-01,SONIC,3.469446951953614e-18
14,2025-07-06,2025-07-01,GAS,3.469446951953614e-18
14,2025-07-06,2025-07-01,AKT,3.469446951953614e-18
14,2025-07-06,2025-07-01,BIGTIME,3.469446951953614e-18
14,2025-07-06,2025-07-01,DRIFT,3.469446951953614e-18
14,2025-07-07,2025-07-01,XRP,0.02914938108990082
14,2025-07-07,2025-07-01,BTC,0.25
14,2025-07-07,2025-07-01,ETH,3.469446951953614e-18
14,2025-07-07,2025-07-01,SOL,3.469446951953614e-18
14,2025-07-07,2025-07-01,DOGE,3.469446951953614e-18
14,2025-07-07,2025-07-01,AERGO,0.0037464211279477485
14,2025-07-07,2025-07-01,ADA,3.469446951953614e-18
14,2025-07-07,2025-07-01,AUCTION,3.469446951953614e-18
14,2025-07-07,2025-07-01,ONDO,3.469446951953614e-18
14,2025-07-07,2025-07-01,SUI,3.469446951953614e-18
14,2025-07-07,2025-07-01,VIRTUAL,3.469446951953614e-18
14,2025-07-07,2025-07-01,ARDR,0.054251566786466365
14,2025-07-07,2025-07-01,MOVE,3.469446951953614e-18
14,2025-07-07,2025-07-01,AWE,0.020235137746300497
14,2025-07-07,2025-07-01,XLM,0.09259739988308827
14,2025-07-07,2025-07-01,AXS,3.469446951953614e-18
14,2025-07-07,2025-07-01,SNT,0.014840201620805522
14,2025-07-07,2025-07-01,QTUM,3.469446951953614e-18
14,2025-07-07,2025-07-01,ANIME,3.469446951953614e-18
14,2025-07-07,2025-07-01,PUNDIX,3.469446951953614e-18
14,2025-07-07,2025-07-01,ARK,3.469446951953614e-18
14,2025-07-07,2025-07-01,ENS,3.469446951953614e-18
14,2025-07-07,2025-07-01,LINK,3.469446951953614e-18
14,2025-07-07,2025-07-01,CRO,0.07690084793633495
14,2025-07-07,2025-07-01,HBAR,3.469446951953614e-18
14,2025-07-07,2025-07-01,VANA,3.469446951953614e-18
14,2025-07-07,2025-07-01,SEI,3.469446951953614e-18
14,2025-07-07,2025-07-01,STRAX,0.042826906819966204
14,2025-07-07,2025-07-01,KNC,3.469446951953614e-18
14,2025-07-07,2025-07-01,ME,3.469446951953614e-18
14,2025-07-07,2025-07-01,SHIB,3.469446951953614e-18
14,2025-07-07,2025-07-01,CBK,0.1108799726823212
14,2025-07-07,2025-07-01,AQT,0.04605635562898258
14,2025-07-07,2025-07-01,SAFE,3.469446951953614e-18
14,2025-07-07,2025-07-01,GLM,3.469446951953614e-18
14,2025-07-07,2025-07-01,PEPE,3.469446951953614e-18
14,2025-07-07,2025-07-01,BONK,3.469446951953614e-18
14,2025-07-07,2025-07-01,WAVES,0.06179005925651737
14,2025-07-07,2025-07-01,MASK,3.469446951953614e-18
14,2025-07-07,2025-07-01,ATH,3.469446951953614e-18
14,2025-07-07,2025-07-01,TOKAMAK,0.046613939717737155
14,2025-07-07,2025-07-01,CARV,3.469446951953614e-18
14,2025-07-07,2025-07-01,MEW,3.469446951953614e-18
14,2025-07-07,2025-07-01,MNT,0.1501118097036314
14,2025-07-07,2025-07-01,PYTH,3.469446951953614e-18
14,2025-07-07,2025-07-01,SONIC,3.469446951953614e-18
14,2025-07-07,2025-07-01,GAS,3.469446951953614e-18
14,2025-07-07,2025-07-01,AKT,3.469446951953614e-18
14,2025-07-07,2025-07-01,BIGTIME,3.469446951953614e-18
14,2025-07-07,2025-07-01,DRIFT,3.469446951953614e-18
14,2025-07-08,2025-07-01,XRP,0.02914938108990082
14,2025-07-08,2025-07-01,BTC,0.25
14,2025-07-08,2025-07-01,ETH,3.469446951953614e-18
14,2025-07-08,2025-07-01,SOL,3.469446951953614e-18
14,2025-07-08,2025-07-01,DOGE,3.469446951953614e-18
14,2025-07-08,2025-07-01,AERGO,0.0037464211279477485
14,2025-07-08,2025-07-01,ADA,3.469446951953614e-18
14,2025-07-08,2025-07-01,AUCTION,3.469446951953614e-18
14,2025-07-08,2025-07-01,ONDO,3.469446951953614e-18
14,2025-07-08,2025-07-01,SUI,3.469446951953614e-18
14,2025-07-08,2025-07-01,VIRTUAL,3.469446951953614e-18
14,2025-07-08,2025-07-01,ARDR,0.054251566786466365
14,2025-07-08,2025-07-01,MOVE,3.469446951953614e-18
14,2025-07-08,2025-07-01,AWE,0.020235137746300497
14,2025-07-08,2025-07-01,XLM,0.09259739988308827
14,2025-07-08,2025-07-01,AXS,3.469446951953614e-18
14,2025-07-08,2025-07-01,SNT,0.014840201620805522
14,2025-07-08,2025-07-01,QTUM,3.469446951953614e-18
14,2025-07-08,2025-07-01,ANIME,3.469446951953614e-18
14,2025-07-08,2025-07-01,PUNDIX,3.469446951953614e-18
14,2025-07-08,2025-07-01,ARK,3.469446951953614e-18
14,2025-07-08,2025-07-01,ENS,3.469446951953614e-18
14,2025-07-08,2025-07-01,LINK,3.469446951953614e-18
14,2025-07-08,2025-07-01,CRO,0.07690084793633495
14,2025-07-08,2025-07-01,HBAR,3.469446951953614e-18
14,2025-07-08,2025-07-01,VANA,3.469446951953614e-18
14,2025-07-08,2025-07-01,SEI,3.469446951953614e-18
14,2025-07-08,2025-07-01,STRAX,0.042826906819966204
14,2025-07-08,2025-07-01,KNC,3.469446951953614e-18
14,2025-07-08,2025-07-01,ME,3.469446951953614e-18
14,2025-07-08,2025-07-01,SHIB,3.469446951953614e-18
14,2025-07-08,2025-07-01,CBK,0.1108799726823212
14,2025-07-08,2025-07-01,AQT,0.04605635562898258
14,2025-07-08,2025-07-01,SAFE,3.469446951953614e-18
14,2025-07-08,2025-07-01,GLM,3.469446951953614e-18
14,2025-07-08,2025-07-01,PEPE,3.469446951953614e-18
14,2025-07-08,2025-07-01,BONK,3.469446951953614e-18
14,2025-07-08,2025-07-01,WAVES,0.06179005925651737
14,2025-07-08,2025-07-01,MASK,3.469446951953614e-18
14,2025-07-08,2025-07-01,ATH,3.469446951953614e-18
14,2025-07-08,2025-07-01,TOKAMAK,0.046613939717737155
14,2025-07-08,2025-07-01,CARV,3.469446951953614e-18
14,2025-07-08,2025-07-01,MEW,3.469446951953614e-18
14,2025-07-08,2025-07-01,MNT,0.1501118097036314
14,2025-07-08,2025-07-01,PYTH,3.469446951953614e-18
14,2025-07-08,2025-07-01,SONIC,3.469446951953614e-18
14,2025-07-08,2025-07-01,GAS,3.469446951953614e-18
14,2025-07-08,2025-07-01,AKT,3.469446951953614e-18
14,2025-07-08,2025-07-01,BIGTIME,3.469446951953614e-18
14,2025-07-08,2025-07-01,DRIFT,3.469446951953614e-18
14,2025-07-09,2025-07-01,XRP,0.02914938108990082
14,2025-07-09,2025-07-01,BTC,0.25
14,2025-07-09,2025-07-01,ETH,3.469446951953614e-18
14,2025-07-09,2025-07-01,SOL,3.469446951953614e-18
14,2025-07-09,2025-07-01,DOGE,3.469446951953614e-18
14,2025-07-09,2025-07-01,AERGO,0.0037464211279477485
14,2025-07-09,2025-07-01,ADA,3.469446951953614e-18
14,2025-07-09,2025-07-01,AUCTION,3.469446951953614e-18
14,2025-07-09,2025-07-01,ONDO,3.469446951953614e-18
14,2025-07-09,2025-07-01,SUI,3.469446951953614e-18
14,2025-07-09,2025-07-01,VIRTUAL,3.469446951953614e-18
14,2025-07-09,2025-07-01,ARDR,0.054251566786466365
14,2025-07-09,2025-07-01,MOVE,3.469446951953614e-18
14,2025-07-09,2025-07-01,AWE,0.020235137746300497
14,2025-07-09,2025-07-01,XLM,0.09259739988308827
14,2025-07-09,2025-07-01,AXS,3.469446951953614e-18
14,2025-07-09,2025-07-01,SNT,0.014840201620805522
14,2025-07-09,2025-07-01,QTUM,3.469446951953614e-18
14,2025-07-09,2025-07-01,ANIME,3.469446951953614e-18
14,2025-07-09,2025-07-01,PUNDIX,3.469446951953614e-18
14,2025-07-09,2025-07-01,ARK,3.469446951953614e-18
14,2025-07-09,2025-07-01,ENS,3.469446951953614e-18
14,2025-07-09,2025-07-01,LINK,3.469446951953614e-18
14,2025-07-09,2025-07-01,CRO,0.07690084793633495
14,2025-07-09,2025-07-01,HBAR,3.469446951953614e-18
14,2025-07-09,2025-07-01,VANA,3.469446951953614e-18
14,2025-07-09,2025-07-01,SEI,3.469446951953614e-18
14,2025-07-09,2025-07-01,STRAX,0.042826906819966204
14,2025-07-09,2025-07-01,KNC,3.469446951953614e-18
14,2025-07-09,2025-07-01,ME,3.469446951953614e-18
14,2025-07-09,2025-07-01,SHIB,3.469446951953614e-18
14,2025-07-09,2025-07-01,CBK,0.1108799726823212
14,2025-07-09,2025-07-01,AQT,0.04605635562898258
14,2025-07-09,2025-07-01,SAFE,3.469446951953614e-18
14,2025-07-09,2025-07-01,GLM,3.469446951953614e-18
14,2025-07-09,2025-07-01,PEPE,3.469446951953614e-18
14,2025-07-09,2025-07-01,BONK,3.469446951953614e-18
14,2025-07-09,2025-07-01,WAVES,0.06179005925651737
14,2025-07-09,2025-07-01,MASK,3.469446951953614e-18
14,2025-07-09,2025-07-01,ATH,3.469446951953614e-18
14,2025-07-09,2025-07-01,TOKAMAK,0.046613939717737155
14,2025-07-09,2025-07-01,CARV,3.469446951953614e-18
14,2025-07-09,2025-07-01,MEW,3.469446951953614e-18
14,2025-07-09,2025-07-01,MNT,0.1501118097036314
14,2025-07-09,2025-07-01,PYTH,3.469446951953614e-18
14,2025-07-09,2025-07-01,SONIC,3.469446951953614e-18
14,2025-07-09,2025-07-01,GAS,3.469446951953614e-18
14,2025-07-09,2025-07-01,AKT,3.469446951953614e-18
14,2025-07-09,2025-07-01,BIGTIME,3.469446951953614e-18
14,2025-07-09,2025-07-01,DRIFT,3.469446951953614e-18
14,2025-07-10,2025-07-01,XRP,0.02914938108990082
14,2025-07-10,2025-07-01,BTC,0.25
14,2025-07-10,2025-07-01,ETH,3.469446951953614e-18
14,2025-07-10,2025-07-01,SOL,3.469446951953614e-18
14,2025-07-10,2025-07-01,DOGE,3.469446951953614e-18
14,2025-07-10,2025-07-01,AERGO,0.0037464211279477485
14,2025-07-10,2025-07-01,ADA,3.469446951953614e-18
14,2025-07-10,2025-07-01,AUCTION,3.469446951953614e-18
14,2025-07-10,2025-07-01,ONDO,3.469446951953614e-18
14,2025-07-10,2025-07-01,SUI,3.469446951953614e-18
14,2025-07-10,2025-07-01,VIRTUAL,3.469446951953614e-18
14,2025-07-10,2025-07-01,ARDR,0.054251566786466365
14,2025-07-10,2025-07-01,MOVE,3.469446951953614e-18
14,2025-07-10,2025-07-01,AWE,0.020235137746300497
14,2025-07-10,2025-07-01,XLM,0.09259739988308827
14,2025-07-10,2025-07-01,AXS,3.469446951953614e-18
14,2025-07-10,2025-07-01,SNT,0.014840201620805522
14,2025-07-10,2025-07-01,QTUM,3.469446951953614e-18
14,2025-07-10,2025-07-01,ANIME,3.469446951953614e-18
14,2025-07-10,2025-07-01,PUNDIX,3.469446951953614e-18
14,2025-07-10,2025-07-01,ARK,3.469446951953614e-18
14,2025-07-10,2025-07-01,ENS,3.469446951953614e-18
14,2025-07-10,2025-07-01,LINK,3.469446951953614e-18
14,2025-07-10,2025-07-01,CRO,0.07690084793633495
14,2025-07-10,2025-07-01,HBAR,3.469446951953614e-18
14,2025-07-10,2025-07-01,VANA,3.469446951953614e-18
14,2025-07-10,2025-07-01,SEI,3.469446951953614e-18
14,2025-07-10,2025-07-01,STRAX,0.042826906819966204
14,2025-07-10,2025-07-01,KNC,3.469446951953614e-18
14,2025-07-10,2025-07-01,ME,3.469446951953614e-18
14,2025-07-10,2025-07-01,SHIB,3.469446951953614e-18
14,2025-07-10,2025-07-01,CBK,0.1108799726823212
14,2025-07-10,2025-07-01,AQT,0.04605635562898258
14,2025-07-10,2025-07-01,SAFE,3.469446951953614e-18
14,2025-07-10,2025-07-01,GLM,3.469446951953614e-18
14,2025-07-10,2025-07-01,PEPE,3.469446951953614e-18
14,2025-07-10,2025-07-01,BONK,3.469446951953614e-18
14,2025-07-10,2025-07-01,WAVES,0.06179005925651737
14,2025-07-10,2025-07-01,MASK,3.469446951953614e-18
14,2025-07-10,2025-07-01,ATH,3.469446951953614e-18
14,2025-07-10,2025-07-01,TOKAMAK,0.046613939717737155
14,2025-07-10,2025-07-01,CARV,3.469446951953614e-18
14,2025-07-10,2025-07-01,MEW,3.469446951953614e-18
14,2025-07-10,2025-07-01,MNT,0.1501118097036314
14,2025-07-10,2025-07-01,PYTH,3.469446951953614e-18
14,2025-07-10,2025-07-01,SONIC,3.469446951953614e-18
14,2025-07-10,2025-07-01,GAS,3.469446951953614e-18
14,2025-07-10,2025-07-01,AKT,3.469446951953614e-18
14,2025-07-10,2025-07-01,BIGTIME,3.469446951953614e-18
14,2025-07-10,2025-07-01,DRIFT,3.469446951953614e-18
14,2025-07-11,2025-07-01,XRP,0.02914938108990082
14,2025-07-11,2025-07-01,BTC,0.25
14,2025-07-11,2025-07-01,ETH,3.469446951953614e-18
14,2025-07-11,2025-07-01,SOL,3.469446951953614e-18
14,2025-07-11,2025-07-01,DOGE,3.469446951953614e-18
14,2025-07-11,2025-07-01,AERGO,0.0037464211279477485
14,2025-07-11,2025-07-01,ADA,3.469446951953614e-18
14,2025-07-11,2025-07-01,AUCTION,3.469446951953614e-18
14,2025-07-11,2025-07-01,ONDO,3.469446951953614e-18
14,2025-07-11,2025-07-01,SUI,3.469446951953614e-18
14,2025-07-11,2025-07-01,VIRTUAL,3.469446951953614e-18
14,2025-07-11,2025-07-01,ARDR,0.054251566786466365
14,2025-07-11,2025-07-01,MOVE,3.469446951953614e-18
14,2025-07-11,2025-07-01,AWE,0.020235137746300497
14,2025-07-11,2025-07-01,XLM,0.09259739988308827
14,2025-07-11,2025-07-01,AXS,3.469446951953614e-18
14,2025-07-11,2025-07-01,SNT,0.014840201620805522
14,2025-07-11,2025-07-01,QTUM,3.469446951953614e-18
14,2025-07-11,2025-07-01,ANIME,3.469446951953614e-18
14,2025-07-11,2025-07-01,PUNDIX,3.469446951953614e-18
14,2025-07-11,2025-07-01,ARK,3.469446951953614e-18
14,2025-07-11,2025-07-01,ENS,3.469446951953614e-18
14,2025-07-11,2025-07-01,LINK,3.469446951953614e-18
14,2025-07-11,2025-07-01,CRO,0.07690084793633495
14,2025-07-11,2025-07-01,HBAR,3.469446951953614e-18
14,2025-07-11,2025-07-01,VANA,3.469446951953614e-18
14,2025-07-11,2025-07-01,SEI,3.469446951953614e-18
14,2025-07-11,2025-07-01,STRAX,0.042826906819966204
14,2025-07-11,2025-07-01,KNC,3.469446951953614e-18
14,2025-07-11,2025-07-01,ME,3.469446951953614e-18
14,2025-07-11,2025-07-01,SHIB,3.469446951953614e-18
14,2025-07-11,2025-07-01,CBK,0.1108799726823212
14,2025-07-11,2025-07-01,AQT,0.04605635562898258
14,2025-07-11,2025-07-01,SAFE,3.469446951953614e-18
14,2025-07-11,2025-07-01,GLM,3.469446951953614e-18
14,2025-07-11,2025-07-01,PEPE,3.469446951953614e-18
14,2025-07-11,2025-07-01,BONK,3.469446951953614e-18
14,2025-07-11,2025-07-01,WAVES,0.06179005925651737
14,2025-07-11,2025-07-01,MASK,3.469446951953614e-18
14,2025-07-11,2025-07-01,ATH,3.469446951953614e-18
14,2025-07-11,2025-07-01,TOKAMAK,0.046613939717737155
14,2025-07-11,2025-07-01,CARV,3.469446951953614e-18
14,2025-07-11,2025-07-01,MEW,3.469446951953614e-18
14,2025-07-11,2025-07-01,MNT,0.1501118097036314
14,2025-07-11,2025-07-01,PYTH,3.469446951953614e-18
14,2025-07-11,2025-07-01,SONIC,3.469446951953614e-18
14,2025-07-11,2025-07-01,GAS,3.469446951953614e-18
14,2025-07-11,2025-07-01,AKT,3.469446951953614e-18
14,2025-07-11,2025-07-01,BIGTIME,3.469446951953614e-18
14,2025-07-11,2025-07-01,DRIFT,3.469446951953614e-18
14,2025-07-12,2025-07-01,XRP,0.02914938108990082
14,2025-07-12,2025-07-01,BTC,0.25
14,2025-07-12,2025-07-01,ETH,3.469446951953614e-18
14,2025-07-12,2025-07-01,SOL,3.469446951953614e-18
14,2025-07-12,2025-07-01,DOGE,3.469446951953614e-18
14,2025-07-12,2025-07-01,AERGO,0.0037464211279477485
14,2025-07-12,2025-07-01,ADA,3.469446951953614e-18
14,2025-07-12,2025-07-01,AUCTION,3.469446951953614e-18
14,2025-07-12,2025-07-01,ONDO,3.469446951953614e-18
14,2025-07-12,2025-07-01,SUI,3.469446951953614e-18
14,2025-07-12,2025-07-01,VIRTUAL,3.469446951953614e-18
14,2025-07-12,2025-07-01,ARDR,0.054251566786466365
14,2025-07-12,2025-07-01,MOVE,3.469446951953614e-18
14,2025-07-12,2025-07-01,AWE,0.020235137746300497
14,2025-07-12,2025-07-01,XLM,0.09259739988308827
14,2025-07-12,2025-07-01,AXS,3.469446951953614e-18
14,2025-07-12,2025-07-01,SNT,0.014840201620805522
14,2025-07-12,2025-07-01,QTUM,3.469446951953614e-18
14,2025-07-12,2025-07-01,ANIME,3.469446951953614e-18
14,2025-07-12,2025-07-01,PUNDIX,3.469446951953614e-18
14,2025-07-12,2025-07-01,ARK,3.469446951953614e-18
14,2025-07-12,2025-07-01,ENS,3.469446951953614e-18
14,2025-07-12,2025-07-01,LINK,3.469446951953614e-18
14,2025-07-12,2025-07-01,CRO,0.07690084793633495
14,2025-07-12,2025-07-01,HBAR,3.469446951953614e-18
14,2025-07-12,2025-07-01,VANA,3.469446951953614e-18
14,2025-07-12,2025-07-01,SEI,3.469446951953614e-18
14,2025-07-12,2025-07-01,STRAX,0.042826906819966204
14,2025-07-12,2025-07-01,KNC,3.469446951953614e-18
14,2025-07-12,2025-07-01,ME,3.469446951953614e-18
14,2025-07-12,2025-07-01,SHIB,3.469446951953614e-18
14,2025-07-12,2025-07-01,CBK,0.1108799726823212
14,2025-07-12,2025-07-01,AQT,0.04605635562898258
14,2025-07-12,2025-07-01,SAFE,3.469446951953614e-18
14,2025-07-12,2025-07-01,GLM,3.469446951953614e-18
14,2025-07-12,2025-07-01,PEPE,3.469446951953614e-18
14,2025-07-12,2025-07-01,BONK,3.469446951953614e-18
14,2025-07-12,2025-07-01,WAVES,0.06179005925651737
14,2025-07-12,2025-07-01,MASK,3.469446951953614e-18
14,2025-07-12,2025-07-01,ATH,3.469446951953614e-18
14,2025-07-12,2025-07-01,TOKAMAK,0.046613939717737155
14,2025-07-12,2025-07-01,CARV,3.469446951953614e-18
14,2025-07-12,2025-07-01,MEW,3.469446951953614e-18
14,2025-07-12,2025-07-01,MNT,0.1501118097036314
14,2025-07-12,2025-07-01,PYTH,3.469446951953614e-18
14,2025-07-12,2025-07-01,SONIC,3.469446951953614e-18
14,2025-07-12,2025-07-01,GAS,3.469446951953614e-18
14,2025-07-12,2025-07-01,AKT,3.469446951953614e-18
14,2025-07-12,2025-07-01,BIGTIME,3.469446951953614e-18
14,2025-07-12,2025-07-01,DRIFT,3.469446951953614e-18
14,2025-07-13,2025-07-01,XRP,0.02914938108990082
14,2025-07-13,2025-07-01,BTC,0.25
14,2025-07-13,2025-07-01,ETH,3.469446951953614e-18
14,2025-07-13,2025-07-01,SOL,3.469446951953614e-18
14,2025-07-13,2025-07-01,DOGE,3.469446951953614e-18
14,2025-07-13,2025-07-01,AERGO,0.0037464211279477485
14,2025-07-13,2025-07-01,ADA,3.469446951953614e-18
14,2025-07-13,2025-07-01,AUCTION,3.469446951953614e-18
14,2025-07-13,2025-07-01,ONDO,3.469446951953614e-18
14,2025-07-13,2025-07-01,SUI,3.469446951953614e-18
14,2025-07-13,2025-07-01,VIRTUAL,3.469446951953614e-18
14,2025-07-13,2025-07-01,ARDR,0.054251566786466365
14,2025-07-13,2025-07-01,MOVE,3.469446951953614e-18
14,2025-07-13,2025-07-01,AWE,0.020235137746300497
14,2025-07-13,2025-07-01,XLM,0.09259739988308827
14,2025-07-13,2025-07-01,AXS,3.469446951953614e-18
14,2025-07-13,2025-07-01,SNT,0.014840201620805522
14,2025-07-13,2025-07-01,QTUM,3.469446951953614e-18
14,2025-07-13,2025-07-01,ANIME,3.469446951953614e-18
14,2025-07-13,2025-07-01,PUNDIX,3.469446951953614e-18
14,2025-07-13,2025-07-01,ARK,3.469446951953614e-18
14,2025-07-13,2025-07-01,ENS,3.469446951953614e-18
14,2025-07-13,2025-07-01,LINK,3.469446951953614e-18
14,2025-07-13,2025-07-01,CRO,0.07690084793633495
14,2025-07-13,2025-07-01,HBAR,3.469446951953614e-18
14,2025-07-13,2025-07-01,VANA,3.469446951953614e-18
14,2025-07-13,2025-07-01,SEI,3.469446951953614e-18
14,2025-07-13,2025-07-01,STRAX,0.042826906819966204
14,2025-07-13,2025-07-01,KNC,3.469446951953614e-18
14,2025-07-13,2025-07-01,ME,3.469446951953614e-18
14,2025-07-13,2025-07-01,SHIB,3.469446951953614e-18
14,2025-07-13,2025-07-01,CBK,0.1108799726823212
14,2025-07-13,2025-07-01,AQT,0.04605635562898258
14,2025-07-13,2025-07-01,SAFE,3.469446951953614e-18
14,2025-07-13,2025-07-01,GLM,3.469446951953614e-18
14,2025-07-13,2025-07-01,PEPE,3.469446951953614e-18
14,2025-07-13,2025-07-01,BONK,3.469446951953614e-18
14,2025-07-13,2025-07-01,WAVES,0.06179005925651737
14,2025-07-13,2025-07-01,MASK,3.469446951953614e-18
14,2025-07-13,2025-07-01,ATH,3.469446951953614e-18
14,2025-07-13,2025-07-01,TOKAMAK,0.046613939717737155
14,2025-07-13,2025-07-01,CARV,3.469446951953614e-18
14,2025-07-13,2025-07-01,MEW,3.469446951953614e-18
14,2025-07-13,2025-07-01,MNT,0.1501118097036314
14,2025-07-13,2025-07-01,PYTH,3.469446951953614e-18
14,2025-07-13,2025-07-01,SONIC,3.469446951953614e-18
14,2025-07-13,2025-07-01,GAS,3.469446951953614e-18
14,2025-07-13,2025-07-01,AKT,3.469446951953614e-18
14,2025-07-13,2025-07-01,BIGTIME,3.469446951953614e-18
14,2025-07-13,2025-07-01,DRIFT,3.469446951953614e-18
14,2025-07-14,2025-07-01,XRP,0.02914938108990082
14,2025-07-14,2025-07-01,BTC,0.25
14,2025-07-14,2025-07-01,ETH,3.469446951953614e-18
14,2025-07-14,2025-07-01,SOL,3.469446951953614e-18
14,2025-07-14,2025-07-01,DOGE,3.469446951953614e-18
14,2025-07-14,2025-07-01,AERGO,0.0037464211279477485
14,2025-07-14,2025-07-01,ADA,3.469446951953614e-18
14,2025-07-14,2025-07-01,AUCTION,3.469446951953614e-18
14,2025-07-14,2025-07-01,ONDO,3.469446951953614e-18
14,2025-07-14,2025-07-01,SUI,3.469446951953614e-18
14,2025-07-14,2025-07-01,VIRTUAL,3.469446951953614e-18
14,2025-07-14,2025-07-01,ARDR,0.054251566786466365
14,2025-07-14,2025-07-01,MOVE,3.469446951953614e-18
14,2025-07-14,2025-07-01,AWE,0.020235137746300497
14,2025-07-14,2025-07-01,XLM,0.09259739988308827
14,2025-07-14,2025-07-01,AXS,3.469446951953614e-18
14,2025-07-14,2025-07-01,SNT,0.014840201620805522
14,2025-07-14,2025-07-01,QTUM,3.469446951953614e-18
14,2025-07-14,2025-07-01,ANIME,3.469446951953614e-18
14,2025-07-14,2025-07-01,PUNDIX,3.469446951953614e-18
14,2025-07-14,2025-07-01,ARK,3.469446951953614e-18
14,2025-07-14,2025-07-01,ENS,3.469446951953614e-18
14,2025-07-14,2025-07-01,LINK,3.469446951953614e-18
14,2025-07-14,2025-07-01,CRO,0.07690084793633495
14,2025-07-14,2025-07-01,HBAR,3.469446951953614e-18
14,2025-07-14,2025-07-01,VANA,3.469446951953614e-18
14,2025-07-14,2025-07-01,SEI,3.469446951953614e-18
14,2025-07-14,2025-07-01,STRAX,0.042826906819966204
14,2025-07-14,2025-07-01,KNC,3.469446951953614e-18
14,2025-07-14,2025-07-01,ME,3.469446951953614e-18
14,2025-07-14,2025-07-01,SHIB,3.469446951953614e-18
14,2025-07-14,2025-07-01,CBK,0.1108799726823212
14,2025-07-14,2025-07-01,AQT,0.04605635562898258
14,2025-07-14,2025-07-01,SAFE,3.469446951953614e-18
14,2025-07-14,2025-07-01,GLM,3.469446951953614e-18
14,2025-07-14,2025-07-01,PEPE,3.469446951953614e-18
14,2025-07-14,2025-07-01,BONK,3.469446951953614e-18
14,2025-07-14,2025-07-01,WAVES,0.06179005925651737
14,2025-07-14,2025-07-01,MASK,3.469446951953614e-18
14,2025-07-14,2025-07-01,ATH,3.469446951953614e-18
14,2025-07-14,2025-07-01,TOKAMAK,0.046613939717737155
14,2025-07-14,2025-07-01,CARV,3.469446951953614e-18
14,2025-07-14,2025-07-01,MEW,3.469446951953614e-18
14,2025-07-14,2025-07-01,MNT,0.1501118097036314
14,2025-07-14,2025-07-01,PYTH,3.469446951953614e-18
14,2025-07-14,2025-07-01,SONIC,3.469446951953614e-18
14,2025-07-14,2025-07-01,GAS,3.469446951953614e-18
14,2025-07-14,2025-07-01,AKT,3.469446951953614e-18
14,2025-07-14,2025-07-01,BIGTIME,3.469446951953614e-18
14,2025-07-14,2025-07-01,DRIFT,3.469446951953614e-18
14,2025-08-01,2025-08-01,XRP,3.4694469519532198e-18
14,2025-08-01,2025-08-01,BTC,0.25
14,2025-08-01,2025-08-01,ETH,0.16016718494401866
14,2025-08-01,2025-08-01,SOL,3.4694469519532198e-18
14,2025-08-01,2025-08-01,DOGE,3.4694469519532198e-18
14,2025-08-01,2025-08-01,AERGO,0.004081426359021724
14,2025-08-01,2025-08-01,ADA,3.4694469519532198e-18
14,2025-08-01,2025-08-01,AUCTION,3.4694469519532198e-18
14,2025-08-01,2025-08-01,ONDO,3.4694469519532198e-18
14,2025-08-01,2025-08-01,SUI,3.4694469519532198e-18
14,2025-08-01,2025-08-01,VIRTUAL,3.4694469519532198e-18
14,2025-08-01,2025-08-01,ARDR,0.05139768537776285
14,2025-08-01,2025-08-01,MOVE,3.4694469519532198e-18
14,2025-08-01,2025-08-01,AWE,0.05458234195553267
14,2025-08-01,2025-08-01,XLM,3.4694469519532198e-18
14,2025-08-01,2025-08-01,AXS,3.4694469519532198e-18
14,2025-08-01,2025-08-01,SNT,0.04326228787237601
14,2025-08-01,2025-08-01,QTUM,3.4694469519532198e-18
14,2025-08-01,2025-08-01,ANIME,3.4694469519532198e-18
14,2025-08-01,2025-08-01,PUNDIX,3.4694469519532198e-18
14,2025-08-01,2025-08-01,ARK,3.4694469519532198e-18
14,2025-08-01,2025-08-01,ENS,3.4694469519532198e-18
14,2025-08-01,2025-08-01,LINK,3.4694469519532198e-18
14,2025-08-01,2025-08-01,CRO,0.006505547822576804
14,2025-08-01,2025-08-01,HBAR,3.4694469519532198e-18
14,2025-08-01,2025-08-01,VANA,3.4694469519532198e-18
14,2025-08-01,2025-08-01,SEI,3.4694469519532198e-18
14,2025-08-01,2025-08-01,STRAX,0.07125149545404189
14,2025-08-01,2025-08-01,KNC,3.4694469519532198e-18
14,2025-08-01,2025-08-01,ME,3.4694469519532198e-18
14,2025-08-01,2025-08-01,SHIB,3.4694469519532198e-18
14,2025-08-01,2025-08-01,CBK,0.02895678123858144
14,2025-08-01,2025-08-01,AQT,0.058316543298825144
14,2025-08-01,2025-08-01,SAFE,3.4694469519532198e-18
14,2025-08-01,2025-08-01,GLM,3.4694469519532198e-18
14,2025-08-01,2025-08-01,PEPE,3.4694469519532198e-18
14,2025-08-01,2025-08-01,BONK,3.4694469519532198e-18
14,2025-08-01,2025-08-01,WAVES,0.025649187356166354
14,2025-08-01,2025-08-01,MASK,3.4694469519532198e-18
14,2025-08-01,2025-08-01,ATH,3.4694469519532198e-18
14,2025-08-01,2025-08-01,TOKAMAK,0.03401095874602001
14,2025-08-01,2025-08-01,CARV,0.006471869406513106
14,2025-08-01,2025-08-01,MEW,3.4694469519532198e-18
14,2025-08-01,2025-08-01,MNT,0.20534669016856338
14,2025-08-01,2025-08-01,PYTH,3.4694469519532198e-18
14,2025-08-01,2025-08-01,SONIC,3.4694469519532198e-18
14,2025-08-01,2025-08-01,GAS,3.4694469519532198e-18
14,2025-08-01,2025-08-01,AKT,3.4694469519532198e-18
14,2025-08-01,2025-08-01,BIGTIME,3.4694469519532198e-18
14,2025-08-01,2025-08-01,DRIFT,3.4694469519532198e-18
14,2025-08-02,2025-08-01,XRP,3.4694469519532198e-18
14,2025-08-02,2025-08-01,BTC,0.25
14,2025-08-02,2025-08-01,ETH,0.16016718494401866
14,2025-08-02,2025-08-01,SOL,3.4694469519532198e-18
14,2025-08-02,2025-08-01,DOGE,3.4694469519532198e-18
14,2025-08-02,2025-08-01,AERGO,0.004081426359021724
14,2025-08-02,2025-08-01,ADA,3.4694469519532198e-18
14,2025-08-02,2025-08-01,AUCTION,3.4694469519532198e-18
14,2025-08-02,2025-08-01,ONDO,3.4694469519532198e-18
14,2025-08-02,2025-08-01,SUI,3.4694469519532198e-18
14,2025-08-02,2025-08-01,VIRTUAL,3.4694469519532198e-18
14,2025-08-02,2025-08-01,ARDR,0.05139768537776285
14,2025-08-02,2025-08-01,MOVE,3.4694469519532198e-18
14,2025-08-02,2025-08-01,AWE,0.05458234195553267
14,2025-08-02,2025-08-01,XLM,3.4694469519532198e-18
14,2025-08-02,2025-08-01,AXS,3.4694469519532198e-18
14,2025-08-02,2025-08-01,SNT,0.04326228787237601
14,2025-08-02,2025-08-01,QTUM,3.4694469519532198e-18
14,2025-08-02,2025-08-01,ANIME,3.4694469519532198e-18
14,2025-08-02,2025-08-01,PUNDIX,3.4694469519532198e-18
14,2025-08-02,2025-08-01,ARK,3.4694469519532198e-18
14,2025-08-02,2025-08-01,ENS,3.4694469519532198e-18
14,2025-08-02,2025-08-01,LINK,3.4694469519532198e-18
14,2025-08-02,2025-08-01,CRO,0.006505547822576804
14,2025-08-02,2025-08-01,HBAR,3.4694469519532198e-18
14,2025-08-02,2025-08-01,VANA,3.4694469519532198e-18
14,2025-08-02,2025-08-01,SEI,3.4694469519532198e-18
14,2025-08-02,2025-08-01,STRAX,0.07125149545404189
14,2025-08-02,2025-08-01,KNC,3.4694469519532198e-18
14,2025-08-02,2025-08-01,ME,3.4694469519532198e-18
14,2025-08-02,2025-08-01,SHIB,3.4694469519532198e-18
14,2025-08-02,2025-08-01,CBK,0.02895678123858144
14,2025-08-02,2025-08-01,AQT,0.058316543298825144
14,2025-08-02,2025-08-01,SAFE,3.4694469519532198e-18
14,2025-08-02,2025-08-01,GLM,3.4694469519532198e-18
14,2025-08-02,2025-08-01,PEPE,3.4694469519532198e-18
14,2025-08-02,2025-08-01,BONK,3.4694469519532198e-18
14,2025-08-02,2025-08-01,WAVES,0.025649187356166354
14,2025-08-02,2025-08-01,MASK,3.4694469519532198e-18
14,2025-08-02,2025-08-01,ATH,3.4694469519532198e-18
14,2025-08-02,2025-08-01,TOKAMAK,0.03401095874602001
14,2025-08-02,2025-08-01,CARV,0.006471869406513106
14,2025-08-02,2025-08-01,MEW,3.4694469519532198e-18
14,2025-08-02,2025-08-01,MNT,0.20534669016856338
14,2025-08-02,2025-08-01,PYTH,3.4694469519532198e-18
14,2025-08-02,2025-08-01,SONIC,3.4694469519532198e-18
14,2025-08-02,2025-08-01,GAS,3.4694469519532198e-18
14,2025-08-02,2025-08-01,AKT,3.4694469519532198e-18
14,2025-08-02,2025-08-01,BIGTIME,3.4694469519532198e-18
14,2025-08-02,2025-08-01,DRIFT,3.4694469519532198e-18
14,2025-08-03,2025-08-01,XRP,3.4694469519532198e-18
14,2025-08-03,2025-08-01,BTC,0.25
14,2025-08-03,2025-08-01,ETH,0.16016718494401866
14,2025-08-03,2025-08-01,SOL,3.4694469519532198e-18
14,2025-08-03,2025-08-01,DOGE,3.4694469519532198e-18
14,2025-08-03,2025-08-01,AERGO,0.004081426359021724
14,2025-08-03,2025-08-01,ADA,3.4694469519532198e-18
14,2025-08-03,2025-08-01,AUCTION,3.4694469519532198e-18
14,2025-08-03,2025-08-01,ONDO,3.4694469519532198e-18
14,2025-08-03,2025-08-01,SUI,3.4694469519532198e-18
14,2025-08-03,2025-08-01,VIRTUAL,3.4694469519532198e-18
14,2025-08-03,2025-08-01,ARDR,0.05139768537776285
14,2025-08-03,2025-08-01,MOVE,3.4694469519532198e-18
14,2025-08-03,2025-08-01,AWE,0.05458234195553267
14,2025-08-03,2025-08-01,XLM,3.4694469519532198e-18
14,2025-08-03,2025-08-01,AXS,3.4694469519532198e-18
14,2025-08-03,2025-08-01,SNT,0.04326228787237601
14,2025-08-03,2025-08-01,QTUM,3.4694469519532198e-18
14,2025-08-03,2025-08-01,ANIME,3.4694469519532198e-18
14,2025-08-03,2025-08-01,PUNDIX,3.4694469519532198e-18
14,2025-08-03,2025-08-01,ARK,3.4694469519532198e-18
14,2025-08-03,2025-08-01,ENS,3.4694469519532198e-18
14,2025-08-03,2025-08-01,LINK,3.4694469519532198e-18
14,2025-08-03,2025-08-01,CRO,0.006505547822576804
14,2025-08-03,2025-08-01,HBAR,3.4694469519532198e-18
14,2025-08-03,2025-08-01,VANA,3.4694469519532198e-18
14,2025-08-03,2025-08-01,SEI,3.4694469519532198e-18
14,2025-08-03,2025-08-01,STRAX,0.07125149545404189
14,2025-08-03,2025-08-01,KNC,3.4694469519532198e-18
14,2025-08-03,2025-08-01,ME,3.4694469519532198e-18
14,2025-08-03,2025-08-01,SHIB,3.4694469519532198e-18
14,2025-08-03,2025-08-01,CBK,0.02895678123858144
14,2025-08-03,2025-08-01,AQT,0.058316543298825144
14,2025-08-03,2025-08-01,SAFE,3.4694469519532198e-18
14,2025-08-03,2025-08-01,GLM,3.4694469519532198e-18
14,2025-08-03,2025-08-01,PEPE,3.4694469519532198e-18
14,2025-08-03,2025-08-01,BONK,3.4694469519532198e-18
14,2025-08-03,2025-08-01,WAVES,0.025649187356166354
14,2025-08-03,2025-08-01,MASK,3.4694469519532198e-18
14,2025-08-03,2025-08-01,ATH,3.4694469519532198e-18
14,2025-08-03,2025-08-01,TOKAMAK,0.03401095874602001
14,2025-08-03,2025-08-01,CARV,0.006471869406513106
14,2025-08-03,2025-08-01,MEW,3.4694469519532198e-18
14,2025-08-03,2025-08-01,MNT,0.20534669016856338
14,2025-08-03,2025-08-01,PYTH,3.4694469519532198e-18
14,2025-08-03,2025-08-01,SONIC,3.4694469519532198e-18
14,2025-08-03,2025-08-01,GAS,3.4694469519532198e-18
14,2025-08-03,2025-08-01,AKT,3.4694469519532198e-18
14,2025-08-03,2025-08-01,BIGTIME,3.4694469519532198e-18
14,2025-08-03,2025-08-01,DRIFT,3.4694469519532198e-18
14,2025-08-04,2025-08-01,XRP,3.4694469519532198e-18
14,2025-08-04,2025-08-01,BTC,0.25
14,2025-08-04,2025-08-01,ETH,0.16016718494401866
14,2025-08-04,2025-08-01,SOL,3.4694469519532198e-18
14,2025-08-04,2025-08-01,DOGE,3.4694469519532198e-18
14,2025-08-04,2025-08-01,AERGO,0.004081426359021724
14,2025-08-04,2025-08-01,ADA,3.4694469519532198e-18
14,2025-08-04,2025-08-01,AUCTION,3.4694469519532198e-18
14,2025-08-04,2025-08-01,ONDO,3.4694469519532198e-18
14,2025-08-04,2025-08-01,SUI,3.4694469519532198e-18
14,2025-08-04,2025-08-01,VIRTUAL,3.4694469519532198e-18
14,2025-08-04,2025-08-01,ARDR,0.05139768537776285
14,2025-08-04,2025-08-01,MOVE,3.4694469519532198e-18
14,2025-08-04,2025-08-01,AWE,0.05458234195553267
14,2025-08-04,2025-08-01,XLM,3.4694469519532198e-18
14,2025-08-04,2025-08-01,AXS,3.4694469519532198e-18
14,2025-08-04,2025-08-01,SNT,0.04326228787237601
14,2025-08-04,2025-08-01,QTUM,3.4694469519532198e-18
14,2025-08-04,2025-08-01,ANIME,3.4694469519532198e-18
14,2025-08-04,2025-08-01,PUNDIX,3.4694469519532198e-18
14,2025-08-04,2025-08-01,ARK,3.4694469519532198e-18
14,2025-08-04,2025-08-01,ENS,3.4694469519532198e-18
14,2025-08-04,2025-08-01,LINK,3.4694469519532198e-18
14,2025-08-04,2025-08-01,CRO,0.006505547822576804
14,2025-08-04,2025-08-01,HBAR,3.4694469519532198e-18
14,2025-08-04,2025-08-01,VANA,3.4694469519532198e-18
14,2025-08-04,2025-08-01,SEI,3.4694469519532198e-18
14,2025-08-04,2025-08-01,STRAX,0.07125149545404189
14,2025-08-04,2025-08-01,KNC,3.4694469519532198e-18
14,2025-08-04,2025-08-01,ME,3.4694469519532198e-18
14,2025-08-04,2025-08-01,SHIB,3.4694469519532198e-18
14,2025-08-04,2025-08-01,CBK,0.02895678123858144
14,2025-08-04,2025-08-01,AQT,0.058316543298825144
14,2025-08-04,2025-08-01,SAFE,3.4694469519532198e-18
14,2025-08-04,2025-08-01,GLM,3.4694469519532198e-18
14,2025-08-04,2025-08-01,PEPE,3.4694469519532198e-18
14,2025-08-04,2025-08-01,BONK,3.4694469519532198e-18
14,2025-08-04,2025-08-01,WAVES,0.025649187356166354
14,2025-08-04,2025-08-01,MASK,3.4694469519532198e-18
14,2025-08-04,2025-08-01,ATH,3.4694469519532198e-18
14,2025-08-04,2025-08-01,TOKAMAK,0.03401095874602001
14,2025-08-04,2025-08-01,CARV,0.006471869406513106
14,2025-08-04,2025-08-01,MEW,3.4694469519532198e-18
14,2025-08-04,2025-08-01,MNT,0.20534669016856338
14,2025-08-04,2025-08-01,PYTH,3.4694469519532198e-18
14,2025-08-04,2025-08-01,SONIC,3.4694469519532198e-18
14,2025-08-04,2025-08-01,GAS,3.4694469519532198e-18
14,2025-08-04,2025-08-01,AKT,3.4694469519532198e-18
14,2025-08-04,2025-08-01,BIGTIME,3.4694469519532198e-18
14,2025-08-04,2025-08-01,DRIFT,3.4694469519532198e-18
14,2025-08-05,2025-08-01,XRP,3.4694469519532198e-18
14,2025-08-05,2025-08-01,BTC,0.25
14,2025-08-05,2025-08-01,ETH,0.16016718494401866
14,2025-08-05,2025-08-01,SOL,3.4694469519532198e-18
14,2025-08-05,2025-08-01,DOGE,3.4694469519532198e-18
14,2025-08-05,2025-08-01,AERGO,0.004081426359021724
14,2025-08-05,2025-08-01,ADA,3.4694469519532198e-18
14,2025-08-05,2025-08-01,AUCTION,3.4694469519532198e-18
14,2025-08-05,2025-08-01,ONDO,3.4694469519532198e-18
14,2025-08-05,2025-08-01,SUI,3.4694469519532198e-18
14,2025-08-05,2025-08-01,VIRTUAL,3.4694469519532198e-18
14,2025-08-05,2025-08-01,ARDR,0.05139768537776285
14,2025-08-05,2025-08-01,MOVE,3.4694469519532198e-18
14,2025-08-05,2025-08-01,AWE,0.05458234195553267
14,2025-08-05,2025-08-01,XLM,3.4694469519532198e-18
14,2025-08-05,2025-08-01,AXS,3.4694469519532198e-18
14,2025-08-05,2025-08-01,SNT,0.04326228787237601
14,2025-08-05,2025-08-01,QTUM,3.4694469519532198e-18
14,2025-08-05,2025-08-01,ANIME,3.4694469519532198e-18
14,2025-08-05,2025-08-01,PUNDIX,3.4694469519532198e-18
14,2025-08-05,2025-08-01,ARK,3.4694469519532198e-18
14,2025-08-05,2025-08-01,ENS,3.4694469519532198e-18
14,2025-08-05,2025-08-01,LINK,3.4694469519532198e-18
14,2025-08-05,2025-08-01,CRO,0.006505547822576804
14,2025-08-05,2025-08-01,HBAR,3.4694469519532198e-18
14,2025-08-05,2025-08-01,VANA,3.4694469519532198e-18
14,2025-08-05,2025-08-01,SEI,3.4694469519532198e-18
14,2025-08-05,2025-08-01,STRAX,0.07125149545404189
14,2025-08-05,2025-08-01,KNC,3.4694469519532198e-18
14,2025-08-05,2025-08-01,ME,3.4694469519532198e-18
14,2025-08-05,2025-08-01,SHIB,3.4694469519532198e-18
14,2025-08-05,2025-08-01,CBK,0.02895678123858144
14,2025-08-05,2025-08-01,AQT,0.058316543298825144
14,2025-08-05,2025-08-01,SAFE,3.4694469519532198e-18
14,2025-08-05,2025-08-01,GLM,3.4694469519532198e-18
14,2025-08-05,2025-08-01,PEPE,3.4694469519532198e-18
14,2025-08-05,2025-08-01,BONK,3.4694469519532198e-18
14,2025-08-05,2025-08-01,WAVES,0.025649187356166354
14,2025-08-05,2025-08-01,MASK,3.4694469519532198e-18
14,2025-08-05,2025-08-01,ATH,3.4694469519532198e-18
14,2025-08-05,2025-08-01,TOKAMAK,0.03401095874602001
14,2025-08-05,2025-08-01,CARV,0.006471869406513106
14,2025-08-05,2025-08-01,MEW,3.4694469519532198e-18
14,2025-08-05,2025-08-01,MNT,0.20534669016856338
14,2025-08-05,2025-08-01,PYTH,3.4694469519532198e-18
14,2025-08-05,2025-08-01,SONIC,3.4694469519532198e-18
14,2025-08-05,2025-08-01,GAS,3.4694469519532198e-18
14,2025-08-05,2025-08-01,AKT,3.4694469519532198e-18
14,2025-08-05,2025-08-01,BIGTIME,3.4694469519532198e-18
14,2025-08-05,2025-08-01,DRIFT,3.4694469519532198e-18
14,2025-08-06,2025-08-01,XRP,3.4694469519532198e-18
14,2025-08-06,2025-08-01,BTC,0.25
14,2025-08-06,2025-08-01,ETH,0.16016718494401866
14,2025-08-06,2025-08-01,SOL,3.4694469519532198e-18
14,2025-08-06,2025-08-01,DOGE,3.4694469519532198e-18
14,2025-08-06,2025-08-01,AERGO,0.004081426359021724
14,2025-08-06,2025-08-01,ADA,3.4694469519532198e-18
14,2025-08-06,2025-08-01,AUCTION,3.4694469519532198e-18
14,2025-08-06,2025-08-01,ONDO,3.4694469519532198e-18
14,2025-08-06,2025-08-01,SUI,3.4694469519532198e-18
14,2025-08-06,2025-08-01,VIRTUAL,3.4694469519532198e-18
14,2025-08-06,2025-08-01,ARDR,0.05139768537776285
14,2025-08-06,2025-08-01,MOVE,3.4694469519532198e-18
14,2025-08-06,2025-08-01,AWE,0.05458234195553267
14,2025-08-06,2025-08-01,XLM,3.4694469519532198e-18
14,2025-08-06,2025-08-01,AXS,3.4694469519532198e-18
14,2025-08-06,2025-08-01,SNT,0.04326228787237601
14,2025-08-06,2025-08-01,QTUM,3.4694469519532198e-18
14,2025-08-06,2025-08-01,ANIME,3.4694469519532198e-18
14,2025-08-06,2025-08-01,PUNDIX,3.4694469519532198e-18
14,2025-08-06,2025-08-01,ARK,3.4694469519532198e-18
14,2025-08-06,2025-08-01,ENS,3.4694469519532198e-18
14,2025-08-06,2025-08-01,LINK,3.4694469519532198e-18
14,2025-08-06,2025-08-01,CRO,0.006505547822576804
14,2025-08-06,2025-08-01,HBAR,3.4694469519532198e-18
14,2025-08-06,2025-08-01,VANA,3.4694469519532198e-18
14,2025-08-06,2025-08-01,SEI,3.4694469519532198e-18
14,2025-08-06,2025-08-01,STRAX,0.07125149545404189
14,2025-08-06,2025-08-01,KNC,3.4694469519532198e-18
14,2025-08-06,2025-08-01,ME,3.4694469519532198e-18
14,2025-08-06,2025-08-01,SHIB,3.4694469519532198e-18
14,2025-08-06,2025-08-01,CBK,0.02895678123858144
14,2025-08-06,2025-08-01,AQT,0.058316543298825144
14,2025-08-06,2025-08-01,SAFE,3.4694469519532198e-18
14,2025-08-06,2025-08-01,GLM,3.4694469519532198e-18
14,2025-08-06,2025-08-01,PEPE,3.4694469519532198e-18
14,2025-08-06,2025-08-01,BONK,3.4694469519532198e-18
14,2025-08-06,2025-08-01,WAVES,0.025649187356166354
14,2025-08-06,2025-08-01,MASK,3.4694469519532198e-18
14,2025-08-06,2025-08-01,ATH,3.4694469519532198e-18
14,2025-08-06,2025-08-01,TOKAMAK,0.03401095874602001
14,2025-08-06,2025-08-01,CARV,0.006471869406513106
14,2025-08-06,2025-08-01,MEW,3.4694469519532198e-18
14,2025-08-06,2025-08-01,MNT,0.20534669016856338
14,2025-08-06,2025-08-01,PYTH,3.4694469519532198e-18
14,2025-08-06,2025-08-01,SONIC,3.4694469519532198e-18
14,2025-08-06,2025-08-01,GAS,3.4694469519532198e-18
14,2025-08-06,2025-08-01,AKT,3.4694469519532198e-18
14,2025-08-06,2025-08-01,BIGTIME,3.4694469519532198e-18
14,2025-08-06,2025-08-01,DRIFT,3.4694469519532198e-18
14,2025-08-07,2025-08-01,XRP,3.4694469519532198e-18
14,2025-08-07,2025-08-01,BTC,0.25
14,2025-08-07,2025-08-01,ETH,0.16016718494401866
14,2025-08-07,2025-08-01,SOL,3.4694469519532198e-18
14,2025-08-07,2025-08-01,DOGE,3.4694469519532198e-18
14,2025-08-07,2025-08-01,AERGO,0.004081426359021724
14,2025-08-07,2025-08-01,ADA,3.4694469519532198e-18
14,2025-08-07,2025-08-01,AUCTION,3.4694469519532198e-18
14,2025-08-07,2025-08-01,ONDO,3.4694469519532198e-18
14,2025-08-07,2025-08-01,SUI,3.4694469519532198e-18
14,2025-08-07,2025-08-01,VIRTUAL,3.4694469519532198e-18
14,2025-08-07,2025-08-01,ARDR,0.05139768537776285
14,2025-08-07,2025-08-01,MOVE,3.4694469519532198e-18
14,2025-08-07,2025-08-01,AWE,0.05458234195553267
14,2025-08-07,2025-08-01,XLM,3.4694469519532198e-18
14,2025-08-07,2025-08-01,AXS,3.4694469519532198e-18
14,2025-08-07,2025-08-01,SNT,0.04326228787237601
14,2025-08-07,2025-08-01,QTUM,3.4694469519532198e-18
14,2025-08-07,2025-08-01,ANIME,3.4694469519532198e-18
14,2025-08-07,2025-08-01,PUNDIX,3.4694469519532198e-18
14,2025-08-07,2025-08-01,ARK,3.4694469519532198e-18
14,2025-08-07,2025-08-01,ENS,3.4694469519532198e-18
14,2025-08-07,2025-08-01,LINK,3.4694469519532198e-18
14,2025-08-07,2025-08-01,CRO,0.006505547822576804
14,2025-08-07,2025-08-01,HBAR,3.4694469519532198e-18
14,2025-08-07,2025-08-01,VANA,3.4694469519532198e-18
14,2025-08-07,2025-08-01,SEI,3.4694469519532198e-18
14,2025-08-07,2025-08-01,STRAX,0.07125149545404189
14,2025-08-07,2025-08-01,KNC,3.4694469519532198e-18
14,2025-08-07,2025-08-01,ME,3.4694469519532198e-18
14,2025-08-07,2025-08-01,SHIB,3.4694469519532198e-18
14,2025-08-07,2025-08-01,CBK,0.02895678123858144
14,2025-08-07,2025-08-01,AQT,0.058316543298825144
14,2025-08-07,2025-08-01,SAFE,3.4694469519532198e-18
14,2025-08-07,2025-08-01,GLM,3.4694469519532198e-18
14,2025-08-07,2025-08-01,PEPE,3.4694469519532198e-18
14,2025-08-07,2025-08-01,BONK,3.4694469519532198e-18
14,2025-08-07,2025-08-01,WAVES,0.025649187356166354
14,2025-08-07,2025-08-01,MASK,3.4694469519532198e-18
14,2025-08-07,2025-08-01,ATH,3.4694469519532198e-18
14,2025-08-07,2025-08-01,TOKAMAK,0.03401095874602001
14,2025-08-07,2025-08-01,CARV,0.006471869406513106
14,2025-08-07,2025-08-01,MEW,3.4694469519532198e-18
14,2025-08-07,2025-08-01,MNT,0.20534669016856338
14,2025-08-07,2025-08-01,PYTH,3.4694469519532198e-18
14,2025-08-07,2025-08-01,SONIC,3.4694469519532198e-18
14,2025-08-07,2025-08-01,GAS,3.4694469519532198e-18
14,2025-08-07,2025-08-01,AKT,3.4694469519532198e-18
14,2025-08-07,2025-08-01,BIGTIME,3.4694469519532198e-18
14,2025-08-07,2025-08-01,DRIFT,3.4694469519532198e-18
14,2025-08-08,2025-08-01,XRP,3.4694469519532198e-18
14,2025-08-08,2025-08-01,BTC,0.25
14,2025-08-08,2025-08-01,ETH,0.16016718494401866
14,2025-08-08,2025-08-01,SOL,3.4694469519532198e-18
14,2025-08-08,2025-08-01,DOGE,3.4694469519532198e-18
14,2025-08-08,2025-08-01,AERGO,0.004081426359021724
14,2025-08-08,2025-08-01,ADA,3.4694469519532198e-18
14,2025-08-08,2025-08-01,AUCTION,3.4694469519532198e-18
14,2025-08-08,2025-08-01,ONDO,3.4694469519532198e-18
14,2025-08-08,2025-08-01,SUI,3.4694469519532198e-18
14,2025-08-08,2025-08-01,VIRTUAL,3.4694469519532198e-18
14,2025-08-08,2025-08-01,ARDR,0.05139768537776285
14,2025-08-08,2025-08-01,MOVE,3.4694469519532198e-18
14,2025-08-08,2025-08-01,AWE,0.05458234195553267
14,2025-08-08,2025-08-01,XLM,3.4694469519532198e-18
14,2025-08-08,2025-08-01,AXS,3.4694469519532198e-18
14,2025-08-08,2025-08-01,SNT,0.04326228787237601
14,2025-08-08,2025-08-01,QTUM,3.4694469519532198e-18
14,2025-08-08,2025-08-01,ANIME,3.4694469519532198e-18
14,2025-08-08,2025-08-01,PUNDIX,3.4694469519532198e-18
14,2025-08-08,2025-08-01,ARK,3.4694469519532198e-18
14,2025-08-08,2025-08-01,ENS,3.4694469519532198e-18
14,2025-08-08,2025-08-01,LINK,3.4694469519532198e-18
14,2025-08-08,2025-08-01,CRO,0.006505547822576804
14,2025-08-08,2025-08-01,HBAR,3.4694469519532198e-18
14,2025-08-08,2025-08-01,VANA,3.4694469519532198e-18
14,2025-08-08,2025-08-01,SEI,3.4694469519532198e-18
14,2025-08-08,2025-08-01,STRAX,0.07125149545404189
14,2025-08-08,2025-08-01,KNC,3.4694469519532198e-18
14,2025-08-08,2025-08-01,ME,3.4694469519532198e-18
14,2025-08-08,2025-08-01,SHIB,3.4694469519532198e-18
14,2025-08-08,2025-08-01,CBK,0.02895678123858144
14,2025-08-08,2025-08-01,AQT,0.058316543298825144
14,2025-08-08,2025-08-01,SAFE,3.4694469519532198e-18
14,2025-08-08,2025-08-01,GLM,3.4694469519532198e-18
14,2025-08-08,2025-08-01,PEPE,3.4694469519532198e-18
14,2025-08-08,2025-08-01,BONK,3.4694469519532198e-18
14,2025-08-08,2025-08-01,WAVES,0.025649187356166354
14,2025-08-08,2025-08-01,MASK,3.4694469519532198e-18
14,2025-08-08,2025-08-01,ATH,3.4694469519532198e-18
14,2025-08-08,2025-08-01,TOKAMAK,0.03401095874602001
14,2025-08-08,2025-08-01,CARV,0.006471869406513106
14,2025-08-08,2025-08-01,MEW,3.4694469519532198e-18
14,2025-08-08,2025-08-01,MNT,0.20534669016856338
14,2025-08-08,2025-08-01,PYTH,3.4694469519532198e-18
14,2025-08-08,2025-08-01,SONIC,3.4694469519532198e-18
14,2025-08-08,2025-08-01,GAS,3.4694469519532198e-18
14,2025-08-08,2025-08-01,AKT,3.4694469519532198e-18
14,2025-08-08,2025-08-01,BIGTIME,3.4694469519532198e-18
14,2025-08-08,2025-08-01,DRIFT,3.4694469519532198e-18
14,2025-08-09,2025-08-01,XRP,3.4694469519532198e-18
14,2025-08-09,2025-08-01,BTC,0.25
14,2025-08-09,2025-08-01,ETH,0.16016718494401866
14,2025-08-09,2025-08-01,SOL,3.4694469519532198e-18
14,2025-08-09,2025-08-01,DOGE,3.4694469519532198e-18
14,2025-08-09,2025-08-01,AERGO,0.004081426359021724
14,2025-08-09,2025-08-01,ADA,3.4694469519532198e-18
14,2025-08-09,2025-08-01,AUCTION,3.4694469519532198e-18
14,2025-08-09,2025-08-01,ONDO,3.4694469519532198e-18
14,2025-08-09,2025-08-01,SUI,3.4694469519532198e-18
14,2025-08-09,2025-08-01,VIRTUAL,3.4694469519532198e-18
14,2025-08-09,2025-08-01,ARDR,0.05139768537776285
14,2025-08-09,2025-08-01,MOVE,3.4694469519532198e-18
14,2025-08-09,2025-08-01,AWE,0.05458234195553267
14,2025-08-09,2025-08-01,XLM,3.4694469519532198e-18
14,2025-08-09,2025-08-01,AXS,3.4694469519532198e-18
14,2025-08-09,2025-08-01,SNT,0.04326228787237601
14,2025-08-09,2025-08-01,QTUM,3.4694469519532198e-18
14,2025-08-09,2025-08-01,ANIME,3.4694469519532198e-18
14,2025-08-09,2025-08-01,PUNDIX,3.4694469519532198e-18
14,2025-08-09,2025-08-01,ARK,3.4694469519532198e-18
14,2025-08-09,2025-08-01,ENS,3.4694469519532198e-18
14,2025-08-09,2025-08-01,LINK,3.4694469519532198e-18
14,2025-08-09,2025-08-01,CRO,0.006505547822576804
14,2025-08-09,2025-08-01,HBAR,3.4694469519532198e-18
14,2025-08-09,2025-08-01,VANA,3.4694469519532198e-18
14,2025-08-09,2025-08-01,SEI,3.4694469519532198e-18
14,2025-08-09,2025-08-01,STRAX,0.07125149545404189
14,2025-08-09,2025-08-01,KNC,3.4694469519532198e-18
14,2025-08-09,2025-08-01,ME,3.4694469519532198e-18
14,2025-08-09,2025-08-01,SHIB,3.4694469519532198e-18
14,2025-08-09,2025-08-01,CBK,0.02895678123858144
14,2025-08-09,2025-08-01,AQT,0.058316543298825144
14,2025-08-09,2025-08-01,SAFE,3.4694469519532198e-18
14,2025-08-09,2025-08-01,GLM,3.4694469519532198e-18
14,2025-08-09,2025-08-01,PEPE,3.4694469519532198e-18
14,2025-08-09,2025-08-01,BONK,3.4694469519532198e-18
14,2025-08-09,2025-08-01,WAVES,0.025649187356166354
14,2025-08-09,2025-08-01,MASK,3.4694469519532198e-18
14,2025-08-09,2025-08-01,ATH,3.4694469519532198e-18
14,2025-08-09,2025-08-01,TOKAMAK,0.03401095874602001
14,2025-08-09,2025-08-01,CARV,0.006471869406513106
14,2025-08-09,2025-08-01,MEW,3.4694469519532198e-18
14,2025-08-09,2025-08-01,MNT,0.20534669016856338
14,2025-08-09,2025-08-01,PYTH,3.4694469519532198e-18
14,2025-08-09,2025-08-01,SONIC,3.4694469519532198e-18
14,2025-08-09,2025-08-01,GAS,3.4694469519532198e-18
14,2025-08-09,2025-08-01,AKT,3.4694469519532198e-18
14,2025-08-09,2025-08-01,BIGTIME,3.4694469519532198e-18
14,2025-08-09,2025-08-01,DRIFT,3.4694469519532198e-18
14,2025-08-10,2025-08-01,XRP,3.4694469519532198e-18
14,2025-08-10,2025-08-01,BTC,0.25
14,2025-08-10,2025-08-01,ETH,0.16016718494401866
14,2025-08-10,2025-08-01,SOL,3.4694469519532198e-18
14,2025-08-10,2025-08-01,DOGE,3.4694469519532198e-18
14,2025-08-10,2025-08-01,AERGO,0.004081426359021724
14,2025-08-10,2025-08-01,ADA,3.4694469519532198e-18
14,2025-08-10,2025-08-01,AUCTION,3.4694469519532198e-18
14,2025-08-10,2025-08-01,ONDO,3.4694469519532198e-18
14,2025-08-10,2025-08-01,SUI,3.4694469519532198e-18
14,2025-08-10,2025-08-01,VIRTUAL,3.4694469519532198e-18
14,2025-08-10,2025-08-01,ARDR,0.05139768537776285
14,2025-08-10,2025-08-01,MOVE,3.4694469519532198e-18
14,2025-08-10,2025-08-01,AWE,0.05458234195553267
14,2025-08-10,2025-08-01,XLM,3.4694469519532198e-18
14,2025-08-10,2025-08-01,AXS,3.4694469519532198e-18
14,2025-08-10,2025-08-01,SNT,0.04326228787237601
14,2025-08-10,2025-08-01,QTUM,3.4694469519532198e-18
14,2025-08-10,2025-08-01,ANIME,3.4694469519532198e-18
14,2025-08-10,2025-08-01,PUNDIX,3.4694469519532198e-18
14,2025-08-10,2025-08-01,ARK,3.4694469519532198e-18
14,2025-08-10,2025-08-01,ENS,3.4694469519532198e-18
14,2025-08-10,2025-08-01,LINK,3.4694469519532198e-18
14,2025-08-10,2025-08-01,CRO,0.006505547822576804
14,2025-08-10,2025-08-01,HBAR,3.4694469519532198e-18
14,2025-08-10,2025-08-01,VANA,3.4694469519532198e-18
14,2025-08-10,2025-08-01,SEI,3.4694469519532198e-18
14,2025-08-10,2025-08-01,STRAX,0.07125149545404189
14,2025-08-10,2025-08-01,KNC,3.4694469519532198e-18
14,2025-08-10,2025-08-01,ME,3.4694469519532198e-18
14,2025-08-10,2025-08-01,SHIB,3.4694469519532198e-18
14,2025-08-10,2025-08-01,CBK,0.02895678123858144
14,2025-08-10,2025-08-01,AQT,0.058316543298825144
14,2025-08-10,2025-08-01,SAFE,3.4694469519532198e-18
14,2025-08-10,2025-08-01,GLM,3.4694469519532198e-18
14,2025-08-10,2025-08-01,PEPE,3.4694469519532198e-18
14,2025-08-10,2025-08-01,BONK,3.4694469519532198e-18
14,2025-08-10,2025-08-01,WAVES,0.025649187356166354
14,2025-08-10,2025-08-01,MASK,3.4694469519532198e-18
14,2025-08-10,2025-08-01,ATH,3.4694469519532198e-18
14,2025-08-10,2025-08-01,TOKAMAK,0.03401095874602001
14,2025-08-10,2025-08-01,CARV,0.006471869406513106
14,2025-08-10,2025-08-01,MEW,3.4694469519532198e-18
14,2025-08-10,2025-08-01,MNT,0.20534669016856338
14,2025-08-10,2025-08-01,PYTH,3.4694469519532198e-18
14,2025-08-10,2025-08-01,SONIC,3.4694469519532198e-18
14,2025-08-10,2025-08-01,GAS,3.4694469519532198e-18
14,2025-08-10,2025-08-01,AKT,3.4694469519532198e-18
14,2025-08-10,2025-08-01,BIGTIME,3.4694469519532198e-18
14,2025-08-10,2025-08-01,DRIFT,3.4694469519532198e-18
14,2025-08-11,2025-08-01,XRP,3.4694469519532198e-18
14,2025-08-11,2025-08-01,BTC,0.25
14,2025-08-11,2025-08-01,ETH,0.16016718494401866
14,2025-08-11,2025-08-01,SOL,3.4694469519532198e-18
14,2025-08-11,2025-08-01,DOGE,3.4694469519532198e-18
14,2025-08-11,2025-08-01,AERGO,0.004081426359021724
14,2025-08-11,2025-08-01,ADA,3.4694469519532198e-18
14,2025-08-11,2025-08-01,AUCTION,3.4694469519532198e-18
14,2025-08-11,2025-08-01,ONDO,3.4694469519532198e-18
14,2025-08-11,2025-08-01,SUI,3.4694469519532198e-18
14,2025-08-11,2025-08-01,VIRTUAL,3.4694469519532198e-18
14,2025-08-11,2025-08-01,ARDR,0.05139768537776285
14,2025-08-11,2025-08-01,MOVE,3.4694469519532198e-18
14,2025-08-11,2025-08-01,AWE,0.05458234195553267
14,2025-08-11,2025-08-01,XLM,3.4694469519532198e-18
14,2025-08-11,2025-08-01,AXS,3.4694469519532198e-18
14,2025-08-11,2025-08-01,SNT,0.04326228787237601
14,2025-08-11,2025-08-01,QTUM,3.4694469519532198e-18
14,2025-08-11,2025-08-01,ANIME,3.4694469519532198e-18
14,2025-08-11,2025-08-01,PUNDIX,3.4694469519532198e-18
14,2025-08-11,2025-08-01,ARK,3.4694469519532198e-18
14,2025-08-11,2025-08-01,ENS,3.4694469519532198e-18
14,2025-08-11,2025-08-01,LINK,3.4694469519532198e-18
14,2025-08-11,2025-08-01,CRO,0.006505547822576804
14,2025-08-11,2025-08-01,HBAR,3.4694469519532198e-18
14,2025-08-11,2025-08-01,VANA,3.4694469519532198e-18
14,2025-08-11,2025-08-01,SEI,3.4694469519532198e-18
14,2025-08-11,2025-08-01,STRAX,0.07125149545404189
14,2025-08-11,2025-08-01,KNC,3.4694469519532198e-18
14,2025-08-11,2025-08-01,ME,3.4694469519532198e-18
14,2025-08-11,2025-08-01,SHIB,3.4694469519532198e-18
14,2025-08-11,2025-08-01,CBK,0.02895678123858144
14,2025-08-11,2025-08-01,AQT,0.058316543298825144
14,2025-08-11,2025-08-01,SAFE,3.4694469519532198e-18
14,2025-08-11,2025-08-01,GLM,3.4694469519532198e-18
14,2025-08-11,2025-08-01,PEPE,3.4694469519532198e-18
14,2025-08-11,2025-08-01,BONK,3.4694469519532198e-18
14,2025-08-11,2025-08-01,WAVES,0.025649187356166354
14,2025-08-11,2025-08-01,MASK,3.4694469519532198e-18
14,2025-08-11,2025-08-01,ATH,3.4694469519532198e-18
14,2025-08-11,2025-08-01,TOKAMAK,0.03401095874602001
14,2025-08-11,2025-08-01,CARV,0.006471869406513106
14,2025-08-11,2025-08-01,MEW,3.4694469519532198e-18
14,2025-08-11,2025-08-01,MNT,0.20534669016856338
14,2025-08-11,2025-08-01,PYTH,3.4694469519532198e-18
14,2025-08-11,2025-08-01,SONIC,3.4694469519532198e-18
14,2025-08-11,2025-08-01,GAS,3.4694469519532198e-18
14,2025-08-11,2025-08-01,AKT,3.4694469519532198e-18
14,2025-08-11,2025-08-01,BIGTIME,3.4694469519532198e-18
14,2025-08-11,2025-08-01,DRIFT,3.4694469519532198e-18
14,2025-08-12,2025-08-01,XRP,3.4694469519532198e-18
14,2025-08-12,2025-08-01,BTC,0.25
14,2025-08-12,2025-08-01,ETH,0.16016718494401866
14,2025-08-12,2025-08-01,SOL,3.4694469519532198e-18
14,2025-08-12,2025-08-01,DOGE,3.4694469519532198e-18
14,2025-08-12,2025-08-01,AERGO,0.004081426359021724
14,2025-08-12,2025-08-01,ADA,3.4694469519532198e-18
14,2025-08-12,2025-08-01,AUCTION,3.4694469519532198e-18
14,2025-08-12,2025-08-01,ONDO,3.4694469519532198e-18
14,2025-08-12,2025-08-01,SUI,3.4694469519532198e-18
14,2025-08-12,2025-08-01,VIRTUAL,3.4694469519532198e-18
14,2025-08-12,2025-08-01,ARDR,0.05139768537776285
14,2025-08-12,2025-08-01,MOVE,3.4694469519532198e-18
14,2025-08-12,2025-08-01,AWE,0.05458234195553267
14,2025-08-12,2025-08-01,XLM,3.4694469519532198e-18
14,2025-08-12,2025-08-01,AXS,3.4694469519532198e-18
14,2025-08-12,2025-08-01,SNT,0.04326228787237601
14,2025-08-12,2025-08-01,QTUM,3.4694469519532198e-18
14,2025-08-12,2025-08-01,ANIME,3.4694469519532198e-18
14,2025-08-12,2025-08-01,PUNDIX,3.4694469519532198e-18
14,2025-08-12,2025-08-01,ARK,3.4694469519532198e-18
14,2025-08-12,2025-08-01,ENS,3.4694469519532198e-18
14,2025-08-12,2025-08-01,LINK,3.4694469519532198e-18
14,2025-08-12,2025-08-01,CRO,0.006505547822576804
14,2025-08-12,2025-08-01,HBAR,3.4694469519532198e-18
14,2025-08-12,2025-08-01,VANA,3.4694469519532198e-18
14,2025-08-12,2025-08-01,SEI,3.4694469519532198e-18
14,2025-08-12,2025-08-01,STRAX,0.07125149545404189
14,2025-08-12,2025-08-01,KNC,3.4694469519532198e-18
14,2025-08-12,2025-08-01,ME,3.4694469519532198e-18
14,2025-08-12,2025-08-01,SHIB,3.4694469519532198e-18
14,2025-08-12,2025-08-01,CBK,0.02895678123858144
14,2025-08-12,2025-08-01,AQT,0.058316543298825144
14,2025-08-12,2025-08-01,SAFE,3.4694469519532198e-18
14,2025-08-12,2025-08-01,GLM,3.4694469519532198e-18
14,2025-08-12,2025-08-01,PEPE,3.4694469519532198e-18
14,2025-08-12,2025-08-01,BONK,3.4694469519532198e-18
14,2025-08-12,2025-08-01,WAVES,0.025649187356166354
14,2025-08-12,2025-08-01,MASK,3.4694469519532198e-18
14,2025-08-12,2025-08-01,ATH,3.4694469519532198e-18
14,2025-08-12,2025-08-01,TOKAMAK,0.03401095874602001
14,2025-08-12,2025-08-01,CARV,0.006471869406513106
14,2025-08-12,2025-08-01,MEW,3.4694469519532198e-18
14,2025-08-12,2025-08-01,MNT,0.20534669016856338
14,2025-08-12,2025-08-01,PYTH,3.4694469519532198e-18
14,2025-08-12,2025-08-01,SONIC,3.4694469519532198e-18
14,2025-08-12,2025-08-01,GAS,3.4694469519532198e-18
14,2025-08-12,2025-08-01,AKT,3.4694469519532198e-18
14,2025-08-12,2025-08-01,BIGTIME,3.4694469519532198e-18
14,2025-08-12,2025-08-01,DRIFT,3.4694469519532198e-18
14,2025-08-13,2025-08-01,XRP,3.4694469519532198e-18
14,2025-08-13,2025-08-01,BTC,0.25
14,2025-08-13,2025-08-01,ETH,0.16016718494401866
14,2025-08-13,2025-08-01,SOL,3.4694469519532198e-18
14,2025-08-13,2025-08-01,DOGE,3.4694469519532198e-18
14,2025-08-13,2025-08-01,AERGO,0.004081426359021724
14,2025-08-13,2025-08-01,ADA,3.4694469519532198e-18
14,2025-08-13,2025-08-01,AUCTION,3.4694469519532198e-18
14,2025-08-13,2025-08-01,ONDO,3.4694469519532198e-18
14,2025-08-13,2025-08-01,SUI,3.4694469519532198e-18
14,2025-08-13,2025-08-01,VIRTUAL,3.4694469519532198e-18
14,2025-08-13,2025-08-01,ARDR,0.05139768537776285
14,2025-08-13,2025-08-01,MOVE,3.4694469519532198e-18
14,2025-08-13,2025-08-01,AWE,0.05458234195553267
14,2025-08-13,2025-08-01,XLM,3.4694469519532198e-18
14,2025-08-13,2025-08-01,AXS,3.4694469519532198e-18
14,2025-08-13,2025-08-01,SNT,0.04326228787237601
14,2025-08-13,2025-08-01,QTUM,3.4694469519532198e-18
14,2025-08-13,2025-08-01,ANIME,3.4694469519532198e-18
14,2025-08-13,2025-08-01,PUNDIX,3.4694469519532198e-18
14,2025-08-13,2025-08-01,ARK,3.4694469519532198e-18
14,2025-08-13,2025-08-01,ENS,3.4694469519532198e-18
14,2025-08-13,2025-08-01,LINK,3.4694469519532198e-18
14,2025-08-13,2025-08-01,CRO,0.006505547822576804
14,2025-08-13,2025-08-01,HBAR,3.4694469519532198e-18
14,2025-08-13,2025-08-01,VANA,3.4694469519532198e-18
14,2025-08-13,2025-08-01,SEI,3.4694469519532198e-18
14,2025-08-13,2025-08-01,STRAX,0.07125149545404189
14,2025-08-13,2025-08-01,KNC,3.4694469519532198e-18
14,2025-08-13,2025-08-01,ME,3.4694469519532198e-18
14,2025-08-13,2025-08-01,SHIB,3.4694469519532198e-18
14,2025-08-13,2025-08-01,CBK,0.02895678123858144
14,2025-08-13,2025-08-01,AQT,0.058316543298825144
14,2025-08-13,2025-08-01,SAFE,3.4694469519532198e-18
14,2025-08-13,2025-08-01,GLM,3.4694469519532198e-18
14,2025-08-13,2025-08-01,PEPE,3.4694469519532198e-18
14,2025-08-13,2025-08-01,BONK,3.4694469519532198e-18
14,2025-08-13,2025-08-01,WAVES,0.025649187356166354
14,2025-08-13,2025-08-01,MASK,3.4694469519532198e-18
14,2025-08-13,2025-08-01,ATH,3.4694469519532198e-18
14,2025-08-13,2025-08-01,TOKAMAK,0.03401095874602001
14,2025-08-13,2025-08-01,CARV,0.006471869406513106
14,2025-08-13,2025-08-01,MEW,3.4694469519532198e-18
14,2025-08-13,2025-08-01,MNT,0.20534669016856338
14,2025-08-13,2025-08-01,PYTH,3.4694469519532198e-18
14,2025-08-13,2025-08-01,SONIC,3.4694469519532198e-18
14,2025-08-13,2025-08-01,GAS,3.4694469519532198e-18
14,2025-08-13,2025-08-01,AKT,3.4694469519532198e-18
14,2025-08-13,2025-08-01,BIGTIME,3.4694469519532198e-18
14,2025-08-13,2025-08-01,DRIFT,3.4694469519532198e-18
14,2025-08-14,2025-08-01,XRP,3.4694469519532198e-18
14,2025-08-14,2025-08-01,BTC,0.25
14,2025-08-14,2025-08-01,ETH,0.16016718494401866
14,2025-08-14,2025-08-01,SOL,3.4694469519532198e-18
14,2025-08-14,2025-08-01,DOGE,3.4694469519532198e-18
14,2025-08-14,2025-08-01,AERGO,0.004081426359021724
14,2025-08-14,2025-08-01,ADA,3.4694469519532198e-18
14,2025-08-14,2025-08-01,AUCTION,3.4694469519532198e-18
14,2025-08-14,2025-08-01,ONDO,3.4694469519532198e-18
14,2025-08-14,2025-08-01,SUI,3.4694469519532198e-18
14,2025-08-14,2025-08-01,VIRTUAL,3.4694469519532198e-18
14,2025-08-14,2025-08-01,ARDR,0.05139768537776285
14,2025-08-14,2025-08-01,MOVE,3.4694469519532198e-18
14,2025-08-14,2025-08-01,AWE,0.05458234195553267
14,2025-08-14,2025-08-01,XLM,3.4694469519532198e-18
14,2025-08-14,2025-08-01,AXS,3.4694469519532198e-18
14,2025-08-14,2025-08-01,SNT,0.04326228787237601
14,2025-08-14,2025-08-01,QTUM,3.4694469519532198e-18
14,2025-08-14,2025-08-01,ANIME,3.4694469519532198e-18
14,2025-08-14,2025-08-01,PUNDIX,3.4694469519532198e-18
14,2025-08-14,2025-08-01,ARK,3.4694469519532198e-18
14,2025-08-14,2025-08-01,ENS,3.4694469519532198e-18
14,2025-08-14,2025-08-01,LINK,3.4694469519532198e-18
14,2025-08-14,2025-08-01,CRO,0.006505547822576804
14,2025-08-14,2025-08-01,HBAR,3.4694469519532198e-18
14,2025-08-14,2025-08-01,VANA,3.4694469519532198e-18
14,2025-08-14,2025-08-01,SEI,3.4694469519532198e-18
14,2025-08-14,2025-08-01,STRAX,0.07125149545404189
14,2025-08-14,2025-08-01,KNC,3.4694469519532198e-18
14,2025-08-14,2025-08-01,ME,3.4694469519532198e-18
14,2025-08-14,2025-08-01,SHIB,3.4694469519532198e-18
14,2025-08-14,2025-08-01,CBK,0.02895678123858144
14,2025-08-14,2025-08-01,AQT,0.058316543298825144
14,2025-08-14,2025-08-01,SAFE,3.4694469519532198e-18
14,2025-08-14,2025-08-01,GLM,3.4694469519532198e-18
14,2025-08-14,2025-08-01,PEPE,3.4694469519532198e-18
14,2025-08-14,2025-08-01,BONK,3.4694469519532198e-18
14,2025-08-14,2025-08-01,WAVES,0.025649187356166354
14,2025-08-14,2025-08-01,MASK,3.4694469519532198e-18
14,2025-08-14,2025-08-01,ATH,3.4694469519532198e-18
14,2025-08-14,2025-08-01,TOKAMAK,0.03401095874602001
14,2025-08-14,2025-08-01,CARV,0.006471869406513106
14,2025-08-14,2025-08-01,MEW,3.4694469519532198e-18
14,2025-08-14,2025-08-01,MNT,0.20534669016856338
14,2025-08-14,2025-08-01,PYTH,3.4694469519532198e-18
14,2025-08-14,2025-08-01,SONIC,3.4694469519532198e-18
14,2025-08-14,2025-08-01,GAS,3.4694469519532198e-18
14,2025-08-14,2025-08-01,AKT,3.4694469519532198e-18
14,2025-08-14,2025-08-01,BIGTIME,3.4694469519532198e-18
14,2025-08-14,2025-08-01,DRIFT,3.4694469519532198e-18
14,2025-09-01,2025-09-01,XRP,0.015452331228691663
14,2025-09-01,2025-09-01,BTC,0.25
14,2025-09-01,2025-09-01,ETH,6.938893903906834e-18
14,2025-09-01,2025-09-01,SOL,6.938893903906834e-18
14,2025-09-01,2025-09-01,DOGE,6.938893903906834e-18
14,2025-09-01,2025-09-01,AERGO,0.02735051913051423
14,2025-09-01,2025-09-01,ADA,6.938893903906834e-18
14,2025-09-01,2025-09-01,AUCTION,6.938893903906834e-18
14,2025-09-01,2025-09-01,ONDO,6.938893903906834e-18
14,2025-09-01,2025-09-01,SUI,6.938893903906834e-18
14,2025-09-01,2025-09-01,VIRTUAL,6.938893903906834e-18
14,2025-09-01,2025-09-01,ARDR,0.09481411691629273
14,2025-09-01,2025-09-01,MOVE,6.938893903906834e-18
14,2025-09-01,2025-09-01,AWE,0.08114661459729454
14,2025-09-01,2025-09-01,XLM,6.938893903906834e-18
14,2025-09-01,2025-09-01,AXS,6.938893903906834e-18
14,2025-09-01,2025-09-01,SNT,0.11319063489281778
14,2025-09-01,2025-09-01,QTUM,6.938893903906834e-18
14,2025-09-01,2025-09-01,ANIME,6.938893903906834e-18
14,2025-09-01,2025-09-01,PUNDIX,6.938893903906834e-18
14,2025-09-01,2025-09-01,ARK,6.938893903906834e-18
14,2025-09-01,2025-09-01,ENS,6.938893903906834e-18
14,2025-09-01,2025-09-01,LINK,6.938893903906834e-18
14,2025-09-01,2025-09-01,CRO,6.938893903906834e-18
14,2025-09-01,2025-09-01,HBAR,6.938893903906834e-18
14,2025-09-01,2025-09-01,VANA,6.938893903906834e-18
14,2025-09-01,2025-09-01,SEI,6.938893903906834e-18
14,2025-09-01,2025-09-01,STRAX,0.1384130496691118
14,2025-09-01,2025-09-01,KNC,6.938893903906834e-18
14,2025-09-01,2025-09-01,ME,6.938893903906834e-18
14,2025-09-01,2025-09-01,SHIB,6.938893903906834e-18
14,2025-09-01,2025-09-01,CBK,0.06014292053306354
14,2025-09-01,2025-09-01,AQT,0.050595817528645004
14,2025-09-01,2025-09-01,SAFE,6.938893903906834e-18
14,2025-09-01,2025-09-01,GLM,6.938893903906834e-18
14,2025-09-01,2025-09-01,PEPE,6.938893903906834e-18
14,2025-09-01,2025-09-01,BONK,6.938893903906834e-18
14,2025-09-01,2025-09-01,WAVES,0.04135298793009686
14,2025-09-01,2025-09-01,MASK,6.938893903906834e-18
14,2025-09-01,2025-09-01,ATH,6.938893903906834e-18
14,2025-09-01,2025-09-01,TOKAMAK,0.08514271274532342
14,2025-09-01,2025-09-01,CARV,6.938893903906834e-18
14,2025-09-01,2025-09-01,MEW,6.938893903906834e-18
14,2025-09-01,2025-09-01,MNT,0.01922162018871606
14,2025-09-01,2025-09-01,PYTH,6.938893903906834e-18
14,2025-09-01,2025-09-01,SONIC,6.938893903906834e-18
14,2025-09-01,2025-09-01,GAS,0.023176674639432415
14,2025-09-01,2025-09-01,AKT,6.938893903906834e-18
14,2025-09-01,2025-09-01,BIGTIME,6.938893903906834e-18
14,2025-09-01,2025-09-01,DRIFT,6.938893903906834e-18
14,2025-09-02,2025-09-01,XRP,0.015452331228691663
14,2025-09-02,2025-09-01,BTC,0.25
14,2025-09-02,2025-09-01,ETH,6.938893903906834e-18
14,2025-09-02,2025-09-01,SOL,6.938893903906834e-18
14,2025-09-02,2025-09-01,DOGE,6.938893903906834e-18
14,2025-09-02,2025-09-01,AERGO,0.02735051913051423
14,2025-09-02,2025-09-01,ADA,6.938893903906834e-18
14,2025-09-02,2025-09-01,AUCTION,6.938893903906834e-18
14,2025-09-02,2025-09-01,ONDO,6.938893903906834e-18
14,2025-09-02,2025-09-01,SUI,6.938893903906834e-18
14,2025-09-02,2025-09-01,VIRTUAL,6.938893903906834e-18
14,2025-09-02,2025-09-01,ARDR,0.09481411691629273
14,2025-09-02,2025-09-01,MOVE,6.938893903906834e-18
14,2025-09-02,2025-09-01,AWE,0.08114661459729454
14,2025-09-02,2025-09-01,XLM,6.938893903906834e-18
14,2025-09-02,2025-09-01,AXS,6.938893903906834e-18
14,2025-09-02,2025-09-01,SNT,0.11319063489281778
14,2025-09-02,2025-09-01,QTUM,6.938893903906834e-18
14,2025-09-02,2025-09-01,ANIME,6.938893903906834e-18
14,2025-09-02,2025-09-01,PUNDIX,6.938893903906834e-18
14,2025-09-02,2025-09-01,ARK,6.938893903906834e-18
14,2025-09-02,2025-09-01,ENS,6.938893903906834e-18
14,2025-09-02,2025-09-01,LINK,6.938893903906834e-18
14,2025-09-02,2025-09-01,CRO,6.938893903906834e-18
14,2025-09-02,2025-09-01,HBAR,6.938893903906834e-18
14,2025-09-02,2025-09-01,VANA,6.938893903906834e-18
14,2025-09-02,2025-09-01,SEI,6.938893903906834e-18
14,2025-09-02,2025-09-01,STRAX,0.1384130496691118
14,2025-09-02,2025-09-01,KNC,6.938893903906834e-18
14,2025-09-02,2025-09-01,ME,6.938893903906834e-18
14,2025-09-02,2025-09-01,SHIB,6.938893903906834e-18
14,2025-09-02,2025-09-01,CBK,0.06014292053306354
14,2025-09-02,2025-09-01,AQT,0.050595817528645004
14,2025-09-02,2025-09-01,SAFE,6.938893903906834e-18
14,2025-09-02,2025-09-01,GLM,6.938893903906834e-18
14,2025-09-02,2025-09-01,PEPE,6.938893903906834e-18
14,2025-09-02,2025-09-01,BONK,6.938893903906834e-18
14,2025-09-02,2025-09-01,WAVES,0.04135298793009686
14,2025-09-02,2025-09-01,MASK,6.938893903906834e-18
14,2025-09-02,2025-09-01,ATH,6.938893903906834e-18
14,2025-09-02,2025-09-01,TOKAMAK,0.08514271274532342
14,2025-09-02,2025-09-01,CARV,6.938893903906834e-18
14,2025-09-02,2025-09-01,MEW,6.938893903906834e-18
14,2025-09-02,2025-09-01,MNT,0.01922162018871606
14,2025-09-02,2025-09-01,PYTH,6.938893903906834e-18
14,2025-09-02,2025-09-01,SONIC,6.938893903906834e-18
14,2025-09-02,2025-09-01,GAS,0.023176674639432415
14,2025-09-02,2025-09-01,AKT,6.938893903906834e-18
14,2025-09-02,2025-09-01,BIGTIME,6.938893903906834e-18
14,2025-09-02,2025-09-01,DRIFT,6.938893903906834e-18
14,2025-09-03,2025-09-01,XRP,0.015452331228691663
14,2025-09-03,2025-09-01,BTC,0.25
14,2025-09-03,2025-09-01,ETH,6.938893903906834e-18
14,2025-09-03,2025-09-01,SOL,6.938893903906834e-18
14,2025-09-03,2025-09-01,DOGE,6.938893903906834e-18
14,2025-09-03,2025-09-01,AERGO,0.02735051913051423
14,2025-09-03,2025-09-01,ADA,6.938893903906834e-18
14,2025-09-03,2025-09-01,AUCTION,6.938893903906834e-18
14,2025-09-03,2025-09-01,ONDO,6.938893903906834e-18
14,2025-09-03,2025-09-01,SUI,6.938893903906834e-18
14,2025-09-03,2025-09-01,VIRTUAL,6.938893903906834e-18
14,2025-09-03,2025-09-01,ARDR,0.09481411691629273
14,2025-09-03,2025-09-01,MOVE,6.938893903906834e-18
14,2025-09-03,2025-09-01,AWE,0.08114661459729454
14,2025-09-03,2025-09-01,XLM,6.938893903906834e-18
14,2025-09-03,2025-09-01,AXS,6.938893903906834e-18
14,2025-09-03,2025-09-01,SNT,0.11319063489281778
14,2025-09-03,2025-09-01,QTUM,6.938893903906834e-18
14,2025-09-03,2025-09-01,ANIME,6.938893903906834e-18
14,2025-09-03,2025-09-01,PUNDIX,6.938893903906834e-18
14,2025-09-03,2025-09-01,ARK,6.938893903906834e-18
14,2025-09-03,2025-09-01,ENS,6.938893903906834e-18
14,2025-09-03,2025-09-01,LINK,6.938893903906834e-18
14,2025-09-03,2025-09-01,CRO,6.938893903906834e-18
14,2025-09-03,2025-09-01,HBAR,6.938893903906834e-18
14,2025-09-03,2025-09-01,VANA,6.938893903906834e-18
14,2025-09-03,2025-09-01,SEI,6.938893903906834e-18
14,2025-09-03,2025-09-01,STRAX,0.1384130496691118
14,2025-09-03,2025-09-01,KNC,6.938893903906834e-18
14,2025-09-03,2025-09-01,ME,6.938893903906834e-18
14,2025-09-03,2025-09-01,SHIB,6.938893903906834e-18
14,2025-09-03,2025-09-01,CBK,0.06014292053306354
14,2025-09-03,2025-09-01,AQT,0.050595817528645004
14,2025-09-03,2025-09-01,SAFE,6.938893903906834e-18
14,2025-09-03,2025-09-01,GLM,6.938893903906834e-18
14,2025-09-03,2025-09-01,PEPE,6.938893903906834e-18
14,2025-09-03,2025-09-01,BONK,6.938893903906834e-18
14,2025-09-03,2025-09-01,WAVES,0.04135298793009686
14,2025-09-03,2025-09-01,MASK,6.938893903906834e-18
14,2025-09-03,2025-09-01,ATH,6.938893903906834e-18
14,2025-09-03,2025-09-01,TOKAMAK,0.08514271274532342
14,2025-09-03,2025-09-01,CARV,6.938893903906834e-18
14,2025-09-03,2025-09-01,MEW,6.938893903906834e-18
14,2025-09-03,2025-09-01,MNT,0.01922162018871606
14,2025-09-03,2025-09-01,PYTH,6.938893903906834e-18
14,2025-09-03,2025-09-01,SONIC,6.938893903906834e-18
14,2025-09-03,2025-09-01,GAS,0.023176674639432415
14,2025-09-03,2025-09-01,AKT,6.938893903906834e-18
14,2025-09-03,2025-09-01,BIGTIME,6.938893903906834e-18
14,2025-09-03,2025-09-01,DRIFT,6.938893903906834e-18
14,2025-09-04,2025-09-01,XRP,0.015452331228691663
14,2025-09-04,2025-09-01,BTC,0.25
14,2025-09-04,2025-09-01,ETH,6.938893903906834e-18
14,2025-09-04,2025-09-01,SOL,6.938893903906834e-18
14,2025-09-04,2025-09-01,DOGE,6.938893903906834e-18
14,2025-09-04,2025-09-01,AERGO,0.02735051913051423
14,2025-09-04,2025-09-01,ADA,6.938893903906834e-18
14,2025-09-04,2025-09-01,AUCTION,6.938893903906834e-18
14,2025-09-04,2025-09-01,ONDO,6.938893903906834e-18
14,2025-09-04,2025-09-01,SUI,6.938893903906834e-18
14,2025-09-04,2025-09-01,VIRTUAL,6.938893903906834e-18
14,2025-09-04,2025-09-01,ARDR,0.09481411691629273
14,2025-09-04,2025-09-01,MOVE,6.938893903906834e-18
14,2025-09-04,2025-09-01,AWE,0.08114661459729454
14,2025-09-04,2025-09-01,XLM,6.938893903906834e-18
14,2025-09-04,2025-09-01,AXS,6.938893903906834e-18
14,2025-09-04,2025-09-01,SNT,0.11319063489281778
14,2025-09-04,2025-09-01,QTUM,6.938893903906834e-18
14,2025-09-04,2025-09-01,ANIME,6.938893903906834e-18
14,2025-09-04,2025-09-01,PUNDIX,6.938893903906834e-18
14,2025-09-04,2025-09-01,ARK,6.938893903906834e-18
14,2025-09-04,2025-09-01,ENS,6.938893903906834e-18
14,2025-09-04,2025-09-01,LINK,6.938893903906834e-18
14,2025-09-04,2025-09-01,CRO,6.938893903906834e-18
14,2025-09-04,2025-09-01,HBAR,6.938893903906834e-18
14,2025-09-04,2025-09-01,VANA,6.938893903906834e-18
14,2025-09-04,2025-09-01,SEI,6.938893903906834e-18
14,2025-09-04,2025-09-01,STRAX,0.1384130496691118
14,2025-09-04,2025-09-01,KNC,6.938893903906834e-18
14,2025-09-04,2025-09-01,ME,6.938893903906834e-18
14,2025-09-04,2025-09-01,SHIB,6.938893903906834e-18
14,2025-09-04,2025-09-01,CBK,0.06014292053306354
14,2025-09-04,2025-09-01,AQT,0.050595817528645004
14,2025-09-04,2025-09-01,SAFE,6.938893903906834e-18
14,2025-09-04,2025-09-01,GLM,6.938893903906834e-18
14,2025-09-04,2025-09-01,PEPE,6.938893903906834e-18
14,2025-09-04,2025-09-01,BONK,6.938893903906834e-18
14,2025-09-04,2025-09-01,WAVES,0.04135298793009686
14,2025-09-04,2025-09-01,MASK,6.938893903906834e-18
14,2025-09-04,2025-09-01,ATH,6.938893903906834e-18
14,2025-09-04,2025-09-01,TOKAMAK,0.08514271274532342
14,2025-09-04,2025-09-01,CARV,6.938893903906834e-18
14,2025-09-04,2025-09-01,MEW,6.938893903906834e-18
14,2025-09-04,2025-09-01,MNT,0.01922162018871606
14,2025-09-04,2025-09-01,PYTH,6.938893903906834e-18
14,2025-09-04,2025-09-01,SONIC,6.938893903906834e-18
14,2025-09-04,2025-09-01,GAS,0.023176674639432415
14,2025-09-04,2025-09-01,AKT,6.938893903906834e-18
14,2025-09-04,2025-09-01,BIGTIME,6.938893903906834e-18
14,2025-09-04,2025-09-01,DRIFT,6.938893903906834e-18
14,2025-09-05,2025-09-01,XRP,0.015452331228691663
14,2025-09-05,2025-09-01,BTC,0.25
14,2025-09-05,2025-09-01,ETH,6.938893903906834e-18
14,2025-09-05,2025-09-01,SOL,6.938893903906834e-18
14,2025-09-05,2025-09-01,DOGE,6.938893903906834e-18
14,2025-09-05,2025-09-01,AERGO,0.02735051913051423
14,2025-09-05,2025-09-01,ADA,6.938893903906834e-18
14,2025-09-05,2025-09-01,AUCTION,6.938893903906834e-18
14,2025-09-05,2025-09-01,ONDO,6.938893903906834e-18
14,2025-09-05,2025-09-01,SUI,6.938893903906834e-18
14,2025-09-05,2025-09-01,VIRTUAL,6.938893903906834e-18
14,2025-09-05,2025-09-01,ARDR,0.09481411691629273
14,2025-09-05,2025-09-01,MOVE,6.938893903906834e-18
14,2025-09-05,2025-09-01,AWE,0.08114661459729454
14,2025-09-05,2025-09-01,XLM,6.938893903906834e-18
14,2025-09-05,2025-09-01,AXS,6.938893903906834e-18
14,2025-09-05,2025-09-01,SNT,0.11319063489281778
14,2025-09-05,2025-09-01,QTUM,6.938893903906834e-18
14,2025-09-05,2025-09-01,ANIME,6.938893903906834e-18
14,2025-09-05,2025-09-01,PUNDIX,6.938893903906834e-18
14,2025-09-05,2025-09-01,ARK,6.938893903906834e-18
14,2025-09-05,2025-09-01,ENS,6.938893903906834e-18
14,2025-09-05,2025-09-01,LINK,6.938893903906834e-18
14,2025-09-05,2025-09-01,CRO,6.938893903906834e-18
14,2025-09-05,2025-09-01,HBAR,6.938893903906834e-18
14,2025-09-05,2025-09-01,VANA,6.938893903906834e-18
14,2025-09-05,2025-09-01,SEI,6.938893903906834e-18
14,2025-09-05,2025-09-01,STRAX,0.1384130496691118
14,2025-09-05,2025-09-01,KNC,6.938893903906834e-18
14,2025-09-05,2025-09-01,ME,6.938893903906834e-18
14,2025-09-05,2025-09-01,SHIB,6.938893903906834e-18
14,2025-09-05,2025-09-01,CBK,0.06014292053306354
14,2025-09-05,2025-09-01,AQT,0.050595817528645004
14,2025-09-05,2025-09-01,SAFE,6.938893903906834e-18
14,2025-09-05,2025-09-01,GLM,6.938893903906834e-18
14,2025-09-05,2025-09-01,PEPE,6.938893903906834e-18
14,2025-09-05,2025-09-01,BONK,6.938893903906834e-18
14,2025-09-05,2025-09-01,WAVES,0.04135298793009686
14,2025-09-05,2025-09-01,MASK,6.938893903906834e-18
14,2025-09-05,2025-09-01,ATH,6.938893903906834e-18
14,2025-09-05,2025-09-01,TOKAMAK,0.08514271274532342
14,2025-09-05,2025-09-01,CARV,6.938893903906834e-18
14,2025-09-05,2025-09-01,MEW,6.938893903906834e-18
14,2025-09-05,2025-09-01,MNT,0.01922162018871606
14,2025-09-05,2025-09-01,PYTH,6.938893903906834e-18
14,2025-09-05,2025-09-01,SONIC,6.938893903906834e-18
14,2025-09-05,2025-09-01,GAS,0.023176674639432415
14,2025-09-05,2025-09-01,AKT,6.938893903906834e-18
14,2025-09-05,2025-09-01,BIGTIME,6.938893903906834e-18
14,2025-09-05,2025-09-01,DRIFT,6.938893903906834e-18
14,2025-09-06,2025-09-01,XRP,0.015452331228691663
14,2025-09-06,2025-09-01,BTC,0.25
14,2025-09-06,2025-09-01,ETH,6.938893903906834e-18
14,2025-09-06,2025-09-01,SOL,6.938893903906834e-18
14,2025-09-06,2025-09-01,DOGE,6.938893903906834e-18
14,2025-09-06,2025-09-01,AERGO,0.02735051913051423
14,2025-09-06,2025-09-01,ADA,6.938893903906834e-18
14,2025-09-06,2025-09-01,AUCTION,6.938893903906834e-18
14,2025-09-06,2025-09-01,ONDO,6.938893903906834e-18
14,2025-09-06,2025-09-01,SUI,6.938893903906834e-18
14,2025-09-06,2025-09-01,VIRTUAL,6.938893903906834e-18
14,2025-09-06,2025-09-01,ARDR,0.09481411691629273
14,2025-09-06,2025-09-01,MOVE,6.938893903906834e-18
14,2025-09-06,2025-09-01,AWE,0.08114661459729454
14,2025-09-06,2025-09-01,XLM,6.938893903906834e-18
14,2025-09-06,2025-09-01,AXS,6.938893903906834e-18
14,2025-09-06,2025-09-01,SNT,0.11319063489281778
14,2025-09-06,2025-09-01,QTUM,6.938893903906834e-18
14,2025-09-06,2025-09-01,ANIME,6.938893903906834e-18
14,2025-09-06,2025-09-01,PUNDIX,6.938893903906834e-18
14,2025-09-06,2025-09-01,ARK,6.938893903906834e-18
14,2025-09-06,2025-09-01,ENS,6.938893903906834e-18
14,2025-09-06,2025-09-01,LINK,6.938893903906834e-18
14,2025-09-06,2025-09-01,CRO,6.938893903906834e-18
14,2025-09-06,2025-09-01,HBAR,6.938893903906834e-18
14,2025-09-06,2025-09-01,VANA,6.938893903906834e-18
14,2025-09-06,2025-09-01,SEI,6.938893903906834e-18
14,2025-09-06,2025-09-01,STRAX,0.1384130496691118
14,2025-09-06,2025-09-01,KNC,6.938893903906834e-18
14,2025-09-06,2025-09-01,ME,6.938893903906834e-18
14,2025-09-06,2025-09-01,SHIB,6.938893903906834e-18
14,2025-09-06,2025-09-01,CBK,0.06014292053306354
14,2025-09-06,2025-09-01,AQT,0.050595817528645004
14,2025-09-06,2025-09-01,SAFE,6.938893903906834e-18
14,2025-09-06,2025-09-01,GLM,6.938893903906834e-18
14,2025-09-06,2025-09-01,PEPE,6.938893903906834e-18
14,2025-09-06,2025-09-01,BONK,6.938893903906834e-18
14,2025-09-06,2025-09-01,WAVES,0.04135298793009686
14,2025-09-06,2025-09-01,MASK,6.938893903906834e-18
14,2025-09-06,2025-09-01,ATH,6.938893903906834e-18
14,2025-09-06,2025-09-01,TOKAMAK,0.08514271274532342
14,2025-09-06,2025-09-01,CARV,6.938893903906834e-18
14,2025-09-06,2025-09-01,MEW,6.938893903906834e-18
14,2025-09-06,2025-09-01,MNT,0.01922162018871606
14,2025-09-06,2025-09-01,PYTH,6.938893903906834e-18
14,2025-09-06,2025-09-01,SONIC,6.938893903906834e-18
14,2025-09-06,2025-09-01,GAS,0.023176674639432415
14,2025-09-06,2025-09-01,AKT,6.938893903906834e-18
14,2025-09-06,2025-09-01,BIGTIME,6.938893903906834e-18
14,2025-09-06,2025-09-01,DRIFT,6.938893903906834e-18
14,2025-09-07,2025-09-01,XRP,0.015452331228691663
14,2025-09-07,2025-09-01,BTC,0.25
14,2025-09-07,2025-09-01,ETH,6.938893903906834e-18
14,2025-09-07,2025-09-01,SOL,6.938893903906834e-18
14,2025-09-07,2025-09-01,DOGE,6.938893903906834e-18
14,2025-09-07,2025-09-01,AERGO,0.02735051913051423
14,2025-09-07,2025-09-01,ADA,6.938893903906834e-18
14,2025-09-07,2025-09-01,AUCTION,6.938893903906834e-18
14,2025-09-07,2025-09-01,ONDO,6.938893903906834e-18
14,2025-09-07,2025-09-01,SUI,6.938893903906834e-18
14,2025-09-07,2025-09-01,VIRTUAL,6.938893903906834e-18
14,2025-09-07,2025-09-01,ARDR,0.09481411691629273
14,2025-09-07,2025-09-01,MOVE,6.938893903906834e-18
14,2025-09-07,2025-09-01,AWE,0.08114661459729454
14,2025-09-07,2025-09-01,XLM,6.938893903906834e-18
14,2025-09-07,2025-09-01,AXS,6.938893903906834e-18
14,2025-09-07,2025-09-01,SNT,0.11319063489281778
14,2025-09-07,2025-09-01,QTUM,6.938893903906834e-18
14,2025-09-07,2025-09-01,ANIME,6.938893903906834e-18
14,2025-09-07,2025-09-01,PUNDIX,6.938893903906834e-18
14,2025-09-07,2025-09-01,ARK,6.938893903906834e-18
14,2025-09-07,2025-09-01,ENS,6.938893903906834e-18
14,2025-09-07,2025-09-01,LINK,6.938893903906834e-18
14,2025-09-07,2025-09-01,CRO,6.938893903906834e-18
14,2025-09-07,2025-09-01,HBAR,6.938893903906834e-18
14,2025-09-07,2025-09-01,VANA,6.938893903906834e-18
14,2025-09-07,2025-09-01,SEI,6.938893903906834e-18
14,2025-09-07,2025-09-01,STRAX,0.1384130496691118
14,2025-09-07,2025-09-01,KNC,6.938893903906834e-18
14,2025-09-07,2025-09-01,ME,6.938893903906834e-18
14,2025-09-07,2025-09-01,SHIB,6.938893903906834e-18
14,2025-09-07,2025-09-01,CBK,0.06014292053306354
14,2025-09-07,2025-09-01,AQT,0.050595817528645004
14,2025-09-07,2025-09-01,SAFE,6.938893903906834e-18
14,2025-09-07,2025-09-01,GLM,6.938893903906834e-18
14,2025-09-07,2025-09-01,PEPE,6.938893903906834e-18
14,2025-09-07,2025-09-01,BONK,6.938893903906834e-18
14,2025-09-07,2025-09-01,WAVES,0.04135298793009686
14,2025-09-07,2025-09-01,MASK,6.938893903906834e-18
14,2025-09-07,2025-09-01,ATH,6.938893903906834e-18
14,2025-09-07,2025-09-01,TOKAMAK,0.08514271274532342
14,2025-09-07,2025-09-01,CARV,6.938893903906834e-18
14,2025-09-07,2025-09-01,MEW,6.938893903906834e-18
14,2025-09-07,2025-09-01,MNT,0.01922162018871606
14,2025-09-07,2025-09-01,PYTH,6.938893903906834e-18
14,2025-09-07,2025-09-01,SONIC,6.938893903906834e-18
14,2025-09-07,2025-09-01,GAS,0.023176674639432415
14,2025-09-07,2025-09-01,AKT,6.938893903906834e-18
14,2025-09-07,2025-09-01,BIGTIME,6.938893903906834e-18
14,2025-09-07,2025-09-01,DRIFT,6.938893903906834e-18
14,2025-09-08,2025-09-01,XRP,0.015452331228691663
14,2025-09-08,2025-09-01,BTC,0.25
14,2025-09-08,2025-09-01,ETH,6.938893903906834e-18
14,2025-09-08,2025-09-01,SOL,6.938893903906834e-18
14,2025-09-08,2025-09-01,DOGE,6.938893903906834e-18
14,2025-09-08,2025-09-01,AERGO,0.02735051913051423
14,2025-09-08,2025-09-01,ADA,6.938893903906834e-18
14,2025-09-08,2025-09-01,AUCTION,6.938893903906834e-18
14,2025-09-08,2025-09-01,ONDO,6.938893903906834e-18
14,2025-09-08,2025-09-01,SUI,6.938893903906834e-18
14,2025-09-08,2025-09-01,VIRTUAL,6.938893903906834e-18
14,2025-09-08,2025-09-01,ARDR,0.09481411691629273
14,2025-09-08,2025-09-01,MOVE,6.938893903906834e-18
14,2025-09-08,2025-09-01,AWE,0.08114661459729454
14,2025-09-08,2025-09-01,XLM,6.938893903906834e-18
14,2025-09-08,2025-09-01,AXS,6.938893903906834e-18
14,2025-09-08,2025-09-01,SNT,0.11319063489281778
14,2025-09-08,2025-09-01,QTUM,6.938893903906834e-18
14,2025-09-08,2025-09-01,ANIME,6.938893903906834e-18
14,2025-09-08,2025-09-01,PUNDIX,6.938893903906834e-18
14,2025-09-08,2025-09-01,ARK,6.938893903906834e-18
14,2025-09-08,2025-09-01,ENS,6.938893903906834e-18
14,2025-09-08,2025-09-01,LINK,6.938893903906834e-18
14,2025-09-08,2025-09-01,CRO,6.938893903906834e-18
14,2025-09-08,2025-09-01,HBAR,6.938893903906834e-18
14,2025-09-08,2025-09-01,VANA,6.938893903906834e-18
14,2025-09-08,2025-09-01,SEI,6.938893903906834e-18
14,2025-09-08,2025-09-01,STRAX,0.1384130496691118
14,2025-09-08,2025-09-01,KNC,6.938893903906834e-18
14,2025-09-08,2025-09-01,ME,6.938893903906834e-18
14,2025-09-08,2025-09-01,SHIB,6.938893903906834e-18
14,2025-09-08,2025-09-01,CBK,0.06014292053306354
14,2025-09-08,2025-09-01,AQT,0.050595817528645004
14,2025-09-08,2025-09-01,SAFE,6.938893903906834e-18
14,2025-09-08,2025-09-01,GLM,6.938893903906834e-18
14,2025-09-08,2025-09-01,PEPE,6.938893903906834e-18
14,2025-09-08,2025-09-01,BONK,6.938893903906834e-18
14,2025-09-08,2025-09-01,WAVES,0.04135298793009686
14,2025-09-08,2025-09-01,MASK,6.938893903906834e-18
14,2025-09-08,2025-09-01,ATH,6.938893903906834e-18
14,2025-09-08,2025-09-01,TOKAMAK,0.08514271274532342
14,2025-09-08,2025-09-01,CARV,6.938893903906834e-18
14,2025-09-08,2025-09-01,MEW,6.938893903906834e-18
14,2025-09-08,2025-09-01,MNT,0.01922162018871606
14,2025-09-08,2025-09-01,PYTH,6.938893903906834e-18
14,2025-09-08,2025-09-01,SONIC,6.938893903906834e-18
14,2025-09-08,2025-09-01,GAS,0.023176674639432415
14,2025-09-08,2025-09-01,AKT,6.938893903906834e-18
14,2025-09-08,2025-09-01,BIGTIME,6.938893903906834e-18
14,2025-09-08,2025-09-01,DRIFT,6.938893903906834e-18
14,2025-09-09,2025-09-01,XRP,0.015452331228691663
14,2025-09-09,2025-09-01,BTC,0.25
14,2025-09-09,2025-09-01,ETH,6.938893903906834e-18
14,2025-09-09,2025-09-01,SOL,6.938893903906834e-18
14,2025-09-09,2025-09-01,DOGE,6.938893903906834e-18
14,2025-09-09,2025-09-01,AERGO,0.02735051913051423
14,2025-09-09,2025-09-01,ADA,6.938893903906834e-18
14,2025-09-09,2025-09-01,AUCTION,6.938893903906834e-18
14,2025-09-09,2025-09-01,ONDO,6.938893903906834e-18
14,2025-09-09,2025-09-01,SUI,6.938893903906834e-18
14,2025-09-09,2025-09-01,VIRTUAL,6.938893903906834e-18
14,2025-09-09,2025-09-01,ARDR,0.09481411691629273
14,2025-09-09,2025-09-01,MOVE,6.938893903906834e-18
14,2025-09-09,2025-09-01,AWE,0.08114661459729454
14,2025-09-09,2025-09-01,XLM,6.938893903906834e-18
14,2025-09-09,2025-09-01,AXS,6.938893903906834e-18
14,2025-09-09,2025-09-01,SNT,0.11319063489281778
14,2025-09-09,2025-09-01,QTUM,6.938893903906834e-18
14,2025-09-09,2025-09-01,ANIME,6.938893903906834e-18
14,2025-09-09,2025-09-01,PUNDIX,6.938893903906834e-18
14,2025-09-09,2025-09-01,ARK,6.938893903906834e-18
14,2025-09-09,2025-09-01,ENS,6.938893903906834e-18
14,2025-09-09,2025-09-01,LINK,6.938893903906834e-18
14,2025-09-09,2025-09-01,CRO,6.938893903906834e-18
14,2025-09-09,2025-09-01,HBAR,6.938893903906834e-18
14,2025-09-09,2025-09-01,VANA,6.938893903906834e-18
14,2025-09-09,2025-09-01,SEI,6.938893903906834e-18
14,2025-09-09,2025-09-01,STRAX,0.1384130496691118
14,2025-09-09,2025-09-01,KNC,6.938893903906834e-18
14,2025-09-09,2025-09-01,ME,6.938893903906834e-18
14,2025-09-09,2025-09-01,SHIB,6.938893903906834e-18
14,2025-09-09,2025-09-01,CBK,0.06014292053306354
14,2025-09-09,2025-09-01,AQT,0.050595817528645004
14,2025-09-09,2025-09-01,SAFE,6.938893903906834e-18
14,2025-09-09,2025-09-01,GLM,6.938893903906834e-18
14,2025-09-09,2025-09-01,PEPE,6.938893903906834e-18
14,2025-09-09,2025-09-01,BONK,6.938893903906834e-18
14,2025-09-09,2025-09-01,WAVES,0.04135298793009686
14,2025-09-09,2025-09-01,MASK,6.938893903906834e-18
14,2025-09-09,2025-09-01,ATH,6.938893903906834e-18
14,2025-09-09,2025-09-01,TOKAMAK,0.08514271274532342
14,2025-09-09,2025-09-01,CARV,6.938893903906834e-18
14,2025-09-09,2025-09-01,MEW,6.938893903906834e-18
14,2025-09-09,2025-09-01,MNT,0.01922162018871606
14,2025-09-09,2025-09-01,PYTH,6.938893903906834e-18
14,2025-09-09,2025-09-01,SONIC,6.938893903906834e-18
14,2025-09-09,2025-09-01,GAS,0.023176674639432415
14,2025-09-09,2025-09-01,AKT,6.938893903906834e-18
14,2025-09-09,2025-09-01,BIGTIME,6.938893903906834e-18
14,2025-09-09,2025-09-01,DRIFT,6.938893903906834e-18
14,2025-09-10,2025-09-01,XRP,0.015452331228691663
14,2025-09-10,2025-09-01,BTC,0.25
14,2025-09-10,2025-09-01,ETH,6.938893903906834e-18
14,2025-09-10,2025-09-01,SOL,6.938893903906834e-18
14,2025-09-10,2025-09-01,DOGE,6.938893903906834e-18
14,2025-09-10,2025-09-01,AERGO,0.02735051913051423
14,2025-09-10,2025-09-01,ADA,6.938893903906834e-18
14,2025-09-10,2025-09-01,AUCTION,6.938893903906834e-18
14,2025-09-10,2025-09-01,ONDO,6.938893903906834e-18
14,2025-09-10,2025-09-01,SUI,6.938893903906834e-18
14,2025-09-10,2025-09-01,VIRTUAL,6.938893903906834e-18
14,2025-09-10,2025-09-01,ARDR,0.09481411691629273
14,2025-09-10,2025-09-01,MOVE,6.938893903906834e-18
14,2025-09-10,2025-09-01,AWE,0.08114661459729454
14,2025-09-10,2025-09-01,XLM,6.938893903906834e-18
14,2025-09-10,2025-09-01,AXS,6.938893903906834e-18
14,2025-09-10,2025-09-01,SNT,0.11319063489281778
14,2025-09-10,2025-09-01,QTUM,6.938893903906834e-18
14,2025-09-10,2025-09-01,ANIME,6.938893903906834e-18
14,2025-09-10,2025-09-01,PUNDIX,6.938893903906834e-18
14,2025-09-10,2025-09-01,ARK,6.938893903906834e-18
14,2025-09-10,2025-09-01,ENS,6.938893903906834e-18
14,2025-09-10,2025-09-01,LINK,6.938893903906834e-18
14,2025-09-10,2025-09-01,CRO,6.938893903906834e-18
14,2025-09-10,2025-09-01,HBAR,6.938893903906834e-18
14,2025-09-10,2025-09-01,VANA,6.938893903906834e-18
14,2025-09-10,2025-09-01,SEI,6.938893903906834e-18
14,2025-09-10,2025-09-01,STRAX,0.1384130496691118
14,2025-09-10,2025-09-01,KNC,6.938893903906834e-18
14,2025-09-10,2025-09-01,ME,6.938893903906834e-18
14,2025-09-10,2025-09-01,SHIB,6.938893903906834e-18
14,2025-09-10,2025-09-01,CBK,0.06014292053306354
14,2025-09-10,2025-09-01,AQT,0.050595817528645004
14,2025-09-10,2025-09-01,SAFE,6.938893903906834e-18
14,2025-09-10,2025-09-01,GLM,6.938893903906834e-18
14,2025-09-10,2025-09-01,PEPE,6.938893903906834e-18
14,2025-09-10,2025-09-01,BONK,6.938893903906834e-18
14,2025-09-10,2025-09-01,WAVES,0.04135298793009686
14,2025-09-10,2025-09-01,MASK,6.938893903906834e-18
14,2025-09-10,2025-09-01,ATH,6.938893903906834e-18
14,2025-09-10,2025-09-01,TOKAMAK,0.08514271274532342
14,2025-09-10,2025-09-01,CARV,6.938893903906834e-18
14,2025-09-10,2025-09-01,MEW,6.938893903906834e-18
14,2025-09-10,2025-09-01,MNT,0.01922162018871606
14,2025-09-10,2025-09-01,PYTH,6.938893903906834e-18
14,2025-09-10,2025-09-01,SONIC,6.938893903906834e-18
14,2025-09-10,2025-09-01,GAS,0.023176674639432415
14,2025-09-10,2025-09-01,AKT,6.938893903906834e-18
14,2025-09-10,2025-09-01,BIGTIME,6.938893903906834e-18
14,2025-09-10,2025-09-01,DRIFT,6.938893903906834e-18
14,2025-09-11,2025-09-01,XRP,0.015452331228691663
14,2025-09-11,2025-09-01,BTC,0.25
14,2025-09-11,2025-09-01,ETH,6.938893903906834e-18
14,2025-09-11,2025-09-01,SOL,6.938893903906834e-18
14,2025-09-11,2025-09-01,DOGE,6.938893903906834e-18
14,2025-09-11,2025-09-01,AERGO,0.02735051913051423
14,2025-09-11,2025-09-01,ADA,6.938893903906834e-18
14,2025-09-11,2025-09-01,AUCTION,6.938893903906834e-18
14,2025-09-11,2025-09-01,ONDO,6.938893903906834e-18
14,2025-09-11,2025-09-01,SUI,6.938893903906834e-18
14,2025-09-11,2025-09-01,VIRTUAL,6.938893903906834e-18
14,2025-09-11,2025-09-01,ARDR,0.09481411691629273
14,2025-09-11,2025-09-01,MOVE,6.938893903906834e-18
14,2025-09-11,2025-09-01,AWE,0.08114661459729454
14,2025-09-11,2025-09-01,XLM,6.938893903906834e-18
14,2025-09-11,2025-09-01,AXS,6.938893903906834e-18
14,2025-09-11,2025-09-01,SNT,0.11319063489281778
14,2025-09-11,2025-09-01,QTUM,6.938893903906834e-18
14,2025-09-11,2025-09-01,ANIME,6.938893903906834e-18
14,2025-09-11,2025-09-01,PUNDIX,6.938893903906834e-18
14,2025-09-11,2025-09-01,ARK,6.938893903906834e-18
14,2025-09-11,2025-09-01,ENS,6.938893903906834e-18
14,2025-09-11,2025-09-01,LINK,6.938893903906834e-18
14,2025-09-11,2025-09-01,CRO,6.938893903906834e-18
14,2025-09-11,2025-09-01,HBAR,6.938893903906834e-18
14,2025-09-11,2025-09-01,VANA,6.938893903906834e-18
14,2025-09-11,2025-09-01,SEI,6.938893903906834e-18
14,2025-09-11,2025-09-01,STRAX,0.1384130496691118
14,2025-09-11,2025-09-01,KNC,6.938893903906834e-18
14,2025-09-11,2025-09-01,ME,6.938893903906834e-18
14,2025-09-11,2025-09-01,SHIB,6.938893903906834e-18
14,2025-09-11,2025-09-01,CBK,0.06014292053306354
14,2025-09-11,2025-09-01,AQT,0.050595817528645004
14,2025-09-11,2025-09-01,SAFE,6.938893903906834e-18
14,2025-09-11,2025-09-01,GLM,6.938893903906834e-18
14,2025-09-11,2025-09-01,PEPE,6.938893903906834e-18
14,2025-09-11,2025-09-01,BONK,6.938893903906834e-18
14,2025-09-11,2025-09-01,WAVES,0.04135298793009686
14,2025-09-11,2025-09-01,MASK,6.938893903906834e-18
14,2025-09-11,2025-09-01,ATH,6.938893903906834e-18
14,2025-09-11,2025-09-01,TOKAMAK,0.08514271274532342
14,2025-09-11,2025-09-01,CARV,6.938893903906834e-18
14,2025-09-11,2025-09-01,MEW,6.938893903906834e-18
14,2025-09-11,2025-09-01,MNT,0.01922162018871606
14,2025-09-11,2025-09-01,PYTH,6.938893903906834e-18
14,2025-09-11,2025-09-01,SONIC,6.938893903906834e-18
14,2025-09-11,2025-09-01,GAS,0.023176674639432415
14,2025-09-11,2025-09-01,AKT,6.938893903906834e-18
14,2025-09-11,2025-09-01,BIGTIME,6.938893903906834e-18
14,2025-09-11,2025-09-01,DRIFT,6.938893903906834e-18
14,2025-09-12,2025-09-01,XRP,0.015452331228691663
14,2025-09-12,2025-09-01,BTC,0.25
14,2025-09-12,2025-09-01,ETH,6.938893903906834e-18
14,2025-09-12,2025-09-01,SOL,6.938893903906834e-18
14,2025-09-12,2025-09-01,DOGE,6.938893903906834e-18
14,2025-09-12,2025-09-01,AERGO,0.02735051913051423
14,2025-09-12,2025-09-01,ADA,6.938893903906834e-18
14,2025-09-12,2025-09-01,AUCTION,6.938893903906834e-18
14,2025-09-12,2025-09-01,ONDO,6.938893903906834e-18
14,2025-09-12,2025-09-01,SUI,6.938893903906834e-18
14,2025-09-12,2025-09-01,VIRTUAL,6.938893903906834e-18
14,2025-09-12,2025-09-01,ARDR,0.09481411691629273
14,2025-09-12,2025-09-01,MOVE,6.938893903906834e-18
14,2025-09-12,2025-09-01,AWE,0.08114661459729454
14,2025-09-12,2025-09-01,XLM,6.938893903906834e-18
14,2025-09-12,2025-09-01,AXS,6.938893903906834e-18
14,2025-09-12,2025-09-01,SNT,0.11319063489281778
14,2025-09-12,2025-09-01,QTUM,6.938893903906834e-18
14,2025-09-12,2025-09-01,ANIME,6.938893903906834e-18
14,2025-09-12,2025-09-01,PUNDIX,6.938893903906834e-18
14,2025-09-12,2025-09-01,ARK,6.938893903906834e-18
14,2025-09-12,2025-09-01,ENS,6.938893903906834e-18
14,2025-09-12,2025-09-01,LINK,6.938893903906834e-18
14,2025-09-12,2025-09-01,CRO,6.938893903906834e-18
14,2025-09-12,2025-09-01,HBAR,6.938893903906834e-18
14,2025-09-12,2025-09-01,VANA,6.938893903906834e-18
14,2025-09-12,2025-09-01,SEI,6.938893903906834e-18
14,2025-09-12,2025-09-01,STRAX,0.1384130496691118
14,2025-09-12,2025-09-01,KNC,6.938893903906834e-18
14,2025-09-12,2025-09-01,ME,6.938893903906834e-18
14,2025-09-12,2025-09-01,SHIB,6.938893903906834e-18
14,2025-09-12,2025-09-01,CBK,0.06014292053306354
14,2025-09-12,2025-09-01,AQT,0.050595817528645004
14,2025-09-12,2025-09-01,SAFE,6.938893903906834e-18
14,2025-09-12,2025-09-01,GLM,6.938893903906834e-18
14,2025-09-12,2025-09-01,PEPE,6.938893903906834e-18
14,2025-09-12,2025-09-01,BONK,6.938893903906834e-18
14,2025-09-12,2025-09-01,WAVES,0.04135298793009686
14,2025-09-12,2025-09-01,MASK,6.938893903906834e-18
14,2025-09-12,2025-09-01,ATH,6.938893903906834e-18
14,2025-09-12,2025-09-01,TOKAMAK,0.08514271274532342
14,2025-09-12,2025-09-01,CARV,6.938893903906834e-18
14,2025-09-12,2025-09-01,MEW,6.938893903906834e-18
14,2025-09-12,2025-09-01,MNT,0.01922162018871606
14,2025-09-12,2025-09-01,PYTH,6.938893903906834e-18
14,2025-09-12,2025-09-01,SONIC,6.938893903906834e-18
14,2025-09-12,2025-09-01,GAS,0.023176674639432415
14,2025-09-12,2025-09-01,AKT,6.938893903906834e-18
14,2025-09-12,2025-09-01,BIGTIME,6.938893903906834e-18
14,2025-09-12,2025-09-01,DRIFT,6.938893903906834e-18
14,2025-09-13,2025-09-01,XRP,0.015452331228691663
14,2025-09-13,2025-09-01,BTC,0.25
14,2025-09-13,2025-09-01,ETH,6.938893903906834e-18
14,2025-09-13,2025-09-01,SOL,6.938893903906834e-18
14,2025-09-13,2025-09-01,DOGE,6.938893903906834e-18
14,2025-09-13,2025-09-01,AERGO,0.02735051913051423
14,2025-09-13,2025-09-01,ADA,6.938893903906834e-18
14,2025-09-13,2025-09-01,AUCTION,6.938893903906834e-18
14,2025-09-13,2025-09-01,ONDO,6.938893903906834e-18
14,2025-09-13,2025-09-01,SUI,6.938893903906834e-18
14,2025-09-13,2025-09-01,VIRTUAL,6.938893903906834e-18
14,2025-09-13,2025-09-01,ARDR,0.09481411691629273
14,2025-09-13,2025-09-01,MOVE,6.938893903906834e-18
14,2025-09-13,2025-09-01,AWE,0.08114661459729454
14,2025-09-13,2025-09-01,XLM,6.938893903906834e-18
14,2025-09-13,2025-09-01,AXS,6.938893903906834e-18
14,2025-09-13,2025-09-01,SNT,0.11319063489281778
14,2025-09-13,2025-09-01,QTUM,6.938893903906834e-18
14,2025-09-13,2025-09-01,ANIME,6.938893903906834e-18
14,2025-09-13,2025-09-01,PUNDIX,6.938893903906834e-18
14,2025-09-13,2025-09-01,ARK,6.938893903906834e-18
14,2025-09-13,2025-09-01,ENS,6.938893903906834e-18
14,2025-09-13,2025-09-01,LINK,6.938893903906834e-18
14,2025-09-13,2025-09-01,CRO,6.938893903906834e-18
14,2025-09-13,2025-09-01,HBAR,6.938893903906834e-18
14,2025-09-13,2025-09-01,VANA,6.938893903906834e-18
14,2025-09-13,2025-09-01,SEI,6.938893903906834e-18
14,2025-09-13,2025-09-01,STRAX,0.1384130496691118
14,2025-09-13,2025-09-01,KNC,6.938893903906834e-18
14,2025-09-13,2025-09-01,ME,6.938893903906834e-18
14,2025-09-13,2025-09-01,SHIB,6.938893903906834e-18
14,2025-09-13,2025-09-01,CBK,0.06014292053306354
14,2025-09-13,2025-09-01,AQT,0.050595817528645004
14,2025-09-13,2025-09-01,SAFE,6.938893903906834e-18
14,2025-09-13,2025-09-01,GLM,6.938893903906834e-18
14,2025-09-13,2025-09-01,PEPE,6.938893903906834e-18
14,2025-09-13,2025-09-01,BONK,6.938893903906834e-18
14,2025-09-13,2025-09-01,WAVES,0.04135298793009686
14,2025-09-13,2025-09-01,MASK,6.938893903906834e-18
14,2025-09-13,2025-09-01,ATH,6.938893903906834e-18
14,2025-09-13,2025-09-01,TOKAMAK,0.08514271274532342
14,2025-09-13,2025-09-01,CARV,6.938893903906834e-18
14,2025-09-13,2025-09-01,MEW,6.938893903906834e-18
14,2025-09-13,2025-09-01,MNT,0.01922162018871606
14,2025-09-13,2025-09-01,PYTH,6.938893903906834e-18
14,2025-09-13,2025-09-01,SONIC,6.938893903906834e-18
14,2025-09-13,2025-09-01,GAS,0.023176674639432415
14,2025-09-13,2025-09-01,AKT,6.938893903906834e-18
14,2025-09-13,2025-09-01,BIGTIME,6.938893903906834e-18
14,2025-09-13,2025-09-01,DRIFT,6.938893903906834e-18
14,2025-09-14,2025-09-01,XRP,0.015452331228691663
14,2025-09-14,2025-09-01,BTC,0.25
14,2025-09-14,2025-09-01,ETH,6.938893903906834e-18
14,2025-09-14,2025-09-01,SOL,6.938893903906834e-18
14,2025-09-14,2025-09-01,DOGE,6.938893903906834e-18
14,2025-09-14,2025-09-01,AERGO,0.02735051913051423
14,2025-09-14,2025-09-01,ADA,6.938893903906834e-18
14,2025-09-14,2025-09-01,AUCTION,6.938893903906834e-18
14,2025-09-14,2025-09-01,ONDO,6.938893903906834e-18
14,2025-09-14,2025-09-01,SUI,6.938893903906834e-18
14,2025-09-14,2025-09-01,VIRTUAL,6.938893903906834e-18
14,2025-09-14,2025-09-01,ARDR,0.09481411691629273
14,2025-09-14,2025-09-01,MOVE,6.938893903906834e-18
14,2025-09-14,2025-09-01,AWE,0.08114661459729454
14,2025-09-14,2025-09-01,XLM,6.938893903906834e-18
14,2025-09-14,2025-09-01,AXS,6.938893903906834e-18
14,2025-09-14,2025-09-01,SNT,0.11319063489281778
14,2025-09-14,2025-09-01,QTUM,6.938893903906834e-18
14,2025-09-14,2025-09-01,ANIME,6.938893903906834e-18
14,2025-09-14,2025-09-01,PUNDIX,6.938893903906834e-18
14,2025-09-14,2025-09-01,ARK,6.938893903906834e-18
14,2025-09-14,2025-09-01,ENS,6.938893903906834e-18
14,2025-09-14,2025-09-01,LINK,6.938893903906834e-18
14,2025-09-14,2025-09-01,CRO,6.938893903906834e-18
14,2025-09-14,2025-09-01,HBAR,6.938893903906834e-18
14,2025-09-14,2025-09-01,VANA,6.938893903906834e-18
14,2025-09-14,2025-09-01,SEI,6.938893903906834e-18
14,2025-09-14,2025-09-01,STRAX,0.1384130496691118
14,2025-09-14,2025-09-01,KNC,6.938893903906834e-18
14,2025-09-14,2025-09-01,ME,6.938893903906834e-18
14,2025-09-14,2025-09-01,SHIB,6.938893903906834e-18
14,2025-09-14,2025-09-01,CBK,0.06014292053306354
14,2025-09-14,2025-09-01,AQT,0.050595817528645004
14,2025-09-14,2025-09-01,SAFE,6.938893903906834e-18
14,2025-09-14,2025-09-01,GLM,6.938893903906834e-18
14,2025-09-14,2025-09-01,PEPE,6.938893903906834e-18
14,2025-09-14,2025-09-01,BONK,6.938893903906834e-18
14,2025-09-14,2025-09-01,WAVES,0.04135298793009686
14,2025-09-14,2025-09-01,MASK,6.938893903906834e-18
14,2025-09-14,2025-09-01,ATH,6.938893903906834e-18
14,2025-09-14,2025-09-01,TOKAMAK,0.08514271274532342
14,2025-09-14,2025-09-01,CARV,6.938893903906834e-18
14,2025-09-14,2025-09-01,MEW,6.938893903906834e-18
14,2025-09-14,2025-09-01,MNT,0.01922162018871606
14,2025-09-14,2025-09-01,PYTH,6.938893903906834e-18
14,2025-09-14,2025-09-01,SONIC,6.938893903906834e-18
14,2025-09-14,2025-09-01,GAS,0.023176674639432415
14,2025-09-14,2025-09-01,AKT,6.938893903906834e-18
14,2025-09-14,2025-09-01,BIGTIME,6.938893903906834e-18
14,2025-09-14,2025-09-01,DRIFT,6.938893903906834e-18
14,2025-10-01,2025-10-01,XRP,0.14320678568251935
14,2025-10-01,2025-10-01,BTC,0.25
14,2025-10-01,2025-10-01,ETH,1.1564823173176084e-18
14,2025-10-01,2025-10-01,SOL,1.1564823173176084e-18
14,2025-10-01,2025-10-01,DOGE,1.1564823173176084e-18
14,2025-10-01,2025-10-01,AERGO,0.03821217767459132
14,2025-10-01,2025-10-01,ADA,1.1564823173176084e-18
14,2025-10-01,2025-10-01,AUCTION,1.1564823173176084e-18
14,2025-10-01,2025-10-01,ONDO,1.1564823173176084e-18
14,2025-10-01,2025-10-01,SUI,1.1564823173176084e-18
14,2025-10-01,2025-10-01,VIRTUAL,1.1564823173176084e-18
14,2025-10-01,2025-10-01,ARDR,0.09419605416772588
14,2025-10-01,2025-10-01,MOVE,1.1564823173176084e-18
14,2025-10-01,2025-10-01,AWE,0.009907865426077547
14,2025-10-01,2025-10-01,XLM,1.1564823173176084e-18
14,2025-10-01,2025-10-01,AXS,1.1564823173176084e-18
14,2025-10-01,2025-10-01,SNT,0.1480703482834617
14,2025-10-01,2025-10-01,QTUM,1.1564823173176084e-18
14,2025-10-01,2025-10-01,ANIME,1.1564823173176084e-18
14,2025-10-01,2025-10-01,PUNDIX,0.00630257661348342
14,2025-10-01,2025-10-01,ARK,1.1564823173176084e-18
14,2025-10-01,2025-10-01,ENS,1.1564823173176084e-18
14,2025-10-01,2025-10-01,LINK,1.1564823173176084e-18
14,2025-10-01,2025-10-01,CRO,1.1564823173176084e-18
14,2025-10-01,2025-10-01,HBAR,1.1564823173176084e-18
14,2025-10-01,2025-10-01,VANA,1.1564823173176084e-18
14,2025-10-01,2025-10-01,SEI,1.1564823173176084e-18
14,2025-10-01,2025-10-01,STRAX,0.11809539205819164
14,2025-10-01,2025-10-01,KNC,1.1564823173176084e-18
14,2025-10-01,2025-10-01,ME,1.1564823173176084e-18
14,2025-10-01,2025-10-01,SHIB,1.1564823173176084e-18
14,2025-10-01,2025-10-01,CBK,1.1564823173176084e-18
14,2025-10-01,2025-10-01,AQT,0.06587518508344843
14,2025-10-01,2025-10-01,SAFE,1.1564823173176084e-18
14,2025-10-01,2025-10-01,GLM,1.1564823173176084e-18
14,2025-10-01,2025-10-01,PEPE,1.1564823173176084e-18
14,2025-10-01,2025-10-01,BONK,1.1564823173176084e-18
14,2025-10-01,2025-10-01,WAVES,0.044951237896235424
14,2025-10-01,2025-10-01,MASK,1.1564823173176084e-18
14,2025-10-01,2025-10-01,ATH,0.0008924216787479289
14,2025-10-01,2025-10-01,TOKAMAK,0.020548929902330638
14,2025-10-01,2025-10-01,CARV,1.1564823173176084e-18
14,2025-10-01,2025-10-01,MEW,1.1564823173176084e-18
14,2025-10-01,2025-10-01,MNT,0.00435056755103692
14,2025-10-01,2025-10-01,PYTH,1.1564823173176084e-18
14,2025-10-01,2025-10-01,SONIC,1.1564823173176084e-18
14,2025-10-01,2025-10-01,GAS,0.055390457982149824
14,2025-10-01,2025-10-01,AKT,1.1564823173176084e-18
14,2025-10-01,2025-10-01,BIGTIME,1.1564823173176084e-18
14,2025-10-01,2025-10-01,DRIFT,1.1564823173176084e-18
14,2025-10-02,2025-10-01,XRP,0.14320678568251935
14,2025-10-02,2025-10-01,BTC,0.25
14,2025-10-02,2025-10-01,ETH,1.1564823173176084e-18
14,2025-10-02,2025-10-01,SOL,1.1564823173176084e-18
14,2025-10-02,2025-10-01,DOGE,1.1564823173176084e-18
14,2025-10-02,2025-10-01,AERGO,0.03821217767459132
14,2025-10-02,2025-10-01,ADA,1.1564823173176084e-18
14,2025-10-02,2025-10-01,AUCTION,1.1564823173176084e-18
14,2025-10-02,2025-10-01,ONDO,1.1564823173176084e-18
14,2025-10-02,2025-10-01,SUI,1.1564823173176084e-18
14,2025-10-02,2025-10-01,VIRTUAL,1.1564823173176084e-18
14,2025-10-02,2025-10-01,ARDR,0.09419605416772588
14,2025-10-02,2025-10-01,MOVE,1.1564823173176084e-18
14,2025-10-02,2025-10-01,AWE,0.009907865426077547
14,2025-10-02,2025-10-01,XLM,1.1564823173176084e-18
14,2025-10-02,2025-10-01,AXS,1.1564823173176084e-18
14,2025-10-02,2025-10-01,SNT,0.1480703482834617
14,2025-10-02,2025-10-01,QTUM,1.1564823173176084e-18
14,2025-10-02,2025-10-01,ANIME,1.1564823173176084e-18
14,2025-10-02,2025-10-01,PUNDIX,0.00630257661348342
14,2025-10-02,2025-10-01,ARK,1.1564823173176084e-18
14,2025-10-02,2025-10-01,ENS,1.1564823173176084e-18
14,2025-10-02,2025-10-01,LINK,1.1564823173176084e-18
14,2025-10-02,2025-10-01,CRO,1.1564823173176084e-18
14,2025-10-02,2025-10-01,HBAR,1.1564823173176084e-18
14,2025-10-02,2025-10-01,VANA,1.1564823173176084e-18
14,2025-10-02,2025-10-01,SEI,1.1564823173176084e-18
14,2025-10-02,2025-10-01,STRAX,0.11809539205819164
14,2025-10-02,2025-10-01,KNC,1.1564823173176084e-18
14,2025-10-02,2025-10-01,ME,1.1564823173176084e-18
14,2025-10-02,2025-10-01,SHIB,1.1564823173176084e-18
14,2025-10-02,2025-10-01,CBK,1.1564823173176084e-18
14,2025-10-02,2025-10-01,AQT,0.06587518508344843
14,2025-10-02,2025-10-01,SAFE,1.1564823173176084e-18
14,2025-10-02,2025-10-01,GLM,1.1564823173176084e-18
14,2025-10-02,2025-10-01,PEPE,1.1564823173176084e-18
14,2025-10-02,2025-10-01,BONK,1.1564823173176084e-18
14,2025-10-02,2025-10-01,WAVES,0.044951237896235424
14,2025-10-02,2025-10-01,MASK,1.1564823173176084e-18
14,2025-10-02,2025-10-01,ATH,0.0008924216787479289
14,2025-10-02,2025-10-01,TOKAMAK,0.020548929902330638
14,2025-10-02,2025-10-01,CARV,1.1564823173176084e-18
14,2025-10-02,2025-10-01,MEW,1.1564823173176084e-18
14,2025-10-02,2025-10-01,MNT,0.00435056755103692
14,2025-10-02,2025-10-01,PYTH,1.1564823173176084e-18
14,2025-10-02,2025-10-01,SONIC,1.1564823173176084e-18
14,2025-10-02,2025-10-01,GAS,0.055390457982149824
14,2025-10-02,2025-10-01,AKT,1.1564823173176084e-18
14,2025-10-02,2025-10-01,BIGTIME,1.1564823173176084e-18
14,2025-10-02,2025-10-01,DRIFT,1.1564823173176084e-18
14,2025-10-03,2025-10-01,XRP,0.14320678568251935
14,2025-10-03,2025-10-01,BTC,0.25
14,2025-10-03,2025-10-01,ETH,1.1564823173176084e-18
14,2025-10-03,2025-10-01,SOL,1.1564823173176084e-18
14,2025-10-03,2025-10-01,DOGE,1.1564823173176084e-18
14,2025-10-03,2025-10-01,AERGO,0.03821217767459132
14,2025-10-03,2025-10-01,ADA,1.1564823173176084e-18
14,2025-10-03,2025-10-01,AUCTION,1.1564823173176084e-18
14,2025-10-03,2025-10-01,ONDO,1.1564823173176084e-18
14,2025-10-03,2025-10-01,SUI,1.1564823173176084e-18
14,2025-10-03,2025-10-01,VIRTUAL,1.1564823173176084e-18
14,2025-10-03,2025-10-01,ARDR,0.09419605416772588
14,2025-10-03,2025-10-01,MOVE,1.1564823173176084e-18
14,2025-10-03,2025-10-01,AWE,0.009907865426077547
14,2025-10-03,2025-10-01,XLM,1.1564823173176084e-18
14,2025-10-03,2025-10-01,AXS,1.1564823173176084e-18
14,2025-10-03,2025-10-01,SNT,0.1480703482834617
14,2025-10-03,2025-10-01,QTUM,1.1564823173176084e-18
14,2025-10-03,2025-10-01,ANIME,1.1564823173176084e-18
14,2025-10-03,2025-10-01,PUNDIX,0.00630257661348342
14,2025-10-03,2025-10-01,ARK,1.1564823173176084e-18
14,2025-10-03,2025-10-01,ENS,1.1564823173176084e-18
14,2025-10-03,2025-10-01,LINK,1.1564823173176084e-18
14,2025-10-03,2025-10-01,CRO,1.1564823173176084e-18
14,2025-10-03,2025-10-01,HBAR,1.1564823173176084e-18
14,2025-10-03,2025-10-01,VANA,1.1564823173176084e-18
14,2025-10-03,2025-10-01,SEI,1.1564823173176084e-18
14,2025-10-03,2025-10-01,STRAX,0.11809539205819164
14,2025-10-03,2025-10-01,KNC,1.1564823173176084e-18
14,2025-10-03,2025-10-01,ME,1.1564823173176084e-18
14,2025-10-03,2025-10-01,SHIB,1.1564823173176084e-18
14,2025-10-03,2025-10-01,CBK,1.1564823173176084e-18
14,2025-10-03,2025-10-01,AQT,0.06587518508344843
14,2025-10-03,2025-10-01,SAFE,1.1564823173176084e-18
14,2025-10-03,2025-10-01,GLM,1.1564823173176084e-18
14,2025-10-03,2025-10-01,PEPE,1.1564823173176084e-18
14,2025-10-03,2025-10-01,BONK,1.1564823173176084e-18
14,2025-10-03,2025-10-01,WAVES,0.044951237896235424
14,2025-10-03,2025-10-01,MASK,1.1564823173176084e-18
14,2025-10-03,2025-10-01,ATH,0.0008924216787479289
14,2025-10-03,2025-10-01,TOKAMAK,0.020548929902330638
14,2025-10-03,2025-10-01,CARV,1.1564823173176084e-18
14,2025-10-03,2025-10-01,MEW,1.1564823173176084e-18
14,2025-10-03,2025-10-01,MNT,0.00435056755103692
14,2025-10-03,2025-10-01,PYTH,1.1564823173176084e-18
14,2025-10-03,2025-10-01,SONIC,1.1564823173176084e-18
14,2025-10-03,2025-10-01,GAS,0.055390457982149824
14,2025-10-03,2025-10-01,AKT,1.1564823173176084e-18
14,2025-10-03,2025-10-01,BIGTIME,1.1564823173176084e-18
14,2025-10-03,2025-10-01,DRIFT,1.1564823173176084e-18
14,2025-10-04,2025-10-01,XRP,0.14320678568251935
14,2025-10-04,2025-10-01,BTC,0.25
14,2025-10-04,2025-10-01,ETH,1.1564823173176084e-18
14,2025-10-04,2025-10-01,SOL,1.1564823173176084e-18
14,2025-10-04,2025-10-01,DOGE,1.1564823173176084e-18
14,2025-10-04,2025-10-01,AERGO,0.03821217767459132
14,2025-10-04,2025-10-01,ADA,1.1564823173176084e-18
14,2025-10-04,2025-10-01,AUCTION,1.1564823173176084e-18
14,2025-10-04,2025-10-01,ONDO,1.1564823173176084e-18
14,2025-10-04,2025-10-01,SUI,1.1564823173176084e-18
14,2025-10-04,2025-10-01,VIRTUAL,1.1564823173176084e-18
14,2025-10-04,2025-10-01,ARDR,0.09419605416772588
14,2025-10-04,2025-10-01,MOVE,1.1564823173176084e-18
14,2025-10-04,2025-10-01,AWE,0.009907865426077547
14,2025-10-04,2025-10-01,XLM,1.1564823173176084e-18
14,2025-10-04,2025-10-01,AXS,1.1564823173176084e-18
14,2025-10-04,2025-10-01,SNT,0.1480703482834617
14,2025-10-04,2025-10-01,QTUM,1.1564823173176084e-18
14,2025-10-04,2025-10-01,ANIME,1.1564823173176084e-18
14,2025-10-04,2025-10-01,PUNDIX,0.00630257661348342
14,2025-10-04,2025-10-01,ARK,1.1564823173176084e-18
14,2025-10-04,2025-10-01,ENS,1.1564823173176084e-18
14,2025-10-04,2025-10-01,LINK,1.1564823173176084e-18
14,2025-10-04,2025-10-01,CRO,1.1564823173176084e-18
14,2025-10-04,2025-10-01,HBAR,1.1564823173176084e-18
14,2025-10-04,2025-10-01,VANA,1.1564823173176084e-18
14,2025-10-04,2025-10-01,SEI,1.1564823173176084e-18
14,2025-10-04,2025-10-01,STRAX,0.11809539205819164
14,2025-10-04,2025-10-01,KNC,1.1564823173176084e-18
14,2025-10-04,2025-10-01,ME,1.1564823173176084e-18
14,2025-10-04,2025-10-01,SHIB,1.1564823173176084e-18
14,2025-10-04,2025-10-01,CBK,1.1564823173176084e-18
14,2025-10-04,2025-10-01,AQT,0.06587518508344843
14,2025-10-04,2025-10-01,SAFE,1.1564823173176084e-18
14,2025-10-04,2025-10-01,GLM,1.1564823173176084e-18
14,2025-10-04,2025-10-01,PEPE,1.1564823173176084e-18
14,2025-10-04,2025-10-01,BONK,1.1564823173176084e-18
14,2025-10-04,2025-10-01,WAVES,0.044951237896235424
14,2025-10-04,2025-10-01,MASK,1.1564823173176084e-18
14,2025-10-04,2025-10-01,ATH,0.0008924216787479289
14,2025-10-04,2025-10-01,TOKAMAK,0.020548929902330638
14,2025-10-04,2025-10-01,CARV,1.1564823173176084e-18
14,2025-10-04,2025-10-01,MEW,1.1564823173176084e-18
14,2025-10-04,2025-10-01,MNT,0.00435056755103692
14,2025-10-04,2025-10-01,PYTH,1.1564823173176084e-18
14,2025-10-04,2025-10-01,SONIC,1.1564823173176084e-18
14,2025-10-04,2025-10-01,GAS,0.055390457982149824
14,2025-10-04,2025-10-01,AKT,1.1564823173176084e-18
14,2025-10-04,2025-10-01,BIGTIME,1.1564823173176084e-18
14,2025-10-04,2025-10-01,DRIFT,1.1564823173176084e-18
14,2025-10-05,2025-10-01,XRP,0.14320678568251935
14,2025-10-05,2025-10-01,BTC,0.25
14,2025-10-05,2025-10-01,ETH,1.1564823173176084e-18
14,2025-10-05,2025-10-01,SOL,1.1564823173176084e-18
14,2025-10-05,2025-10-01,DOGE,1.1564823173176084e-18
14,2025-10-05,2025-10-01,AERGO,0.03821217767459132
14,2025-10-05,2025-10-01,ADA,1.1564823173176084e-18
14,2025-10-05,2025-10-01,AUCTION,1.1564823173176084e-18
14,2025-10-05,2025-10-01,ONDO,1.1564823173176084e-18
14,2025-10-05,2025-10-01,SUI,1.1564823173176084e-18
14,2025-10-05,2025-10-01,VIRTUAL,1.1564823173176084e-18
14,2025-10-05,2025-10-01,ARDR,0.09419605416772588
14,2025-10-05,2025-10-01,MOVE,1.1564823173176084e-18
14,2025-10-05,2025-10-01,AWE,0.009907865426077547
14,2025-10-05,2025-10-01,XLM,1.1564823173176084e-18
14,2025-10-05,2025-10-01,AXS,1.1564823173176084e-18
14,2025-10-05,2025-10-01,SNT,0.1480703482834617
14,2025-10-05,2025-10-01,QTUM,1.1564823173176084e-18
14,2025-10-05,2025-10-01,ANIME,1.1564823173176084e-18
14,2025-10-05,2025-10-01,PUNDIX,0.00630257661348342
14,2025-10-05,2025-10-01,ARK,1.1564823173176084e-18
14,2025-10-05,2025-10-01,ENS,1.1564823173176084e-18
14,2025-10-05,2025-10-01,LINK,1.1564823173176084e-18
14,2025-10-05,2025-10-01,CRO,1.1564823173176084e-18
14,2025-10-05,2025-10-01,HBAR,1.1564823173176084e-18
14,2025-10-05,2025-10-01,VANA,1.1564823173176084e-18
14,2025-10-05,2025-10-01,SEI,1.1564823173176084e-18
14,2025-10-05,2025-10-01,STRAX,0.11809539205819164
14,2025-10-05,2025-10-01,KNC,1.1564823173176084e-18
14,2025-10-05,2025-10-01,ME,1.1564823173176084e-18
14,2025-10-05,2025-10-01,SHIB,1.1564823173176084e-18
14,2025-10-05,2025-10-01,CBK,1.1564823173176084e-18
14,2025-10-05,2025-10-01,AQT,0.06587518508344843
14,2025-10-05,2025-10-01,SAFE,1.1564823173176084e-18
14,2025-10-05,2025-10-01,GLM,1.1564823173176084e-18
14,2025-10-05,2025-10-01,PEPE,1.1564823173176084e-18
14,2025-10-05,2025-10-01,BONK,1.1564823173176084e-18
14,2025-10-05,2025-10-01,WAVES,0.044951237896235424
14,2025-10-05,2025-10-01,MASK,1.1564823173176084e-18
14,2025-10-05,2025-10-01,ATH,0.0008924216787479289
14,2025-10-05,2025-10-01,TOKAMAK,0.020548929902330638
14,2025-10-05,2025-10-01,CARV,1.1564823173176084e-18
14,2025-10-05,2025-10-01,MEW,1.1564823173176084e-18
14,2025-10-05,2025-10-01,MNT,0.00435056755103692
14,2025-10-05,2025-10-01,PYTH,1.1564823173176084e-18
14,2025-10-05,2025-10-01,SONIC,1.1564823173176084e-18
14,2025-10-05,2025-10-01,GAS,0.055390457982149824
14,2025-10-05,2025-10-01,AKT,1.1564823173176084e-18
14,2025-10-05,2025-10-01,BIGTIME,1.1564823173176084e-18
14,2025-10-05,2025-10-01,DRIFT,1.1564823173176084e-18
14,2025-10-06,2025-10-01,XRP,0.14320678568251935
14,2025-10-06,2025-10-01,BTC,0.25
14,2025-10-06,2025-10-01,ETH,1.1564823173176084e-18
14,2025-10-06,2025-10-01,SOL,1.1564823173176084e-18
14,2025-10-06,2025-10-01,DOGE,1.1564823173176084e-18
14,2025-10-06,2025-10-01,AERGO,0.03821217767459132
14,2025-10-06,2025-10-01,ADA,1.1564823173176084e-18
14,2025-10-06,2025-10-01,AUCTION,1.1564823173176084e-18
14,2025-10-06,2025-10-01,ONDO,1.1564823173176084e-18
14,2025-10-06,2025-10-01,SUI,1.1564823173176084e-18
14,2025-10-06,2025-10-01,VIRTUAL,1.1564823173176084e-18
14,2025-10-06,2025-10-01,ARDR,0.09419605416772588
14,2025-10-06,2025-10-01,MOVE,1.1564823173176084e-18
14,2025-10-06,2025-10-01,AWE,0.009907865426077547
14,2025-10-06,2025-10-01,XLM,1.1564823173176084e-18
14,2025-10-06,2025-10-01,AXS,1.1564823173176084e-18
14,2025-10-06,2025-10-01,SNT,0.1480703482834617
14,2025-10-06,2025-10-01,QTUM,1.1564823173176084e-18
14,2025-10-06,2025-10-01,ANIME,1.1564823173176084e-18
14,2025-10-06,2025-10-01,PUNDIX,0.00630257661348342
14,2025-10-06,2025-10-01,ARK,1.1564823173176084e-18
14,2025-10-06,2025-10-01,ENS,1.1564823173176084e-18
14,2025-10-06,2025-10-01,LINK,1.1564823173176084e-18
14,2025-10-06,2025-10-01,CRO,1.1564823173176084e-18
14,2025-10-06,2025-10-01,HBAR,1.1564823173176084e-18
14,2025-10-06,2025-10-01,VANA,1.1564823173176084e-18
14,2025-10-06,2025-10-01,SEI,1.1564823173176084e-18
14,2025-10-06,2025-10-01,STRAX,0.11809539205819164
14,2025-10-06,2025-10-01,KNC,1.1564823173176084e-18
14,2025-10-06,2025-10-01,ME,1.1564823173176084e-18
14,2025-10-06,2025-10-01,SHIB,1.1564823173176084e-18
14,2025-10-06,2025-10-01,CBK,1.1564823173176084e-18
14,2025-10-06,2025-10-01,AQT,0.06587518508344843
14,2025-10-06,2025-10-01,SAFE,1.1564823173176084e-18
14,2025-10-06,2025-10-01,GLM,1.1564823173176084e-18
14,2025-10-06,2025-10-01,PEPE,1.1564823173176084e-18
14,2025-10-06,2025-10-01,BONK,1.1564823173176084e-18
14,2025-10-06,2025-10-01,WAVES,0.044951237896235424
14,2025-10-06,2025-10-01,MASK,1.1564823173176084e-18
14,2025-10-06,2025-10-01,ATH,0.0008924216787479289
14,2025-10-06,2025-10-01,TOKAMAK,0.020548929902330638
14,2025-10-06,2025-10-01,CARV,1.1564823173176084e-18
14,2025-10-06,2025-10-01,MEW,1.1564823173176084e-18
14,2025-10-06,2025-10-01,MNT,0.00435056755103692
14,2025-10-06,2025-10-01,PYTH,1.1564823173176084e-18
14,2025-10-06,2025-10-01,SONIC,1.1564823173176084e-18
14,2025-10-06,2025-10-01,GAS,0.055390457982149824
14,2025-10-06,2025-10-01,AKT,1.1564823173176084e-18
14,2025-10-06,2025-10-01,BIGTIME,1.1564823173176084e-18
14,2025-10-06,2025-10-01,DRIFT,1.1564823173176084e-18
14,2025-10-07,2025-10-01,XRP,0.14320678568251935
14,2025-10-07,2025-10-01,BTC,0.25
14,2025-10-07,2025-10-01,ETH,1.1564823173176084e-18
14,2025-10-07,2025-10-01,SOL,1.1564823173176084e-18
14,2025-10-07,2025-10-01,DOGE,1.1564823173176084e-18
14,2025-10-07,2025-10-01,AERGO,0.03821217767459132
14,2025-10-07,2025-10-01,ADA,1.1564823173176084e-18
14,2025-10-07,2025-10-01,AUCTION,1.1564823173176084e-18
14,2025-10-07,2025-10-01,ONDO,1.1564823173176084e-18
14,2025-10-07,2025-10-01,SUI,1.1564823173176084e-18
14,2025-10-07,2025-10-01,VIRTUAL,1.1564823173176084e-18
14,2025-10-07,2025-10-01,ARDR,0.09419605416772588
14,2025-10-07,2025-10-01,MOVE,1.1564823173176084e-18
14,2025-10-07,2025-10-01,AWE,0.009907865426077547
14,2025-10-07,2025-10-01,XLM,1.1564823173176084e-18
14,2025-10-07,2025-10-01,AXS,1.1564823173176084e-18
14,2025-10-07,2025-10-01,SNT,0.1480703482834617
14,2025-10-07,2025-10-01,QTUM,1.1564823173176084e-18
14,2025-10-07,2025-10-01,ANIME,1.1564823173176084e-18
14,2025-10-07,2025-10-01,PUNDIX,0.00630257661348342
14,2025-10-07,2025-10-01,ARK,1.1564823173176084e-18
14,2025-10-07,2025-10-01,ENS,1.1564823173176084e-18
14,2025-10-07,2025-10-01,LINK,1.1564823173176084e-18
14,2025-10-07,2025-10-01,CRO,1.1564823173176084e-18
14,2025-10-07,2025-10-01,HBAR,1.1564823173176084e-18
14,2025-10-07,2025-10-01,VANA,1.1564823173176084e-18
14,2025-10-07,2025-10-01,SEI,1.1564823173176084e-18
14,2025-10-07,2025-10-01,STRAX,0.11809539205819164
14,2025-10-07,2025-10-01,KNC,1.1564823173176084e-18
14,2025-10-07,2025-10-01,ME,1.1564823173176084e-18
14,2025-10-07,2025-10-01,SHIB,1.1564823173176084e-18
14,2025-10-07,2025-10-01,CBK,1.1564823173176084e-18
14,2025-10-07,2025-10-01,AQT,0.06587518508344843
14,2025-10-07,2025-10-01,SAFE,1.1564823173176084e-18
14,2025-10-07,2025-10-01,GLM,1.1564823173176084e-18
14,2025-10-07,2025-10-01,PEPE,1.1564823173176084e-18
14,2025-10-07,2025-10-01,BONK,1.1564823173176084e-18
14,2025-10-07,2025-10-01,WAVES,0.044951237896235424
14,2025-10-07,2025-10-01,MASK,1.1564823173176084e-18
14,2025-10-07,2025-10-01,ATH,0.0008924216787479289
14,2025-10-07,2025-10-01,TOKAMAK,0.020548929902330638
14,2025-10-07,2025-10-01,CARV,1.1564823173176084e-18
14,2025-10-07,2025-10-01,MEW,1.1564823173176084e-18
14,2025-10-07,2025-10-01,MNT,0.00435056755103692
14,2025-10-07,2025-10-01,PYTH,1.1564823173176084e-18
14,2025-10-07,2025-10-01,SONIC,1.1564823173176084e-18
14,2025-10-07,2025-10-01,GAS,0.055390457982149824
14,2025-10-07,2025-10-01,AKT,1.1564823173176084e-18
14,2025-10-07,2025-10-01,BIGTIME,1.1564823173176084e-18
14,2025-10-07,2025-10-01,DRIFT,1.1564823173176084e-18
14,2025-10-08,2025-10-01,XRP,0.14320678568251935
14,2025-10-08,2025-10-01,BTC,0.25
14,2025-10-08,2025-10-01,ETH,1.1564823173176084e-18
14,2025-10-08,2025-10-01,SOL,1.1564823173176084e-18
14,2025-10-08,2025-10-01,DOGE,1.1564823173176084e-18
14,2025-10-08,2025-10-01,AERGO,0.03821217767459132
14,2025-10-08,2025-10-01,ADA,1.1564823173176084e-18
14,2025-10-08,2025-10-01,AUCTION,1.1564823173176084e-18
14,2025-10-08,2025-10-01,ONDO,1.1564823173176084e-18
14,2025-10-08,2025-10-01,SUI,1.1564823173176084e-18
14,2025-10-08,2025-10-01,VIRTUAL,1.1564823173176084e-18
14,2025-10-08,2025-10-01,ARDR,0.09419605416772588
14,2025-10-08,2025-10-01,MOVE,1.1564823173176084e-18
14,2025-10-08,2025-10-01,AWE,0.009907865426077547
14,2025-10-08,2025-10-01,XLM,1.1564823173176084e-18
14,2025-10-08,2025-10-01,AXS,1.1564823173176084e-18
14,2025-10-08,2025-10-01,SNT,0.1480703482834617
14,2025-10-08,2025-10-01,QTUM,1.1564823173176084e-18
14,2025-10-08,2025-10-01,ANIME,1.1564823173176084e-18
14,2025-10-08,2025-10-01,PUNDIX,0.00630257661348342
14,2025-10-08,2025-10-01,ARK,1.1564823173176084e-18
14,2025-10-08,2025-10-01,ENS,1.1564823173176084e-18
14,2025-10-08,2025-10-01,LINK,1.1564823173176084e-18
14,2025-10-08,2025-10-01,CRO,1.1564823173176084e-18
14,2025-10-08,2025-10-01,HBAR,1.1564823173176084e-18
14,2025-10-08,2025-10-01,VANA,1.1564823173176084e-18
14,2025-10-08,2025-10-01,SEI,1.1564823173176084e-18
14,2025-10-08,2025-10-01,STRAX,0.11809539205819164
14,2025-10-08,2025-10-01,KNC,1.1564823173176084e-18
14,2025-10-08,2025-10-01,ME,1.1564823173176084e-18
14,2025-10-08,2025-10-01,SHIB,1.1564823173176084e-18
14,2025-10-08,2025-10-01,CBK,1.1564823173176084e-18
14,2025-10-08,2025-10-01,AQT,0.06587518508344843
14,2025-10-08,2025-10-01,SAFE,1.1564823173176084e-18
14,2025-10-08,2025-10-01,GLM,1.1564823173176084e-18
14,2025-10-08,2025-10-01,PEPE,1.1564823173176084e-18
14,2025-10-08,2025-10-01,BONK,1.1564823173176084e-18
14,2025-10-08,2025-10-01,WAVES,0.044951237896235424
14,2025-10-08,2025-10-01,MASK,1.1564823173176084e-18
14,2025-10-08,2025-10-01,ATH,0.0008924216787479289
14,2025-10-08,2025-10-01,TOKAMAK,0.020548929902330638
14,2025-10-08,2025-10-01,CARV,1.1564823173176084e-18
14,2025-10-08,2025-10-01,MEW,1.1564823173176084e-18
14,2025-10-08,2025-10-01,MNT,0.00435056755103692
14,2025-10-08,2025-10-01,PYTH,1.1564823173176084e-18
14,2025-10-08,2025-10-01,SONIC,1.1564823173176084e-18
14,2025-10-08,2025-10-01,GAS,0.055390457982149824
14,2025-10-08,2025-10-01,AKT,1.1564823173176084e-18
14,2025-10-08,2025-10-01,BIGTIME,1.1564823173176084e-18
14,2025-10-08,2025-10-01,DRIFT,1.1564823173176084e-18
14,2025-10-09,2025-10-01,XRP,0.14320678568251935
14,2025-10-09,2025-10-01,BTC,0.25
14,2025-10-09,2025-10-01,ETH,1.1564823173176084e-18
14,2025-10-09,2025-10-01,SOL,1.1564823173176084e-18
14,2025-10-09,2025-10-01,DOGE,1.1564823173176084e-18
14,2025-10-09,2025-10-01,AERGO,0.03821217767459132
14,2025-10-09,2025-10-01,ADA,1.1564823173176084e-18
14,2025-10-09,2025-10-01,AUCTION,1.1564823173176084e-18
14,2025-10-09,2025-10-01,ONDO,1.1564823173176084e-18
14,2025-10-09,2025-10-01,SUI,1.1564823173176084e-18
14,2025-10-09,2025-10-01,VIRTUAL,1.1564823173176084e-18
14,2025-10-09,2025-10-01,ARDR,0.09419605416772588
14,2025-10-09,2025-10-01,MOVE,1.1564823173176084e-18
14,2025-10-09,2025-10-01,AWE,0.009907865426077547
14,2025-10-09,2025-10-01,XLM,1.1564823173176084e-18
14,2025-10-09,2025-10-01,AXS,1.1564823173176084e-18
14,2025-10-09,2025-10-01,SNT,0.1480703482834617
14,2025-10-09,2025-10-01,QTUM,1.1564823173176084e-18
14,2025-10-09,2025-10-01,ANIME,1.1564823173176084e-18
14,2025-10-09,2025-10-01,PUNDIX,0.00630257661348342
14,2025-10-09,2025-10-01,ARK,1.1564823173176084e-18
14,2025-10-09,2025-10-01,ENS,1.1564823173176084e-18
14,2025-10-09,2025-10-01,LINK,1.1564823173176084e-18
14,2025-10-09,2025-10-01,CRO,1.1564823173176084e-18
14,2025-10-09,2025-10-01,HBAR,1.1564823173176084e-18
14,2025-10-09,2025-10-01,VANA,1.1564823173176084e-18
14,2025-10-09,2025-10-01,SEI,1.1564823173176084e-18
14,2025-10-09,2025-10-01,STRAX,0.11809539205819164
14,2025-10-09,2025-10-01,KNC,1.1564823173176084e-18
14,2025-10-09,2025-10-01,ME,1.1564823173176084e-18
14,2025-10-09,2025-10-01,SHIB,1.1564823173176084e-18
14,2025-10-09,2025-10-01,CBK,1.1564823173176084e-18
14,2025-10-09,2025-10-01,AQT,0.06587518508344843
14,2025-10-09,2025-10-01,SAFE,1.1564823173176084e-18
14,2025-10-09,2025-10-01,GLM,1.1564823173176084e-18
14,2025-10-09,2025-10-01,PEPE,1.1564823173176084e-18
14,2025-10-09,2025-10-01,BONK,1.1564823173176084e-18
14,2025-10-09,2025-10-01,WAVES,0.044951237896235424
14,2025-10-09,2025-10-01,MASK,1.1564823173176084e-18
14,2025-10-09,2025-10-01,ATH,0.0008924216787479289
14,2025-10-09,2025-10-01,TOKAMAK,0.020548929902330638
14,2025-10-09,2025-10-01,CARV,1.1564823173176084e-18
14,2025-10-09,2025-10-01,MEW,1.1564823173176084e-18
14,2025-10-09,2025-10-01,MNT,0.00435056755103692
14,2025-10-09,2025-10-01,PYTH,1.1564823173176084e-18
14,2025-10-09,2025-10-01,SONIC,1.1564823173176084e-18
14,2025-10-09,2025-10-01,GAS,0.055390457982149824
14,2025-10-09,2025-10-01,AKT,1.1564823173176084e-18
14,2025-10-09,2025-10-01,BIGTIME,1.1564823173176084e-18
14,2025-10-09,2025-10-01,DRIFT,1.1564823173176084e-18
14,2025-10-10,2025-10-01,XRP,0.14320678568251935
14,2025-10-10,2025-10-01,BTC,0.25
14,2025-10-10,2025-10-01,ETH,1.1564823173176084e-18
14,2025-10-10,2025-10-01,SOL,1.1564823173176084e-18
14,2025-10-10,2025-10-01,DOGE,1.1564823173176084e-18
14,2025-10-10,2025-10-01,AERGO,0.03821217767459132
14,2025-10-10,2025-10-01,ADA,1.1564823173176084e-18
14,2025-10-10,2025-10-01,AUCTION,1.1564823173176084e-18
14,2025-10-10,2025-10-01,ONDO,1.1564823173176084e-18
14,2025-10-10,2025-10-01,SUI,1.1564823173176084e-18
14,2025-10-10,2025-10-01,VIRTUAL,1.1564823173176084e-18
14,2025-10-10,2025-10-01,ARDR,0.09419605416772588
14,2025-10-10,2025-10-01,MOVE,1.1564823173176084e-18
14,2025-10-10,2025-10-01,AWE,0.009907865426077547
14,2025-10-10,2025-10-01,XLM,1.1564823173176084e-18
14,2025-10-10,2025-10-01,AXS,1.1564823173176084e-18
14,2025-10-10,2025-10-01,SNT,0.1480703482834617
14,2025-10-10,2025-10-01,QTUM,1.1564823173176084e-18
14,2025-10-10,2025-10-01,ANIME,1.1564823173176084e-18
14,2025-10-10,2025-10-01,PUNDIX,0.00630257661348342
14,2025-10-10,2025-10-01,ARK,1.1564823173176084e-18
14,2025-10-10,2025-10-01,ENS,1.1564823173176084e-18
14,2025-10-10,2025-10-01,LINK,1.1564823173176084e-18
14,2025-10-10,2025-10-01,CRO,1.1564823173176084e-18
14,2025-10-10,2025-10-01,HBAR,1.1564823173176084e-18
14,2025-10-10,2025-10-01,VANA,1.1564823173176084e-18
14,2025-10-10,2025-10-01,SEI,1.1564823173176084e-18
14,2025-10-10,2025-10-01,STRAX,0.11809539205819164
14,2025-10-10,2025-10-01,KNC,1.1564823173176084e-18
14,2025-10-10,2025-10-01,ME,1.1564823173176084e-18
14,2025-10-10,2025-10-01,SHIB,1.1564823173176084e-18
14,2025-10-10,2025-10-01,CBK,1.1564823173176084e-18
14,2025-10-10,2025-10-01,AQT,0.06587518508344843
14,2025-10-10,2025-10-01,SAFE,1.1564823173176084e-18
14,2025-10-10,2025-10-01,GLM,1.1564823173176084e-18
14,2025-10-10,2025-10-01,PEPE,1.1564823173176084e-18
14,2025-10-10,2025-10-01,BONK,1.1564823173176084e-18
14,2025-10-10,2025-10-01,WAVES,0.044951237896235424
14,2025-10-10,2025-10-01,MASK,1.1564823173176084e-18
14,2025-10-10,2025-10-01,ATH,0.0008924216787479289
14,2025-10-10,2025-10-01,TOKAMAK,0.020548929902330638
14,2025-10-10,2025-10-01,CARV,1.1564823173176084e-18
14,2025-10-10,2025-10-01,MEW,1.1564823173176084e-18
14,2025-10-10,2025-10-01,MNT,0.00435056755103692
14,2025-10-10,2025-10-01,PYTH,1.1564823173176084e-18
14,2025-10-10,2025-10-01,SONIC,1.1564823173176084e-18
14,2025-10-10,2025-10-01,GAS,0.055390457982149824
14,2025-10-10,2025-10-01,AKT,1.1564823173176084e-18
14,2025-10-10,2025-10-01,BIGTIME,1.1564823173176084e-18
14,2025-10-10,2025-10-01,DRIFT,1.1564823173176084e-18
14,2025-10-11,2025-10-01,XRP,0.14320678568251935
14,2025-10-11,2025-10-01,BTC,0.25
14,2025-10-11,2025-10-01,ETH,1.1564823173176084e-18
14,2025-10-11,2025-10-01,SOL,1.1564823173176084e-18
14,2025-10-11,2025-10-01,DOGE,1.1564823173176084e-18
14,2025-10-11,2025-10-01,AERGO,0.03821217767459132
14,2025-10-11,2025-10-01,ADA,1.1564823173176084e-18
14,2025-10-11,2025-10-01,AUCTION,1.1564823173176084e-18
14,2025-10-11,2025-10-01,ONDO,1.1564823173176084e-18
14,2025-10-11,2025-10-01,SUI,1.1564823173176084e-18
14,2025-10-11,2025-10-01,VIRTUAL,1.1564823173176084e-18
14,2025-10-11,2025-10-01,ARDR,0.09419605416772588
14,2025-10-11,2025-10-01,MOVE,1.1564823173176084e-18
14,2025-10-11,2025-10-01,AWE,0.009907865426077547
14,2025-10-11,2025-10-01,XLM,1.1564823173176084e-18
14,2025-10-11,2025-10-01,AXS,1.1564823173176084e-18
14,2025-10-11,2025-10-01,SNT,0.1480703482834617
14,2025-10-11,2025-10-01,QTUM,1.1564823173176084e-18
14,2025-10-11,2025-10-01,ANIME,1.1564823173176084e-18
14,2025-10-11,2025-10-01,PUNDIX,0.00630257661348342
14,2025-10-11,2025-10-01,ARK,1.1564823173176084e-18
14,2025-10-11,2025-10-01,ENS,1.1564823173176084e-18
14,2025-10-11,2025-10-01,LINK,1.1564823173176084e-18
14,2025-10-11,2025-10-01,CRO,1.1564823173176084e-18
14,2025-10-11,2025-10-01,HBAR,1.1564823173176084e-18
14,2025-10-11,2025-10-01,VANA,1.1564823173176084e-18
14,2025-10-11,2025-10-01,SEI,1.1564823173176084e-18
14,2025-10-11,2025-10-01,STRAX,0.11809539205819164
14,2025-10-11,2025-10-01,KNC,1.1564823173176084e-18
14,2025-10-11,2025-10-01,ME,1.1564823173176084e-18
14,2025-10-11,2025-10-01,SHIB,1.1564823173176084e-18
14,2025-10-11,2025-10-01,CBK,1.1564823173176084e-18
14,2025-10-11,2025-10-01,AQT,0.06587518508344843
14,2025-10-11,2025-10-01,SAFE,1.1564823173176084e-18
14,2025-10-11,2025-10-01,GLM,1.1564823173176084e-18
14,2025-10-11,2025-10-01,PEPE,1.1564823173176084e-18
14,2025-10-11,2025-10-01,BONK,1.1564823173176084e-18
14,2025-10-11,2025-10-01,WAVES,0.044951237896235424
14,2025-10-11,2025-10-01,MASK,1.1564823173176084e-18
14,2025-10-11,2025-10-01,ATH,0.0008924216787479289
14,2025-10-11,2025-10-01,TOKAMAK,0.020548929902330638
14,2025-10-11,2025-10-01,CARV,1.1564823173176084e-18
14,2025-10-11,2025-10-01,MEW,1.1564823173176084e-18
14,2025-10-11,2025-10-01,MNT,0.00435056755103692
14,2025-10-11,2025-10-01,PYTH,1.1564823173176084e-18
14,2025-10-11,2025-10-01,SONIC,1.1564823173176084e-18
14,2025-10-11,2025-10-01,GAS,0.055390457982149824
14,2025-10-11,2025-10-01,AKT,1.1564823173176084e-18
14,2025-10-11,2025-10-01,BIGTIME,1.1564823173176084e-18
14,2025-10-11,2025-10-01,DRIFT,1.1564823173176084e-18
14,2025-10-12,2025-10-01,XRP,0.14320678568251935
14,2025-10-12,2025-10-01,BTC,0.25
14,2025-10-12,2025-10-01,ETH,1.1564823173176084e-18
14,2025-10-12,2025-10-01,SOL,1.1564823173176084e-18
14,2025-10-12,2025-10-01,DOGE,1.1564823173176084e-18
14,2025-10-12,2025-10-01,AERGO,0.03821217767459132
14,2025-10-12,2025-10-01,ADA,1.1564823173176084e-18
14,2025-10-12,2025-10-01,AUCTION,1.1564823173176084e-18
14,2025-10-12,2025-10-01,ONDO,1.1564823173176084e-18
14,2025-10-12,2025-10-01,SUI,1.1564823173176084e-18
14,2025-10-12,2025-10-01,VIRTUAL,1.1564823173176084e-18
14,2025-10-12,2025-10-01,ARDR,0.09419605416772588
14,2025-10-12,2025-10-01,MOVE,1.1564823173176084e-18
14,2025-10-12,2025-10-01,AWE,0.009907865426077547
14,2025-10-12,2025-10-01,XLM,1.1564823173176084e-18
14,2025-10-12,2025-10-01,AXS,1.1564823173176084e-18
14,2025-10-12,2025-10-01,SNT,0.1480703482834617
14,2025-10-12,2025-10-01,QTUM,1.1564823173176084e-18
14,2025-10-12,2025-10-01,ANIME,1.1564823173176084e-18
14,2025-10-12,2025-10-01,PUNDIX,0.00630257661348342
14,2025-10-12,2025-10-01,ARK,1.1564823173176084e-18
14,2025-10-12,2025-10-01,ENS,1.1564823173176084e-18
14,2025-10-12,2025-10-01,LINK,1.1564823173176084e-18
14,2025-10-12,2025-10-01,CRO,1.1564823173176084e-18
14,2025-10-12,2025-10-01,HBAR,1.1564823173176084e-18
14,2025-10-12,2025-10-01,VANA,1.1564823173176084e-18
14,2025-10-12,2025-10-01,SEI,1.1564823173176084e-18
14,2025-10-12,2025-10-01,STRAX,0.11809539205819164
14,2025-10-12,2025-10-01,KNC,1.1564823173176084e-18
14,2025-10-12,2025-10-01,ME,1.1564823173176084e-18
14,2025-10-12,2025-10-01,SHIB,1.1564823173176084e-18
14,2025-10-12,2025-10-01,CBK,1.1564823173176084e-18
14,2025-10-12,2025-10-01,AQT,0.06587518508344843
14,2025-10-12,2025-10-01,SAFE,1.1564823173176084e-18
14,2025-10-12,2025-10-01,GLM,1.1564823173176084e-18
14,2025-10-12,2025-10-01,PEPE,1.1564823173176084e-18
14,2025-10-12,2025-10-01,BONK,1.1564823173176084e-18
14,2025-10-12,2025-10-01,WAVES,0.044951237896235424
14,2025-10-12,2025-10-01,MASK,1.1564823173176084e-18
14,2025-10-12,2025-10-01,ATH,0.0008924216787479289
14,2025-10-12,2025-10-01,TOKAMAK,0.020548929902330638
14,2025-10-12,2025-10-01,CARV,1.1564823173176084e-18
14,2025-10-12,2025-10-01,MEW,1.1564823173176084e-18
14,2025-10-12,2025-10-01,MNT,0.00435056755103692
14,2025-10-12,2025-10-01,PYTH,1.1564823173176084e-18
14,2025-10-12,2025-10-01,SONIC,1.1564823173176084e-18
14,2025-10-12,2025-10-01,GAS,0.055390457982149824
14,2025-10-12,2025-10-01,AKT,1.1564823173176084e-18
14,2025-10-12,2025-10-01,BIGTIME,1.1564823173176084e-18
14,2025-10-12,2025-10-01,DRIFT,1.1564823173176084e-18
14,2025-10-13,2025-10-01,XRP,0.14320678568251935
14,2025-10-13,2025-10-01,BTC,0.25
14,2025-10-13,2025-10-01,ETH,1.1564823173176084e-18
14,2025-10-13,2025-10-01,SOL,1.1564823173176084e-18
14,2025-10-13,2025-10-01,DOGE,1.1564823173176084e-18
14,2025-10-13,2025-10-01,AERGO,0.03821217767459132
14,2025-10-13,2025-10-01,ADA,1.1564823173176084e-18
14,2025-10-13,2025-10-01,AUCTION,1.1564823173176084e-18
14,2025-10-13,2025-10-01,ONDO,1.1564823173176084e-18
14,2025-10-13,2025-10-01,SUI,1.1564823173176084e-18
14,2025-10-13,2025-10-01,VIRTUAL,1.1564823173176084e-18
14,2025-10-13,2025-10-01,ARDR,0.09419605416772588
14,2025-10-13,2025-10-01,MOVE,1.1564823173176084e-18
14,2025-10-13,2025-10-01,AWE,0.009907865426077547
14,2025-10-13,2025-10-01,XLM,1.1564823173176084e-18
14,2025-10-13,2025-10-01,AXS,1.1564823173176084e-18
14,2025-10-13,2025-10-01,SNT,0.1480703482834617
14,2025-10-13,2025-10-01,QTUM,1.1564823173176084e-18
14,2025-10-13,2025-10-01,ANIME,1.1564823173176084e-18
14,2025-10-13,2025-10-01,PUNDIX,0.00630257661348342
14,2025-10-13,2025-10-01,ARK,1.1564823173176084e-18
14,2025-10-13,2025-10-01,ENS,1.1564823173176084e-18
14,2025-10-13,2025-10-01,LINK,1.1564823173176084e-18
14,2025-10-13,2025-10-01,CRO,1.1564823173176084e-18
14,2025-10-13,2025-10-01,HBAR,1.1564823173176084e-18
14,2025-10-13,2025-10-01,VANA,1.1564823173176084e-18
14,2025-10-13,2025-10-01,SEI,1.1564823173176084e-18
14,2025-10-13,2025-10-01,STRAX,0.11809539205819164
14,2025-10-13,2025-10-01,KNC,1.1564823173176084e-18
14,2025-10-13,2025-10-01,ME,1.1564823173176084e-18
14,2025-10-13,2025-10-01,SHIB,1.1564823173176084e-18
14,2025-10-13,2025-10-01,CBK,1.1564823173176084e-18
14,2025-10-13,2025-10-01,AQT,0.06587518508344843
14,2025-10-13,2025-10-01,SAFE,1.1564823173176084e-18
14,2025-10-13,2025-10-01,GLM,1.1564823173176084e-18
14,2025-10-13,2025-10-01,PEPE,1.1564823173176084e-18
14,2025-10-13,2025-10-01,BONK,1.1564823173176084e-18
14,2025-10-13,2025-10-01,WAVES,0.044951237896235424
14,2025-10-13,2025-10-01,MASK,1.1564823173176084e-18
14,2025-10-13,2025-10-01,ATH,0.0008924216787479289
14,2025-10-13,2025-10-01,TOKAMAK,0.020548929902330638
14,2025-10-13,2025-10-01,CARV,1.1564823173176084e-18
14,2025-10-13,2025-10-01,MEW,1.1564823173176084e-18
14,2025-10-13,2025-10-01,MNT,0.00435056755103692
14,2025-10-13,2025-10-01,PYTH,1.1564823173176084e-18
14,2025-10-13,2025-10-01,SONIC,1.1564823173176084e-18
14,2025-10-13,2025-10-01,GAS,0.055390457982149824
14,2025-10-13,2025-10-01,AKT,1.1564823173176084e-18
14,2025-10-13,2025-10-01,BIGTIME,1.1564823173176084e-18
14,2025-10-13,2025-10-01,DRIFT,1.1564823173176084e-18
14,2025-10-14,2025-10-01,XRP,0.14320678568251935
14,2025-10-14,2025-10-01,BTC,0.25
14,2025-10-14,2025-10-01,ETH,1.1564823173176084e-18
14,2025-10-14,2025-10-01,SOL,1.1564823173176084e-18
14,2025-10-14,2025-10-01,DOGE,1.1564823173176084e-18
14,2025-10-14,2025-10-01,AERGO,0.03821217767459132
14,2025-10-14,2025-10-01,ADA,1.1564823173176084e-18
14,2025-10-14,2025-10-01,AUCTION,1.1564823173176084e-18
14,2025-10-14,2025-10-01,ONDO,1.1564823173176084e-18
14,2025-10-14,2025-10-01,SUI,1.1564823173176084e-18
14,2025-10-14,2025-10-01,VIRTUAL,1.1564823173176084e-18
14,2025-10-14,2025-10-01,ARDR,0.09419605416772588
14,2025-10-14,2025-10-01,MOVE,1.1564823173176084e-18
14,2025-10-14,2025-10-01,AWE,0.009907865426077547
14,2025-10-14,2025-10-01,XLM,1.1564823173176084e-18
14,2025-10-14,2025-10-01,AXS,1.1564823173176084e-18
14,2025-10-14,2025-10-01,SNT,0.1480703482834617
14,2025-10-14,2025-10-01,QTUM,1.1564823173176084e-18
14,2025-10-14,2025-10-01,ANIME,1.1564823173176084e-18
14,2025-10-14,2025-10-01,PUNDIX,0.00630257661348342
14,2025-10-14,2025-10-01,ARK,1.1564823173176084e-18
14,2025-10-14,2025-10-01,ENS,1.1564823173176084e-18
14,2025-10-14,2025-10-01,LINK,1.1564823173176084e-18
14,2025-10-14,2025-10-01,CRO,1.1564823173176084e-18
14,2025-10-14,2025-10-01,HBAR,1.1564823173176084e-18
14,2025-10-14,2025-10-01,VANA,1.1564823173176084e-18
14,2025-10-14,2025-10-01,SEI,1.1564823173176084e-18
14,2025-10-14,2025-10-01,STRAX,0.11809539205819164
14,2025-10-14,2025-10-01,KNC,1.1564823173176084e-18
14,2025-10-14,2025-10-01,ME,1.1564823173176084e-18
14,2025-10-14,2025-10-01,SHIB,1.1564823173176084e-18
14,2025-10-14,2025-10-01,CBK,1.1564823173176084e-18
14,2025-10-14,2025-10-01,AQT,0.06587518508344843
14,2025-10-14,2025-10-01,SAFE,1.1564823173176084e-18
14,2025-10-14,2025-10-01,GLM,1.1564823173176084e-18
14,2025-10-14,2025-10-01,PEPE,1.1564823173176084e-18
14,2025-10-14,2025-10-01,BONK,1.1564823173176084e-18
14,2025-10-14,2025-10-01,WAVES,0.044951237896235424
14,2025-10-14,2025-10-01,MASK,1.1564823173176084e-18
14,2025-10-14,2025-10-01,ATH,0.0008924216787479289
14,2025-10-14,2025-10-01,TOKAMAK,0.020548929902330638
14,2025-10-14,2025-10-01,CARV,1.1564823173176084e-18
14,2025-10-14,2025-10-01,MEW,1.1564823173176084e-18
14,2025-10-14,2025-10-01,MNT,0.00435056755103692
14,2025-10-14,2025-10-01,PYTH,1.1564823173176084e-18
14,2025-10-14,2025-10-01,SONIC,1.1564823173176084e-18
14,2025-10-14,2025-10-01,GAS,0.055390457982149824
14,2025-10-14,2025-10-01,AKT,1.1564823173176084e-18
14,2025-10-14,2025-10-01,BIGTIME,1.1564823173176084e-18
14,2025-10-14,2025-10-01,DRIFT,1.1564823173176084e-18
14,2025-11-01,2025-11-01,XRP,0.03863795882481627
14,2025-11-01,2025-11-01,BTC,0.25
14,2025-11-01,2025-11-01,ETH,0.03260630627977402
14,2025-11-01,2025-11-01,SOL,5.782411586588042e-19
14,2025-11-01,2025-11-01,DOGE,5.782411586588042e-19
14,2025-11-01,2025-11-01,AERGO,5.782411586588042e-19
14,2025-11-01,2025-11-01,ADA,5.782411586588042e-19
14,2025-11-01,2025-11-01,AUCTION,5.782411586588042e-19
14,2025-11-01,2025-11-01,ONDO,5.782411586588042e-19
14,2025-11-01,2025-11-01,SUI,5.782411586588042e-19
14,2025-11-01,2025-11-01,VIRTUAL,5.782411586588042e-19
14,2025-11-01,2025-11-01,ARDR,0.12130814791914861
14,2025-11-01,2025-11-01,MOVE,5.782411586588042e-19
14,2025-11-01,2025-11-01,AWE,5.782411586588042e-19
14,2025-11-01,2025-11-01,XLM,5.782411586588042e-19
14,2025-11-01,2025-11-01,AXS,5.782411586588042e-19
14,2025-11-01,2025-11-01,SNT,0.03228601696085861
14,2025-11-01,2025-11-01,QTUM,5.782411586588042e-19
14,2025-11-01,2025-11-01,ANIME,5.782411586588042e-19
14,2025-11-01,2025-11-01,PUNDIX,5.782411586588042e-19
14,2025-11-01,2025-11-01,ARK,5.782411586588042e-19
14,2025-11-01,2025-11-01,ENS,5.782411586588042e-19
14,2025-11-01,2025-11-01,LINK,5.782411586588042e-19
14,2025-11-01,2025-11-01,CRO,5.782411586588042e-19
14,2025-11-01,2025-11-01,HBAR,5.782411586588042e-19
14,2025-11-01,2025-11-01,VANA,5.782411586588042e-19
14,2025-11-01,2025-11-01,SEI,5.782411586588042e-19
14,2025-11-01,2025-11-01,STRAX,0.12995189530145196
14,2025-11-01,2025-11-01,KNC,5.782411586588042e-19
14,2025-11-01,2025-11-01,ME,5.782411586588042e-19
14,2025-11-01,2025-11-01,SHIB,5.782411586588042e-19
14,2025-11-01,2025-11-01,CBK,0.10809326369468318
14,2025-11-01,2025-11-01,AQT,0.11956654403310162
14,2025-11-01,2025-11-01,SAFE,5.782411586588042e-19
14,2025-11-01,2025-11-01,GLM,5.782411586588042e-19
14,2025-11-01,2025-11-01,PEPE,5.782411586588042e-19
14,2025-11-01,2025-11-01,BONK,5.782411586588042e-19
14,2025-11-01,2025-11-01,WAVES,0.03652594907693166
14,2025-11-01,2025-11-01,MASK,5.782411586588042e-19
14,2025-11-01,2025-11-01,ATH,5.782411586588042e-19
14,2025-11-01,2025-11-01,TOKAMAK,0.12642935465836855
14,2025-11-01,2025-11-01,CARV,0.004594563250865589
14,2025-11-01,2025-11-01,MEW,5.782411586588042e-19
14,2025-11-01,2025-11-01,MNT,5.782411586588042e-19
14,2025-11-01,2025-11-01,PYTH,5.782411586588042e-19
14,2025-11-01,2025-11-01,SONIC,5.782411586588042e-19
14,2025-11-01,2025-11-01,GAS,5.782411586588042e-19
14,2025-11-01,2025-11-01,AKT,5.782411586588042e-19
14,2025-11-01,2025-11-01,BIGTIME,5.782411586588042e-19
14,2025-11-01,2025-11-01,DRIFT,5.782411586588042e-19
14,2025-11-02,2025-11-01,XRP,0.03863795882481627
14,2025-11-02,2025-11-01,BTC,0.25
14,2025-11-02,2025-11-01,ETH,0.03260630627977402
14,2025-11-02,2025-11-01,SOL,5.782411586588042e-19
14,2025-11-02,2025-11-01,DOGE,5.782411586588042e-19
14,2025-11-02,2025-11-01,AERGO,5.782411586588042e-19
14,2025-11-02,2025-11-01,ADA,5.782411586588042e-19
14,2025-11-02,2025-11-01,AUCTION,5.782411586588042e-19
14,2025-11-02,2025-11-01,ONDO,5.782411586588042e-19
14,2025-11-02,2025-11-01,SUI,5.782411586588042e-19
14,2025-11-02,2025-11-01,VIRTUAL,5.782411586588042e-19
14,2025-11-02,2025-11-01,ARDR,0.12130814791914861
14,2025-11-02,2025-11-01,MOVE,5.782411586588042e-19
14,2025-11-02,2025-11-01,AWE,5.782411586588042e-19
14,2025-11-02,2025-11-01,XLM,5.782411586588042e-19
14,2025-11-02,2025-11-01,AXS,5.782411586588042e-19
14,2025-11-02,2025-11-01,SNT,0.03228601696085861
14,2025-11-02,2025-11-01,QTUM,5.782411586588042e-19
14,2025-11-02,2025-11-01,ANIME,5.782411586588042e-19
14,2025-11-02,2025-11-01,PUNDIX,5.782411586588042e-19
14,2025-11-02,2025-11-01,ARK,5.782411586588042e-19
14,2025-11-02,2025-11-01,ENS,5.782411586588042e-19
14,2025-11-02,2025-11-01,LINK,5.782411586588042e-19
14,2025-11-02,2025-11-01,CRO,5.782411586588042e-19
14,2025-11-02,2025-11-01,HBAR,5.782411586588042e-19
14,2025-11-02,2025-11-01,VANA,5.782411586588042e-19
14,2025-11-02,2025-11-01,SEI,5.782411586588042e-19
14,2025-11-02,2025-11-01,STRAX,0.12995189530145196
14,2025-11-02,2025-11-01,KNC,5.782411586588042e-19
14,2025-11-02,2025-11-01,ME,5.782411586588042e-19
14,2025-11-02,2025-11-01,SHIB,5.782411586588042e-19
14,2025-11-02,2025-11-01,CBK,0.10809326369468318
14,2025-11-02,2025-11-01,AQT,0.11956654403310162
14,2025-11-02,2025-11-01,SAFE,5.782411586588042e-19
14,2025-11-02,2025-11-01,GLM,5.782411586588042e-19
14,2025-11-02,2025-11-01,PEPE,5.782411586588042e-19
14,2025-11-02,2025-11-01,BONK,5.782411586588042e-19
14,2025-11-02,2025-11-01,WAVES,0.03652594907693166
14,2025-11-02,2025-11-01,MASK,5.782411586588042e-19
14,2025-11-02,2025-11-01,ATH,5.782411586588042e-19
14,2025-11-02,2025-11-01,TOKAMAK,0.12642935465836855
14,2025-11-02,2025-11-01,CARV,0.004594563250865589
14,2025-11-02,2025-11-01,MEW,5.782411586588042e-19
14,2025-11-02,2025-11-01,MNT,5.782411586588042e-19
14,2025-11-02,2025-11-01,PYTH,5.782411586588042e-19
14,2025-11-02,2025-11-01,SONIC,5.782411586588042e-19
14,2025-11-02,2025-11-01,GAS,5.782411586588042e-19
14,2025-11-02,2025-11-01,AKT,5.782411586588042e-19
14,2025-11-02,2025-11-01,BIGTIME,5.782411586588042e-19
14,2025-11-02,2025-11-01,DRIFT,5.782411586588042e-19
14,2025-11-03,2025-11-01,XRP,0.03863795882481627
14,2025-11-03,2025-11-01,BTC,0.25
14,2025-11-03,2025-11-01,ETH,0.03260630627977402
14,2025-11-03,2025-11-01,SOL,5.782411586588042e-19
14,2025-11-03,2025-11-01,DOGE,5.782411586588042e-19
14,2025-11-03,2025-11-01,AERGO,5.782411586588042e-19
14,2025-11-03,2025-11-01,ADA,5.782411586588042e-19
14,2025-11-03,2025-11-01,AUCTION,5.782411586588042e-19
14,2025-11-03,2025-11-01,ONDO,5.782411586588042e-19
14,2025-11-03,2025-11-01,SUI,5.782411586588042e-19
14,2025-11-03,2025-11-01,VIRTUAL,5.782411586588042e-19
14,2025-11-03,2025-11-01,ARDR,0.12130814791914861
14,2025-11-03,2025-11-01,MOVE,5.782411586588042e-19
14,2025-11-03,2025-11-01,AWE,5.782411586588042e-19
14,2025-11-03,2025-11-01,XLM,5.782411586588042e-19
14,2025-11-03,2025-11-01,AXS,5.782411586588042e-19
14,2025-11-03,2025-11-01,SNT,0.03228601696085861
14,2025-11-03,2025-11-01,QTUM,5.782411586588042e-19
14,2025-11-03,2025-11-01,ANIME,5.782411586588042e-19
14,2025-11-03,2025-11-01,PUNDIX,5.782411586588042e-19
14,2025-11-03,2025-11-01,ARK,5.782411586588042e-19
14,2025-11-03,2025-11-01,ENS,5.782411586588042e-19
14,2025-11-03,2025-11-01,LINK,5.782411586588042e-19
14,2025-11-03,2025-11-01,CRO,5.782411586588042e-19
14,2025-11-03,2025-11-01,HBAR,5.782411586588042e-19
14,2025-11-03,2025-11-01,VANA,5.782411586588042e-19
14,2025-11-03,2025-11-01,SEI,5.782411586588042e-19
14,2025-11-03,2025-11-01,STRAX,0.12995189530145196
14,2025-11-03,2025-11-01,KNC,5.782411586588042e-19
14,2025-11-03,2025-11-01,ME,5.782411586588042e-19
14,2025-11-03,2025-11-01,SHIB,5.782411586588042e-19
14,2025-11-03,2025-11-01,CBK,0.10809326369468318
14,2025-11-03,2025-11-01,AQT,0.11956654403310162
14,2025-11-03,2025-11-01,SAFE,5.782411586588042e-19
14,2025-11-03,2025-11-01,GLM,5.782411586588042e-19
14,2025-11-03,2025-11-01,PEPE,5.782411586588042e-19
14,2025-11-03,2025-11-01,BONK,5.782411586588042e-19
14,2025-11-03,2025-11-01,WAVES,0.03652594907693166
14,2025-11-03,2025-11-01,MASK,5.782411586588042e-19
14,2025-11-03,2025-11-01,ATH,5.782411586588042e-19
14,2025-11-03,2025-11-01,TOKAMAK,0.12642935465836855
14,2025-11-03,2025-11-01,CARV,0.004594563250865589
14,2025-11-03,2025-11-01,MEW,5.782411586588042e-19
14,2025-11-03,2025-11-01,MNT,5.782411586588042e-19
14,2025-11-03,2025-11-01,PYTH,5.782411586588042e-19
14,2025-11-03,2025-11-01,SONIC,5.782411586588042e-19
14,2025-11-03,2025-11-01,GAS,5.782411586588042e-19
14,2025-11-03,2025-11-01,AKT,5.782411586588042e-19
14,2025-11-03,2025-11-01,BIGTIME,5.782411586588042e-19
14,2025-11-03,2025-11-01,DRIFT,5.782411586588042e-19
14,2025-11-04,2025-11-01,XRP,0.03863795882481627
14,2025-11-04,2025-11-01,BTC,0.25
14,2025-11-04,2025-11-01,ETH,0.03260630627977402
14,2025-11-04,2025-11-01,SOL,5.782411586588042e-19
14,2025-11-04,2025-11-01,DOGE,5.782411586588042e-19
14,2025-11-04,2025-11-01,AERGO,5.782411586588042e-19
14,2025-11-04,2025-11-01,ADA,5.782411586588042e-19
14,2025-11-04,2025-11-01,AUCTION,5.782411586588042e-19
14,2025-11-04,2025-11-01,ONDO,5.782411586588042e-19
14,2025-11-04,2025-11-01,SUI,5.782411586588042e-19
14,2025-11-04,2025-11-01,VIRTUAL,5.782411586588042e-19
14,2025-11-04,2025-11-01,ARDR,0.12130814791914861
14,2025-11-04,2025-11-01,MOVE,5.782411586588042e-19
14,2025-11-04,2025-11-01,AWE,5.782411586588042e-19
14,2025-11-04,2025-11-01,XLM,5.782411586588042e-19
14,2025-11-04,2025-11-01,AXS,5.782411586588042e-19
14,2025-11-04,2025-11-01,SNT,0.03228601696085861
14,2025-11-04,2025-11-01,QTUM,5.782411586588042e-19
14,2025-11-04,2025-11-01,ANIME,5.782411586588042e-19
14,2025-11-04,2025-11-01,PUNDIX,5.782411586588042e-19
14,2025-11-04,2025-11-01,ARK,5.782411586588042e-19
14,2025-11-04,2025-11-01,ENS,5.782411586588042e-19
14,2025-11-04,2025-11-01,LINK,5.782411586588042e-19
14,2025-11-04,2025-11-01,CRO,5.782411586588042e-19
14,2025-11-04,2025-11-01,HBAR,5.782411586588042e-19
14,2025-11-04,2025-11-01,VANA,5.782411586588042e-19
14,2025-11-04,2025-11-01,SEI,5.782411586588042e-19
14,2025-11-04,2025-11-01,STRAX,0.12995189530145196
14,2025-11-04,2025-11-01,KNC,5.782411586588042e-19
14,2025-11-04,2025-11-01,ME,5.782411586588042e-19
14,2025-11-04,2025-11-01,SHIB,5.782411586588042e-19
14,2025-11-04,2025-11-01,CBK,0.10809326369468318
14,2025-11-04,2025-11-01,AQT,0.11956654403310162
14,2025-11-04,2025-11-01,SAFE,5.782411586588042e-19
14,2025-11-04,2025-11-01,GLM,5.782411586588042e-19
14,2025-11-04,2025-11-01,PEPE,5.782411586588042e-19
14,2025-11-04,2025-11-01,BONK,5.782411586588042e-19
14,2025-11-04,2025-11-01,WAVES,0.03652594907693166
14,2025-11-04,2025-11-01,MASK,5.782411586588042e-19
14,2025-11-04,2025-11-01,ATH,5.782411586588042e-19
14,2025-11-04,2025-11-01,TOKAMAK,0.12642935465836855
14,2025-11-04,2025-11-01,CARV,0.004594563250865589
14,2025-11-04,2025-11-01,MEW,5.782411586588042e-19
14,2025-11-04,2025-11-01,MNT,5.782411586588042e-19
14,2025-11-04,2025-11-01,PYTH,5.782411586588042e-19
14,2025-11-04,2025-11-01,SONIC,5.782411586588042e-19
14,2025-11-04,2025-11-01,GAS,5.782411586588042e-19
14,2025-11-04,2025-11-01,AKT,5.782411586588042e-19
14,2025-11-04,2025-11-01,BIGTIME,5.782411586588042e-19
14,2025-11-04,2025-11-01,DRIFT,5.782411586588042e-19
14,2025-11-05,2025-11-01,XRP,0.03863795882481627
14,2025-11-05,2025-11-01,BTC,0.25
14,2025-11-05,2025-11-01,ETH,0.03260630627977402
14,2025-11-05,2025-11-01,SOL,5.782411586588042e-19
14,2025-11-05,2025-11-01,DOGE,5.782411586588042e-19
14,2025-11-05,2025-11-01,AERGO,5.782411586588042e-19
14,2025-11-05,2025-11-01,ADA,5.782411586588042e-19
14,2025-11-05,2025-11-01,AUCTION,5.782411586588042e-19
14,2025-11-05,2025-11-01,ONDO,5.782411586588042e-19
14,2025-11-05,2025-11-01,SUI,5.782411586588042e-19
14,2025-11-05,2025-11-01,VIRTUAL,5.782411586588042e-19
14,2025-11-05,2025-11-01,ARDR,0.12130814791914861
14,2025-11-05,2025-11-01,MOVE,5.782411586588042e-19
14,2025-11-05,2025-11-01,AWE,5.782411586588042e-19
14,2025-11-05,2025-11-01,XLM,5.782411586588042e-19
14,2025-11-05,2025-11-01,AXS,5.782411586588042e-19
14,2025-11-05,2025-11-01,SNT,0.03228601696085861
14,2025-11-05,2025-11-01,QTUM,5.782411586588042e-19
14,2025-11-05,2025-11-01,ANIME,5.782411586588042e-19
14,2025-11-05,2025-11-01,PUNDIX,5.782411586588042e-19
14,2025-11-05,2025-11-01,ARK,5.782411586588042e-19
14,2025-11-05,2025-11-01,ENS,5.782411586588042e-19
14,2025-11-05,2025-11-01,LINK,5.782411586588042e-19
14,2025-11-05,2025-11-01,CRO,5.782411586588042e-19
14,2025-11-05,2025-11-01,HBAR,5.782411586588042e-19
14,2025-11-05,2025-11-01,VANA,5.782411586588042e-19
14,2025-11-05,2025-11-01,SEI,5.782411586588042e-19
14,2025-11-05,2025-11-01,STRAX,0.12995189530145196
14,2025-11-05,2025-11-01,KNC,5.782411586588042e-19
14,2025-11-05,2025-11-01,ME,5.782411586588042e-19
14,2025-11-05,2025-11-01,SHIB,5.782411586588042e-19
14,2025-11-05,2025-11-01,CBK,0.10809326369468318
14,2025-11-05,2025-11-01,AQT,0.11956654403310162
14,2025-11-05,2025-11-01,SAFE,5.782411586588042e-19
14,2025-11-05,2025-11-01,GLM,5.782411586588042e-19
14,2025-11-05,2025-11-01,PEPE,5.782411586588042e-19
14,2025-11-05,2025-11-01,BONK,5.782411586588042e-19
14,2025-11-05,2025-11-01,WAVES,0.03652594907693166
14,2025-11-05,2025-11-01,MASK,5.782411586588042e-19
14,2025-11-05,2025-11-01,ATH,5.782411586588042e-19
14,2025-11-05,2025-11-01,TOKAMAK,0.12642935465836855
14,2025-11-05,2025-11-01,CARV,0.004594563250865589
14,2025-11-05,2025-11-01,MEW,5.782411586588042e-19
14,2025-11-05,2025-11-01,MNT,5.782411586588042e-19
14,2025-11-05,2025-11-01,PYTH,5.782411586588042e-19
14,2025-11-05,2025-11-01,SONIC,5.782411586588042e-19
14,2025-11-05,2025-11-01,GAS,5.782411586588042e-19
14,2025-11-05,2025-11-01,AKT,5.782411586588042e-19
14,2025-11-05,2025-11-01,BIGTIME,5.782411586588042e-19
14,2025-11-05,2025-11-01,DRIFT,5.782411586588042e-19
14,2025-11-06,2025-11-01,XRP,0.03863795882481627
14,2025-11-06,2025-11-01,BTC,0.25
14,2025-11-06,2025-11-01,ETH,0.03260630627977402
14,2025-11-06,2025-11-01,SOL,5.782411586588042e-19
14,2025-11-06,2025-11-01,DOGE,5.782411586588042e-19
14,2025-11-06,2025-11-01,AERGO,5.782411586588042e-19
14,2025-11-06,2025-11-01,ADA,5.782411586588042e-19
14,2025-11-06,2025-11-01,AUCTION,5.782411586588042e-19
14,2025-11-06,2025-11-01,ONDO,5.782411586588042e-19
14,2025-11-06,2025-11-01,SUI,5.782411586588042e-19
14,2025-11-06,2025-11-01,VIRTUAL,5.782411586588042e-19
14,2025-11-06,2025-11-01,ARDR,0.12130814791914861
14,2025-11-06,2025-11-01,MOVE,5.782411586588042e-19
14,2025-11-06,2025-11-01,AWE,5.782411586588042e-19
14,2025-11-06,2025-11-01,XLM,5.782411586588042e-19
14,2025-11-06,2025-11-01,AXS,5.782411586588042e-19
14,2025-11-06,2025-11-01,SNT,0.03228601696085861
14,2025-11-06,2025-11-01,QTUM,5.782411586588042e-19
14,2025-11-06,2025-11-01,ANIME,5.782411586588042e-19
14,2025-11-06,2025-11-01,PUNDIX,5.782411586588042e-19
14,2025-11-06,2025-11-01,ARK,5.782411586588042e-19
14,2025-11-06,2025-11-01,ENS,5.782411586588042e-19
14,2025-11-06,2025-11-01,LINK,5.782411586588042e-19
14,2025-11-06,2025-11-01,CRO,5.782411586588042e-19
14,2025-11-06,2025-11-01,HBAR,5.782411586588042e-19
14,2025-11-06,2025-11-01,VANA,5.782411586588042e-19
14,2025-11-06,2025-11-01,SEI,5.782411586588042e-19
14,2025-11-06,2025-11-01,STRAX,0.12995189530145196
14,2025-11-06,2025-11-01,KNC,5.782411586588042e-19
14,2025-11-06,2025-11-01,ME,5.782411586588042e-19
14,2025-11-06,2025-11-01,SHIB,5.782411586588042e-19
14,2025-11-06,2025-11-01,CBK,0.10809326369468318
14,2025-11-06,2025-11-01,AQT,0.11956654403310162
14,2025-11-06,2025-11-01,SAFE,5.782411586588042e-19
14,2025-11-06,2025-11-01,GLM,5.782411586588042e-19
14,2025-11-06,2025-11-01,PEPE,5.782411586588042e-19
14,2025-11-06,2025-11-01,BONK,5.782411586588042e-19
14,2025-11-06,2025-11-01,WAVES,0.03652594907693166
14,2025-11-06,2025-11-01,MASK,5.782411586588042e-19
14,2025-11-06,2025-11-01,ATH,5.782411586588042e-19
14,2025-11-06,2025-11-01,TOKAMAK,0.12642935465836855
14,2025-11-06,2025-11-01,CARV,0.004594563250865589
14,2025-11-06,2025-11-01,MEW,5.782411586588042e-19
14,2025-11-06,2025-11-01,MNT,5.782411586588042e-19
14,2025-11-06,2025-11-01,PYTH,5.782411586588042e-19
14,2025-11-06,2025-11-01,SONIC,5.782411586588042e-19
14,2025-11-06,2025-11-01,GAS,5.782411586588042e-19
14,2025-11-06,2025-11-01,AKT,5.782411586588042e-19
14,2025-11-06,2025-11-01,BIGTIME,5.782411586588042e-19
14,2025-11-06,2025-11-01,DRIFT,5.782411586588042e-19
14,2025-11-07,2025-11-01,XRP,0.03863795882481627
14,2025-11-07,2025-11-01,BTC,0.25
14,2025-11-07,2025-11-01,ETH,0.03260630627977402
14,2025-11-07,2025-11-01,SOL,5.782411586588042e-19
14,2025-11-07,2025-11-01,DOGE,5.782411586588042e-19
14,2025-11-07,2025-11-01,AERGO,5.782411586588042e-19
14,2025-11-07,2025-11-01,ADA,5.782411586588042e-19
14,2025-11-07,2025-11-01,AUCTION,5.782411586588042e-19
14,2025-11-07,2025-11-01,ONDO,5.782411586588042e-19
14,2025-11-07,2025-11-01,SUI,5.782411586588042e-19
14,2025-11-07,2025-11-01,VIRTUAL,5.782411586588042e-19
14,2025-11-07,2025-11-01,ARDR,0.12130814791914861
14,2025-11-07,2025-11-01,MOVE,5.782411586588042e-19
14,2025-11-07,2025-11-01,AWE,5.782411586588042e-19
14,2025-11-07,2025-11-01,XLM,5.782411586588042e-19
14,2025-11-07,2025-11-01,AXS,5.782411586588042e-19
14,2025-11-07,2025-11-01,SNT,0.03228601696085861
14,2025-11-07,2025-11-01,QTUM,5.782411586588042e-19
14,2025-11-07,2025-11-01,ANIME,5.782411586588042e-19
14,2025-11-07,2025-11-01,PUNDIX,5.782411586588042e-19
14,2025-11-07,2025-11-01,ARK,5.782411586588042e-19
14,2025-11-07,2025-11-01,ENS,5.782411586588042e-19
14,2025-11-07,2025-11-01,LINK,5.782411586588042e-19
14,2025-11-07,2025-11-01,CRO,5.782411586588042e-19
14,2025-11-07,2025-11-01,HBAR,5.782411586588042e-19
14,2025-11-07,2025-11-01,VANA,5.782411586588042e-19
14,2025-11-07,2025-11-01,SEI,5.782411586588042e-19
14,2025-11-07,2025-11-01,STRAX,0.12995189530145196
14,2025-11-07,2025-11-01,KNC,5.782411586588042e-19
14,2025-11-07,2025-11-01,ME,5.782411586588042e-19
14,2025-11-07,2025-11-01,SHIB,5.782411586588042e-19
14,2025-11-07,2025-11-01,CBK,0.10809326369468318
14,2025-11-07,2025-11-01,AQT,0.11956654403310162
14,2025-11-07,2025-11-01,SAFE,5.782411586588042e-19
14,2025-11-07,2025-11-01,GLM,5.782411586588042e-19
14,2025-11-07,2025-11-01,PEPE,5.782411586588042e-19
14,2025-11-07,2025-11-01,BONK,5.782411586588042e-19
14,2025-11-07,2025-11-01,WAVES,0.03652594907693166
14,2025-11-07,2025-11-01,MASK,5.782411586588042e-19
14,2025-11-07,2025-11-01,ATH,5.782411586588042e-19
14,2025-11-07,2025-11-01,TOKAMAK,0.12642935465836855
14,2025-11-07,2025-11-01,CARV,0.004594563250865589
14,2025-11-07,2025-11-01,MEW,5.782411586588042e-19
14,2025-11-07,2025-11-01,MNT,5.782411586588042e-19
14,2025-11-07,2025-11-01,PYTH,5.782411586588042e-19
14,2025-11-07,2025-11-01,SONIC,5.782411586588042e-19
14,2025-11-07,2025-11-01,GAS,5.782411586588042e-19
14,2025-11-07,2025-11-01,AKT,5.782411586588042e-19
14,2025-11-07,2025-11-01,BIGTIME,5.782411586588042e-19
14,2025-11-07,2025-11-01,DRIFT,5.782411586588042e-19
14,2025-11-08,2025-11-01,XRP,0.03863795882481627
14,2025-11-08,2025-11-01,BTC,0.25
14,2025-11-08,2025-11-01,ETH,0.03260630627977402
14,2025-11-08,2025-11-01,SOL,5.782411586588042e-19
14,2025-11-08,2025-11-01,DOGE,5.782411586588042e-19
14,2025-11-08,2025-11-01,AERGO,5.782411586588042e-19
14,2025-11-08,2025-11-01,ADA,5.782411586588042e-19
14,2025-11-08,2025-11-01,AUCTION,5.782411586588042e-19
14,2025-11-08,2025-11-01,ONDO,5.782411586588042e-19
14,2025-11-08,2025-11-01,SUI,5.782411586588042e-19
14,2025-11-08,2025-11-01,VIRTUAL,5.782411586588042e-19
14,2025-11-08,2025-11-01,ARDR,0.12130814791914861
14,2025-11-08,2025-11-01,MOVE,5.782411586588042e-19
14,2025-11-08,2025-11-01,AWE,5.782411586588042e-19
14,2025-11-08,2025-11-01,XLM,5.782411586588042e-19
14,2025-11-08,2025-11-01,AXS,5.782411586588042e-19
14,2025-11-08,2025-11-01,SNT,0.03228601696085861
14,2025-11-08,2025-11-01,QTUM,5.782411586588042e-19
14,2025-11-08,2025-11-01,ANIME,5.782411586588042e-19
14,2025-11-08,2025-11-01,PUNDIX,5.782411586588042e-19
14,2025-11-08,2025-11-01,ARK,5.782411586588042e-19
14,2025-11-08,2025-11-01,ENS,5.782411586588042e-19
14,2025-11-08,2025-11-01,LINK,5.782411586588042e-19
14,2025-11-08,2025-11-01,CRO,5.782411586588042e-19
14,2025-11-08,2025-11-01,HBAR,5.782411586588042e-19
14,2025-11-08,2025-11-01,VANA,5.782411586588042e-19
14,2025-11-08,2025-11-01,SEI,5.782411586588042e-19
14,2025-11-08,2025-11-01,STRAX,0.12995189530145196
14,2025-11-08,2025-11-01,KNC,5.782411586588042e-19
14,2025-11-08,2025-11-01,ME,5.782411586588042e-19
14,2025-11-08,2025-11-01,SHIB,5.782411586588042e-19
14,2025-11-08,2025-11-01,CBK,0.10809326369468318
14,2025-11-08,2025-11-01,AQT,0.11956654403310162
14,2025-11-08,2025-11-01,SAFE,5.782411586588042e-19
14,2025-11-08,2025-11-01,GLM,5.782411586588042e-19
14,2025-11-08,2025-11-01,PEPE,5.782411586588042e-19
14,2025-11-08,2025-11-01,BONK,5.782411586588042e-19
14,2025-11-08,2025-11-01,WAVES,0.03652594907693166
14,2025-11-08,2025-11-01,MASK,5.782411586588042e-19
14,2025-11-08,2025-11-01,ATH,5.782411586588042e-19
14,2025-11-08,2025-11-01,TOKAMAK,0.12642935465836855
14,2025-11-08,2025-11-01,CARV,0.004594563250865589
14,2025-11-08,2025-11-01,MEW,5.782411586588042e-19
14,2025-11-08,2025-11-01,MNT,5.782411586588042e-19
14,2025-11-08,2025-11-01,PYTH,5.782411586588042e-19
14,2025-11-08,2025-11-01,SONIC,5.782411586588042e-19
14,2025-11-08,2025-11-01,GAS,5.782411586588042e-19
14,2025-11-08,2025-11-01,AKT,5.782411586588042e-19
14,2025-11-08,2025-11-01,BIGTIME,5.782411586588042e-19
14,2025-11-08,2025-11-01,DRIFT,5.782411586588042e-19
14,2025-11-09,2025-11-01,XRP,0.03863795882481627
14,2025-11-09,2025-11-01,BTC,0.25
14,2025-11-09,2025-11-01,ETH,0.03260630627977402
14,2025-11-09,2025-11-01,SOL,5.782411586588042e-19
14,2025-11-09,2025-11-01,DOGE,5.782411586588042e-19
14,2025-11-09,2025-11-01,AERGO,5.782411586588042e-19
14,2025-11-09,2025-11-01,ADA,5.782411586588042e-19
14,2025-11-09,2025-11-01,AUCTION,5.782411586588042e-19
14,2025-11-09,2025-11-01,ONDO,5.782411586588042e-19
14,2025-11-09,2025-11-01,SUI,5.782411586588042e-19
14,2025-11-09,2025-11-01,VIRTUAL,5.782411586588042e-19
14,2025-11-09,2025-11-01,ARDR,0.12130814791914861
14,2025-11-09,2025-11-01,MOVE,5.782411586588042e-19
14,2025-11-09,2025-11-01,AWE,5.782411586588042e-19
14,2025-11-09,2025-11-01,XLM,5.782411586588042e-19
14,2025-11-09,2025-11-01,AXS,5.782411586588042e-19
14,2025-11-09,2025-11-01,SNT,0.03228601696085861
14,2025-11-09,2025-11-01,QTUM,5.782411586588042e-19
14,2025-11-09,2025-11-01,ANIME,5.782411586588042e-19
14,2025-11-09,2025-11-01,PUNDIX,5.782411586588042e-19
14,2025-11-09,2025-11-01,ARK,5.782411586588042e-19
14,2025-11-09,2025-11-01,ENS,5.782411586588042e-19
14,2025-11-09,2025-11-01,LINK,5.782411586588042e-19
14,2025-11-09,2025-11-01,CRO,5.782411586588042e-19
14,2025-11-09,2025-11-01,HBAR,5.782411586588042e-19
14,2025-11-09,2025-11-01,VANA,5.782411586588042e-19
14,2025-11-09,2025-11-01,SEI,5.782411586588042e-19
14,2025-11-09,2025-11-01,STRAX,0.12995189530145196
14,2025-11-09,2025-11-01,KNC,5.782411586588042e-19
14,2025-11-09,2025-11-01,ME,5.782411586588042e-19
14,2025-11-09,2025-11-01,SHIB,5.782411586588042e-19
14,2025-11-09,2025-11-01,CBK,0.10809326369468318
14,2025-11-09,2025-11-01,AQT,0.11956654403310162
14,2025-11-09,2025-11-01,SAFE,5.782411586588042e-19
14,2025-11-09,2025-11-01,GLM,5.782411586588042e-19
14,2025-11-09,2025-11-01,PEPE,5.782411586588042e-19
14,2025-11-09,2025-11-01,BONK,5.782411586588042e-19
14,2025-11-09,2025-11-01,WAVES,0.03652594907693166
14,2025-11-09,2025-11-01,MASK,5.782411586588042e-19
14,2025-11-09,2025-11-01,ATH,5.782411586588042e-19
14,2025-11-09,2025-11-01,TOKAMAK,0.12642935465836855
14,2025-11-09,2025-11-01,CARV,0.004594563250865589
14,2025-11-09,2025-11-01,MEW,5.782411586588042e-19
14,2025-11-09,2025-11-01,MNT,5.782411586588042e-19
14,2025-11-09,2025-11-01,PYTH,5.782411586588042e-19
14,2025-11-09,2025-11-01,SONIC,5.782411586588042e-19
14,2025-11-09,2025-11-01,GAS,5.782411586588042e-19
14,2025-11-09,2025-11-01,AKT,5.782411586588042e-19
14,2025-11-09,2025-11-01,BIGTIME,5.782411586588042e-19
14,2025-11-09,2025-11-01,DRIFT,5.782411586588042e-19
14,2025-11-10,2025-11-01,XRP,0.03863795882481627
14,2025-11-10,2025-11-01,BTC,0.25
14,2025-11-10,2025-11-01,ETH,0.03260630627977402
14,2025-11-10,2025-11-01,SOL,5.782411586588042e-19
14,2025-11-10,2025-11-01,DOGE,5.782411586588042e-19
14,2025-11-10,2025-11-01,AERGO,5.782411586588042e-19
14,2025-11-10,2025-11-01,ADA,5.782411586588042e-19
14,2025-11-10,2025-11-01,AUCTION,5.782411586588042e-19
14,2025-11-10,2025-11-01,ONDO,5.782411586588042e-19
14,2025-11-10,2025-11-01,SUI,5.782411586588042e-19
14,2025-11-10,2025-11-01,VIRTUAL,5.782411586588042e-19
14,2025-11-10,2025-11-01,ARDR,0.12130814791914861
14,2025-11-10,2025-11-01,MOVE,5.782411586588042e-19
14,2025-11-10,2025-11-01,AWE,5.782411586588042e-19
14,2025-11-10,2025-11-01,XLM,5.782411586588042e-19
14,2025-11-10,2025-11-01,AXS,5.782411586588042e-19
14,2025-11-10,2025-11-01,SNT,0.03228601696085861
14,2025-11-10,2025-11-01,QTUM,5.782411586588042e-19
14,2025-11-10,2025-11-01,ANIME,5.782411586588042e-19
14,2025-11-10,2025-11-01,PUNDIX,5.782411586588042e-19
14,2025-11-10,2025-11-01,ARK,5.782411586588042e-19
14,2025-11-10,2025-11-01,ENS,5.782411586588042e-19
14,2025-11-10,2025-11-01,LINK,5.782411586588042e-19
14,2025-11-10,2025-11-01,CRO,5.782411586588042e-19
14,2025-11-10,2025-11-01,HBAR,5.782411586588042e-19
14,2025-11-10,2025-11-01,VANA,5.782411586588042e-19
14,2025-11-10,2025-11-01,SEI,5.782411586588042e-19
14,2025-11-10,2025-11-01,STRAX,0.12995189530145196
14,2025-11-10,2025-11-01,KNC,5.782411586588042e-19
14,2025-11-10,2025-11-01,ME,5.782411586588042e-19
14,2025-11-10,2025-11-01,SHIB,5.782411586588042e-19
14,2025-11-10,2025-11-01,CBK,0.10809326369468318
14,2025-11-10,2025-11-01,AQT,0.11956654403310162
14,2025-11-10,2025-11-01,SAFE,5.782411586588042e-19
14,2025-11-10,2025-11-01,GLM,5.782411586588042e-19
14,2025-11-10,2025-11-01,PEPE,5.782411586588042e-19
14,2025-11-10,2025-11-01,BONK,5.782411586588042e-19
14,2025-11-10,2025-11-01,WAVES,0.03652594907693166
14,2025-11-10,2025-11-01,MASK,5.782411586588042e-19
14,2025-11-10,2025-11-01,ATH,5.782411586588042e-19
14,2025-11-10,2025-11-01,TOKAMAK,0.12642935465836855
14,2025-11-10,2025-11-01,CARV,0.004594563250865589
14,2025-11-10,2025-11-01,MEW,5.782411586588042e-19
14,2025-11-10,2025-11-01,MNT,5.782411586588042e-19
14,2025-11-10,2025-11-01,PYTH,5.782411586588042e-19
14,2025-11-10,2025-11-01,SONIC,5.782411586588042e-19
14,2025-11-10,2025-11-01,GAS,5.782411586588042e-19
14,2025-11-10,2025-11-01,AKT,5.782411586588042e-19
14,2025-11-10,2025-11-01,BIGTIME,5.782411586588042e-19
14,2025-11-10,2025-11-01,DRIFT,5.782411586588042e-19
14,2025-11-11,2025-11-01,XRP,0.03863795882481627
14,2025-11-11,2025-11-01,BTC,0.25
14,2025-11-11,2025-11-01,ETH,0.03260630627977402
14,2025-11-11,2025-11-01,SOL,5.782411586588042e-19
14,2025-11-11,2025-11-01,DOGE,5.782411586588042e-19
14,2025-11-11,2025-11-01,AERGO,5.782411586588042e-19
14,2025-11-11,2025-11-01,ADA,5.782411586588042e-19
14,2025-11-11,2025-11-01,AUCTION,5.782411586588042e-19
14,2025-11-11,2025-11-01,ONDO,5.782411586588042e-19
14,2025-11-11,2025-11-01,SUI,5.782411586588042e-19
14,2025-11-11,2025-11-01,VIRTUAL,5.782411586588042e-19
14,2025-11-11,2025-11-01,ARDR,0.12130814791914861
14,2025-11-11,2025-11-01,MOVE,5.782411586588042e-19
14,2025-11-11,2025-11-01,AWE,5.782411586588042e-19
14,2025-11-11,2025-11-01,XLM,5.782411586588042e-19
14,2025-11-11,2025-11-01,AXS,5.782411586588042e-19
14,2025-11-11,2025-11-01,SNT,0.03228601696085861
14,2025-11-11,2025-11-01,QTUM,5.782411586588042e-19
14,2025-11-11,2025-11-01,ANIME,5.782411586588042e-19
14,2025-11-11,2025-11-01,PUNDIX,5.782411586588042e-19
14,2025-11-11,2025-11-01,ARK,5.782411586588042e-19
14,2025-11-11,2025-11-01,ENS,5.782411586588042e-19
14,2025-11-11,2025-11-01,LINK,5.782411586588042e-19
14,2025-11-11,2025-11-01,CRO,5.782411586588042e-19
14,2025-11-11,2025-11-01,HBAR,5.782411586588042e-19
14,2025-11-11,2025-11-01,VANA,5.782411586588042e-19
14,2025-11-11,2025-11-01,SEI,5.782411586588042e-19
14,2025-11-11,2025-11-01,STRAX,0.12995189530145196
14,2025-11-11,2025-11-01,KNC,5.782411586588042e-19
14,2025-11-11,2025-11-01,ME,5.782411586588042e-19
14,2025-11-11,2025-11-01,SHIB,5.782411586588042e-19
14,2025-11-11,2025-11-01,CBK,0.10809326369468318
14,2025-11-11,2025-11-01,AQT,0.11956654403310162
14,2025-11-11,2025-11-01,SAFE,5.782411586588042e-19
14,2025-11-11,2025-11-01,GLM,5.782411586588042e-19
14,2025-11-11,2025-11-01,PEPE,5.782411586588042e-19
14,2025-11-11,2025-11-01,BONK,5.782411586588042e-19
14,2025-11-11,2025-11-01,WAVES,0.03652594907693166
14,2025-11-11,2025-11-01,MASK,5.782411586588042e-19
14,2025-11-11,2025-11-01,ATH,5.782411586588042e-19
14,2025-11-11,2025-11-01,TOKAMAK,0.12642935465836855
14,2025-11-11,2025-11-01,CARV,0.004594563250865589
14,2025-11-11,2025-11-01,MEW,5.782411586588042e-19
14,2025-11-11,2025-11-01,MNT,5.782411586588042e-19
14,2025-11-11,2025-11-01,PYTH,5.782411586588042e-19
14,2025-11-11,2025-11-01,SONIC,5.782411586588042e-19
14,2025-11-11,2025-11-01,GAS,5.782411586588042e-19
14,2025-11-11,2025-11-01,AKT,5.782411586588042e-19
14,2025-11-11,2025-11-01,BIGTIME,5.782411586588042e-19
14,2025-11-11,2025-11-01,DRIFT,5.782411586588042e-19
14,2025-11-12,2025-11-01,XRP,0.03863795882481627
14,2025-11-12,2025-11-01,BTC,0.25
14,2025-11-12,2025-11-01,ETH,0.03260630627977402
14,2025-11-12,2025-11-01,SOL,5.782411586588042e-19
14,2025-11-12,2025-11-01,DOGE,5.782411586588042e-19
14,2025-11-12,2025-11-01,AERGO,5.782411586588042e-19
14,2025-11-12,2025-11-01,ADA,5.782411586588042e-19
14,2025-11-12,2025-11-01,AUCTION,5.782411586588042e-19
14,2025-11-12,2025-11-01,ONDO,5.782411586588042e-19
14,2025-11-12,2025-11-01,SUI,5.782411586588042e-19
14,2025-11-12,2025-11-01,VIRTUAL,5.782411586588042e-19
14,2025-11-12,2025-11-01,ARDR,0.12130814791914861
14,2025-11-12,2025-11-01,MOVE,5.782411586588042e-19
14,2025-11-12,2025-11-01,AWE,5.782411586588042e-19
14,2025-11-12,2025-11-01,XLM,5.782411586588042e-19
14,2025-11-12,2025-11-01,AXS,5.782411586588042e-19
14,2025-11-12,2025-11-01,SNT,0.03228601696085861
14,2025-11-12,2025-11-01,QTUM,5.782411586588042e-19
14,2025-11-12,2025-11-01,ANIME,5.782411586588042e-19
14,2025-11-12,2025-11-01,PUNDIX,5.782411586588042e-19
14,2025-11-12,2025-11-01,ARK,5.782411586588042e-19
14,2025-11-12,2025-11-01,ENS,5.782411586588042e-19
14,2025-11-12,2025-11-01,LINK,5.782411586588042e-19
14,2025-11-12,2025-11-01,CRO,5.782411586588042e-19
14,2025-11-12,2025-11-01,HBAR,5.782411586588042e-19
14,2025-11-12,2025-11-01,VANA,5.782411586588042e-19
14,2025-11-12,2025-11-01,SEI,5.782411586588042e-19
14,2025-11-12,2025-11-01,STRAX,0.12995189530145196
14,2025-11-12,2025-11-01,KNC,5.782411586588042e-19
14,2025-11-12,2025-11-01,ME,5.782411586588042e-19
14,2025-11-12,2025-11-01,SHIB,5.782411586588042e-19
14,2025-11-12,2025-11-01,CBK,0.10809326369468318
14,2025-11-12,2025-11-01,AQT,0.11956654403310162
14,2025-11-12,2025-11-01,SAFE,5.782411586588042e-19
14,2025-11-12,2025-11-01,GLM,5.782411586588042e-19
14,2025-11-12,2025-11-01,PEPE,5.782411586588042e-19
14,2025-11-12,2025-11-01,BONK,5.782411586588042e-19
14,2025-11-12,2025-11-01,WAVES,0.03652594907693166
14,2025-11-12,2025-11-01,MASK,5.782411586588042e-19
14,2025-11-12,2025-11-01,ATH,5.782411586588042e-19
14,2025-11-12,2025-11-01,TOKAMAK,0.12642935465836855
14,2025-11-12,2025-11-01,CARV,0.004594563250865589
14,2025-11-12,2025-11-01,MEW,5.782411586588042e-19
14,2025-11-12,2025-11-01,MNT,5.782411586588042e-19
14,2025-11-12,2025-11-01,PYTH,5.782411586588042e-19
14,2025-11-12,2025-11-01,SONIC,5.782411586588042e-19
14,2025-11-12,2025-11-01,GAS,5.782411586588042e-19
14,2025-11-12,2025-11-01,AKT,5.782411586588042e-19
14,2025-11-12,2025-11-01,BIGTIME,5.782411586588042e-19
14,2025-11-12,2025-11-01,DRIFT,5.782411586588042e-19
14,2025-11-13,2025-11-01,XRP,0.03863795882481627
14,2025-11-13,2025-11-01,BTC,0.25
14,2025-11-13,2025-11-01,ETH,0.03260630627977402
14,2025-11-13,2025-11-01,SOL,5.782411586588042e-19
14,2025-11-13,2025-11-01,DOGE,5.782411586588042e-19
14,2025-11-13,2025-11-01,AERGO,5.782411586588042e-19
14,2025-11-13,2025-11-01,ADA,5.782411586588042e-19
14,2025-11-13,2025-11-01,AUCTION,5.782411586588042e-19
14,2025-11-13,2025-11-01,ONDO,5.782411586588042e-19
14,2025-11-13,2025-11-01,SUI,5.782411586588042e-19
14,2025-11-13,2025-11-01,VIRTUAL,5.782411586588042e-19
14,2025-11-13,2025-11-01,ARDR,0.12130814791914861
14,2025-11-13,2025-11-01,MOVE,5.782411586588042e-19
14,2025-11-13,2025-11-01,AWE,5.782411586588042e-19
14,2025-11-13,2025-11-01,XLM,5.782411586588042e-19
14,2025-11-13,2025-11-01,AXS,5.782411586588042e-19
14,2025-11-13,2025-11-01,SNT,0.03228601696085861
14,2025-11-13,2025-11-01,QTUM,5.782411586588042e-19
14,2025-11-13,2025-11-01,ANIME,5.782411586588042e-19
14,2025-11-13,2025-11-01,PUNDIX,5.782411586588042e-19
14,2025-11-13,2025-11-01,ARK,5.782411586588042e-19
14,2025-11-13,2025-11-01,ENS,5.782411586588042e-19
14,2025-11-13,2025-11-01,LINK,5.782411586588042e-19
14,2025-11-13,2025-11-01,CRO,5.782411586588042e-19
14,2025-11-13,2025-11-01,HBAR,5.782411586588042e-19
14,2025-11-13,2025-11-01,VANA,5.782411586588042e-19
14,2025-11-13,2025-11-01,SEI,5.782411586588042e-19
14,2025-11-13,2025-11-01,STRAX,0.12995189530145196
14,2025-11-13,2025-11-01,KNC,5.782411586588042e-19
14,2025-11-13,2025-11-01,ME,5.782411586588042e-19
14,2025-11-13,2025-11-01,SHIB,5.782411586588042e-19
14,2025-11-13,2025-11-01,CBK,0.10809326369468318
14,2025-11-13,2025-11-01,AQT,0.11956654403310162
14,2025-11-13,2025-11-01,SAFE,5.782411586588042e-19
14,2025-11-13,2025-11-01,GLM,5.782411586588042e-19
14,2025-11-13,2025-11-01,PEPE,5.782411586588042e-19
14,2025-11-13,2025-11-01,BONK,5.782411586588042e-19
14,2025-11-13,2025-11-01,WAVES,0.03652594907693166
14,2025-11-13,2025-11-01,MASK,5.782411586588042e-19
14,2025-11-13,2025-11-01,ATH,5.782411586588042e-19
14,2025-11-13,2025-11-01,TOKAMAK,0.12642935465836855
14,2025-11-13,2025-11-01,CARV,0.004594563250865589
14,2025-11-13,2025-11-01,MEW,5.782411586588042e-19
14,2025-11-13,2025-11-01,MNT,5.782411586588042e-19
14,2025-11-13,2025-11-01,PYTH,5.782411586588042e-19
14,2025-11-13,2025-11-01,SONIC,5.782411586588042e-19
14,2025-11-13,2025-11-01,GAS,5.782411586588042e-19
14,2025-11-13,2025-11-01,AKT,5.782411586588042e-19
14,2025-11-13,2025-11-01,BIGTIME,5.782411586588042e-19
14,2025-11-13,2025-11-01,DRIFT,5.782411586588042e-19
14,2025-11-14,2025-11-01,XRP,0.03863795882481627
14,2025-11-14,2025-11-01,BTC,0.25
14,2025-11-14,2025-11-01,ETH,0.03260630627977402
14,2025-11-14,2025-11-01,SOL,5.782411586588042e-19
14,2025-11-14,2025-11-01,DOGE,5.782411586588042e-19
14,2025-11-14,2025-11-01,AERGO,5.782411586588042e-19
14,2025-11-14,2025-11-01,ADA,5.782411586588042e-19
14,2025-11-14,2025-11-01,AUCTION,5.782411586588042e-19
14,2025-11-14,2025-11-01,ONDO,5.782411586588042e-19
14,2025-11-14,2025-11-01,SUI,5.782411586588042e-19
14,2025-11-14,2025-11-01,VIRTUAL,5.782411586588042e-19
14,2025-11-14,2025-11-01,ARDR,0.12130814791914861
14,2025-11-14,2025-11-01,MOVE,5.782411586588042e-19
14,2025-11-14,2025-11-01,AWE,5.782411586588042e-19
14,2025-11-14,2025-11-01,XLM,5.782411586588042e-19
14,2025-11-14,2025-11-01,AXS,5.782411586588042e-19
14,2025-11-14,2025-11-01,SNT,0.03228601696085861
14,2025-11-14,2025-11-01,QTUM,5.782411586588042e-19
14,2025-11-14,2025-11-01,ANIME,5.782411586588042e-19
14,2025-11-14,2025-11-01,PUNDIX,5.782411586588042e-19
14,2025-11-14,2025-11-01,ARK,5.782411586588042e-19
14,2025-11-14,2025-11-01,ENS,5.782411586588042e-19
14,2025-11-14,2025-11-01,LINK,5.782411586588042e-19
14,2025-11-14,2025-11-01,CRO,5.782411586588042e-19
14,2025-11-14,2025-11-01,HBAR,5.782411586588042e-19
14,2025-11-14,2025-11-01,VANA,5.782411586588042e-19
14,2025-11-14,2025-11-01,SEI,5.782411586588042e-19
14,2025-11-14,2025-11-01,STRAX,0.12995189530145196
14,2025-11-14,2025-11-01,KNC,5.782411586588042e-19
14,2025-11-14,2025-11-01,ME,5.782411586588042e-19
14,2025-11-14,2025-11-01,SHIB,5.782411586588042e-19
14,2025-11-14,2025-11-01,CBK,0.10809326369468318
14,2025-11-14,2025-11-01,AQT,0.11956654403310162
14,2025-11-14,2025-11-01,SAFE,5.782411586588042e-19
14,2025-11-14,2025-11-01,GLM,5.782411586588042e-19
14,2025-11-14,2025-11-01,PEPE,5.782411586588042e-19
14,2025-11-14,2025-11-01,BONK,5.782411586588042e-19
14,2025-11-14,2025-11-01,WAVES,0.03652594907693166
14,2025-11-14,2025-11-01,MASK,5.782411586588042e-19
14,2025-11-14,2025-11-01,ATH,5.782411586588042e-19
14,2025-11-14,2025-11-01,TOKAMAK,0.12642935465836855
14,2025-11-14,2025-11-01,CARV,0.004594563250865589
14,2025-11-14,2025-11-01,MEW,5.782411586588042e-19
14,2025-11-14,2025-11-01,MNT,5.782411586588042e-19
14,2025-11-14,2025-11-01,PYTH,5.782411586588042e-19
14,2025-11-14,2025-11-01,SONIC,5.782411586588042e-19
14,2025-11-14,2025-11-01,GAS,5.782411586588042e-19
14,2025-11-14,2025-11-01,AKT,5.782411586588042e-19
14,2025-11-14,2025-11-01,BIGTIME,5.782411586588042e-19
14,2025-11-14,2025-11-01,DRIFT,5.782411586588042e-19
14,2025-12-01,2025-12-01,XRP,0.037912983793098126
14,2025-12-01,2025-12-01,BTC,0.25
14,2025-12-01,2025-12-01,ETH,0.04897797517317792
14,2025-12-01,2025-12-01,SOL,3.4694469519532198e-18
14,2025-12-01,2025-12-01,DOGE,3.4694469519532198e-18
14,2025-12-01,2025-12-01,AERGO,0.011809656725954581
14,2025-12-01,2025-12-01,ADA,3.4694469519532198e-18
14,2025-12-01,2025-12-01,AUCTION,0.0037718250307461434
14,2025-12-01,2025-12-01,ONDO,3.4694469519532198e-18
14,2025-12-01,2025-12-01,SUI,3.4694469519532198e-18
14,2025-12-01,2025-12-01,VIRTUAL,3.4694469519532198e-18
14,2025-12-01,2025-12-01,ARDR,0.03691939505649107
14,2025-12-01,2025-12-01,MOVE,3.4694469519532198e-18
14,2025-12-01,2025-12-01,AWE,0.03188061234350269
14,2025-12-01,2025-12-01,XLM,3.4694469519532198e-18
14,2025-12-01,2025-12-01,AXS,3.4694469519532198e-18
14,2025-12-01,2025-12-01,SNT,0.06734315443504417
14,2025-12-01,2025-12-01,QTUM,3.4694469519532198e-18
14,2025-12-01,2025-12-01,ANIME,3.4694469519532198e-18
14,2025-12-01,2025-12-01,PUNDIX,0.023245129885574572
14,2025-12-01,2025-12-01,ARK,0.00338456848049175
14,2025-12-01,2025-12-01,ENS,3.4694469519532198e-18
14,2025-12-01,2025-12-01,LINK,3.4694469519532198e-18
14,2025-12-01,2025-12-01,CRO,3.4694469519532198e-18
14,2025-12-01,2025-12-01,HBAR,3.4694469519532198e-18
14,2025-12-01,2025-12-01,VANA,3.4694469519532198e-18
14,2025-12-01,2025-12-01,SEI,3.4694469519532198e-18
14,2025-12-01,2025-12-01,STRAX,0.03040026699192772
14,2025-12-01,2025-12-01,KNC,0.04110552038639404
14,2025-12-01,2025-12-01,ME,3.4694469519532198e-18
14,2025-12-01,2025-12-01,SHIB,3.4694469519532198e-18
14,2025-12-01,2025-12-01,CBK,0.04960448429884678
14,2025-12-01,2025-12-01,AQT,0.11241782897032289
14,2025-12-01,2025-12-01,SAFE,3.4694469519532198e-18
14,2025-12-01,2025-12-01,GLM,0.025747485753964777
14,2025-12-01,2025-12-01,PEPE,3.4694469519532198e-18
14,2025-12-01,2025-12-01,BONK,3.4694469519532198e-18
14,2025-12-01,2025-12-01,WAVES,0.02817251422187257
14,2025-12-01,2025-12-01,MASK,3.4694469519532198e-18
14,2025-12-01,2025-12-01,ATH,3.4694469519532198e-18
14,2025-12-01,2025-12-01,TOKAMAK,0.12874938376435158
14,2025-12-01,2025-12-01,CARV,3.4694469519532198e-18
14,2025-12-01,2025-12-01,MEW,3.4694469519532198e-18
14,2025-12-01,2025-12-01,MNT,3.4694469519532198e-18
14,2025-12-01,2025-12-01,PYTH,3.4694469519532198e-18
14,2025-12-01,2025-12-01,SONIC,0.011423838149209031
14,2025-12-01,2025-12-01,GAS,0.057133376539029716
14,2025-12-01,2025-12-01,AKT,3.4694469519532198e-18
14,2025-12-01,2025-12-01,BIGTIME,3.4694469519532198e-18
14,2025-12-01,2025-12-01,DRIFT,3.4694469519532198e-18
14,2025-12-02,2025-12-01,XRP,0.037912983793098126
14,2025-12-02,2025-12-01,BTC,0.25
14,2025-12-02,2025-12-01,ETH,0.04897797517317792
14,2025-12-02,2025-12-01,SOL,3.4694469519532198e-18
14,2025-12-02,2025-12-01,DOGE,3.4694469519532198e-18
14,2025-12-02,2025-12-01,AERGO,0.011809656725954581
14,2025-12-02,2025-12-01,ADA,3.4694469519532198e-18
14,2025-12-02,2025-12-01,AUCTION,0.0037718250307461434
14,2025-12-02,2025-12-01,ONDO,3.4694469519532198e-18
14,2025-12-02,2025-12-01,SUI,3.4694469519532198e-18
14,2025-12-02,2025-12-01,VIRTUAL,3.4694469519532198e-18
14,2025-12-02,2025-12-01,ARDR,0.03691939505649107
14,2025-12-02,2025-12-01,MOVE,3.4694469519532198e-18
14,2025-12-02,2025-12-01,AWE,0.03188061234350269
14,2025-12-02,2025-12-01,XLM,3.4694469519532198e-18
14,2025-12-02,2025-12-01,AXS,3.4694469519532198e-18
14,2025-12-02,2025-12-01,SNT,0.06734315443504417
14,2025-12-02,2025-12-01,QTUM,3.4694469519532198e-18
14,2025-12-02,2025-12-01,ANIME,3.4694469519532198e-18
14,2025-12-02,2025-12-01,PUNDIX,0.023245129885574572
14,2025-12-02,2025-12-01,ARK,0.00338456848049175
14,2025-12-02,2025-12-01,ENS,3.4694469519532198e-18
14,2025-12-02,2025-12-01,LINK,3.4694469519532198e-18
14,2025-12-02,2025-12-01,CRO,3.4694469519532198e-18
14,2025-12-02,2025-12-01,HBAR,3.4694469519532198e-18
14,2025-12-02,2025-12-01,VANA,3.4694469519532198e-18
14,2025-12-02,2025-12-01,SEI,3.4694469519532198e-18
14,2025-12-02,2025-12-01,STRAX,0.03040026699192772
14,2025-12-02,2025-12-01,KNC,0.04110552038639404
14,2025-12-02,2025-12-01,ME,3.4694469519532198e-18
14,2025-12-02,2025-12-01,SHIB,3.4694469519532198e-18
14,2025-12-02,2025-12-01,CBK,0.04960448429884678
14,2025-12-02,2025-12-01,AQT,0.11241782897032289
14,2025-12-02,2025-12-01,SAFE,3.4694469519532198e-18
14,2025-12-02,2025-12-01,GLM,0.025747485753964777
14,2025-12-02,2025-12-01,PEPE,3.4694469519532198e-18
14,2025-12-02,2025-12-01,BONK,3.4694469519532198e-18
14,2025-12-02,2025-12-01,WAVES,0.02817251422187257
14,2025-12-02,2025-12-01,MASK,3.4694469519532198e-18
14,2025-12-02,2025-12-01,ATH,3.4694469519532198e-18
14,2025-12-02,2025-12-01,TOKAMAK,0.12874938376435158
14,2025-12-02,2025-12-01,CARV,3.4694469519532198e-18
14,2025-12-02,2025-12-01,MEW,3.4694469519532198e-18
14,2025-12-02,2025-12-01,MNT,3.4694469519532198e-18
14,2025-12-02,2025-12-01,PYTH,3.4694469519532198e-18
14,2025-12-02,2025-12-01,SONIC,0.011423838149209031
14,2025-12-02,2025-12-01,GAS,0.057133376539029716
14,2025-12-02,2025-12-01,AKT,3.4694469519532198e-18
14,2025-12-02,2025-12-01,BIGTIME,3.4694469519532198e-18
14,2025-12-02,2025-12-01,DRIFT,3.4694469519532198e-18
14,2025-12-03,2025-12-01,XRP,0.037912983793098126
14,2025-12-03,2025-12-01,BTC,0.25
14,2025-12-03,2025-12-01,ETH,0.04897797517317792
14,2025-12-03,2025-12-01,SOL,3.4694469519532198e-18
14,2025-12-03,2025-12-01,DOGE,3.4694469519532198e-18
14,2025-12-03,2025-12-01,AERGO,0.011809656725954581
14,2025-12-03,2025-12-01,ADA,3.4694469519532198e-18
14,2025-12-03,2025-12-01,AUCTION,0.0037718250307461434
14,2025-12-03,2025-12-01,ONDO,3.4694469519532198e-18
14,2025-12-03,2025-12-01,SUI,3.4694469519532198e-18
14,2025-12-03,2025-12-01,VIRTUAL,3.4694469519532198e-18
14,2025-12-03,2025-12-01,ARDR,0.03691939505649107
14,2025-12-03,2025-12-01,MOVE,3.4694469519532198e-18
14,2025-12-03,2025-12-01,AWE,0.03188061234350269
14,2025-12-03,2025-12-01,XLM,3.4694469519532198e-18
14,2025-12-03,2025-12-01,AXS,3.4694469519532198e-18
14,2025-12-03,2025-12-01,SNT,0.06734315443504417
14,2025-12-03,2025-12-01,QTUM,3.4694469519532198e-18
14,2025-12-03,2025-12-01,ANIME,3.4694469519532198e-18
14,2025-12-03,2025-12-01,PUNDIX,0.023245129885574572
14,2025-12-03,2025-12-01,ARK,0.00338456848049175
14,2025-12-03,2025-12-01,ENS,3.4694469519532198e-18
14,2025-12-03,2025-12-01,LINK,3.4694469519532198e-18
14,2025-12-03,2025-12-01,CRO,3.4694469519532198e-18
14,2025-12-03,2025-12-01,HBAR,3.4694469519532198e-18
14,2025-12-03,2025-12-01,VANA,3.4694469519532198e-18
14,2025-12-03,2025-12-01,SEI,3.4694469519532198e-18
14,2025-12-03,2025-12-01,STRAX,0.03040026699192772
14,2025-12-03,2025-12-01,KNC,0.04110552038639404
14,2025-12-03,2025-12-01,ME,3.4694469519532198e-18
14,2025-12-03,2025-12-01,SHIB,3.4694469519532198e-18
14,2025-12-03,2025-12-01,CBK,0.04960448429884678
14,2025-12-03,2025-12-01,AQT,0.11241782897032289
14,2025-12-03,2025-12-01,SAFE,3.4694469519532198e-18
14,2025-12-03,2025-12-01,GLM,0.025747485753964777
14,2025-12-03,2025-12-01,PEPE,3.4694469519532198e-18
14,2025-12-03,2025-12-01,BONK,3.4694469519532198e-18
14,2025-12-03,2025-12-01,WAVES,0.02817251422187257
14,2025-12-03,2025-12-01,MASK,3.4694469519532198e-18
14,2025-12-03,2025-12-01,ATH,3.4694469519532198e-18
14,2025-12-03,2025-12-01,TOKAMAK,0.12874938376435158
14,2025-12-03,2025-12-01,CARV,3.4694469519532198e-18
14,2025-12-03,2025-12-01,MEW,3.4694469519532198e-18
14,2025-12-03,2025-12-01,MNT,3.4694469519532198e-18
14,2025-12-03,2025-12-01,PYTH,3.4694469519532198e-18
14,2025-12-03,2025-12-01,SONIC,0.011423838149209031
14,2025-12-03,2025-12-01,GAS,0.057133376539029716
14,2025-12-03,2025-12-01,AKT,3.4694469519532198e-18
14,2025-12-03,2025-12-01,BIGTIME,3.4694469519532198e-18
14,2025-12-03,2025-12-01,DRIFT,3.4694469519532198e-18
14,2025-12-04,2025-12-01,XRP,0.037912983793098126
14,2025-12-04,2025-12-01,BTC,0.25
14,2025-12-04,2025-12-01,ETH,0.04897797517317792
14,2025-12-04,2025-12-01,SOL,3.4694469519532198e-18
14,2025-12-04,2025-12-01,DOGE,3.4694469519532198e-18
14,2025-12-04,2025-12-01,AERGO,0.011809656725954581
14,2025-12-04,2025-12-01,ADA,3.4694469519532198e-18
14,2025-12-04,2025-12-01,AUCTION,0.0037718250307461434
14,2025-12-04,2025-12-01,ONDO,3.4694469519532198e-18
14,2025-12-04,2025-12-01,SUI,3.4694469519532198e-18
14,2025-12-04,2025-12-01,VIRTUAL,3.4694469519532198e-18
14,2025-12-04,2025-12-01,ARDR,0.03691939505649107
14,2025-12-04,2025-12-01,MOVE,3.4694469519532198e-18
14,2025-12-04,2025-12-01,AWE,0.03188061234350269
14,2025-12-04,2025-12-01,XLM,3.4694469519532198e-18
14,2025-12-04,2025-12-01,AXS,3.4694469519532198e-18
14,2025-12-04,2025-12-01,SNT,0.06734315443504417
14,2025-12-04,2025-12-01,QTUM,3.4694469519532198e-18
14,2025-12-04,2025-12-01,ANIME,3.4694469519532198e-18
14,2025-12-04,2025-12-01,PUNDIX,0.023245129885574572
14,2025-12-04,2025-12-01,ARK,0.00338456848049175
14,2025-12-04,2025-12-01,ENS,3.4694469519532198e-18
14,2025-12-04,2025-12-01,LINK,3.4694469519532198e-18
14,2025-12-04,2025-12-01,CRO,3.4694469519532198e-18
14,2025-12-04,2025-12-01,HBAR,3.4694469519532198e-18
14,2025-12-04,2025-12-01,VANA,3.4694469519532198e-18
14,2025-12-04,2025-12-01,SEI,3.4694469519532198e-18
14,2025-12-04,2025-12-01,STRAX,0.03040026699192772
14,2025-12-04,2025-12-01,KNC,0.04110552038639404
14,2025-12-04,2025-12-01,ME,3.4694469519532198e-18
14,2025-12-04,2025-12-01,SHIB,3.4694469519532198e-18
14,2025-12-04,2025-12-01,CBK,0.04960448429884678
14,2025-12-04,2025-12-01,AQT,0.11241782897032289
14,2025-12-04,2025-12-01,SAFE,3.4694469519532198e-18
14,2025-12-04,2025-12-01,GLM,0.025747485753964777
14,2025-12-04,2025-12-01,PEPE,3.4694469519532198e-18
14,2025-12-04,2025-12-01,BONK,3.4694469519532198e-18
14,2025-12-04,2025-12-01,WAVES,0.02817251422187257
14,2025-12-04,2025-12-01,MASK,3.4694469519532198e-18
14,2025-12-04,2025-12-01,ATH,3.4694469519532198e-18
14,2025-12-04,2025-12-01,TOKAMAK,0.12874938376435158
14,2025-12-04,2025-12-01,CARV,3.4694469519532198e-18
14,2025-12-04,2025-12-01,MEW,3.4694469519532198e-18
14,2025-12-04,2025-12-01,MNT,3.4694469519532198e-18
14,2025-12-04,2025-12-01,PYTH,3.4694469519532198e-18
14,2025-12-04,2025-12-01,SONIC,0.011423838149209031
14,2025-12-04,2025-12-01,GAS,0.057133376539029716
14,2025-12-04,2025-12-01,AKT,3.4694469519532198e-18
14,2025-12-04,2025-12-01,BIGTIME,3.4694469519532198e-18
14,2025-12-04,2025-12-01,DRIFT,3.4694469519532198e-18
14,2025-12-05,2025-12-01,XRP,0.037912983793098126
14,2025-12-05,2025-12-01,BTC,0.25
14,2025-12-05,2025-12-01,ETH,0.04897797517317792
14,2025-12-05,2025-12-01,SOL,3.4694469519532198e-18
14,2025-12-05,2025-12-01,DOGE,3.4694469519532198e-18
14,2025-12-05,2025-12-01,AERGO,0.011809656725954581
14,2025-12-05,2025-12-01,ADA,3.4694469519532198e-18
14,2025-12-05,2025-12-01,AUCTION,0.0037718250307461434
14,2025-12-05,2025-12-01,ONDO,3.4694469519532198e-18
14,2025-12-05,2025-12-01,SUI,3.4694469519532198e-18
14,2025-12-05,2025-12-01,VIRTUAL,3.4694469519532198e-18
14,2025-12-05,2025-12-01,ARDR,0.03691939505649107
14,2025-12-05,2025-12-01,MOVE,3.4694469519532198e-18
14,2025-12-05,2025-12-01,AWE,0.03188061234350269
14,2025-12-05,2025-12-01,XLM,3.4694469519532198e-18
14,2025-12-05,2025-12-01,AXS,3.4694469519532198e-18
14,2025-12-05,2025-12-01,SNT,0.06734315443504417
14,2025-12-05,2025-12-01,QTUM,3.4694469519532198e-18
14,2025-12-05,2025-12-01,ANIME,3.4694469519532198e-18
14,2025-12-05,2025-12-01,PUNDIX,0.023245129885574572
14,2025-12-05,2025-12-01,ARK,0.00338456848049175
14,2025-12-05,2025-12-01,ENS,3.4694469519532198e-18
14,2025-12-05,2025-12-01,LINK,3.4694469519532198e-18
14,2025-12-05,2025-12-01,CRO,3.4694469519532198e-18
14,2025-12-05,2025-12-01,HBAR,3.4694469519532198e-18
14,2025-12-05,2025-12-01,VANA,3.4694469519532198e-18
14,2025-12-05,2025-12-01,SEI,3.4694469519532198e-18
14,2025-12-05,2025-12-01,STRAX,0.03040026699192772
14,2025-12-05,2025-12-01,KNC,0.04110552038639404
14,2025-12-05,2025-12-01,ME,3.4694469519532198e-18
14,2025-12-05,2025-12-01,SHIB,3.4694469519532198e-18
14,2025-12-05,2025-12-01,CBK,0.04960448429884678
14,2025-12-05,2025-12-01,AQT,0.11241782897032289
14,2025-12-05,2025-12-01,SAFE,3.4694469519532198e-18
14,2025-12-05,2025-12-01,GLM,0.025747485753964777
14,2025-12-05,2025-12-01,PEPE,3.4694469519532198e-18
14,2025-12-05,2025-12-01,BONK,3.4694469519532198e-18
14,2025-12-05,2025-12-01,WAVES,0.02817251422187257
14,2025-12-05,2025-12-01,MASK,3.4694469519532198e-18
14,2025-12-05,2025-12-01,ATH,3.4694469519532198e-18
14,2025-12-05,2025-12-01,TOKAMAK,0.12874938376435158
14,2025-12-05,2025-12-01,CARV,3.4694469519532198e-18
14,2025-12-05,2025-12-01,MEW,3.4694469519532198e-18
14,2025-12-05,2025-12-01,MNT,3.4694469519532198e-18
14,2025-12-05,2025-12-01,PYTH,3.4694469519532198e-18
14,2025-12-05,2025-12-01,SONIC,0.011423838149209031
14,2025-12-05,2025-12-01,GAS,0.057133376539029716
14,2025-12-05,2025-12-01,AKT,3.4694469519532198e-18
14,2025-12-05,2025-12-01,BIGTIME,3.4694469519532198e-18
14,2025-12-05,2025-12-01,DRIFT,3.4694469519532198e-18
14,2025-12-06,2025-12-01,XRP,0.037912983793098126
14,2025-12-06,2025-12-01,BTC,0.25
14,2025-12-06,2025-12-01,ETH,0.04897797517317792
14,2025-12-06,2025-12-01,SOL,3.4694469519532198e-18
14,2025-12-06,2025-12-01,DOGE,3.4694469519532198e-18
14,2025-12-06,2025-12-01,AERGO,0.011809656725954581
14,2025-12-06,2025-12-01,ADA,3.4694469519532198e-18
14,2025-12-06,2025-12-01,AUCTION,0.0037718250307461434
14,2025-12-06,2025-12-01,ONDO,3.4694469519532198e-18
14,2025-12-06,2025-12-01,SUI,3.4694469519532198e-18
14,2025-12-06,2025-12-01,VIRTUAL,3.4694469519532198e-18
14,2025-12-06,2025-12-01,ARDR,0.03691939505649107
14,2025-12-06,2025-12-01,MOVE,3.4694469519532198e-18
14,2025-12-06,2025-12-01,AWE,0.03188061234350269
14,2025-12-06,2025-12-01,XLM,3.4694469519532198e-18
14,2025-12-06,2025-12-01,AXS,3.4694469519532198e-18
14,2025-12-06,2025-12-01,SNT,0.06734315443504417
14,2025-12-06,2025-12-01,QTUM,3.4694469519532198e-18
14,2025-12-06,2025-12-01,ANIME,3.4694469519532198e-18
14,2025-12-06,2025-12-01,PUNDIX,0.023245129885574572
14,2025-12-06,2025-12-01,ARK,0.00338456848049175
14,2025-12-06,2025-12-01,ENS,3.4694469519532198e-18
14,2025-12-06,2025-12-01,LINK,3.4694469519532198e-18
14,2025-12-06,2025-12-01,CRO,3.4694469519532198e-18
14,2025-12-06,2025-12-01,HBAR,3.4694469519532198e-18
14,2025-12-06,2025-12-01,VANA,3.4694469519532198e-18
14,2025-12-06,2025-12-01,SEI,3.4694469519532198e-18
14,2025-12-06,2025-12-01,STRAX,0.03040026699192772
14,2025-12-06,2025-12-01,KNC,0.04110552038639404
14,2025-12-06,2025-12-01,ME,3.4694469519532198e-18
14,2025-12-06,2025-12-01,SHIB,3.4694469519532198e-18
14,2025-12-06,2025-12-01,CBK,0.04960448429884678
14,2025-12-06,2025-12-01,AQT,0.11241782897032289
14,2025-12-06,2025-12-01,SAFE,3.4694469519532198e-18
14,2025-12-06,2025-12-01,GLM,0.025747485753964777
14,2025-12-06,2025-12-01,PEPE,3.4694469519532198e-18
14,2025-12-06,2025-12-01,BONK,3.4694469519532198e-18
14,2025-12-06,2025-12-01,WAVES,0.02817251422187257
14,2025-12-06,2025-12-01,MASK,3.4694469519532198e-18
14,2025-12-06,2025-12-01,ATH,3.4694469519532198e-18
14,2025-12-06,2025-12-01,TOKAMAK,0.12874938376435158
14,2025-12-06,2025-12-01,CARV,3.4694469519532198e-18
14,2025-12-06,2025-12-01,MEW,3.4694469519532198e-18
14,2025-12-06,2025-12-01,MNT,3.4694469519532198e-18
14,2025-12-06,2025-12-01,PYTH,3.4694469519532198e-18
14,2025-12-06,2025-12-01,SONIC,0.011423838149209031
14,2025-12-06,2025-12-01,GAS,0.057133376539029716
14,2025-12-06,2025-12-01,AKT,3.4694469519532198e-18
14,2025-12-06,2025-12-01,BIGTIME,3.4694469519532198e-18
14,2025-12-06,2025-12-01,DRIFT,3.4694469519532198e-18
14,2025-12-07,2025-12-01,XRP,0.037912983793098126
14,2025-12-07,2025-12-01,BTC,0.25
14,2025-12-07,2025-12-01,ETH,0.04897797517317792
14,2025-12-07,2025-12-01,SOL,3.4694469519532198e-18
14,2025-12-07,2025-12-01,DOGE,3.4694469519532198e-18
14,2025-12-07,2025-12-01,AERGO,0.011809656725954581
14,2025-12-07,2025-12-01,ADA,3.4694469519532198e-18
14,2025-12-07,2025-12-01,AUCTION,0.0037718250307461434
14,2025-12-07,2025-12-01,ONDO,3.4694469519532198e-18
14,2025-12-07,2025-12-01,SUI,3.4694469519532198e-18
14,2025-12-07,2025-12-01,VIRTUAL,3.4694469519532198e-18
14,2025-12-07,2025-12-01,ARDR,0.03691939505649107
14,2025-12-07,2025-12-01,MOVE,3.4694469519532198e-18
14,2025-12-07,2025-12-01,AWE,0.03188061234350269
14,2025-12-07,2025-12-01,XLM,3.4694469519532198e-18
14,2025-12-07,2025-12-01,AXS,3.4694469519532198e-18
14,2025-12-07,2025-12-01,SNT,0.06734315443504417
14,2025-12-07,2025-12-01,QTUM,3.4694469519532198e-18
14,2025-12-07,2025-12-01,ANIME,3.4694469519532198e-18
14,2025-12-07,2025-12-01,PUNDIX,0.023245129885574572
14,2025-12-07,2025-12-01,ARK,0.00338456848049175
14,2025-12-07,2025-12-01,ENS,3.4694469519532198e-18
14,2025-12-07,2025-12-01,LINK,3.4694469519532198e-18
14,2025-12-07,2025-12-01,CRO,3.4694469519532198e-18
14,2025-12-07,2025-12-01,HBAR,3.4694469519532198e-18
14,2025-12-07,2025-12-01,VANA,3.4694469519532198e-18
14,2025-12-07,2025-12-01,SEI,3.4694469519532198e-18
14,2025-12-07,2025-12-01,STRAX,0.03040026699192772
14,2025-12-07,2025-12-01,KNC,0.04110552038639404
14,2025-12-07,2025-12-01,ME,3.4694469519532198e-18
14,2025-12-07,2025-12-01,SHIB,3.4694469519532198e-18
14,2025-12-07,2025-12-01,CBK,0.04960448429884678
14,2025-12-07,2025-12-01,AQT,0.11241782897032289
14,2025-12-07,2025-12-01,SAFE,3.4694469519532198e-18
14,2025-12-07,2025-12-01,GLM,0.025747485753964777
14,2025-12-07,2025-12-01,PEPE,3.4694469519532198e-18
14,2025-12-07,2025-12-01,BONK,3.4694469519532198e-18
14,2025-12-07,2025-12-01,WAVES,0.02817251422187257
14,2025-12-07,2025-12-01,MASK,3.4694469519532198e-18
14,2025-12-07,2025-12-01,ATH,3.4694469519532198e-18
14,2025-12-07,2025-12-01,TOKAMAK,0.12874938376435158
14,2025-12-07,2025-12-01,CARV,3.4694469519532198e-18
14,2025-12-07,2025-12-01,MEW,3.4694469519532198e-18
14,2025-12-07,2025-12-01,MNT,3.4694469519532198e-18
14,2025-12-07,2025-12-01,PYTH,3.4694469519532198e-18
14,2025-12-07,2025-12-01,SONIC,0.011423838149209031
14,2025-12-07,2025-12-01,GAS,0.057133376539029716
14,2025-12-07,2025-12-01,AKT,3.4694469519532198e-18
14,2025-12-07,2025-12-01,BIGTIME,3.4694469519532198e-18
14,2025-12-07,2025-12-01,DRIFT,3.4694469519532198e-18
14,2025-12-08,2025-12-01,XRP,0.037912983793098126
14,2025-12-08,2025-12-01,BTC,0.25
14,2025-12-08,2025-12-01,ETH,0.04897797517317792
14,2025-12-08,2025-12-01,SOL,3.4694469519532198e-18
14,2025-12-08,2025-12-01,DOGE,3.4694469519532198e-18
14,2025-12-08,2025-12-01,AERGO,0.011809656725954581
14,2025-12-08,2025-12-01,ADA,3.4694469519532198e-18
14,2025-12-08,2025-12-01,AUCTION,0.0037718250307461434
14,2025-12-08,2025-12-01,ONDO,3.4694469519532198e-18
14,2025-12-08,2025-12-01,SUI,3.4694469519532198e-18
14,2025-12-08,2025-12-01,VIRTUAL,3.4694469519532198e-18
14,2025-12-08,2025-12-01,ARDR,0.03691939505649107
14,2025-12-08,2025-12-01,MOVE,3.4694469519532198e-18
14,2025-12-08,2025-12-01,AWE,0.03188061234350269
14,2025-12-08,2025-12-01,XLM,3.4694469519532198e-18
14,2025-12-08,2025-12-01,AXS,3.4694469519532198e-18
14,2025-12-08,2025-12-01,SNT,0.06734315443504417
14,2025-12-08,2025-12-01,QTUM,3.4694469519532198e-18
14,2025-12-08,2025-12-01,ANIME,3.4694469519532198e-18
14,2025-12-08,2025-12-01,PUNDIX,0.023245129885574572
14,2025-12-08,2025-12-01,ARK,0.00338456848049175
14,2025-12-08,2025-12-01,ENS,3.4694469519532198e-18
14,2025-12-08,2025-12-01,LINK,3.4694469519532198e-18
14,2025-12-08,2025-12-01,CRO,3.4694469519532198e-18
14,2025-12-08,2025-12-01,HBAR,3.4694469519532198e-18
14,2025-12-08,2025-12-01,VANA,3.4694469519532198e-18
14,2025-12-08,2025-12-01,SEI,3.4694469519532198e-18
14,2025-12-08,2025-12-01,STRAX,0.03040026699192772
14,2025-12-08,2025-12-01,KNC,0.04110552038639404
14,2025-12-08,2025-12-01,ME,3.4694469519532198e-18
14,2025-12-08,2025-12-01,SHIB,3.4694469519532198e-18
14,2025-12-08,2025-12-01,CBK,0.04960448429884678
14,2025-12-08,2025-12-01,AQT,0.11241782897032289
14,2025-12-08,2025-12-01,SAFE,3.4694469519532198e-18
14,2025-12-08,2025-12-01,GLM,0.025747485753964777
14,2025-12-08,2025-12-01,PEPE,3.4694469519532198e-18
14,2025-12-08,2025-12-01,BONK,3.4694469519532198e-18
14,2025-12-08,2025-12-01,WAVES,0.02817251422187257
14,2025-12-08,2025-12-01,MASK,3.4694469519532198e-18
14,2025-12-08,2025-12-01,ATH,3.4694469519532198e-18
14,2025-12-08,2025-12-01,TOKAMAK,0.12874938376435158
14,2025-12-08,2025-12-01,CARV,3.4694469519532198e-18
14,2025-12-08,2025-12-01,MEW,3.4694469519532198e-18
14,2025-12-08,2025-12-01,MNT,3.4694469519532198e-18
14,2025-12-08,2025-12-01,PYTH,3.4694469519532198e-18
14,2025-12-08,2025-12-01,SONIC,0.011423838149209031
14,2025-12-08,2025-12-01,GAS,0.057133376539029716
14,2025-12-08,2025-12-01,AKT,3.4694469519532198e-18
14,2025-12-08,2025-12-01,BIGTIME,3.4694469519532198e-18
14,2025-12-08,2025-12-01,DRIFT,3.4694469519532198e-18
14,2025-12-09,2025-12-01,XRP,0.037912983793098126
14,2025-12-09,2025-12-01,BTC,0.25
14,2025-12-09,2025-12-01,ETH,0.04897797517317792
14,2025-12-09,2025-12-01,SOL,3.4694469519532198e-18
14,2025-12-09,2025-12-01,DOGE,3.4694469519532198e-18
14,2025-12-09,2025-12-01,AERGO,0.011809656725954581
14,2025-12-09,2025-12-01,ADA,3.4694469519532198e-18
14,2025-12-09,2025-12-01,AUCTION,0.0037718250307461434
14,2025-12-09,2025-12-01,ONDO,3.4694469519532198e-18
14,2025-12-09,2025-12-01,SUI,3.4694469519532198e-18
14,2025-12-09,2025-12-01,VIRTUAL,3.4694469519532198e-18
14,2025-12-09,2025-12-01,ARDR,0.03691939505649107
14,2025-12-09,2025-12-01,MOVE,3.4694469519532198e-18
14,2025-12-09,2025-12-01,AWE,0.03188061234350269
14,2025-12-09,2025-12-01,XLM,3.4694469519532198e-18
14,2025-12-09,2025-12-01,AXS,3.4694469519532198e-18
14,2025-12-09,2025-12-01,SNT,0.06734315443504417
14,2025-12-09,2025-12-01,QTUM,3.4694469519532198e-18
14,2025-12-09,2025-12-01,ANIME,3.4694469519532198e-18
14,2025-12-09,2025-12-01,PUNDIX,0.023245129885574572
14,2025-12-09,2025-12-01,ARK,0.00338456848049175
14,2025-12-09,2025-12-01,ENS,3.4694469519532198e-18
14,2025-12-09,2025-12-01,LINK,3.4694469519532198e-18
14,2025-12-09,2025-12-01,CRO,3.4694469519532198e-18
14,2025-12-09,2025-12-01,HBAR,3.4694469519532198e-18
14,2025-12-09,2025-12-01,VANA,3.4694469519532198e-18
14,2025-12-09,2025-12-01,SEI,3.4694469519532198e-18
14,2025-12-09,2025-12-01,STRAX,0.03040026699192772
14,2025-12-09,2025-12-01,KNC,0.04110552038639404
14,2025-12-09,2025-12-01,ME,3.4694469519532198e-18
14,2025-12-09,2025-12-01,SHIB,3.4694469519532198e-18
14,2025-12-09,2025-12-01,CBK,0.04960448429884678
14,2025-12-09,2025-12-01,AQT,0.11241782897032289
14,2025-12-09,2025-12-01,SAFE,3.4694469519532198e-18
14,2025-12-09,2025-12-01,GLM,0.025747485753964777
14,2025-12-09,2025-12-01,PEPE,3.4694469519532198e-18
14,2025-12-09,2025-12-01,BONK,3.4694469519532198e-18
14,2025-12-09,2025-12-01,WAVES,0.02817251422187257
14,2025-12-09,2025-12-01,MASK,3.4694469519532198e-18
14,2025-12-09,2025-12-01,ATH,3.4694469519532198e-18
14,2025-12-09,2025-12-01,TOKAMAK,0.12874938376435158
14,2025-12-09,2025-12-01,CARV,3.4694469519532198e-18
14,2025-12-09,2025-12-01,MEW,3.4694469519532198e-18
14,2025-12-09,2025-12-01,MNT,3.4694469519532198e-18
14,2025-12-09,2025-12-01,PYTH,3.4694469519532198e-18
14,2025-12-09,2025-12-01,SONIC,0.011423838149209031
14,2025-12-09,2025-12-01,GAS,0.057133376539029716
14,2025-12-09,2025-12-01,AKT,3.4694469519532198e-18
14,2025-12-09,2025-12-01,BIGTIME,3.4694469519532198e-18
14,2025-12-09,2025-12-01,DRIFT,3.4694469519532198e-18
14,2025-12-10,2025-12-01,XRP,0.037912983793098126
14,2025-12-10,2025-12-01,BTC,0.25
14,2025-12-10,2025-12-01,ETH,0.04897797517317792
14,2025-12-10,2025-12-01,SOL,3.4694469519532198e-18
14,2025-12-10,2025-12-01,DOGE,3.4694469519532198e-18
14,2025-12-10,2025-12-01,AERGO,0.011809656725954581
14,2025-12-10,2025-12-01,ADA,3.4694469519532198e-18
14,2025-12-10,2025-12-01,AUCTION,0.0037718250307461434
14,2025-12-10,2025-12-01,ONDO,3.4694469519532198e-18
14,2025-12-10,2025-12-01,SUI,3.4694469519532198e-18
14,2025-12-10,2025-12-01,VIRTUAL,3.4694469519532198e-18
14,2025-12-10,2025-12-01,ARDR,0.03691939505649107
14,2025-12-10,2025-12-01,MOVE,3.4694469519532198e-18
14,2025-12-10,2025-12-01,AWE,0.03188061234350269
14,2025-12-10,2025-12-01,XLM,3.4694469519532198e-18
14,2025-12-10,2025-12-01,AXS,3.4694469519532198e-18
14,2025-12-10,2025-12-01,SNT,0.06734315443504417
14,2025-12-10,2025-12-01,QTUM,3.4694469519532198e-18
14,2025-12-10,2025-12-01,ANIME,3.4694469519532198e-18
14,2025-12-10,2025-12-01,PUNDIX,0.023245129885574572
14,2025-12-10,2025-12-01,ARK,0.00338456848049175
14,2025-12-10,2025-12-01,ENS,3.4694469519532198e-18
14,2025-12-10,2025-12-01,LINK,3.4694469519532198e-18
14,2025-12-10,2025-12-01,CRO,3.4694469519532198e-18
14,2025-12-10,2025-12-01,HBAR,3.4694469519532198e-18
14,2025-12-10,2025-12-01,VANA,3.4694469519532198e-18
14,2025-12-10,2025-12-01,SEI,3.4694469519532198e-18
14,2025-12-10,2025-12-01,STRAX,0.03040026699192772
14,2025-12-10,2025-12-01,KNC,0.04110552038639404
14,2025-12-10,2025-12-01,ME,3.4694469519532198e-18
14,2025-12-10,2025-12-01,SHIB,3.4694469519532198e-18
14,2025-12-10,2025-12-01,CBK,0.04960448429884678
14,2025-12-10,2025-12-01,AQT,0.11241782897032289
14,2025-12-10,2025-12-01,SAFE,3.4694469519532198e-18
14,2025-12-10,2025-12-01,GLM,0.025747485753964777
14,2025-12-10,2025-12-01,PEPE,3.4694469519532198e-18
14,2025-12-10,2025-12-01,BONK,3.4694469519532198e-18
14,2025-12-10,2025-12-01,WAVES,0.02817251422187257
14,2025-12-10,2025-12-01,MASK,3.4694469519532198e-18
14,2025-12-10,2025-12-01,ATH,3.4694469519532198e-18
14,2025-12-10,2025-12-01,TOKAMAK,0.12874938376435158
14,2025-12-10,2025-12-01,CARV,3.4694469519532198e-18
14,2025-12-10,2025-12-01,MEW,3.4694469519532198e-18
14,2025-12-10,2025-12-01,MNT,3.4694469519532198e-18
14,2025-12-10,2025-12-01,PYTH,3.4694469519532198e-18
14,2025-12-10,2025-12-01,SONIC,0.011423838149209031
14,2025-12-10,2025-12-01,GAS,0.057133376539029716
14,2025-12-10,2025-12-01,AKT,3.4694469519532198e-18
14,2025-12-10,2025-12-01,BIGTIME,3.4694469519532198e-18
14,2025-12-10,2025-12-01,DRIFT,3.4694469519532198e-18
14,2025-12-11,2025-12-01,XRP,0.037912983793098126
14,2025-12-11,2025-12-01,BTC,0.25
14,2025-12-11,2025-12-01,ETH,0.04897797517317792
14,2025-12-11,2025-12-01,SOL,3.4694469519532198e-18
14,2025-12-11,2025-12-01,DOGE,3.4694469519532198e-18
14,2025-12-11,2025-12-01,AERGO,0.011809656725954581
14,2025-12-11,2025-12-01,ADA,3.4694469519532198e-18
14,2025-12-11,2025-12-01,AUCTION,0.0037718250307461434
14,2025-12-11,2025-12-01,ONDO,3.4694469519532198e-18
14,2025-12-11,2025-12-01,SUI,3.4694469519532198e-18
14,2025-12-11,2025-12-01,VIRTUAL,3.4694469519532198e-18
14,2025-12-11,2025-12-01,ARDR,0.03691939505649107
14,2025-12-11,2025-12-01,MOVE,3.4694469519532198e-18
14,2025-12-11,2025-12-01,AWE,0.03188061234350269
14,2025-12-11,2025-12-01,XLM,3.4694469519532198e-18
14,2025-12-11,2025-12-01,AXS,3.4694469519532198e-18
14,2025-12-11,2025-12-01,SNT,0.06734315443504417
14,2025-12-11,2025-12-01,QTUM,3.4694469519532198e-18
14,2025-12-11,2025-12-01,ANIME,3.4694469519532198e-18
14,2025-12-11,2025-12-01,PUNDIX,0.023245129885574572
14,2025-12-11,2025-12-01,ARK,0.00338456848049175
14,2025-12-11,2025-12-01,ENS,3.4694469519532198e-18
14,2025-12-11,2025-12-01,LINK,3.4694469519532198e-18
14,2025-12-11,2025-12-01,CRO,3.4694469519532198e-18
14,2025-12-11,2025-12-01,HBAR,3.4694469519532198e-18
14,2025-12-11,2025-12-01,VANA,3.4694469519532198e-18
14,2025-12-11,2025-12-01,SEI,3.4694469519532198e-18
14,2025-12-11,2025-12-01,STRAX,0.03040026699192772
14,2025-12-11,2025-12-01,KNC,0.04110552038639404
14,2025-12-11,2025-12-01,ME,3.4694469519532198e-18
14,2025-12-11,2025-12-01,SHIB,3.4694469519532198e-18
14,2025-12-11,2025-12-01,CBK,0.04960448429884678
14,2025-12-11,2025-12-01,AQT,0.11241782897032289
14,2025-12-11,2025-12-01,SAFE,3.4694469519532198e-18
14,2025-12-11,2025-12-01,GLM,0.025747485753964777
14,2025-12-11,2025-12-01,PEPE,3.4694469519532198e-18
14,2025-12-11,2025-12-01,BONK,3.4694469519532198e-18
14,2025-12-11,2025-12-01,WAVES,0.02817251422187257
14,2025-12-11,2025-12-01,MASK,3.4694469519532198e-18
14,2025-12-11,2025-12-01,ATH,3.4694469519532198e-18
14,2025-12-11,2025-12-01,TOKAMAK,0.12874938376435158
14,2025-12-11,2025-12-01,CARV,3.4694469519532198e-18
14,2025-12-11,2025-12-01,MEW,3.4694469519532198e-18
14,2025-12-11,2025-12-01,MNT,3.4694469519532198e-18
14,2025-12-11,2025-12-01,PYTH,3.4694469519532198e-18
14,2025-12-11,2025-12-01,SONIC,0.011423838149209031
14,2025-12-11,2025-12-01,GAS,0.057133376539029716
14,2025-12-11,2025-12-01,AKT,3.4694469519532198e-18
14,2025-12-11,2025-12-01,BIGTIME,3.4694469519532198e-18
14,2025-12-11,2025-12-01,DRIFT,3.4694469519532198e-18
14,2025-12-12,2025-12-01,XRP,0.037912983793098126
14,2025-12-12,2025-12-01,BTC,0.25
14,2025-12-12,2025-12-01,ETH,0.04897797517317792
14,2025-12-12,2025-12-01,SOL,3.4694469519532198e-18
14,2025-12-12,2025-12-01,DOGE,3.4694469519532198e-18
14,2025-12-12,2025-12-01,AERGO,0.011809656725954581
14,2025-12-12,2025-12-01,ADA,3.4694469519532198e-18
14,2025-12-12,2025-12-01,AUCTION,0.0037718250307461434
14,2025-12-12,2025-12-01,ONDO,3.4694469519532198e-18
14,2025-12-12,2025-12-01,SUI,3.4694469519532198e-18
14,2025-12-12,2025-12-01,VIRTUAL,3.4694469519532198e-18
14,2025-12-12,2025-12-01,ARDR,0.03691939505649107
14,2025-12-12,2025-12-01,MOVE,3.4694469519532198e-18
14,2025-12-12,2025-12-01,AWE,0.03188061234350269
14,2025-12-12,2025-12-01,XLM,3.4694469519532198e-18
14,2025-12-12,2025-12-01,AXS,3.4694469519532198e-18
14,2025-12-12,2025-12-01,SNT,0.06734315443504417
14,2025-12-12,2025-12-01,QTUM,3.4694469519532198e-18
14,2025-12-12,2025-12-01,ANIME,3.4694469519532198e-18
14,2025-12-12,2025-12-01,PUNDIX,0.023245129885574572
14,2025-12-12,2025-12-01,ARK,0.00338456848049175
14,2025-12-12,2025-12-01,ENS,3.4694469519532198e-18
14,2025-12-12,2025-12-01,LINK,3.4694469519532198e-18
14,2025-12-12,2025-12-01,CRO,3.4694469519532198e-18
14,2025-12-12,2025-12-01,HBAR,3.4694469519532198e-18
14,2025-12-12,2025-12-01,VANA,3.4694469519532198e-18
14,2025-12-12,2025-12-01,SEI,3.4694469519532198e-18
14,2025-12-12,2025-12-01,STRAX,0.03040026699192772
14,2025-12-12,2025-12-01,KNC,0.04110552038639404
14,2025-12-12,2025-12-01,ME,3.4694469519532198e-18
14,2025-12-12,2025-12-01,SHIB,3.4694469519532198e-18
14,2025-12-12,2025-12-01,CBK,0.04960448429884678
14,2025-12-12,2025-12-01,AQT,0.11241782897032289
14,2025-12-12,2025-12-01,SAFE,3.4694469519532198e-18
14,2025-12-12,2025-12-01,GLM,0.025747485753964777
14,2025-12-12,2025-12-01,PEPE,3.4694469519532198e-18
14,2025-12-12,2025-12-01,BONK,3.4694469519532198e-18
14,2025-12-12,2025-12-01,WAVES,0.02817251422187257
14,2025-12-12,2025-12-01,MASK,3.4694469519532198e-18
14,2025-12-12,2025-12-01,ATH,3.4694469519532198e-18
14,2025-12-12,2025-12-01,TOKAMAK,0.12874938376435158
14,2025-12-12,2025-12-01,CARV,3.4694469519532198e-18
14,2025-12-12,2025-12-01,MEW,3.4694469519532198e-18
14,2025-12-12,2025-12-01,MNT,3.4694469519532198e-18
14,2025-12-12,2025-12-01,PYTH,3.4694469519532198e-18
14,2025-12-12,2025-12-01,SONIC,0.011423838149209031
14,2025-12-12,2025-12-01,GAS,0.057133376539029716
14,2025-12-12,2025-12-01,AKT,3.4694469519532198e-18
14,2025-12-12,2025-12-01,BIGTIME,3.4694469519532198e-18
14,2025-12-12,2025-12-01,DRIFT,3.4694469519532198e-18
14,2025-12-13,2025-12-01,XRP,0.037912983793098126
14,2025-12-13,2025-12-01,BTC,0.25
14,2025-12-13,2025-12-01,ETH,0.04897797517317792
14,2025-12-13,2025-12-01,SOL,3.4694469519532198e-18
14,2025-12-13,2025-12-01,DOGE,3.4694469519532198e-18
14,2025-12-13,2025-12-01,AERGO,0.011809656725954581
14,2025-12-13,2025-12-01,ADA,3.4694469519532198e-18
14,2025-12-13,2025-12-01,AUCTION,0.0037718250307461434
14,2025-12-13,2025-12-01,ONDO,3.4694469519532198e-18
14,2025-12-13,2025-12-01,SUI,3.4694469519532198e-18
14,2025-12-13,2025-12-01,VIRTUAL,3.4694469519532198e-18
14,2025-12-13,2025-12-01,ARDR,0.03691939505649107
14,2025-12-13,2025-12-01,MOVE,3.4694469519532198e-18
14,2025-12-13,2025-12-01,AWE,0.03188061234350269
14,2025-12-13,2025-12-01,XLM,3.4694469519532198e-18
14,2025-12-13,2025-12-01,AXS,3.4694469519532198e-18
14,2025-12-13,2025-12-01,SNT,0.06734315443504417
14,2025-12-13,2025-12-01,QTUM,3.4694469519532198e-18
14,2025-12-13,2025-12-01,ANIME,3.4694469519532198e-18
14,2025-12-13,2025-12-01,PUNDIX,0.023245129885574572
14,2025-12-13,2025-12-01,ARK,0.00338456848049175
14,2025-12-13,2025-12-01,ENS,3.4694469519532198e-18
14,2025-12-13,2025-12-01,LINK,3.4694469519532198e-18
14,2025-12-13,2025-12-01,CRO,3.4694469519532198e-18
14,2025-12-13,2025-12-01,HBAR,3.4694469519532198e-18
14,2025-12-13,2025-12-01,VANA,3.4694469519532198e-18
14,2025-12-13,2025-12-01,SEI,3.4694469519532198e-18
14,2025-12-13,2025-12-01,STRAX,0.03040026699192772
14,2025-12-13,2025-12-01,KNC,0.04110552038639404
14,2025-12-13,2025-12-01,ME,3.4694469519532198e-18
14,2025-12-13,2025-12-01,SHIB,3.4694469519532198e-18
14,2025-12-13,2025-12-01,CBK,0.04960448429884678
14,2025-12-13,2025-12-01,AQT,0.11241782897032289
14,2025-12-13,2025-12-01,SAFE,3.4694469519532198e-18
14,2025-12-13,2025-12-01,GLM,0.025747485753964777
14,2025-12-13,2025-12-01,PEPE,3.4694469519532198e-18
14,2025-12-13,2025-12-01,BONK,3.4694469519532198e-18
14,2025-12-13,2025-12-01,WAVES,0.02817251422187257
14,2025-12-13,2025-12-01,MASK,3.4694469519532198e-18
14,2025-12-13,2025-12-01,ATH,3.4694469519532198e-18
14,2025-12-13,2025-12-01,TOKAMAK,0.12874938376435158
14,2025-12-13,2025-12-01,CARV,3.4694469519532198e-18
14,2025-12-13,2025-12-01,MEW,3.4694469519532198e-18
14,2025-12-13,2025-12-01,MNT,3.4694469519532198e-18
14,2025-12-13,2025-12-01,PYTH,3.4694469519532198e-18
14,2025-12-13,2025-12-01,SONIC,0.011423838149209031
14,2025-12-13,2025-12-01,GAS,0.057133376539029716
14,2025-12-13,2025-12-01,AKT,3.4694469519532198e-18
14,2025-12-13,2025-12-01,BIGTIME,3.4694469519532198e-18
14,2025-12-13,2025-12-01,DRIFT,3.4694469519532198e-18
14,2025-12-14,2025-12-01,XRP,0.037912983793098126
14,2025-12-14,2025-12-01,BTC,0.25
14,2025-12-14,2025-12-01,ETH,0.04897797517317792
14,2025-12-14,2025-12-01,SOL,3.4694469519532198e-18
14,2025-12-14,2025-12-01,DOGE,3.4694469519532198e-18
14,2025-12-14,2025-12-01,AERGO,0.011809656725954581
14,2025-12-14,2025-12-01,ADA,3.4694469519532198e-18
14,2025-12-14,2025-12-01,AUCTION,0.0037718250307461434
14,2025-12-14,2025-12-01,ONDO,3.4694469519532198e-18
14,2025-12-14,2025-12-01,SUI,3.4694469519532198e-18
14,2025-12-14,2025-12-01,VIRTUAL,3.4694469519532198e-18
14,2025-12-14,2025-12-01,ARDR,0.03691939505649107
14,2025-12-14,2025-12-01,MOVE,3.4694469519532198e-18
14,2025-12-14,2025-12-01,AWE,0.03188061234350269
14,2025-12-14,2025-12-01,XLM,3.4694469519532198e-18
14,2025-12-14,2025-12-01,AXS,3.4694469519532198e-18
14,2025-12-14,2025-12-01,SNT,0.06734315443504417
14,2025-12-14,2025-12-01,QTUM,3.4694469519532198e-18
14,2025-12-14,2025-12-01,ANIME,3.4694469519532198e-18
14,2025-12-14,2025-12-01,PUNDIX,0.023245129885574572
14,2025-12-14,2025-12-01,ARK,0.00338456848049175
14,2025-12-14,2025-12-01,ENS,3.4694469519532198e-18
14,2025-12-14,2025-12-01,LINK,3.4694469519532198e-18
14,2025-12-14,2025-12-01,CRO,3.4694469519532198e-18
14,2025-12-14,2025-12-01,HBAR,3.4694469519532198e-18
14,2025-12-14,2025-12-01,VANA,3.4694469519532198e-18
14,2025-12-14,2025-12-01,SEI,3.4694469519532198e-18
14,2025-12-14,2025-12-01,STRAX,0.03040026699192772
14,2025-12-14,2025-12-01,KNC,0.04110552038639404
14,2025-12-14,2025-12-01,ME,3.4694469519532198e-18
14,2025-12-14,2025-12-01,SHIB,3.4694469519532198e-18
14,2025-12-14,2025-12-01,CBK,0.04960448429884678
14,2025-12-14,2025-12-01,AQT,0.11241782897032289
14,2025-12-14,2025-12-01,SAFE,3.4694469519532198e-18
14,2025-12-14,2025-12-01,GLM,0.025747485753964777
14,2025-12-14,2025-12-01,PEPE,3.4694469519532198e-18
14,2025-12-14,2025-12-01,BONK,3.4694469519532198e-18
14,2025-12-14,2025-12-01,WAVES,0.02817251422187257
14,2025-12-14,2025-12-01,MASK,3.4694469519532198e-18
14,2025-12-14,2025-12-01,ATH,3.4694469519532198e-18
14,2025-12-14,2025-12-01,TOKAMAK,0.12874938376435158
14,2025-12-14,2025-12-01,CARV,3.4694469519532198e-18
14,2025-12-14,2025-12-01,MEW,3.4694469519532198e-18
14,2025-12-14,2025-12-01,MNT,3.4694469519532198e-18
14,2025-12-14,2025-12-01,PYTH,3.4694469519532198e-18
14,2025-12-14,2025-12-01,SONIC,0.011423838149209031
14,2025-12-14,2025-12-01,GAS,0.057133376539029716
14,2025-12-14,2025-12-01,AKT,3.4694469519532198e-18
14,2025-12-14,2025-12-01,BIGTIME,3.4694469519532198e-18
14,2025-12-14,2025-12-01,DRIFT,3.4694469519532198e-18
14,2026-01-01,2026-01-01,XRP,0.06320514355958773
14,2026-01-01,2026-01-01,BTC,0.25
14,2026-01-01,2026-01-01,ETH,6.938893903907228e-18
14,2026-01-01,2026-01-01,SOL,6.938893903907228e-18
14,2026-01-01,2026-01-01,DOGE,6.938893903907228e-18
14,2026-01-01,2026-01-01,AERGO,0.003877410765782674
14,2026-01-01,2026-01-01,ADA,6.938893903907228e-18
14,2026-01-01,2026-01-01,AUCTION,0.007679055392903287
14,2026-01-01,2026-01-01,ONDO,6.938893903907228e-18
14,2026-01-01,2026-01-01,SUI,6.938893903907228e-18
14,2026-01-01,2026-01-01,VIRTUAL,6.938893903907228e-18
14,2026-01-01,2026-01-01,ARDR,0.09621251582192208
14,2026-01-01,2026-01-01,MOVE,6.938893903907228e-18
14,2026-01-01,2026-01-01,AWE,0.023828570398968685
14,2026-01-01,2026-01-01,XLM,6.938893903907228e-18
14,2026-01-01,2026-01-01,AXS,6.938893903907228e-18
14,2026-01-01,2026-01-01,SNT,0.055758882436057734
14,2026-01-01,2026-01-01,QTUM,6.938893903907228e-18
14,2026-01-01,2026-01-01,ANIME,6.938893903907228e-18
14,2026-01-01,2026-01-01,PUNDIX,0.02904106000795944
14,2026-01-01,2026-01-01,ARK,6.938893903907228e-18
14,2026-01-01,2026-01-01,ENS,6.938893903907228e-18
14,2026-01-01,2026-01-01,LINK,6.938893903907228e-18
14,2026-01-01,2026-01-01,CRO,0.018369216414469626
14,2026-01-01,2026-01-01,HBAR,6.938893903907228e-18
14,2026-01-01,2026-01-01,VANA,0.007166642396030369
14,2026-01-01,2026-01-01,SEI,6.938893903907228e-18
14,2026-01-01,2026-01-01,STRAX,0.013884621034011824
14,2026-01-01,2026-01-01,KNC,0.08680602784689981
14,2026-01-01,2026-01-01,ME,6.938893903907228e-18
14,2026-01-01,2026-01-01,SHIB,6.938893903907228e-18
14,2026-01-01,2026-01-01,CBK,0.04106334903725687
14,2026-01-01,2026-01-01,AQT,0.06357538414099398
14,2026-01-01,2026-01-01,SAFE,6.938893903907228e-18
14,2026-01-01,2026-01-01,GLM,0.041155107658103575
14,2026-01-01,2026-01-01,PEPE,6.938893903907228e-18
14,2026-01-01,2026-01-01,BONK,6.938893903907228e-18
14,2026-01-01,2026-01-01,WAVES,0.015847173454751614
14,2026-01-01,2026-01-01,MASK,6.938893903907228e-18
14,2026-01-01,2026-01-01,ATH,6.938893903907228e-18
14,2026-01-01,2026-01-01,TOKAMAK,0.16391955008744796
14,2026-01-01,2026-01-01,CARV,0.011674585311609071
14,2026-01-01,2026-01-01,MEW,6.938893903907228e-18
14,2026-01-01,2026-01-01,MNT,0.0028317989900354893
14,2026-01-01,2026-01-01,PYTH,6.938893903907228e-18
14,2026-01-01,2026-01-01,SONIC,6.938893903907228e-18
14,2026-01-01,2026-01-01,GAS,0.004103905245208187
14,2026-01-01,2026-01-01,AKT,6.938893903907228e-18
14,2026-01-01,2026-01-01,BIGTIME,6.938893903907228e-18
14,2026-01-01,2026-01-01,DRIFT,6.938893903907228e-18
14,2026-01-02,2026-01-01,XRP,0.06320514355958773
14,2026-01-02,2026-01-01,BTC,0.25
14,2026-01-02,2026-01-01,ETH,6.938893903907228e-18
14,2026-01-02,2026-01-01,SOL,6.938893903907228e-18
14,2026-01-02,2026-01-01,DOGE,6.938893903907228e-18
14,2026-01-02,2026-01-01,AERGO,0.003877410765782674
14,2026-01-02,2026-01-01,ADA,6.938893903907228e-18
14,2026-01-02,2026-01-01,AUCTION,0.007679055392903287
14,2026-01-02,2026-01-01,ONDO,6.938893903907228e-18
14,2026-01-02,2026-01-01,SUI,6.938893903907228e-18
14,2026-01-02,2026-01-01,VIRTUAL,6.938893903907228e-18
14,2026-01-02,2026-01-01,ARDR,0.09621251582192208
14,2026-01-02,2026-01-01,MOVE,6.938893903907228e-18
14,2026-01-02,2026-01-01,AWE,0.023828570398968685
14,2026-01-02,2026-01-01,XLM,6.938893903907228e-18
14,2026-01-02,2026-01-01,AXS,6.938893903907228e-18
14,2026-01-02,2026-01-01,SNT,0.055758882436057734
14,2026-01-02,2026-01-01,QTUM,6.938893903907228e-18
14,2026-01-02,2026-01-01,ANIME,6.938893903907228e-18
14,2026-01-02,2026-01-01,PUNDIX,0.02904106000795944
14,2026-01-02,2026-01-01,ARK,6.938893903907228e-18
14,2026-01-02,2026-01-01,ENS,6.938893903907228e-18
14,2026-01-02,2026-01-01,LINK,6.938893903907228e-18
14,2026-01-02,2026-01-01,CRO,0.018369216414469626
14,2026-01-02,2026-01-01,HBAR,6.938893903907228e-18
14,2026-01-02,2026-01-01,VANA,0.007166642396030369
14,2026-01-02,2026-01-01,SEI,6.938893903907228e-18
14,2026-01-02,2026-01-01,STRAX,0.013884621034011824
14,2026-01-02,2026-01-01,KNC,0.08680602784689981
14,2026-01-02,2026-01-01,ME,6.938893903907228e-18
14,2026-01-02,2026-01-01,SHIB,6.938893903907228e-18
14,2026-01-02,2026-01-01,CBK,0.04106334903725687
14,2026-01-02,2026-01-01,AQT,0.06357538414099398
14,2026-01-02,2026-01-01,SAFE,6.938893903907228e-18
14,2026-01-02,2026-01-01,GLM,0.041155107658103575
14,2026-01-02,2026-01-01,PEPE,6.938893903907228e-18
14,2026-01-02,2026-01-01,BONK,6.938893903907228e-18
14,2026-01-02,2026-01-01,WAVES,0.015847173454751614
14,2026-01-02,2026-01-01,MASK,6.938893903907228e-18
14,2026-01-02,2026-01-01,ATH,6.938893903907228e-18
14,2026-01-02,2026-01-01,TOKAMAK,0.16391955008744796
14,2026-01-02,2026-01-01,CARV,0.011674585311609071
14,2026-01-02,2026-01-01,MEW,6.938893903907228e-18
14,2026-01-02,2026-01-01,MNT,0.0028317989900354893
14,2026-01-02,2026-01-01,PYTH,6.938893903907228e-18
14,2026-01-02,2026-01-01,SONIC,6.938893903907228e-18
14,2026-01-02,2026-01-01,GAS,0.004103905245208187
14,2026-01-02,2026-01-01,AKT,6.938893903907228e-18
14,2026-01-02,2026-01-01,BIGTIME,6.938893903907228e-18
14,2026-01-02,2026-01-01,DRIFT,6.938893903907228e-18
14,2026-01-03,2026-01-01,XRP,0.06320514355958773
14,2026-01-03,2026-01-01,BTC,0.25
14,2026-01-03,2026-01-01,ETH,6.938893903907228e-18
14,2026-01-03,2026-01-01,SOL,6.938893903907228e-18
14,2026-01-03,2026-01-01,DOGE,6.938893903907228e-18
14,2026-01-03,2026-01-01,AERGO,0.003877410765782674
14,2026-01-03,2026-01-01,ADA,6.938893903907228e-18
14,2026-01-03,2026-01-01,AUCTION,0.007679055392903287
14,2026-01-03,2026-01-01,ONDO,6.938893903907228e-18
14,2026-01-03,2026-01-01,SUI,6.938893903907228e-18
14,2026-01-03,2026-01-01,VIRTUAL,6.938893903907228e-18
14,2026-01-03,2026-01-01,ARDR,0.09621251582192208
14,2026-01-03,2026-01-01,MOVE,6.938893903907228e-18
14,2026-01-03,2026-01-01,AWE,0.023828570398968685
14,2026-01-03,2026-01-01,XLM,6.938893903907228e-18
14,2026-01-03,2026-01-01,AXS,6.938893903907228e-18
14,2026-01-03,2026-01-01,SNT,0.055758882436057734
14,2026-01-03,2026-01-01,QTUM,6.938893903907228e-18
14,2026-01-03,2026-01-01,ANIME,6.938893903907228e-18
14,2026-01-03,2026-01-01,PUNDIX,0.02904106000795944
14,2026-01-03,2026-01-01,ARK,6.938893903907228e-18
14,2026-01-03,2026-01-01,ENS,6.938893903907228e-18
14,2026-01-03,2026-01-01,LINK,6.938893903907228e-18
14,2026-01-03,2026-01-01,CRO,0.018369216414469626
14,2026-01-03,2026-01-01,HBAR,6.938893903907228e-18
14,2026-01-03,2026-01-01,VANA,0.007166642396030369
14,2026-01-03,2026-01-01,SEI,6.938893903907228e-18
14,2026-01-03,2026-01-01,STRAX,0.013884621034011824
14,2026-01-03,2026-01-01,KNC,0.08680602784689981
14,2026-01-03,2026-01-01,ME,6.938893903907228e-18
14,2026-01-03,2026-01-01,SHIB,6.938893903907228e-18
14,2026-01-03,2026-01-01,CBK,0.04106334903725687
14,2026-01-03,2026-01-01,AQT,0.06357538414099398
14,2026-01-03,2026-01-01,SAFE,6.938893903907228e-18
14,2026-01-03,2026-01-01,GLM,0.041155107658103575
14,2026-01-03,2026-01-01,PEPE,6.938893903907228e-18
14,2026-01-03,2026-01-01,BONK,6.938893903907228e-18
14,2026-01-03,2026-01-01,WAVES,0.015847173454751614
14,2026-01-03,2026-01-01,MASK,6.938893903907228e-18
14,2026-01-03,2026-01-01,ATH,6.938893903907228e-18
14,2026-01-03,2026-01-01,TOKAMAK,0.16391955008744796
14,2026-01-03,2026-01-01,CARV,0.011674585311609071
14,2026-01-03,2026-01-01,MEW,6.938893903907228e-18
14,2026-01-03,2026-01-01,MNT,0.0028317989900354893
14,2026-01-03,2026-01-01,PYTH,6.938893903907228e-18
14,2026-01-03,2026-01-01,SONIC,6.938893903907228e-18
14,2026-01-03,2026-01-01,GAS,0.004103905245208187
14,2026-01-03,2026-01-01,AKT,6.938893903907228e-18
14,2026-01-03,2026-01-01,BIGTIME,6.938893903907228e-18
14,2026-01-03,2026-01-01,DRIFT,6.938893903907228e-18
14,2026-01-04,2026-01-01,XRP,0.06320514355958773
14,2026-01-04,2026-01-01,BTC,0.25
14,2026-01-04,2026-01-01,ETH,6.938893903907228e-18
14,2026-01-04,2026-01-01,SOL,6.938893903907228e-18
14,2026-01-04,2026-01-01,DOGE,6.938893903907228e-18
14,2026-01-04,2026-01-01,AERGO,0.003877410765782674
14,2026-01-04,2026-01-01,ADA,6.938893903907228e-18
14,2026-01-04,2026-01-01,AUCTION,0.007679055392903287
14,2026-01-04,2026-01-01,ONDO,6.938893903907228e-18
14,2026-01-04,2026-01-01,SUI,6.938893903907228e-18
14,2026-01-04,2026-01-01,VIRTUAL,6.938893903907228e-18
14,2026-01-04,2026-01-01,ARDR,0.09621251582192208
14,2026-01-04,2026-01-01,MOVE,6.938893903907228e-18
14,2026-01-04,2026-01-01,AWE,0.023828570398968685
14,2026-01-04,2026-01-01,XLM,6.938893903907228e-18
14,2026-01-04,2026-01-01,AXS,6.938893903907228e-18
14,2026-01-04,2026-01-01,SNT,0.055758882436057734
14,2026-01-04,2026-01-01,QTUM,6.938893903907228e-18
14,2026-01-04,2026-01-01,ANIME,6.938893903907228e-18
14,2026-01-04,2026-01-01,PUNDIX,0.02904106000795944
14,2026-01-04,2026-01-01,ARK,6.938893903907228e-18
14,2026-01-04,2026-01-01,ENS,6.938893903907228e-18
14,2026-01-04,2026-01-01,LINK,6.938893903907228e-18
14,2026-01-04,2026-01-01,CRO,0.018369216414469626
14,2026-01-04,2026-01-01,HBAR,6.938893903907228e-18
14,2026-01-04,2026-01-01,VANA,0.007166642396030369
14,2026-01-04,2026-01-01,SEI,6.938893903907228e-18
14,2026-01-04,2026-01-01,STRAX,0.013884621034011824
14,2026-01-04,2026-01-01,KNC,0.08680602784689981
14,2026-01-04,2026-01-01,ME,6.938893903907228e-18
14,2026-01-04,2026-01-01,SHIB,6.938893903907228e-18
14,2026-01-04,2026-01-01,CBK,0.04106334903725687
14,2026-01-04,2026-01-01,AQT,0.06357538414099398
14,2026-01-04,2026-01-01,SAFE,6.938893903907228e-18
14,2026-01-04,2026-01-01,GLM,0.041155107658103575
14,2026-01-04,2026-01-01,PEPE,6.938893903907228e-18
14,2026-01-04,2026-01-01,BONK,6.938893903907228e-18
14,2026-01-04,2026-01-01,WAVES,0.015847173454751614
14,2026-01-04,2026-01-01,MASK,6.938893903907228e-18
14,2026-01-04,2026-01-01,ATH,6.938893903907228e-18
14,2026-01-04,2026-01-01,TOKAMAK,0.16391955008744796
14,2026-01-04,2026-01-01,CARV,0.011674585311609071
14,2026-01-04,2026-01-01,MEW,6.938893903907228e-18
14,2026-01-04,2026-01-01,MNT,0.0028317989900354893
14,2026-01-04,2026-01-01,PYTH,6.938893903907228e-18
14,2026-01-04,2026-01-01,SONIC,6.938893903907228e-18
14,2026-01-04,2026-01-01,GAS,0.004103905245208187
14,2026-01-04,2026-01-01,AKT,6.938893903907228e-18
14,2026-01-04,2026-01-01,BIGTIME,6.938893903907228e-18
14,2026-01-04,2026-01-01,DRIFT,6.938893903907228e-18
14,2026-01-05,2026-01-01,XRP,0.06320514355958773
14,2026-01-05,2026-01-01,BTC,0.25
14,2026-01-05,2026-01-01,ETH,6.938893903907228e-18
14,2026-01-05,2026-01-01,SOL,6.938893903907228e-18
14,2026-01-05,2026-01-01,DOGE,6.938893903907228e-18
14,2026-01-05,2026-01-01,AERGO,0.003877410765782674
14,2026-01-05,2026-01-01,ADA,6.938893903907228e-18
14,2026-01-05,2026-01-01,AUCTION,0.007679055392903287
14,2026-01-05,2026-01-01,ONDO,6.938893903907228e-18
14,2026-01-05,2026-01-01,SUI,6.938893903907228e-18
14,2026-01-05,2026-01-01,VIRTUAL,6.938893903907228e-18
14,2026-01-05,2026-01-01,ARDR,0.09621251582192208
14,2026-01-05,2026-01-01,MOVE,6.938893903907228e-18
14,2026-01-05,2026-01-01,AWE,0.023828570398968685
14,2026-01-05,2026-01-01,XLM,6.938893903907228e-18
14,2026-01-05,2026-01-01,AXS,6.938893903907228e-18
14,2026-01-05,2026-01-01,SNT,0.055758882436057734
14,2026-01-05,2026-01-01,QTUM,6.938893903907228e-18
14,2026-01-05,2026-01-01,ANIME,6.938893903907228e-18
14,2026-01-05,2026-01-01,PUNDIX,0.02904106000795944
14,2026-01-05,2026-01-01,ARK,6.938893903907228e-18
14,2026-01-05,2026-01-01,ENS,6.938893903907228e-18
14,2026-01-05,2026-01-01,LINK,6.938893903907228e-18
14,2026-01-05,2026-01-01,CRO,0.018369216414469626
14,2026-01-05,2026-01-01,HBAR,6.938893903907228e-18
14,2026-01-05,2026-01-01,VANA,0.007166642396030369
14,2026-01-05,2026-01-01,SEI,6.938893903907228e-18
14,2026-01-05,2026-01-01,STRAX,0.013884621034011824
14,2026-01-05,2026-01-01,KNC,0.08680602784689981
14,2026-01-05,2026-01-01,ME,6.938893903907228e-18
14,2026-01-05,2026-01-01,SHIB,6.938893903907228e-18
14,2026-01-05,2026-01-01,CBK,0.04106334903725687
14,2026-01-05,2026-01-01,AQT,0.06357538414099398
14,2026-01-05,2026-01-01,SAFE,6.938893903907228e-18
14,2026-01-05,2026-01-01,GLM,0.041155107658103575
14,2026-01-05,2026-01-01,PEPE,6.938893903907228e-18
14,2026-01-05,2026-01-01,BONK,6.938893903907228e-18
14,2026-01-05,2026-01-01,WAVES,0.015847173454751614
14,2026-01-05,2026-01-01,MASK,6.938893903907228e-18
14,2026-01-05,2026-01-01,ATH,6.938893903907228e-18
14,2026-01-05,2026-01-01,TOKAMAK,0.16391955008744796
14,2026-01-05,2026-01-01,CARV,0.011674585311609071
14,2026-01-05,2026-01-01,MEW,6.938893903907228e-18
14,2026-01-05,2026-01-01,MNT,0.0028317989900354893
14,2026-01-05,2026-01-01,PYTH,6.938893903907228e-18
14,2026-01-05,2026-01-01,SONIC,6.938893903907228e-18
14,2026-01-05,2026-01-01,GAS,0.004103905245208187
14,2026-01-05,2026-01-01,AKT,6.938893903907228e-18
14,2026-01-05,2026-01-01,BIGTIME,6.938893903907228e-18
14,2026-01-05,2026-01-01,DRIFT,6.938893903907228e-18
14,2026-01-06,2026-01-01,XRP,0.06320514355958773
14,2026-01-06,2026-01-01,BTC,0.25
14,2026-01-06,2026-01-01,ETH,6.938893903907228e-18
14,2026-01-06,2026-01-01,SOL,6.938893903907228e-18
14,2026-01-06,2026-01-01,DOGE,6.938893903907228e-18
14,2026-01-06,2026-01-01,AERGO,0.003877410765782674
14,2026-01-06,2026-01-01,ADA,6.938893903907228e-18
14,2026-01-06,2026-01-01,AUCTION,0.007679055392903287
14,2026-01-06,2026-01-01,ONDO,6.938893903907228e-18
14,2026-01-06,2026-01-01,SUI,6.938893903907228e-18
14,2026-01-06,2026-01-01,VIRTUAL,6.938893903907228e-18
14,2026-01-06,2026-01-01,ARDR,0.09621251582192208
14,2026-01-06,2026-01-01,MOVE,6.938893903907228e-18
14,2026-01-06,2026-01-01,AWE,0.023828570398968685
14,2026-01-06,2026-01-01,XLM,6.938893903907228e-18
14,2026-01-06,2026-01-01,AXS,6.938893903907228e-18
14,2026-01-06,2026-01-01,SNT,0.055758882436057734
14,2026-01-06,2026-01-01,QTUM,6.938893903907228e-18
14,2026-01-06,2026-01-01,ANIME,6.938893903907228e-18
14,2026-01-06,2026-01-01,PUNDIX,0.02904106000795944
14,2026-01-06,2026-01-01,ARK,6.938893903907228e-18
14,2026-01-06,2026-01-01,ENS,6.938893903907228e-18
14,2026-01-06,2026-01-01,LINK,6.938893903907228e-18
14,2026-01-06,2026-01-01,CRO,0.018369216414469626
14,2026-01-06,2026-01-01,HBAR,6.938893903907228e-18
14,2026-01-06,2026-01-01,VANA,0.007166642396030369
14,2026-01-06,2026-01-01,SEI,6.938893903907228e-18
14,2026-01-06,2026-01-01,STRAX,0.013884621034011824
14,2026-01-06,2026-01-01,KNC,0.08680602784689981
14,2026-01-06,2026-01-01,ME,6.938893903907228e-18
14,2026-01-06,2026-01-01,SHIB,6.938893903907228e-18
14,2026-01-06,2026-01-01,CBK,0.04106334903725687
14,2026-01-06,2026-01-01,AQT,0.06357538414099398
14,2026-01-06,2026-01-01,SAFE,6.938893903907228e-18
14,2026-01-06,2026-01-01,GLM,0.041155107658103575
14,2026-01-06,2026-01-01,PEPE,6.938893903907228e-18
14,2026-01-06,2026-01-01,BONK,6.938893903907228e-18
14,2026-01-06,2026-01-01,WAVES,0.015847173454751614
14,2026-01-06,2026-01-01,MASK,6.938893903907228e-18
14,2026-01-06,2026-01-01,ATH,6.938893903907228e-18
14,2026-01-06,2026-01-01,TOKAMAK,0.16391955008744796
14,2026-01-06,2026-01-01,CARV,0.011674585311609071
14,2026-01-06,2026-01-01,MEW,6.938893903907228e-18
14,2026-01-06,2026-01-01,MNT,0.0028317989900354893
14,2026-01-06,2026-01-01,PYTH,6.938893903907228e-18
14,2026-01-06,2026-01-01,SONIC,6.938893903907228e-18
14,2026-01-06,2026-01-01,GAS,0.004103905245208187
14,2026-01-06,2026-01-01,AKT,6.938893903907228e-18
14,2026-01-06,2026-01-01,BIGTIME,6.938893903907228e-18
14,2026-01-06,2026-01-01,DRIFT,6.938893903907228e-18
14,2026-01-07,2026-01-01,XRP,0.06320514355958773
14,2026-01-07,2026-01-01,BTC,0.25
14,2026-01-07,2026-01-01,ETH,6.938893903907228e-18
14,2026-01-07,2026-01-01,SOL,6.938893903907228e-18
14,2026-01-07,2026-01-01,DOGE,6.938893903907228e-18
14,2026-01-07,2026-01-01,AERGO,0.003877410765782674
14,2026-01-07,2026-01-01,ADA,6.938893903907228e-18
14,2026-01-07,2026-01-01,AUCTION,0.007679055392903287
14,2026-01-07,2026-01-01,ONDO,6.938893903907228e-18
14,2026-01-07,2026-01-01,SUI,6.938893903907228e-18
14,2026-01-07,2026-01-01,VIRTUAL,6.938893903907228e-18
14,2026-01-07,2026-01-01,ARDR,0.09621251582192208
14,2026-01-07,2026-01-01,MOVE,6.938893903907228e-18
14,2026-01-07,2026-01-01,AWE,0.023828570398968685
14,2026-01-07,2026-01-01,XLM,6.938893903907228e-18
14,2026-01-07,2026-01-01,AXS,6.938893903907228e-18
14,2026-01-07,2026-01-01,SNT,0.055758882436057734
14,2026-01-07,2026-01-01,QTUM,6.938893903907228e-18
14,2026-01-07,2026-01-01,ANIME,6.938893903907228e-18
14,2026-01-07,2026-01-01,PUNDIX,0.02904106000795944
14,2026-01-07,2026-01-01,ARK,6.938893903907228e-18
14,2026-01-07,2026-01-01,ENS,6.938893903907228e-18
14,2026-01-07,2026-01-01,LINK,6.938893903907228e-18
14,2026-01-07,2026-01-01,CRO,0.018369216414469626
14,2026-01-07,2026-01-01,HBAR,6.938893903907228e-18
14,2026-01-07,2026-01-01,VANA,0.007166642396030369
14,2026-01-07,2026-01-01,SEI,6.938893903907228e-18
14,2026-01-07,2026-01-01,STRAX,0.013884621034011824
14,2026-01-07,2026-01-01,KNC,0.08680602784689981
14,2026-01-07,2026-01-01,ME,6.938893903907228e-18
14,2026-01-07,2026-01-01,SHIB,6.938893903907228e-18
14,2026-01-07,2026-01-01,CBK,0.04106334903725687
14,2026-01-07,2026-01-01,AQT,0.06357538414099398
14,2026-01-07,2026-01-01,SAFE,6.938893903907228e-18
14,2026-01-07,2026-01-01,GLM,0.041155107658103575
14,2026-01-07,2026-01-01,PEPE,6.938893903907228e-18
14,2026-01-07,2026-01-01,BONK,6.938893903907228e-18
14,2026-01-07,2026-01-01,WAVES,0.015847173454751614
14,2026-01-07,2026-01-01,MASK,6.938893903907228e-18
14,2026-01-07,2026-01-01,ATH,6.938893903907228e-18
14,2026-01-07,2026-01-01,TOKAMAK,0.16391955008744796
14,2026-01-07,2026-01-01,CARV,0.011674585311609071
14,2026-01-07,2026-01-01,MEW,6.938893903907228e-18
14,2026-01-07,2026-01-01,MNT,0.0028317989900354893
14,2026-01-07,2026-01-01,PYTH,6.938893903907228e-18
14,2026-01-07,2026-01-01,SONIC,6.938893903907228e-18
14,2026-01-07,2026-01-01,GAS,0.004103905245208187
14,2026-01-07,2026-01-01,AKT,6.938893903907228e-18
14,2026-01-07,2026-01-01,BIGTIME,6.938893903907228e-18
14,2026-01-07,2026-01-01,DRIFT,6.938893903907228e-18
14,2026-01-08,2026-01-01,XRP,0.06320514355958773
14,2026-01-08,2026-01-01,BTC,0.25
14,2026-01-08,2026-01-01,ETH,6.938893903907228e-18
14,2026-01-08,2026-01-01,SOL,6.938893903907228e-18
14,2026-01-08,2026-01-01,DOGE,6.938893903907228e-18
14,2026-01-08,2026-01-01,AERGO,0.003877410765782674
14,2026-01-08,2026-01-01,ADA,6.938893903907228e-18
14,2026-01-08,2026-01-01,AUCTION,0.007679055392903287
14,2026-01-08,2026-01-01,ONDO,6.938893903907228e-18
14,2026-01-08,2026-01-01,SUI,6.938893903907228e-18
14,2026-01-08,2026-01-01,VIRTUAL,6.938893903907228e-18
14,2026-01-08,2026-01-01,ARDR,0.09621251582192208
14,2026-01-08,2026-01-01,MOVE,6.938893903907228e-18
14,2026-01-08,2026-01-01,AWE,0.023828570398968685
14,2026-01-08,2026-01-01,XLM,6.938893903907228e-18
14,2026-01-08,2026-01-01,AXS,6.938893903907228e-18
14,2026-01-08,2026-01-01,SNT,0.055758882436057734
14,2026-01-08,2026-01-01,QTUM,6.938893903907228e-18
14,2026-01-08,2026-01-01,ANIME,6.938893903907228e-18
14,2026-01-08,2026-01-01,PUNDIX,0.02904106000795944
14,2026-01-08,2026-01-01,ARK,6.938893903907228e-18
14,2026-01-08,2026-01-01,ENS,6.938893903907228e-18
14,2026-01-08,2026-01-01,LINK,6.938893903907228e-18
14,2026-01-08,2026-01-01,CRO,0.018369216414469626
14,2026-01-08,2026-01-01,HBAR,6.938893903907228e-18
14,2026-01-08,2026-01-01,VANA,0.007166642396030369
14,2026-01-08,2026-01-01,SEI,6.938893903907228e-18
14,2026-01-08,2026-01-01,STRAX,0.013884621034011824
14,2026-01-08,2026-01-01,KNC,0.08680602784689981
14,2026-01-08,2026-01-01,ME,6.938893903907228e-18
14,2026-01-08,2026-01-01,SHIB,6.938893903907228e-18
14,2026-01-08,2026-01-01,CBK,0.04106334903725687
14,2026-01-08,2026-01-01,AQT,0.06357538414099398
14,2026-01-08,2026-01-01,SAFE,6.938893903907228e-18
14,2026-01-08,2026-01-01,GLM,0.041155107658103575
14,2026-01-08,2026-01-01,PEPE,6.938893903907228e-18
14,2026-01-08,2026-01-01,BONK,6.938893903907228e-18
14,2026-01-08,2026-01-01,WAVES,0.015847173454751614
14,2026-01-08,2026-01-01,MASK,6.938893903907228e-18
14,2026-01-08,2026-01-01,ATH,6.938893903907228e-18
14,2026-01-08,2026-01-01,TOKAMAK,0.16391955008744796
14,2026-01-08,2026-01-01,CARV,0.011674585311609071
14,2026-01-08,2026-01-01,MEW,6.938893903907228e-18
14,2026-01-08,2026-01-01,MNT,0.0028317989900354893
14,2026-01-08,2026-01-01,PYTH,6.938893903907228e-18
14,2026-01-08,2026-01-01,SONIC,6.938893903907228e-18
14,2026-01-08,2026-01-01,GAS,0.004103905245208187
14,2026-01-08,2026-01-01,AKT,6.938893903907228e-18
14,2026-01-08,2026-01-01,BIGTIME,6.938893903907228e-18
14,2026-01-08,2026-01-01,DRIFT,6.938893903907228e-18
14,2026-01-09,2026-01-01,XRP,0.06320514355958773
14,2026-01-09,2026-01-01,BTC,0.25
14,2026-01-09,2026-01-01,ETH,6.938893903907228e-18
14,2026-01-09,2026-01-01,SOL,6.938893903907228e-18
14,2026-01-09,2026-01-01,DOGE,6.938893903907228e-18
14,2026-01-09,2026-01-01,AERGO,0.003877410765782674
14,2026-01-09,2026-01-01,ADA,6.938893903907228e-18
14,2026-01-09,2026-01-01,AUCTION,0.007679055392903287
14,2026-01-09,2026-01-01,ONDO,6.938893903907228e-18
14,2026-01-09,2026-01-01,SUI,6.938893903907228e-18
14,2026-01-09,2026-01-01,VIRTUAL,6.938893903907228e-18
14,2026-01-09,2026-01-01,ARDR,0.09621251582192208
14,2026-01-09,2026-01-01,MOVE,6.938893903907228e-18
14,2026-01-09,2026-01-01,AWE,0.023828570398968685
14,2026-01-09,2026-01-01,XLM,6.938893903907228e-18
14,2026-01-09,2026-01-01,AXS,6.938893903907228e-18
14,2026-01-09,2026-01-01,SNT,0.055758882436057734
14,2026-01-09,2026-01-01,QTUM,6.938893903907228e-18
14,2026-01-09,2026-01-01,ANIME,6.938893903907228e-18
14,2026-01-09,2026-01-01,PUNDIX,0.02904106000795944
14,2026-01-09,2026-01-01,ARK,6.938893903907228e-18
14,2026-01-09,2026-01-01,ENS,6.938893903907228e-18
14,2026-01-09,2026-01-01,LINK,6.938893903907228e-18
14,2026-01-09,2026-01-01,CRO,0.018369216414469626
14,2026-01-09,2026-01-01,HBAR,6.938893903907228e-18
14,2026-01-09,2026-01-01,VANA,0.007166642396030369
14,2026-01-09,2026-01-01,SEI,6.938893903907228e-18
14,2026-01-09,2026-01-01,STRAX,0.013884621034011824
14,2026-01-09,2026-01-01,KNC,0.08680602784689981
14,2026-01-09,2026-01-01,ME,6.938893903907228e-18
14,2026-01-09,2026-01-01,SHIB,6.938893903907228e-18
14,2026-01-09,2026-01-01,CBK,0.04106334903725687
14,2026-01-09,2026-01-01,AQT,0.06357538414099398
14,2026-01-09,2026-01-01,SAFE,6.938893903907228e-18
14,2026-01-09,2026-01-01,GLM,0.041155107658103575
14,2026-01-09,2026-01-01,PEPE,6.938893903907228e-18
14,2026-01-09,2026-01-01,BONK,6.938893903907228e-18
14,2026-01-09,2026-01-01,WAVES,0.015847173454751614
14,2026-01-09,2026-01-01,MASK,6.938893903907228e-18
14,2026-01-09,2026-01-01,ATH,6.938893903907228e-18
14,2026-01-09,2026-01-01,TOKAMAK,0.16391955008744796
14,2026-01-09,2026-01-01,CARV,0.011674585311609071
14,2026-01-09,2026-01-01,MEW,6.938893903907228e-18
14,2026-01-09,2026-01-01,MNT,0.0028317989900354893
14,2026-01-09,2026-01-01,PYTH,6.938893903907228e-18
14,2026-01-09,2026-01-01,SONIC,6.938893903907228e-18
14,2026-01-09,2026-01-01,GAS,0.004103905245208187
14,2026-01-09,2026-01-01,AKT,6.938893903907228e-18
14,2026-01-09,2026-01-01,BIGTIME,6.938893903907228e-18
14,2026-01-09,2026-01-01,DRIFT,6.938893903907228e-18
14,2026-01-10,2026-01-01,XRP,0.06320514355958773
14,2026-01-10,2026-01-01,BTC,0.25
14,2026-01-10,2026-01-01,ETH,6.938893903907228e-18
14,2026-01-10,2026-01-01,SOL,6.938893903907228e-18
14,2026-01-10,2026-01-01,DOGE,6.938893903907228e-18
14,2026-01-10,2026-01-01,AERGO,0.003877410765782674
14,2026-01-10,2026-01-01,ADA,6.938893903907228e-18
14,2026-01-10,2026-01-01,AUCTION,0.007679055392903287
14,2026-01-10,2026-01-01,ONDO,6.938893903907228e-18
14,2026-01-10,2026-01-01,SUI,6.938893903907228e-18
14,2026-01-10,2026-01-01,VIRTUAL,6.938893903907228e-18
14,2026-01-10,2026-01-01,ARDR,0.09621251582192208
14,2026-01-10,2026-01-01,MOVE,6.938893903907228e-18
14,2026-01-10,2026-01-01,AWE,0.023828570398968685
14,2026-01-10,2026-01-01,XLM,6.938893903907228e-18
14,2026-01-10,2026-01-01,AXS,6.938893903907228e-18
14,2026-01-10,2026-01-01,SNT,0.055758882436057734
14,2026-01-10,2026-01-01,QTUM,6.938893903907228e-18
14,2026-01-10,2026-01-01,ANIME,6.938893903907228e-18
14,2026-01-10,2026-01-01,PUNDIX,0.02904106000795944
14,2026-01-10,2026-01-01,ARK,6.938893903907228e-18
14,2026-01-10,2026-01-01,ENS,6.938893903907228e-18
14,2026-01-10,2026-01-01,LINK,6.938893903907228e-18
14,2026-01-10,2026-01-01,CRO,0.018369216414469626
14,2026-01-10,2026-01-01,HBAR,6.938893903907228e-18
14,2026-01-10,2026-01-01,VANA,0.007166642396030369
14,2026-01-10,2026-01-01,SEI,6.938893903907228e-18
14,2026-01-10,2026-01-01,STRAX,0.013884621034011824
14,2026-01-10,2026-01-01,KNC,0.08680602784689981
14,2026-01-10,2026-01-01,ME,6.938893903907228e-18
14,2026-01-10,2026-01-01,SHIB,6.938893903907228e-18
14,2026-01-10,2026-01-01,CBK,0.04106334903725687
14,2026-01-10,2026-01-01,AQT,0.06357538414099398
14,2026-01-10,2026-01-01,SAFE,6.938893903907228e-18
14,2026-01-10,2026-01-01,GLM,0.041155107658103575
14,2026-01-10,2026-01-01,PEPE,6.938893903907228e-18
14,2026-01-10,2026-01-01,BONK,6.938893903907228e-18
14,2026-01-10,2026-01-01,WAVES,0.015847173454751614
14,2026-01-10,2026-01-01,MASK,6.938893903907228e-18
14,2026-01-10,2026-01-01,ATH,6.938893903907228e-18
14,2026-01-10,2026-01-01,TOKAMAK,0.16391955008744796
14,2026-01-10,2026-01-01,CARV,0.011674585311609071
14,2026-01-10,2026-01-01,MEW,6.938893903907228e-18
14,2026-01-10,2026-01-01,MNT,0.0028317989900354893
14,2026-01-10,2026-01-01,PYTH,6.938893903907228e-18
14,2026-01-10,2026-01-01,SONIC,6.938893903907228e-18
14,2026-01-10,2026-01-01,GAS,0.004103905245208187
14,2026-01-10,2026-01-01,AKT,6.938893903907228e-18
14,2026-01-10,2026-01-01,BIGTIME,6.938893903907228e-18
14,2026-01-10,2026-01-01,DRIFT,6.938893903907228e-18
14,2026-01-11,2026-01-01,XRP,0.06320514355958773
14,2026-01-11,2026-01-01,BTC,0.25
14,2026-01-11,2026-01-01,ETH,6.938893903907228e-18
14,2026-01-11,2026-01-01,SOL,6.938893903907228e-18
14,2026-01-11,2026-01-01,DOGE,6.938893903907228e-18
14,2026-01-11,2026-01-01,AERGO,0.003877410765782674
14,2026-01-11,2026-01-01,ADA,6.938893903907228e-18
14,2026-01-11,2026-01-01,AUCTION,0.007679055392903287
14,2026-01-11,2026-01-01,ONDO,6.938893903907228e-18
14,2026-01-11,2026-01-01,SUI,6.938893903907228e-18
14,2026-01-11,2026-01-01,VIRTUAL,6.938893903907228e-18
14,2026-01-11,2026-01-01,ARDR,0.09621251582192208
14,2026-01-11,2026-01-01,MOVE,6.938893903907228e-18
14,2026-01-11,2026-01-01,AWE,0.023828570398968685
14,2026-01-11,2026-01-01,XLM,6.938893903907228e-18
14,2026-01-11,2026-01-01,AXS,6.938893903907228e-18
14,2026-01-11,2026-01-01,SNT,0.055758882436057734
14,2026-01-11,2026-01-01,QTUM,6.938893903907228e-18
14,2026-01-11,2026-01-01,ANIME,6.938893903907228e-18
14,2026-01-11,2026-01-01,PUNDIX,0.02904106000795944
14,2026-01-11,2026-01-01,ARK,6.938893903907228e-18
14,2026-01-11,2026-01-01,ENS,6.938893903907228e-18
14,2026-01-11,2026-01-01,LINK,6.938893903907228e-18
14,2026-01-11,2026-01-01,CRO,0.018369216414469626
14,2026-01-11,2026-01-01,HBAR,6.938893903907228e-18
14,2026-01-11,2026-01-01,VANA,0.007166642396030369
14,2026-01-11,2026-01-01,SEI,6.938893903907228e-18
14,2026-01-11,2026-01-01,STRAX,0.013884621034011824
14,2026-01-11,2026-01-01,KNC,0.08680602784689981
14,2026-01-11,2026-01-01,ME,6.938893903907228e-18
14,2026-01-11,2026-01-01,SHIB,6.938893903907228e-18
14,2026-01-11,2026-01-01,CBK,0.04106334903725687
14,2026-01-11,2026-01-01,AQT,0.06357538414099398
14,2026-01-11,2026-01-01,SAFE,6.938893903907228e-18
14,2026-01-11,2026-01-01,GLM,0.041155107658103575
14,2026-01-11,2026-01-01,PEPE,6.938893903907228e-18
14,2026-01-11,2026-01-01,BONK,6.938893903907228e-18
14,2026-01-11,2026-01-01,WAVES,0.015847173454751614
14,2026-01-11,2026-01-01,MASK,6.938893903907228e-18
14,2026-01-11,2026-01-01,ATH,6.938893903907228e-18
14,2026-01-11,2026-01-01,TOKAMAK,0.16391955008744796
14,2026-01-11,2026-01-01,CARV,0.011674585311609071
14,2026-01-11,2026-01-01,MEW,6.938893903907228e-18
14,2026-01-11,2026-01-01,MNT,0.0028317989900354893
14,2026-01-11,2026-01-01,PYTH,6.938893903907228e-18
14,2026-01-11,2026-01-01,SONIC,6.938893903907228e-18
14,2026-01-11,2026-01-01,GAS,0.004103905245208187
14,2026-01-11,2026-01-01,AKT,6.938893903907228e-18
14,2026-01-11,2026-01-01,BIGTIME,6.938893903907228e-18
14,2026-01-11,2026-01-01,DRIFT,6.938893903907228e-18
14,2026-01-12,2026-01-01,XRP,0.06320514355958773
14,2026-01-12,2026-01-01,BTC,0.25
14,2026-01-12,2026-01-01,ETH,6.938893903907228e-18
14,2026-01-12,2026-01-01,SOL,6.938893903907228e-18
14,2026-01-12,2026-01-01,DOGE,6.938893903907228e-18
14,2026-01-12,2026-01-01,AERGO,0.003877410765782674
14,2026-01-12,2026-01-01,ADA,6.938893903907228e-18
14,2026-01-12,2026-01-01,AUCTION,0.007679055392903287
14,2026-01-12,2026-01-01,ONDO,6.938893903907228e-18
14,2026-01-12,2026-01-01,SUI,6.938893903907228e-18
14,2026-01-12,2026-01-01,VIRTUAL,6.938893903907228e-18
14,2026-01-12,2026-01-01,ARDR,0.09621251582192208
14,2026-01-12,2026-01-01,MOVE,6.938893903907228e-18
14,2026-01-12,2026-01-01,AWE,0.023828570398968685
14,2026-01-12,2026-01-01,XLM,6.938893903907228e-18
14,2026-01-12,2026-01-01,AXS,6.938893903907228e-18
14,2026-01-12,2026-01-01,SNT,0.055758882436057734
14,2026-01-12,2026-01-01,QTUM,6.938893903907228e-18
14,2026-01-12,2026-01-01,ANIME,6.938893903907228e-18
14,2026-01-12,2026-01-01,PUNDIX,0.02904106000795944
14,2026-01-12,2026-01-01,ARK,6.938893903907228e-18
14,2026-01-12,2026-01-01,ENS,6.938893903907228e-18
14,2026-01-12,2026-01-01,LINK,6.938893903907228e-18
14,2026-01-12,2026-01-01,CRO,0.018369216414469626
14,2026-01-12,2026-01-01,HBAR,6.938893903907228e-18
14,2026-01-12,2026-01-01,VANA,0.007166642396030369
14,2026-01-12,2026-01-01,SEI,6.938893903907228e-18
14,2026-01-12,2026-01-01,STRAX,0.013884621034011824
14,2026-01-12,2026-01-01,KNC,0.08680602784689981
14,2026-01-12,2026-01-01,ME,6.938893903907228e-18
14,2026-01-12,2026-01-01,SHIB,6.938893903907228e-18
14,2026-01-12,2026-01-01,CBK,0.04106334903725687
14,2026-01-12,2026-01-01,AQT,0.06357538414099398
14,2026-01-12,2026-01-01,SAFE,6.938893903907228e-18
14,2026-01-12,2026-01-01,GLM,0.041155107658103575
14,2026-01-12,2026-01-01,PEPE,6.938893903907228e-18
14,2026-01-12,2026-01-01,BONK,6.938893903907228e-18
14,2026-01-12,2026-01-01,WAVES,0.015847173454751614
14,2026-01-12,2026-01-01,MASK,6.938893903907228e-18
14,2026-01-12,2026-01-01,ATH,6.938893903907228e-18
14,2026-01-12,2026-01-01,TOKAMAK,0.16391955008744796
14,2026-01-12,2026-01-01,CARV,0.011674585311609071
14,2026-01-12,2026-01-01,MEW,6.938893903907228e-18
14,2026-01-12,2026-01-01,MNT,0.0028317989900354893
14,2026-01-12,2026-01-01,PYTH,6.938893903907228e-18
14,2026-01-12,2026-01-01,SONIC,6.938893903907228e-18
14,2026-01-12,2026-01-01,GAS,0.004103905245208187
14,2026-01-12,2026-01-01,AKT,6.938893903907228e-18
14,2026-01-12,2026-01-01,BIGTIME,6.938893903907228e-18
14,2026-01-12,2026-01-01,DRIFT,6.938893903907228e-18
14,2026-01-13,2026-01-01,XRP,0.06320514355958773
14,2026-01-13,2026-01-01,BTC,0.25
14,2026-01-13,2026-01-01,ETH,6.938893903907228e-18
14,2026-01-13,2026-01-01,SOL,6.938893903907228e-18
14,2026-01-13,2026-01-01,DOGE,6.938893903907228e-18
14,2026-01-13,2026-01-01,AERGO,0.003877410765782674
14,2026-01-13,2026-01-01,ADA,6.938893903907228e-18
14,2026-01-13,2026-01-01,AUCTION,0.007679055392903287
14,2026-01-13,2026-01-01,ONDO,6.938893903907228e-18
14,2026-01-13,2026-01-01,SUI,6.938893903907228e-18
14,2026-01-13,2026-01-01,VIRTUAL,6.938893903907228e-18
14,2026-01-13,2026-01-01,ARDR,0.09621251582192208
14,2026-01-13,2026-01-01,MOVE,6.938893903907228e-18
14,2026-01-13,2026-01-01,AWE,0.023828570398968685
14,2026-01-13,2026-01-01,XLM,6.938893903907228e-18
14,2026-01-13,2026-01-01,AXS,6.938893903907228e-18
14,2026-01-13,2026-01-01,SNT,0.055758882436057734
14,2026-01-13,2026-01-01,QTUM,6.938893903907228e-18
14,2026-01-13,2026-01-01,ANIME,6.938893903907228e-18
14,2026-01-13,2026-01-01,PUNDIX,0.02904106000795944
14,2026-01-13,2026-01-01,ARK,6.938893903907228e-18
14,2026-01-13,2026-01-01,ENS,6.938893903907228e-18
14,2026-01-13,2026-01-01,LINK,6.938893903907228e-18
14,2026-01-13,2026-01-01,CRO,0.018369216414469626
14,2026-01-13,2026-01-01,HBAR,6.938893903907228e-18
14,2026-01-13,2026-01-01,VANA,0.007166642396030369
14,2026-01-13,2026-01-01,SEI,6.938893903907228e-18
14,2026-01-13,2026-01-01,STRAX,0.013884621034011824
14,2026-01-13,2026-01-01,KNC,0.08680602784689981
14,2026-01-13,2026-01-01,ME,6.938893903907228e-18
14,2026-01-13,2026-01-01,SHIB,6.938893903907228e-18
14,2026-01-13,2026-01-01,CBK,0.04106334903725687
14,2026-01-13,2026-01-01,AQT,0.06357538414099398
14,2026-01-13,2026-01-01,SAFE,6.938893903907228e-18
14,2026-01-13,2026-01-01,GLM,0.041155107658103575
14,2026-01-13,2026-01-01,PEPE,6.938893903907228e-18
14,2026-01-13,2026-01-01,BONK,6.938893903907228e-18
14,2026-01-13,2026-01-01,WAVES,0.015847173454751614
14,2026-01-13,2026-01-01,MASK,6.938893903907228e-18
14,2026-01-13,2026-01-01,ATH,6.938893903907228e-18
14,2026-01-13,2026-01-01,TOKAMAK,0.16391955008744796
14,2026-01-13,2026-01-01,CARV,0.011674585311609071
14,2026-01-13,2026-01-01,MEW,6.938893903907228e-18
14,2026-01-13,2026-01-01,MNT,0.0028317989900354893
14,2026-01-13,2026-01-01,PYTH,6.938893903907228e-18
14,2026-01-13,2026-01-01,SONIC,6.938893903907228e-18
14,2026-01-13,2026-01-01,GAS,0.004103905245208187
14,2026-01-13,2026-01-01,AKT,6.938893903907228e-18
14,2026-01-13,2026-01-01,BIGTIME,6.938893903907228e-18
14,2026-01-13,2026-01-01,DRIFT,6.938893903907228e-18
14,2026-01-14,2026-01-01,XRP,0.06320514355958773
14,2026-01-14,2026-01-01,BTC,0.25
14,2026-01-14,2026-01-01,ETH,6.938893903907228e-18
14,2026-01-14,2026-01-01,SOL,6.938893903907228e-18
14,2026-01-14,2026-01-01,DOGE,6.938893903907228e-18
14,2026-01-14,2026-01-01,AERGO,0.003877410765782674
14,2026-01-14,2026-01-01,ADA,6.938893903907228e-18
14,2026-01-14,2026-01-01,AUCTION,0.007679055392903287
14,2026-01-14,2026-01-01,ONDO,6.938893903907228e-18
14,2026-01-14,2026-01-01,SUI,6.938893903907228e-18
14,2026-01-14,2026-01-01,VIRTUAL,6.938893903907228e-18
14,2026-01-14,2026-01-01,ARDR,0.09621251582192208
14,2026-01-14,2026-01-01,MOVE,6.938893903907228e-18
14,2026-01-14,2026-01-01,AWE,0.023828570398968685
14,2026-01-14,2026-01-01,XLM,6.938893903907228e-18
14,2026-01-14,2026-01-01,AXS,6.938893903907228e-18
14,2026-01-14,2026-01-01,SNT,0.055758882436057734
14,2026-01-14,2026-01-01,QTUM,6.938893903907228e-18
14,2026-01-14,2026-01-01,ANIME,6.938893903907228e-18
14,2026-01-14,2026-01-01,PUNDIX,0.02904106000795944
14,2026-01-14,2026-01-01,ARK,6.938893903907228e-18
14,2026-01-14,2026-01-01,ENS,6.938893903907228e-18
14,2026-01-14,2026-01-01,LINK,6.938893903907228e-18
14,2026-01-14,2026-01-01,CRO,0.018369216414469626
14,2026-01-14,2026-01-01,HBAR,6.938893903907228e-18
14,2026-01-14,2026-01-01,VANA,0.007166642396030369
14,2026-01-14,2026-01-01,SEI,6.938893903907228e-18
14,2026-01-14,2026-01-01,STRAX,0.013884621034011824
14,2026-01-14,2026-01-01,KNC,0.08680602784689981
14,2026-01-14,2026-01-01,ME,6.938893903907228e-18
14,2026-01-14,2026-01-01,SHIB,6.938893903907228e-18
14,2026-01-14,2026-01-01,CBK,0.04106334903725687
14,2026-01-14,2026-01-01,AQT,0.06357538414099398
14,2026-01-14,2026-01-01,SAFE,6.938893903907228e-18
14,2026-01-14,2026-01-01,GLM,0.041155107658103575
14,2026-01-14,2026-01-01,PEPE,6.938893903907228e-18
14,2026-01-14,2026-01-01,BONK,6.938893903907228e-18
14,2026-01-14,2026-01-01,WAVES,0.015847173454751614
14,2026-01-14,2026-01-01,MASK,6.938893903907228e-18
14,2026-01-14,2026-01-01,ATH,6.938893903907228e-18
14,2026-01-14,2026-01-01,TOKAMAK,0.16391955008744796
14,2026-01-14,2026-01-01,CARV,0.011674585311609071
14,2026-01-14,2026-01-01,MEW,6.938893903907228e-18
14,2026-01-14,2026-01-01,MNT,0.0028317989900354893
14,2026-01-14,2026-01-01,PYTH,6.938893903907228e-18
14,2026-01-14,2026-01-01,SONIC,6.938893903907228e-18
14,2026-01-14,2026-01-01,GAS,0.004103905245208187
14,2026-01-14,2026-01-01,AKT,6.938893903907228e-18
14,2026-01-14,2026-01-01,BIGTIME,6.938893903907228e-18
14,2026-01-14,2026-01-01,DRIFT,6.938893903907228e-18
14,2026-02-01,2026-02-01,XRP,0.06519751243025376
14,2026-02-01,2026-02-01,BTC,0.25
14,2026-02-01,2026-02-01,ETH,6.938893903906834e-18
14,2026-02-01,2026-02-01,SOL,6.938893903906834e-18
14,2026-02-01,2026-02-01,DOGE,6.938893903906834e-18
14,2026-02-01,2026-02-01,AERGO,6.938893903906834e-18
14,2026-02-01,2026-02-01,ADA,6.938893903906834e-18
14,2026-02-01,2026-02-01,AUCTION,0.006092477639901876
14,2026-02-01,2026-02-01,ONDO,6.938893903906834e-18
14,2026-02-01,2026-02-01,SUI,6.938893903906834e-18
14,2026-02-01,2026-02-01,VIRTUAL,6.938893903906834e-18
14,2026-02-01,2026-02-01,ARDR,0.10348805513353816
14,2026-02-01,2026-02-01,MOVE,6.938893903906834e-18
14,2026-02-01,2026-02-01,AWE,0.11438434254675092
14,2026-02-01,2026-02-01,XLM,6.938893903906834e-18
14,2026-02-01,2026-02-01,AXS,0.01558191215181202
14,2026-02-01,2026-02-01,SNT,0.0033644531194360018
14,2026-02-01,2026-02-01,QTUM,6.938893903906834e-18
14,2026-02-01,2026-02-01,ANIME,6.938893903906834e-18
14,2026-02-01,2026-02-01,PUNDIX,6.938893903906834e-18
14,2026-02-01,2026-02-01,ARK,6.938893903906834e-18
14,2026-02-01,2026-02-01,ENS,6.938893903906834e-18
14,2026-02-01,2026-02-01,LINK,6.938893903906834e-18
14,2026-02-01,2026-02-01,CRO,0.1121402600134989
14,2026-02-01,2026-02-01,HBAR,6.938893903906834e-18
14,2026-02-01,2026-02-01,VANA,6.938893903906834e-18
14,2026-02-01,2026-02-01,SEI,6.938893903906834e-18
14,2026-02-01,2026-02-01,STRAX,6.938893903906834e-18
14,2026-02-01,2026-02-01,KNC,6.938893903906834e-18
14,2026-02-01,2026-02-01,ME,6.938893903906834e-18
14,2026-02-01,2026-02-01,SHIB,6.938893903906834e-18
14,2026-02-01,2026-02-01,CBK,6.938893903906834e-18
14,2026-02-01,2026-02-01,AQT,6.938893903906834e-18
14,2026-02-01,2026-02-01,SAFE,6.938893903906834e-18
14,2026-02-01,2026-02-01,GLM,0.04256209122168446
14,2026-02-01,2026-02-01,PEPE,6.938893903906834e-18
14,2026-02-01,2026-02-01,BONK,6.938893903906834e-18
14,2026-02-01,2026-02-01,WAVES,0.15341410264752064
14,2026-02-01,2026-02-01,MASK,6.938893903906834e-18
14,2026-02-01,2026-02-01,ATH,6.938893903906834e-18
14,2026-02-01,2026-02-01,TOKAMAK,0.13377479309560325
14,2026-02-01,2026-02-01,CARV,6.938893903906834e-18
14,2026-02-01,2026-02-01,MEW,6.938893903906834e-18
14,2026-02-01,2026-02-01,MNT,6.938893903906834e-18
14,2026-02-01,2026-02-01,PYTH,6.938893903906834e-18
14,2026-02-01,2026-02-01,SONIC,6.938893903906834e-18
14,2026-02-01,2026-02-01,GAS,6.938893903906834e-18
14,2026-02-01,2026-02-01,AKT,6.938893903906834e-18
14,2026-02-01,2026-02-01,BIGTIME,6.938893903906834e-18
14,2026-02-01,2026-02-01,DRIFT,6.938893903906834e-18
14,2026-02-02,2026-02-01,XRP,0.06519751243025376
14,2026-02-02,2026-02-01,BTC,0.25
14,2026-02-02,2026-02-01,ETH,6.938893903906834e-18
14,2026-02-02,2026-02-01,SOL,6.938893903906834e-18
14,2026-02-02,2026-02-01,DOGE,6.938893903906834e-18
14,2026-02-02,2026-02-01,AERGO,6.938893903906834e-18
14,2026-02-02,2026-02-01,ADA,6.938893903906834e-18
14,2026-02-02,2026-02-01,AUCTION,0.006092477639901876
14,2026-02-02,2026-02-01,ONDO,6.938893903906834e-18
14,2026-02-02,2026-02-01,SUI,6.938893903906834e-18
14,2026-02-02,2026-02-01,VIRTUAL,6.938893903906834e-18
14,2026-02-02,2026-02-01,ARDR,0.10348805513353816
14,2026-02-02,2026-02-01,MOVE,6.938893903906834e-18
14,2026-02-02,2026-02-01,AWE,0.11438434254675092
14,2026-02-02,2026-02-01,XLM,6.938893903906834e-18
14,2026-02-02,2026-02-01,AXS,0.01558191215181202
14,2026-02-02,2026-02-01,SNT,0.0033644531194360018
14,2026-02-02,2026-02-01,QTUM,6.938893903906834e-18
14,2026-02-02,2026-02-01,ANIME,6.938893903906834e-18
14,2026-02-02,2026-02-01,PUNDIX,6.938893903906834e-18
14,2026-02-02,2026-02-01,ARK,6.938893903906834e-18
14,2026-02-02,2026-02-01,ENS,6.938893903906834e-18
14,2026-02-02,2026-02-01,LINK,6.938893903906834e-18
14,2026-02-02,2026-02-01,CRO,0.1121402600134989
14,2026-02-02,2026-02-01,HBAR,6.938893903906834e-18
14,2026-02-02,2026-02-01,VANA,6.938893903906834e-18
14,2026-02-02,2026-02-01,SEI,6.938893903906834e-18
14,2026-02-02,2026-02-01,STRAX,6.938893903906834e-18
14,2026-02-02,2026-02-01,KNC,6.938893903906834e-18
14,2026-02-02,2026-02-01,ME,6.938893903906834e-18
14,2026-02-02,2026-02-01,SHIB,6.938893903906834e-18
14,2026-02-02,2026-02-01,CBK,6.938893903906834e-18
14,2026-02-02,2026-02-01,AQT,6.938893903906834e-18
14,2026-02-02,2026-02-01,SAFE,6.938893903906834e-18
14,2026-02-02,2026-02-01,GLM,0.04256209122168446
14,2026-02-02,2026-02-01,PEPE,6.938893903906834e-18
14,2026-02-02,2026-02-01,BONK,6.938893903906834e-18
14,2026-02-02,2026-02-01,WAVES,0.15341410264752064
14,2026-02-02,2026-02-01,MASK,6.938893903906834e-18
14,2026-02-02,2026-02-01,ATH,6.938893903906834e-18
14,2026-02-02,2026-02-01,TOKAMAK,0.13377479309560325
14,2026-02-02,2026-02-01,CARV,6.938893903906834e-18
14,2026-02-02,2026-02-01,MEW,6.938893903906834e-18
14,2026-02-02,2026-02-01,MNT,6.938893903906834e-18
14,2026-02-02,2026-02-01,PYTH,6.938893903906834e-18
14,2026-02-02,2026-02-01,SONIC,6.938893903906834e-18
14,2026-02-02,2026-02-01,GAS,6.938893903906834e-18
14,2026-02-02,2026-02-01,AKT,6.938893903906834e-18
14,2026-02-02,2026-02-01,BIGTIME,6.938893903906834e-18
14,2026-02-02,2026-02-01,DRIFT,6.938893903906834e-18
14,2026-02-03,2026-02-01,XRP,0.06519751243025376
14,2026-02-03,2026-02-01,BTC,0.25
14,2026-02-03,2026-02-01,ETH,6.938893903906834e-18
14,2026-02-03,2026-02-01,SOL,6.938893903906834e-18
14,2026-02-03,2026-02-01,DOGE,6.938893903906834e-18
14,2026-02-03,2026-02-01,AERGO,6.938893903906834e-18
14,2026-02-03,2026-02-01,ADA,6.938893903906834e-18
14,2026-02-03,2026-02-01,AUCTION,0.006092477639901876
14,2026-02-03,2026-02-01,ONDO,6.938893903906834e-18
14,2026-02-03,2026-02-01,SUI,6.938893903906834e-18
14,2026-02-03,2026-02-01,VIRTUAL,6.938893903906834e-18
14,2026-02-03,2026-02-01,ARDR,0.10348805513353816
14,2026-02-03,2026-02-01,MOVE,6.938893903906834e-18
14,2026-02-03,2026-02-01,AWE,0.11438434254675092
14,2026-02-03,2026-02-01,XLM,6.938893903906834e-18
14,2026-02-03,2026-02-01,AXS,0.01558191215181202
14,2026-02-03,2026-02-01,SNT,0.0033644531194360018
14,2026-02-03,2026-02-01,QTUM,6.938893903906834e-18
14,2026-02-03,2026-02-01,ANIME,6.938893903906834e-18
14,2026-02-03,2026-02-01,PUNDIX,6.938893903906834e-18
14,2026-02-03,2026-02-01,ARK,6.938893903906834e-18
14,2026-02-03,2026-02-01,ENS,6.938893903906834e-18
14,2026-02-03,2026-02-01,LINK,6.938893903906834e-18
14,2026-02-03,2026-02-01,CRO,0.1121402600134989
14,2026-02-03,2026-02-01,HBAR,6.938893903906834e-18
14,2026-02-03,2026-02-01,VANA,6.938893903906834e-18
14,2026-02-03,2026-02-01,SEI,6.938893903906834e-18
14,2026-02-03,2026-02-01,STRAX,6.938893903906834e-18
14,2026-02-03,2026-02-01,KNC,6.938893903906834e-18
14,2026-02-03,2026-02-01,ME,6.938893903906834e-18
14,2026-02-03,2026-02-01,SHIB,6.938893903906834e-18
14,2026-02-03,2026-02-01,CBK,6.938893903906834e-18
14,2026-02-03,2026-02-01,AQT,6.938893903906834e-18
14,2026-02-03,2026-02-01,SAFE,6.938893903906834e-18
14,2026-02-03,2026-02-01,GLM,0.04256209122168446
14,2026-02-03,2026-02-01,PEPE,6.938893903906834e-18
14,2026-02-03,2026-02-01,BONK,6.938893903906834e-18
14,2026-02-03,2026-02-01,WAVES,0.15341410264752064
14,2026-02-03,2026-02-01,MASK,6.938893903906834e-18
14,2026-02-03,2026-02-01,ATH,6.938893903906834e-18
14,2026-02-03,2026-02-01,TOKAMAK,0.13377479309560325
14,2026-02-03,2026-02-01,CARV,6.938893903906834e-18
14,2026-02-03,2026-02-01,MEW,6.938893903906834e-18
14,2026-02-03,2026-02-01,MNT,6.938893903906834e-18
14,2026-02-03,2026-02-01,PYTH,6.938893903906834e-18
14,2026-02-03,2026-02-01,SONIC,6.938893903906834e-18
14,2026-02-03,2026-02-01,GAS,6.938893903906834e-18
14,2026-02-03,2026-02-01,AKT,6.938893903906834e-18
14,2026-02-03,2026-02-01,BIGTIME,6.938893903906834e-18
14,2026-02-03,2026-02-01,DRIFT,6.938893903906834e-18
14,2026-02-04,2026-02-01,XRP,0.06519751243025376
14,2026-02-04,2026-02-01,BTC,0.25
14,2026-02-04,2026-02-01,ETH,6.938893903906834e-18
14,2026-02-04,2026-02-01,SOL,6.938893903906834e-18
14,2026-02-04,2026-02-01,DOGE,6.938893903906834e-18
14,2026-02-04,2026-02-01,AERGO,6.938893903906834e-18
14,2026-02-04,2026-02-01,ADA,6.938893903906834e-18
14,2026-02-04,2026-02-01,AUCTION,0.006092477639901876
14,2026-02-04,2026-02-01,ONDO,6.938893903906834e-18
14,2026-02-04,2026-02-01,SUI,6.938893903906834e-18
14,2026-02-04,2026-02-01,VIRTUAL,6.938893903906834e-18
14,2026-02-04,2026-02-01,ARDR,0.10348805513353816
14,2026-02-04,2026-02-01,MOVE,6.938893903906834e-18
14,2026-02-04,2026-02-01,AWE,0.11438434254675092
14,2026-02-04,2026-02-01,XLM,6.938893903906834e-18
14,2026-02-04,2026-02-01,AXS,0.01558191215181202
14,2026-02-04,2026-02-01,SNT,0.0033644531194360018
14,2026-02-04,2026-02-01,QTUM,6.938893903906834e-18
14,2026-02-04,2026-02-01,ANIME,6.938893903906834e-18
14,2026-02-04,2026-02-01,PUNDIX,6.938893903906834e-18
14,2026-02-04,2026-02-01,ARK,6.938893903906834e-18
14,2026-02-04,2026-02-01,ENS,6.938893903906834e-18
14,2026-02-04,2026-02-01,LINK,6.938893903906834e-18
14,2026-02-04,2026-02-01,CRO,0.1121402600134989
14,2026-02-04,2026-02-01,HBAR,6.938893903906834e-18
14,2026-02-04,2026-02-01,VANA,6.938893903906834e-18
14,2026-02-04,2026-02-01,SEI,6.938893903906834e-18
14,2026-02-04,2026-02-01,STRAX,6.938893903906834e-18
14,2026-02-04,2026-02-01,KNC,6.938893903906834e-18
14,2026-02-04,2026-02-01,ME,6.938893903906834e-18
14,2026-02-04,2026-02-01,SHIB,6.938893903906834e-18
14,2026-02-04,2026-02-01,CBK,6.938893903906834e-18
14,2026-02-04,2026-02-01,AQT,6.938893903906834e-18
14,2026-02-04,2026-02-01,SAFE,6.938893903906834e-18
14,2026-02-04,2026-02-01,GLM,0.04256209122168446
14,2026-02-04,2026-02-01,PEPE,6.938893903906834e-18
14,2026-02-04,2026-02-01,BONK,6.938893903906834e-18
14,2026-02-04,2026-02-01,WAVES,0.15341410264752064
14,2026-02-04,2026-02-01,MASK,6.938893903906834e-18
14,2026-02-04,2026-02-01,ATH,6.938893903906834e-18
14,2026-02-04,2026-02-01,TOKAMAK,0.13377479309560325
14,2026-02-04,2026-02-01,CARV,6.938893903906834e-18
14,2026-02-04,2026-02-01,MEW,6.938893903906834e-18
14,2026-02-04,2026-02-01,MNT,6.938893903906834e-18
14,2026-02-04,2026-02-01,PYTH,6.938893903906834e-18
14,2026-02-04,2026-02-01,SONIC,6.938893903906834e-18
14,2026-02-04,2026-02-01,GAS,6.938893903906834e-18
14,2026-02-04,2026-02-01,AKT,6.938893903906834e-18
14,2026-02-04,2026-02-01,BIGTIME,6.938893903906834e-18
14,2026-02-04,2026-02-01,DRIFT,6.938893903906834e-18
14,2026-02-05,2026-02-01,XRP,0.06519751243025376
14,2026-02-05,2026-02-01,BTC,0.25
14,2026-02-05,2026-02-01,ETH,6.938893903906834e-18
14,2026-02-05,2026-02-01,SOL,6.938893903906834e-18
14,2026-02-05,2026-02-01,DOGE,6.938893903906834e-18
14,2026-02-05,2026-02-01,AERGO,6.938893903906834e-18
14,2026-02-05,2026-02-01,ADA,6.938893903906834e-18
14,2026-02-05,2026-02-01,AUCTION,0.006092477639901876
14,2026-02-05,2026-02-01,ONDO,6.938893903906834e-18
14,2026-02-05,2026-02-01,SUI,6.938893903906834e-18
14,2026-02-05,2026-02-01,VIRTUAL,6.938893903906834e-18
14,2026-02-05,2026-02-01,ARDR,0.10348805513353816
14,2026-02-05,2026-02-01,MOVE,6.938893903906834e-18
14,2026-02-05,2026-02-01,AWE,0.11438434254675092
14,2026-02-05,2026-02-01,XLM,6.938893903906834e-18
14,2026-02-05,2026-02-01,AXS,0.01558191215181202
14,2026-02-05,2026-02-01,SNT,0.0033644531194360018
14,2026-02-05,2026-02-01,QTUM,6.938893903906834e-18
14,2026-02-05,2026-02-01,ANIME,6.938893903906834e-18
14,2026-02-05,2026-02-01,PUNDIX,6.938893903906834e-18
14,2026-02-05,2026-02-01,ARK,6.938893903906834e-18
14,2026-02-05,2026-02-01,ENS,6.938893903906834e-18
14,2026-02-05,2026-02-01,LINK,6.938893903906834e-18
14,2026-02-05,2026-02-01,CRO,0.1121402600134989
14,2026-02-05,2026-02-01,HBAR,6.938893903906834e-18
14,2026-02-05,2026-02-01,VANA,6.938893903906834e-18
14,2026-02-05,2026-02-01,SEI,6.938893903906834e-18
14,2026-02-05,2026-02-01,STRAX,6.938893903906834e-18
14,2026-02-05,2026-02-01,KNC,6.938893903906834e-18
14,2026-02-05,2026-02-01,ME,6.938893903906834e-18
14,2026-02-05,2026-02-01,SHIB,6.938893903906834e-18
14,2026-02-05,2026-02-01,CBK,6.938893903906834e-18
14,2026-02-05,2026-02-01,AQT,6.938893903906834e-18
14,2026-02-05,2026-02-01,SAFE,6.938893903906834e-18
14,2026-02-05,2026-02-01,GLM,0.04256209122168446
14,2026-02-05,2026-02-01,PEPE,6.938893903906834e-18
14,2026-02-05,2026-02-01,BONK,6.938893903906834e-18
14,2026-02-05,2026-02-01,WAVES,0.15341410264752064
14,2026-02-05,2026-02-01,MASK,6.938893903906834e-18
14,2026-02-05,2026-02-01,ATH,6.938893903906834e-18
14,2026-02-05,2026-02-01,TOKAMAK,0.13377479309560325
14,2026-02-05,2026-02-01,CARV,6.938893903906834e-18
14,2026-02-05,2026-02-01,MEW,6.938893903906834e-18
14,2026-02-05,2026-02-01,MNT,6.938893903906834e-18
14,2026-02-05,2026-02-01,PYTH,6.938893903906834e-18
14,2026-02-05,2026-02-01,SONIC,6.938893903906834e-18
14,2026-02-05,2026-02-01,GAS,6.938893903906834e-18
14,2026-02-05,2026-02-01,AKT,6.938893903906834e-18
14,2026-02-05,2026-02-01,BIGTIME,6.938893903906834e-18
14,2026-02-05,2026-02-01,DRIFT,6.938893903906834e-18
14,2026-02-06,2026-02-01,XRP,0.06519751243025376
14,2026-02-06,2026-02-01,BTC,0.25
14,2026-02-06,2026-02-01,ETH,6.938893903906834e-18
14,2026-02-06,2026-02-01,SOL,6.938893903906834e-18
14,2026-02-06,2026-02-01,DOGE,6.938893903906834e-18
14,2026-02-06,2026-02-01,AERGO,6.938893903906834e-18
14,2026-02-06,2026-02-01,ADA,6.938893903906834e-18
14,2026-02-06,2026-02-01,AUCTION,0.006092477639901876
14,2026-02-06,2026-02-01,ONDO,6.938893903906834e-18
14,2026-02-06,2026-02-01,SUI,6.938893903906834e-18
14,2026-02-06,2026-02-01,VIRTUAL,6.938893903906834e-18
14,2026-02-06,2026-02-01,ARDR,0.10348805513353816
14,2026-02-06,2026-02-01,MOVE,6.938893903906834e-18
14,2026-02-06,2026-02-01,AWE,0.11438434254675092
14,2026-02-06,2026-02-01,XLM,6.938893903906834e-18
14,2026-02-06,2026-02-01,AXS,0.01558191215181202
14,2026-02-06,2026-02-01,SNT,0.0033644531194360018
14,2026-02-06,2026-02-01,QTUM,6.938893903906834e-18
14,2026-02-06,2026-02-01,ANIME,6.938893903906834e-18
14,2026-02-06,2026-02-01,PUNDIX,6.938893903906834e-18
14,2026-02-06,2026-02-01,ARK,6.938893903906834e-18
14,2026-02-06,2026-02-01,ENS,6.938893903906834e-18
14,2026-02-06,2026-02-01,LINK,6.938893903906834e-18
14,2026-02-06,2026-02-01,CRO,0.1121402600134989
14,2026-02-06,2026-02-01,HBAR,6.938893903906834e-18
14,2026-02-06,2026-02-01,VANA,6.938893903906834e-18
14,2026-02-06,2026-02-01,SEI,6.938893903906834e-18
14,2026-02-06,2026-02-01,STRAX,6.938893903906834e-18
14,2026-02-06,2026-02-01,KNC,6.938893903906834e-18
14,2026-02-06,2026-02-01,ME,6.938893903906834e-18
14,2026-02-06,2026-02-01,SHIB,6.938893903906834e-18
14,2026-02-06,2026-02-01,CBK,6.938893903906834e-18
14,2026-02-06,2026-02-01,AQT,6.938893903906834e-18
14,2026-02-06,2026-02-01,SAFE,6.938893903906834e-18
14,2026-02-06,2026-02-01,GLM,0.04256209122168446
14,2026-02-06,2026-02-01,PEPE,6.938893903906834e-18
14,2026-02-06,2026-02-01,BONK,6.938893903906834e-18
14,2026-02-06,2026-02-01,WAVES,0.15341410264752064
14,2026-02-06,2026-02-01,MASK,6.938893903906834e-18
14,2026-02-06,2026-02-01,ATH,6.938893903906834e-18
14,2026-02-06,2026-02-01,TOKAMAK,0.13377479309560325
14,2026-02-06,2026-02-01,CARV,6.938893903906834e-18
14,2026-02-06,2026-02-01,MEW,6.938893903906834e-18
14,2026-02-06,2026-02-01,MNT,6.938893903906834e-18
14,2026-02-06,2026-02-01,PYTH,6.938893903906834e-18
14,2026-02-06,2026-02-01,SONIC,6.938893903906834e-18
14,2026-02-06,2026-02-01,GAS,6.938893903906834e-18
14,2026-02-06,2026-02-01,AKT,6.938893903906834e-18
14,2026-02-06,2026-02-01,BIGTIME,6.938893903906834e-18
14,2026-02-06,2026-02-01,DRIFT,6.938893903906834e-18
14,2026-02-07,2026-02-01,XRP,0.06519751243025376
14,2026-02-07,2026-02-01,BTC,0.25
14,2026-02-07,2026-02-01,ETH,6.938893903906834e-18
14,2026-02-07,2026-02-01,SOL,6.938893903906834e-18
14,2026-02-07,2026-02-01,DOGE,6.938893903906834e-18
14,2026-02-07,2026-02-01,AERGO,6.938893903906834e-18
14,2026-02-07,2026-02-01,ADA,6.938893903906834e-18
14,2026-02-07,2026-02-01,AUCTION,0.006092477639901876
14,2026-02-07,2026-02-01,ONDO,6.938893903906834e-18
14,2026-02-07,2026-02-01,SUI,6.938893903906834e-18
14,2026-02-07,2026-02-01,VIRTUAL,6.938893903906834e-18
14,2026-02-07,2026-02-01,ARDR,0.10348805513353816
14,2026-02-07,2026-02-01,MOVE,6.938893903906834e-18
14,2026-02-07,2026-02-01,AWE,0.11438434254675092
14,2026-02-07,2026-02-01,XLM,6.938893903906834e-18
14,2026-02-07,2026-02-01,AXS,0.01558191215181202
14,2026-02-07,2026-02-01,SNT,0.0033644531194360018
14,2026-02-07,2026-02-01,QTUM,6.938893903906834e-18
14,2026-02-07,2026-02-01,ANIME,6.938893903906834e-18
14,2026-02-07,2026-02-01,PUNDIX,6.938893903906834e-18
14,2026-02-07,2026-02-01,ARK,6.938893903906834e-18
14,2026-02-07,2026-02-01,ENS,6.938893903906834e-18
14,2026-02-07,2026-02-01,LINK,6.938893903906834e-18
14,2026-02-07,2026-02-01,CRO,0.1121402600134989
14,2026-02-07,2026-02-01,HBAR,6.938893903906834e-18
14,2026-02-07,2026-02-01,VANA,6.938893903906834e-18
14,2026-02-07,2026-02-01,SEI,6.938893903906834e-18
14,2026-02-07,2026-02-01,STRAX,6.938893903906834e-18
14,2026-02-07,2026-02-01,KNC,6.938893903906834e-18
14,2026-02-07,2026-02-01,ME,6.938893903906834e-18
14,2026-02-07,2026-02-01,SHIB,6.938893903906834e-18
14,2026-02-07,2026-02-01,CBK,6.938893903906834e-18
14,2026-02-07,2026-02-01,AQT,6.938893903906834e-18
14,2026-02-07,2026-02-01,SAFE,6.938893903906834e-18
14,2026-02-07,2026-02-01,GLM,0.04256209122168446
14,2026-02-07,2026-02-01,PEPE,6.938893903906834e-18
14,2026-02-07,2026-02-01,BONK,6.938893903906834e-18
14,2026-02-07,2026-02-01,WAVES,0.15341410264752064
14,2026-02-07,2026-02-01,MASK,6.938893903906834e-18
14,2026-02-07,2026-02-01,ATH,6.938893903906834e-18
14,2026-02-07,2026-02-01,TOKAMAK,0.13377479309560325
14,2026-02-07,2026-02-01,CARV,6.938893903906834e-18
14,2026-02-07,2026-02-01,MEW,6.938893903906834e-18
14,2026-02-07,2026-02-01,MNT,6.938893903906834e-18
14,2026-02-07,2026-02-01,PYTH,6.938893903906834e-18
14,2026-02-07,2026-02-01,SONIC,6.938893903906834e-18
14,2026-02-07,2026-02-01,GAS,6.938893903906834e-18
14,2026-02-07,2026-02-01,AKT,6.938893903906834e-18
14,2026-02-07,2026-02-01,BIGTIME,6.938893903906834e-18
14,2026-02-07,2026-02-01,DRIFT,6.938893903906834e-18
14,2026-02-08,2026-02-01,XRP,0.06519751243025376
14,2026-02-08,2026-02-01,BTC,0.25
14,2026-02-08,2026-02-01,ETH,6.938893903906834e-18
14,2026-02-08,2026-02-01,SOL,6.938893903906834e-18
14,2026-02-08,2026-02-01,DOGE,6.938893903906834e-18
14,2026-02-08,2026-02-01,AERGO,6.938893903906834e-18
14,2026-02-08,2026-02-01,ADA,6.938893903906834e-18
14,2026-02-08,2026-02-01,AUCTION,0.006092477639901876
14,2026-02-08,2026-02-01,ONDO,6.938893903906834e-18
14,2026-02-08,2026-02-01,SUI,6.938893903906834e-18
14,2026-02-08,2026-02-01,VIRTUAL,6.938893903906834e-18
14,2026-02-08,2026-02-01,ARDR,0.10348805513353816
14,2026-02-08,2026-02-01,MOVE,6.938893903906834e-18
14,2026-02-08,2026-02-01,AWE,0.11438434254675092
14,2026-02-08,2026-02-01,XLM,6.938893903906834e-18
14,2026-02-08,2026-02-01,AXS,0.01558191215181202
14,2026-02-08,2026-02-01,SNT,0.0033644531194360018
14,2026-02-08,2026-02-01,QTUM,6.938893903906834e-18
14,2026-02-08,2026-02-01,ANIME,6.938893903906834e-18
14,2026-02-08,2026-02-01,PUNDIX,6.938893903906834e-18
14,2026-02-08,2026-02-01,ARK,6.938893903906834e-18
14,2026-02-08,2026-02-01,ENS,6.938893903906834e-18
14,2026-02-08,2026-02-01,LINK,6.938893903906834e-18
14,2026-02-08,2026-02-01,CRO,0.1121402600134989
14,2026-02-08,2026-02-01,HBAR,6.938893903906834e-18
14,2026-02-08,2026-02-01,VANA,6.938893903906834e-18
14,2026-02-08,2026-02-01,SEI,6.938893903906834e-18
14,2026-02-08,2026-02-01,STRAX,6.938893903906834e-18
14,2026-02-08,2026-02-01,KNC,6.938893903906834e-18
14,2026-02-08,2026-02-01,ME,6.938893903906834e-18
14,2026-02-08,2026-02-01,SHIB,6.938893903906834e-18
14,2026-02-08,2026-02-01,CBK,6.938893903906834e-18
14,2026-02-08,2026-02-01,AQT,6.938893903906834e-18
14,2026-02-08,2026-02-01,SAFE,6.938893903906834e-18
14,2026-02-08,2026-02-01,GLM,0.04256209122168446
14,2026-02-08,2026-02-01,PEPE,6.938893903906834e-18
14,2026-02-08,2026-02-01,BONK,6.938893903906834e-18
14,2026-02-08,2026-02-01,WAVES,0.15341410264752064
14,2026-02-08,2026-02-01,MASK,6.938893903906834e-18
14,2026-02-08,2026-02-01,ATH,6.938893903906834e-18
14,2026-02-08,2026-02-01,TOKAMAK,0.13377479309560325
14,2026-02-08,2026-02-01,CARV,6.938893903906834e-18
14,2026-02-08,2026-02-01,MEW,6.938893903906834e-18
14,2026-02-08,2026-02-01,MNT,6.938893903906834e-18
14,2026-02-08,2026-02-01,PYTH,6.938893903906834e-18
14,2026-02-08,2026-02-01,SONIC,6.938893903906834e-18
14,2026-02-08,2026-02-01,GAS,6.938893903906834e-18
14,2026-02-08,2026-02-01,AKT,6.938893903906834e-18
14,2026-02-08,2026-02-01,BIGTIME,6.938893903906834e-18
14,2026-02-08,2026-02-01,DRIFT,6.938893903906834e-18
14,2026-02-09,2026-02-01,XRP,0.06519751243025376
14,2026-02-09,2026-02-01,BTC,0.25
14,2026-02-09,2026-02-01,ETH,6.938893903906834e-18
14,2026-02-09,2026-02-01,SOL,6.938893903906834e-18
14,2026-02-09,2026-02-01,DOGE,6.938893903906834e-18
14,2026-02-09,2026-02-01,AERGO,6.938893903906834e-18
14,2026-02-09,2026-02-01,ADA,6.938893903906834e-18
14,2026-02-09,2026-02-01,AUCTION,0.006092477639901876
14,2026-02-09,2026-02-01,ONDO,6.938893903906834e-18
14,2026-02-09,2026-02-01,SUI,6.938893903906834e-18
14,2026-02-09,2026-02-01,VIRTUAL,6.938893903906834e-18
14,2026-02-09,2026-02-01,ARDR,0.10348805513353816
14,2026-02-09,2026-02-01,MOVE,6.938893903906834e-18
14,2026-02-09,2026-02-01,AWE,0.11438434254675092
14,2026-02-09,2026-02-01,XLM,6.938893903906834e-18
14,2026-02-09,2026-02-01,AXS,0.01558191215181202
14,2026-02-09,2026-02-01,SNT,0.0033644531194360018
14,2026-02-09,2026-02-01,QTUM,6.938893903906834e-18
14,2026-02-09,2026-02-01,ANIME,6.938893903906834e-18
14,2026-02-09,2026-02-01,PUNDIX,6.938893903906834e-18
14,2026-02-09,2026-02-01,ARK,6.938893903906834e-18
14,2026-02-09,2026-02-01,ENS,6.938893903906834e-18
14,2026-02-09,2026-02-01,LINK,6.938893903906834e-18
14,2026-02-09,2026-02-01,CRO,0.1121402600134989
14,2026-02-09,2026-02-01,HBAR,6.938893903906834e-18
14,2026-02-09,2026-02-01,VANA,6.938893903906834e-18
14,2026-02-09,2026-02-01,SEI,6.938893903906834e-18
14,2026-02-09,2026-02-01,STRAX,6.938893903906834e-18
14,2026-02-09,2026-02-01,KNC,6.938893903906834e-18
14,2026-02-09,2026-02-01,ME,6.938893903906834e-18
14,2026-02-09,2026-02-01,SHIB,6.938893903906834e-18
14,2026-02-09,2026-02-01,CBK,6.938893903906834e-18
14,2026-02-09,2026-02-01,AQT,6.938893903906834e-18
14,2026-02-09,2026-02-01,SAFE,6.938893903906834e-18
14,2026-02-09,2026-02-01,GLM,0.04256209122168446
14,2026-02-09,2026-02-01,PEPE,6.938893903906834e-18
14,2026-02-09,2026-02-01,BONK,6.938893903906834e-18
14,2026-02-09,2026-02-01,WAVES,0.15341410264752064
14,2026-02-09,2026-02-01,MASK,6.938893903906834e-18
14,2026-02-09,2026-02-01,ATH,6.938893903906834e-18
14,2026-02-09,2026-02-01,TOKAMAK,0.13377479309560325
14,2026-02-09,2026-02-01,CARV,6.938893903906834e-18
14,2026-02-09,2026-02-01,MEW,6.938893903906834e-18
14,2026-02-09,2026-02-01,MNT,6.938893903906834e-18
14,2026-02-09,2026-02-01,PYTH,6.938893903906834e-18
14,2026-02-09,2026-02-01,SONIC,6.938893903906834e-18
14,2026-02-09,2026-02-01,GAS,6.938893903906834e-18
14,2026-02-09,2026-02-01,AKT,6.938893903906834e-18
14,2026-02-09,2026-02-01,BIGTIME,6.938893903906834e-18
14,2026-02-09,2026-02-01,DRIFT,6.938893903906834e-18
14,2026-02-10,2026-02-01,XRP,0.06519751243025376
14,2026-02-10,2026-02-01,BTC,0.25
14,2026-02-10,2026-02-01,ETH,6.938893903906834e-18
14,2026-02-10,2026-02-01,SOL,6.938893903906834e-18
14,2026-02-10,2026-02-01,DOGE,6.938893903906834e-18
14,2026-02-10,2026-02-01,AERGO,6.938893903906834e-18
14,2026-02-10,2026-02-01,ADA,6.938893903906834e-18
14,2026-02-10,2026-02-01,AUCTION,0.006092477639901876
14,2026-02-10,2026-02-01,ONDO,6.938893903906834e-18
14,2026-02-10,2026-02-01,SUI,6.938893903906834e-18
14,2026-02-10,2026-02-01,VIRTUAL,6.938893903906834e-18
14,2026-02-10,2026-02-01,ARDR,0.10348805513353816
14,2026-02-10,2026-02-01,MOVE,6.938893903906834e-18
14,2026-02-10,2026-02-01,AWE,0.11438434254675092
14,2026-02-10,2026-02-01,XLM,6.938893903906834e-18
14,2026-02-10,2026-02-01,AXS,0.01558191215181202
14,2026-02-10,2026-02-01,SNT,0.0033644531194360018
14,2026-02-10,2026-02-01,QTUM,6.938893903906834e-18
14,2026-02-10,2026-02-01,ANIME,6.938893903906834e-18
14,2026-02-10,2026-02-01,PUNDIX,6.938893903906834e-18
14,2026-02-10,2026-02-01,ARK,6.938893903906834e-18
14,2026-02-10,2026-02-01,ENS,6.938893903906834e-18
14,2026-02-10,2026-02-01,LINK,6.938893903906834e-18
14,2026-02-10,2026-02-01,CRO,0.1121402600134989
14,2026-02-10,2026-02-01,HBAR,6.938893903906834e-18
14,2026-02-10,2026-02-01,VANA,6.938893903906834e-18
14,2026-02-10,2026-02-01,SEI,6.938893903906834e-18
14,2026-02-10,2026-02-01,STRAX,6.938893903906834e-18
14,2026-02-10,2026-02-01,KNC,6.938893903906834e-18
14,2026-02-10,2026-02-01,ME,6.938893903906834e-18
14,2026-02-10,2026-02-01,SHIB,6.938893903906834e-18
14,2026-02-10,2026-02-01,CBK,6.938893903906834e-18
14,2026-02-10,2026-02-01,AQT,6.938893903906834e-18
14,2026-02-10,2026-02-01,SAFE,6.938893903906834e-18
14,2026-02-10,2026-02-01,GLM,0.04256209122168446
14,2026-02-10,2026-02-01,PEPE,6.938893903906834e-18
14,2026-02-10,2026-02-01,BONK,6.938893903906834e-18
14,2026-02-10,2026-02-01,WAVES,0.15341410264752064
14,2026-02-10,2026-02-01,MASK,6.938893903906834e-18
14,2026-02-10,2026-02-01,ATH,6.938893903906834e-18
14,2026-02-10,2026-02-01,TOKAMAK,0.13377479309560325
14,2026-02-10,2026-02-01,CARV,6.938893903906834e-18
14,2026-02-10,2026-02-01,MEW,6.938893903906834e-18
14,2026-02-10,2026-02-01,MNT,6.938893903906834e-18
14,2026-02-10,2026-02-01,PYTH,6.938893903906834e-18
14,2026-02-10,2026-02-01,SONIC,6.938893903906834e-18
14,2026-02-10,2026-02-01,GAS,6.938893903906834e-18
14,2026-02-10,2026-02-01,AKT,6.938893903906834e-18
14,2026-02-10,2026-02-01,BIGTIME,6.938893903906834e-18
14,2026-02-10,2026-02-01,DRIFT,6.938893903906834e-18
14,2026-02-11,2026-02-01,XRP,0.06519751243025376
14,2026-02-11,2026-02-01,BTC,0.25
14,2026-02-11,2026-02-01,ETH,6.938893903906834e-18
14,2026-02-11,2026-02-01,SOL,6.938893903906834e-18
14,2026-02-11,2026-02-01,DOGE,6.938893903906834e-18
14,2026-02-11,2026-02-01,AERGO,6.938893903906834e-18
14,2026-02-11,2026-02-01,ADA,6.938893903906834e-18
14,2026-02-11,2026-02-01,AUCTION,0.006092477639901876
14,2026-02-11,2026-02-01,ONDO,6.938893903906834e-18
14,2026-02-11,2026-02-01,SUI,6.938893903906834e-18
14,2026-02-11,2026-02-01,VIRTUAL,6.938893903906834e-18
14,2026-02-11,2026-02-01,ARDR,0.10348805513353816
14,2026-02-11,2026-02-01,MOVE,6.938893903906834e-18
14,2026-02-11,2026-02-01,AWE,0.11438434254675092
14,2026-02-11,2026-02-01,XLM,6.938893903906834e-18
14,2026-02-11,2026-02-01,AXS,0.01558191215181202
14,2026-02-11,2026-02-01,SNT,0.0033644531194360018
14,2026-02-11,2026-02-01,QTUM,6.938893903906834e-18
14,2026-02-11,2026-02-01,ANIME,6.938893903906834e-18
14,2026-02-11,2026-02-01,PUNDIX,6.938893903906834e-18
14,2026-02-11,2026-02-01,ARK,6.938893903906834e-18
14,2026-02-11,2026-02-01,ENS,6.938893903906834e-18
14,2026-02-11,2026-02-01,LINK,6.938893903906834e-18
14,2026-02-11,2026-02-01,CRO,0.1121402600134989
14,2026-02-11,2026-02-01,HBAR,6.938893903906834e-18
14,2026-02-11,2026-02-01,VANA,6.938893903906834e-18
14,2026-02-11,2026-02-01,SEI,6.938893903906834e-18
14,2026-02-11,2026-02-01,STRAX,6.938893903906834e-18
14,2026-02-11,2026-02-01,KNC,6.938893903906834e-18
14,2026-02-11,2026-02-01,ME,6.938893903906834e-18
14,2026-02-11,2026-02-01,SHIB,6.938893903906834e-18
14,2026-02-11,2026-02-01,CBK,6.938893903906834e-18
14,2026-02-11,2026-02-01,AQT,6.938893903906834e-18
14,2026-02-11,2026-02-01,SAFE,6.938893903906834e-18
14,2026-02-11,2026-02-01,GLM,0.04256209122168446
14,2026-02-11,2026-02-01,PEPE,6.938893903906834e-18
14,2026-02-11,2026-02-01,BONK,6.938893903906834e-18
14,2026-02-11,2026-02-01,WAVES,0.15341410264752064
14,2026-02-11,2026-02-01,MASK,6.938893903906834e-18
14,2026-02-11,2026-02-01,ATH,6.938893903906834e-18
14,2026-02-11,2026-02-01,TOKAMAK,0.13377479309560325
14,2026-02-11,2026-02-01,CARV,6.938893903906834e-18
14,2026-02-11,2026-02-01,MEW,6.938893903906834e-18
14,2026-02-11,2026-02-01,MNT,6.938893903906834e-18
14,2026-02-11,2026-02-01,PYTH,6.938893903906834e-18
14,2026-02-11,2026-02-01,SONIC,6.938893903906834e-18
14,2026-02-11,2026-02-01,GAS,6.938893903906834e-18
14,2026-02-11,2026-02-01,AKT,6.938893903906834e-18
14,2026-02-11,2026-02-01,BIGTIME,6.938893903906834e-18
14,2026-02-11,2026-02-01,DRIFT,6.938893903906834e-18
14,2026-02-12,2026-02-01,XRP,0.06519751243025376
14,2026-02-12,2026-02-01,BTC,0.25
14,2026-02-12,2026-02-01,ETH,6.938893903906834e-18
14,2026-02-12,2026-02-01,SOL,6.938893903906834e-18
14,2026-02-12,2026-02-01,DOGE,6.938893903906834e-18
14,2026-02-12,2026-02-01,AERGO,6.938893903906834e-18
14,2026-02-12,2026-02-01,ADA,6.938893903906834e-18
14,2026-02-12,2026-02-01,AUCTION,0.006092477639901876
14,2026-02-12,2026-02-01,ONDO,6.938893903906834e-18
14,2026-02-12,2026-02-01,SUI,6.938893903906834e-18
14,2026-02-12,2026-02-01,VIRTUAL,6.938893903906834e-18
14,2026-02-12,2026-02-01,ARDR,0.10348805513353816
14,2026-02-12,2026-02-01,MOVE,6.938893903906834e-18
14,2026-02-12,2026-02-01,AWE,0.11438434254675092
14,2026-02-12,2026-02-01,XLM,6.938893903906834e-18
14,2026-02-12,2026-02-01,AXS,0.01558191215181202
14,2026-02-12,2026-02-01,SNT,0.0033644531194360018
14,2026-02-12,2026-02-01,QTUM,6.938893903906834e-18
14,2026-02-12,2026-02-01,ANIME,6.938893903906834e-18
14,2026-02-12,2026-02-01,PUNDIX,6.938893903906834e-18
14,2026-02-12,2026-02-01,ARK,6.938893903906834e-18
14,2026-02-12,2026-02-01,ENS,6.938893903906834e-18
14,2026-02-12,2026-02-01,LINK,6.938893903906834e-18
14,2026-02-12,2026-02-01,CRO,0.1121402600134989
14,2026-02-12,2026-02-01,HBAR,6.938893903906834e-18
14,2026-02-12,2026-02-01,VANA,6.938893903906834e-18
14,2026-02-12,2026-02-01,SEI,6.938893903906834e-18
14,2026-02-12,2026-02-01,STRAX,6.938893903906834e-18
14,2026-02-12,2026-02-01,KNC,6.938893903906834e-18
14,2026-02-12,2026-02-01,ME,6.938893903906834e-18
14,2026-02-12,2026-02-01,SHIB,6.938893903906834e-18
14,2026-02-12,2026-02-01,CBK,6.938893903906834e-18
14,2026-02-12,2026-02-01,AQT,6.938893903906834e-18
14,2026-02-12,2026-02-01,SAFE,6.938893903906834e-18
14,2026-02-12,2026-02-01,GLM,0.04256209122168446
14,2026-02-12,2026-02-01,PEPE,6.938893903906834e-18
14,2026-02-12,2026-02-01,BONK,6.938893903906834e-18
14,2026-02-12,2026-02-01,WAVES,0.15341410264752064
14,2026-02-12,2026-02-01,MASK,6.938893903906834e-18
14,2026-02-12,2026-02-01,ATH,6.938893903906834e-18
14,2026-02-12,2026-02-01,TOKAMAK,0.13377479309560325
14,2026-02-12,2026-02-01,CARV,6.938893903906834e-18
14,2026-02-12,2026-02-01,MEW,6.938893903906834e-18
14,2026-02-12,2026-02-01,MNT,6.938893903906834e-18
14,2026-02-12,2026-02-01,PYTH,6.938893903906834e-18
14,2026-02-12,2026-02-01,SONIC,6.938893903906834e-18
14,2026-02-12,2026-02-01,GAS,6.938893903906834e-18
14,2026-02-12,2026-02-01,AKT,6.938893903906834e-18
14,2026-02-12,2026-02-01,BIGTIME,6.938893903906834e-18
14,2026-02-12,2026-02-01,DRIFT,6.938893903906834e-18
14,2026-02-13,2026-02-01,XRP,0.06519751243025376
14,2026-02-13,2026-02-01,BTC,0.25
14,2026-02-13,2026-02-01,ETH,6.938893903906834e-18
14,2026-02-13,2026-02-01,SOL,6.938893903906834e-18
14,2026-02-13,2026-02-01,DOGE,6.938893903906834e-18
14,2026-02-13,2026-02-01,AERGO,6.938893903906834e-18
14,2026-02-13,2026-02-01,ADA,6.938893903906834e-18
14,2026-02-13,2026-02-01,AUCTION,0.006092477639901876
14,2026-02-13,2026-02-01,ONDO,6.938893903906834e-18
14,2026-02-13,2026-02-01,SUI,6.938893903906834e-18
14,2026-02-13,2026-02-01,VIRTUAL,6.938893903906834e-18
14,2026-02-13,2026-02-01,ARDR,0.10348805513353816
14,2026-02-13,2026-02-01,MOVE,6.938893903906834e-18
14,2026-02-13,2026-02-01,AWE,0.11438434254675092
14,2026-02-13,2026-02-01,XLM,6.938893903906834e-18
14,2026-02-13,2026-02-01,AXS,0.01558191215181202
14,2026-02-13,2026-02-01,SNT,0.0033644531194360018
14,2026-02-13,2026-02-01,QTUM,6.938893903906834e-18
14,2026-02-13,2026-02-01,ANIME,6.938893903906834e-18
14,2026-02-13,2026-02-01,PUNDIX,6.938893903906834e-18
14,2026-02-13,2026-02-01,ARK,6.938893903906834e-18
14,2026-02-13,2026-02-01,ENS,6.938893903906834e-18
14,2026-02-13,2026-02-01,LINK,6.938893903906834e-18
14,2026-02-13,2026-02-01,CRO,0.1121402600134989
14,2026-02-13,2026-02-01,HBAR,6.938893903906834e-18
14,2026-02-13,2026-02-01,VANA,6.938893903906834e-18
14,2026-02-13,2026-02-01,SEI,6.938893903906834e-18
14,2026-02-13,2026-02-01,STRAX,6.938893903906834e-18
14,2026-02-13,2026-02-01,KNC,6.938893903906834e-18
14,2026-02-13,2026-02-01,ME,6.938893903906834e-18
14,2026-02-13,2026-02-01,SHIB,6.938893903906834e-18
14,2026-02-13,2026-02-01,CBK,6.938893903906834e-18
14,2026-02-13,2026-02-01,AQT,6.938893903906834e-18
14,2026-02-13,2026-02-01,SAFE,6.938893903906834e-18
14,2026-02-13,2026-02-01,GLM,0.04256209122168446
14,2026-02-13,2026-02-01,PEPE,6.938893903906834e-18
14,2026-02-13,2026-02-01,BONK,6.938893903906834e-18
14,2026-02-13,2026-02-01,WAVES,0.15341410264752064
14,2026-02-13,2026-02-01,MASK,6.938893903906834e-18
14,2026-02-13,2026-02-01,ATH,6.938893903906834e-18
14,2026-02-13,2026-02-01,TOKAMAK,0.13377479309560325
14,2026-02-13,2026-02-01,CARV,6.938893903906834e-18
14,2026-02-13,2026-02-01,MEW,6.938893903906834e-18
14,2026-02-13,2026-02-01,MNT,6.938893903906834e-18
14,2026-02-13,2026-02-01,PYTH,6.938893903906834e-18
14,2026-02-13,2026-02-01,SONIC,6.938893903906834e-18
14,2026-02-13,2026-02-01,GAS,6.938893903906834e-18
14,2026-02-13,2026-02-01,AKT,6.938893903906834e-18
14,2026-02-13,2026-02-01,BIGTIME,6.938893903906834e-18
14,2026-02-13,2026-02-01,DRIFT,6.938893903906834e-18
14,2026-02-14,2026-02-01,XRP,0.06519751243025376
14,2026-02-14,2026-02-01,BTC,0.25
14,2026-02-14,2026-02-01,ETH,6.938893903906834e-18
14,2026-02-14,2026-02-01,SOL,6.938893903906834e-18
14,2026-02-14,2026-02-01,DOGE,6.938893903906834e-18
14,2026-02-14,2026-02-01,AERGO,6.938893903906834e-18
14,2026-02-14,2026-02-01,ADA,6.938893903906834e-18
14,2026-02-14,2026-02-01,AUCTION,0.006092477639901876
14,2026-02-14,2026-02-01,ONDO,6.938893903906834e-18
14,2026-02-14,2026-02-01,SUI,6.938893903906834e-18
14,2026-02-14,2026-02-01,VIRTUAL,6.938893903906834e-18
14,2026-02-14,2026-02-01,ARDR,0.10348805513353816
14,2026-02-14,2026-02-01,MOVE,6.938893903906834e-18
14,2026-02-14,2026-02-01,AWE,0.11438434254675092
14,2026-02-14,2026-02-01,XLM,6.938893903906834e-18
14,2026-02-14,2026-02-01,AXS,0.01558191215181202
14,2026-02-14,2026-02-01,SNT,0.0033644531194360018
14,2026-02-14,2026-02-01,QTUM,6.938893903906834e-18
14,2026-02-14,2026-02-01,ANIME,6.938893903906834e-18
14,2026-02-14,2026-02-01,PUNDIX,6.938893903906834e-18
14,2026-02-14,2026-02-01,ARK,6.938893903906834e-18
14,2026-02-14,2026-02-01,ENS,6.938893903906834e-18
14,2026-02-14,2026-02-01,LINK,6.938893903906834e-18
14,2026-02-14,2026-02-01,CRO,0.1121402600134989
14,2026-02-14,2026-02-01,HBAR,6.938893903906834e-18
14,2026-02-14,2026-02-01,VANA,6.938893903906834e-18
14,2026-02-14,2026-02-01,SEI,6.938893903906834e-18
14,2026-02-14,2026-02-01,STRAX,6.938893903906834e-18
14,2026-02-14,2026-02-01,KNC,6.938893903906834e-18
14,2026-02-14,2026-02-01,ME,6.938893903906834e-18
14,2026-02-14,2026-02-01,SHIB,6.938893903906834e-18
14,2026-02-14,2026-02-01,CBK,6.938893903906834e-18
14,2026-02-14,2026-02-01,AQT,6.938893903906834e-18
14,2026-02-14,2026-02-01,SAFE,6.938893903906834e-18
14,2026-02-14,2026-02-01,GLM,0.04256209122168446
14,2026-02-14,2026-02-01,PEPE,6.938893903906834e-18
14,2026-02-14,2026-02-01,BONK,6.938893903906834e-18
14,2026-02-14,2026-02-01,WAVES,0.15341410264752064
14,2026-02-14,2026-02-01,MASK,6.938893903906834e-18
14,2026-02-14,2026-02-01,ATH,6.938893903906834e-18
14,2026-02-14,2026-02-01,TOKAMAK,0.13377479309560325
14,2026-02-14,2026-02-01,CARV,6.938893903906834e-18
14,2026-02-14,2026-02-01,MEW,6.938893903906834e-18
14,2026-02-14,2026-02-01,MNT,6.938893903906834e-18
14,2026-02-14,2026-02-01,PYTH,6.938893903906834e-18
14,2026-02-14,2026-02-01,SONIC,6.938893903906834e-18
14,2026-02-14,2026-02-01,GAS,6.938893903906834e-18
14,2026-02-14,2026-02-01,AKT,6.938893903906834e-18
14,2026-02-14,2026-02-01,BIGTIME,6.938893903906834e-18
14,2026-02-14,2026-02-01,DRIFT,6.938893903906834e-18
14,2026-03-01,2026-03-01,XRP,4.625929269271223e-18
14,2026-03-01,2026-03-01,BTC,0.25
14,2026-03-01,2026-03-01,ETH,4.625929269271223e-18
14,2026-03-01,2026-03-01,SOL,4.625929269271223e-18
14,2026-03-01,2026-03-01,DOGE,4.625929269271223e-18
14,2026-03-01,2026-03-01,AERGO,0.026606606063121187
14,2026-03-01,2026-03-01,ADA,4.625929269271223e-18
14,2026-03-01,2026-03-01,AUCTION,0.03233346286116379
14,2026-03-01,2026-03-01,ONDO,4.625929269271223e-18
14,2026-03-01,2026-03-01,SUI,4.625929269271223e-18
14,2026-03-01,2026-03-01,VIRTUAL,4.625929269271223e-18
14,2026-03-01,2026-03-01,ARDR,0.033580834583572076
14,2026-03-01,2026-03-01,MOVE,4.625929269271223e-18
14,2026-03-01,2026-03-01,AWE,0.04392456945775217
14,2026-03-01,2026-03-01,XLM,4.625929269271223e-18
14,2026-03-01,2026-03-01,AXS,4.625929269271223e-18
14,2026-03-01,2026-03-01,SNT,0.03269254749355031
14,2026-03-01,2026-03-01,QTUM,4.625929269271223e-18
14,2026-03-01,2026-03-01,ANIME,4.625929269271223e-18
14,2026-03-01,2026-03-01,PUNDIX,0.04376240936481142
14,2026-03-01,2026-03-01,ARK,4.625929269271223e-18
14,2026-03-01,2026-03-01,ENS,4.625929269271223e-18
14,2026-03-01,2026-03-01,LINK,4.625929269271223e-18
14,2026-03-01,2026-03-01,CRO,0.09077007765042636
14,2026-03-01,2026-03-01,HBAR,4.625929269271223e-18
14,2026-03-01,2026-03-01,VANA,4.625929269271223e-18
14,2026-03-01,2026-03-01,SEI,4.625929269271223e-18
14,2026-03-01,2026-03-01,STRAX,0.03326026075051583
14,2026-03-01,2026-03-01,KNC,4.625929269271223e-18
14,2026-03-01,2026-03-01,ME,4.625929269271223e-18
14,2026-03-01,2026-03-01,SHIB,4.625929269271223e-18
14,2026-03-01,2026-03-01,CBK,4.625929269271223e-18
14,2026-03-01,2026-03-01,AQT,0.022469853424053145
14,2026-03-01,2026-03-01,SAFE,4.625929269271223e-18
14,2026-03-01,2026-03-01,GLM,4.625929269271223e-18
14,2026-03-01,2026-03-01,PEPE,4.625929269271223e-18
14,2026-03-01,2026-03-01,BONK,4.625929269271223e-18
14,2026-03-01,2026-03-01,WAVES,0.05395872482332343
14,2026-03-01,2026-03-01,MASK,4.625929269271223e-18
14,2026-03-01,2026-03-01,ATH,4.625929269271223e-18
14,2026-03-01,2026-03-01,TOKAMAK,0.14715460866656685
14,2026-03-01,2026-03-01,CARV,4.625929269271223e-18
14,2026-03-01,2026-03-01,MEW,4.625929269271223e-18
14,2026-03-01,2026-03-01,MNT,0.17669474544390384
14,2026-03-01,2026-03-01,PYTH,4.625929269271223e-18
14,2026-03-01,2026-03-01,SONIC,0.012791299417239622
14,2026-03-01,2026-03-01,GAS,4.625929269271223e-18
14,2026-03-01,2026-03-01,AKT,4.625929269271223e-18
14,2026-03-01,2026-03-01,BIGTIME,4.625929269271223e-18
14,2026-03-01,2026-03-01,DRIFT,4.625929269271223e-18
14,2026-03-02,2026-03-01,XRP,4.625929269271223e-18
14,2026-03-02,2026-03-01,BTC,0.25
14,2026-03-02,2026-03-01,ETH,4.625929269271223e-18
14,2026-03-02,2026-03-01,SOL,4.625929269271223e-18
14,2026-03-02,2026-03-01,DOGE,4.625929269271223e-18
14,2026-03-02,2026-03-01,AERGO,0.026606606063121187
14,2026-03-02,2026-03-01,ADA,4.625929269271223e-18
14,2026-03-02,2026-03-01,AUCTION,0.03233346286116379
14,2026-03-02,2026-03-01,ONDO,4.625929269271223e-18
14,2026-03-02,2026-03-01,SUI,4.625929269271223e-18
14,2026-03-02,2026-03-01,VIRTUAL,4.625929269271223e-18
14,2026-03-02,2026-03-01,ARDR,0.033580834583572076
14,2026-03-02,2026-03-01,MOVE,4.625929269271223e-18
14,2026-03-02,2026-03-01,AWE,0.04392456945775217
14,2026-03-02,2026-03-01,XLM,4.625929269271223e-18
14,2026-03-02,2026-03-01,AXS,4.625929269271223e-18
14,2026-03-02,2026-03-01,SNT,0.03269254749355031
14,2026-03-02,2026-03-01,QTUM,4.625929269271223e-18
14,2026-03-02,2026-03-01,ANIME,4.625929269271223e-18
14,2026-03-02,2026-03-01,PUNDIX,0.04376240936481142
14,2026-03-02,2026-03-01,ARK,4.625929269271223e-18
14,2026-03-02,2026-03-01,ENS,4.625929269271223e-18
14,2026-03-02,2026-03-01,LINK,4.625929269271223e-18
14,2026-03-02,2026-03-01,CRO,0.09077007765042636
14,2026-03-02,2026-03-01,HBAR,4.625929269271223e-18
14,2026-03-02,2026-03-01,VANA,4.625929269271223e-18
14,2026-03-02,2026-03-01,SEI,4.625929269271223e-18
14,2026-03-02,2026-03-01,STRAX,0.03326026075051583
14,2026-03-02,2026-03-01,KNC,4.625929269271223e-18
14,2026-03-02,2026-03-01,ME,4.625929269271223e-18
14,2026-03-02,2026-03-01,SHIB,4.625929269271223e-18
14,2026-03-02,2026-03-01,CBK,4.625929269271223e-18
14,2026-03-02,2026-03-01,AQT,0.022469853424053145
14,2026-03-02,2026-03-01,SAFE,4.625929269271223e-18
14,2026-03-02,2026-03-01,GLM,4.625929269271223e-18
14,2026-03-02,2026-03-01,PEPE,4.625929269271223e-18
14,2026-03-02,2026-03-01,BONK,4.625929269271223e-18
14,2026-03-02,2026-03-01,WAVES,0.05395872482332343
14,2026-03-02,2026-03-01,MASK,4.625929269271223e-18
14,2026-03-02,2026-03-01,ATH,4.625929269271223e-18
14,2026-03-02,2026-03-01,TOKAMAK,0.14715460866656685
14,2026-03-02,2026-03-01,CARV,4.625929269271223e-18
14,2026-03-02,2026-03-01,MEW,4.625929269271223e-18
14,2026-03-02,2026-03-01,MNT,0.17669474544390384
14,2026-03-02,2026-03-01,PYTH,4.625929269271223e-18
14,2026-03-02,2026-03-01,SONIC,0.012791299417239622
14,2026-03-02,2026-03-01,GAS,4.625929269271223e-18
14,2026-03-02,2026-03-01,AKT,4.625929269271223e-18
14,2026-03-02,2026-03-01,BIGTIME,4.625929269271223e-18
14,2026-03-02,2026-03-01,DRIFT,4.625929269271223e-18
14,2026-03-03,2026-03-01,XRP,4.625929269271223e-18
14,2026-03-03,2026-03-01,BTC,0.25
14,2026-03-03,2026-03-01,ETH,4.625929269271223e-18
14,2026-03-03,2026-03-01,SOL,4.625929269271223e-18
14,2026-03-03,2026-03-01,DOGE,4.625929269271223e-18
14,2026-03-03,2026-03-01,AERGO,0.026606606063121187
14,2026-03-03,2026-03-01,ADA,4.625929269271223e-18
14,2026-03-03,2026-03-01,AUCTION,0.03233346286116379
14,2026-03-03,2026-03-01,ONDO,4.625929269271223e-18
14,2026-03-03,2026-03-01,SUI,4.625929269271223e-18
14,2026-03-03,2026-03-01,VIRTUAL,4.625929269271223e-18
14,2026-03-03,2026-03-01,ARDR,0.033580834583572076
14,2026-03-03,2026-03-01,MOVE,4.625929269271223e-18
14,2026-03-03,2026-03-01,AWE,0.04392456945775217
14,2026-03-03,2026-03-01,XLM,4.625929269271223e-18
14,2026-03-03,2026-03-01,AXS,4.625929269271223e-18
14,2026-03-03,2026-03-01,SNT,0.03269254749355031
14,2026-03-03,2026-03-01,QTUM,4.625929269271223e-18
14,2026-03-03,2026-03-01,ANIME,4.625929269271223e-18
14,2026-03-03,2026-03-01,PUNDIX,0.04376240936481142
14,2026-03-03,2026-03-01,ARK,4.625929269271223e-18
14,2026-03-03,2026-03-01,ENS,4.625929269271223e-18
14,2026-03-03,2026-03-01,LINK,4.625929269271223e-18
14,2026-03-03,2026-03-01,CRO,0.09077007765042636
14,2026-03-03,2026-03-01,HBAR,4.625929269271223e-18
14,2026-03-03,2026-03-01,VANA,4.625929269271223e-18
14,2026-03-03,2026-03-01,SEI,4.625929269271223e-18
14,2026-03-03,2026-03-01,STRAX,0.03326026075051583
14,2026-03-03,2026-03-01,KNC,4.625929269271223e-18
14,2026-03-03,2026-03-01,ME,4.625929269271223e-18
14,2026-03-03,2026-03-01,SHIB,4.625929269271223e-18
14,2026-03-03,2026-03-01,CBK,4.625929269271223e-18
14,2026-03-03,2026-03-01,AQT,0.022469853424053145
14,2026-03-03,2026-03-01,SAFE,4.625929269271223e-18
14,2026-03-03,2026-03-01,GLM,4.625929269271223e-18
14,2026-03-03,2026-03-01,PEPE,4.625929269271223e-18
14,2026-03-03,2026-03-01,BONK,4.625929269271223e-18
14,2026-03-03,2026-03-01,WAVES,0.05395872482332343
14,2026-03-03,2026-03-01,MASK,4.625929269271223e-18
14,2026-03-03,2026-03-01,ATH,4.625929269271223e-18
14,2026-03-03,2026-03-01,TOKAMAK,0.14715460866656685
14,2026-03-03,2026-03-01,CARV,4.625929269271223e-18
14,2026-03-03,2026-03-01,MEW,4.625929269271223e-18
14,2026-03-03,2026-03-01,MNT,0.17669474544390384
14,2026-03-03,2026-03-01,PYTH,4.625929269271223e-18
14,2026-03-03,2026-03-01,SONIC,0.012791299417239622
14,2026-03-03,2026-03-01,GAS,4.625929269271223e-18
14,2026-03-03,2026-03-01,AKT,4.625929269271223e-18
14,2026-03-03,2026-03-01,BIGTIME,4.625929269271223e-18
14,2026-03-03,2026-03-01,DRIFT,4.625929269271223e-18
14,2026-03-04,2026-03-01,XRP,4.625929269271223e-18
14,2026-03-04,2026-03-01,BTC,0.25
14,2026-03-04,2026-03-01,ETH,4.625929269271223e-18
14,2026-03-04,2026-03-01,SOL,4.625929269271223e-18
14,2026-03-04,2026-03-01,DOGE,4.625929269271223e-18
14,2026-03-04,2026-03-01,AERGO,0.026606606063121187
14,2026-03-04,2026-03-01,ADA,4.625929269271223e-18
14,2026-03-04,2026-03-01,AUCTION,0.03233346286116379
14,2026-03-04,2026-03-01,ONDO,4.625929269271223e-18
14,2026-03-04,2026-03-01,SUI,4.625929269271223e-18
14,2026-03-04,2026-03-01,VIRTUAL,4.625929269271223e-18
14,2026-03-04,2026-03-01,ARDR,0.033580834583572076
14,2026-03-04,2026-03-01,MOVE,4.625929269271223e-18
14,2026-03-04,2026-03-01,AWE,0.04392456945775217
14,2026-03-04,2026-03-01,XLM,4.625929269271223e-18
14,2026-03-04,2026-03-01,AXS,4.625929269271223e-18
14,2026-03-04,2026-03-01,SNT,0.03269254749355031
14,2026-03-04,2026-03-01,QTUM,4.625929269271223e-18
14,2026-03-04,2026-03-01,ANIME,4.625929269271223e-18
14,2026-03-04,2026-03-01,PUNDIX,0.04376240936481142
14,2026-03-04,2026-03-01,ARK,4.625929269271223e-18
14,2026-03-04,2026-03-01,ENS,4.625929269271223e-18
14,2026-03-04,2026-03-01,LINK,4.625929269271223e-18
14,2026-03-04,2026-03-01,CRO,0.09077007765042636
14,2026-03-04,2026-03-01,HBAR,4.625929269271223e-18
14,2026-03-04,2026-03-01,VANA,4.625929269271223e-18
14,2026-03-04,2026-03-01,SEI,4.625929269271223e-18
14,2026-03-04,2026-03-01,STRAX,0.03326026075051583
14,2026-03-04,2026-03-01,KNC,4.625929269271223e-18
14,2026-03-04,2026-03-01,ME,4.625929269271223e-18
14,2026-03-04,2026-03-01,SHIB,4.625929269271223e-18
14,2026-03-04,2026-03-01,CBK,4.625929269271223e-18
14,2026-03-04,2026-03-01,AQT,0.022469853424053145
14,2026-03-04,2026-03-01,SAFE,4.625929269271223e-18
14,2026-03-04,2026-03-01,GLM,4.625929269271223e-18
14,2026-03-04,2026-03-01,PEPE,4.625929269271223e-18
14,2026-03-04,2026-03-01,BONK,4.625929269271223e-18
14,2026-03-04,2026-03-01,WAVES,0.05395872482332343
14,2026-03-04,2026-03-01,MASK,4.625929269271223e-18
14,2026-03-04,2026-03-01,ATH,4.625929269271223e-18
14,2026-03-04,2026-03-01,TOKAMAK,0.14715460866656685
14,2026-03-04,2026-03-01,CARV,4.625929269271223e-18
14,2026-03-04,2026-03-01,MEW,4.625929269271223e-18
14,2026-03-04,2026-03-01,MNT,0.17669474544390384
14,2026-03-04,2026-03-01,PYTH,4.625929269271223e-18
14,2026-03-04,2026-03-01,SONIC,0.012791299417239622
14,2026-03-04,2026-03-01,GAS,4.625929269271223e-18
14,2026-03-04,2026-03-01,AKT,4.625929269271223e-18
14,2026-03-04,2026-03-01,BIGTIME,4.625929269271223e-18
14,2026-03-04,2026-03-01,DRIFT,4.625929269271223e-18
14,2026-03-05,2026-03-01,XRP,4.625929269271223e-18
14,2026-03-05,2026-03-01,BTC,0.25
14,2026-03-05,2026-03-01,ETH,4.625929269271223e-18
14,2026-03-05,2026-03-01,SOL,4.625929269271223e-18
14,2026-03-05,2026-03-01,DOGE,4.625929269271223e-18
14,2026-03-05,2026-03-01,AERGO,0.026606606063121187
14,2026-03-05,2026-03-01,ADA,4.625929269271223e-18
14,2026-03-05,2026-03-01,AUCTION,0.03233346286116379
14,2026-03-05,2026-03-01,ONDO,4.625929269271223e-18
14,2026-03-05,2026-03-01,SUI,4.625929269271223e-18
14,2026-03-05,2026-03-01,VIRTUAL,4.625929269271223e-18
14,2026-03-05,2026-03-01,ARDR,0.033580834583572076
14,2026-03-05,2026-03-01,MOVE,4.625929269271223e-18
14,2026-03-05,2026-03-01,AWE,0.04392456945775217
14,2026-03-05,2026-03-01,XLM,4.625929269271223e-18
14,2026-03-05,2026-03-01,AXS,4.625929269271223e-18
14,2026-03-05,2026-03-01,SNT,0.03269254749355031
14,2026-03-05,2026-03-01,QTUM,4.625929269271223e-18
14,2026-03-05,2026-03-01,ANIME,4.625929269271223e-18
14,2026-03-05,2026-03-01,PUNDIX,0.04376240936481142
14,2026-03-05,2026-03-01,ARK,4.625929269271223e-18
14,2026-03-05,2026-03-01,ENS,4.625929269271223e-18
14,2026-03-05,2026-03-01,LINK,4.625929269271223e-18
14,2026-03-05,2026-03-01,CRO,0.09077007765042636
14,2026-03-05,2026-03-01,HBAR,4.625929269271223e-18
14,2026-03-05,2026-03-01,VANA,4.625929269271223e-18
14,2026-03-05,2026-03-01,SEI,4.625929269271223e-18
14,2026-03-05,2026-03-01,STRAX,0.03326026075051583
14,2026-03-05,2026-03-01,KNC,4.625929269271223e-18
14,2026-03-05,2026-03-01,ME,4.625929269271223e-18
14,2026-03-05,2026-03-01,SHIB,4.625929269271223e-18
14,2026-03-05,2026-03-01,CBK,4.625929269271223e-18
14,2026-03-05,2026-03-01,AQT,0.022469853424053145
14,2026-03-05,2026-03-01,SAFE,4.625929269271223e-18
14,2026-03-05,2026-03-01,GLM,4.625929269271223e-18
14,2026-03-05,2026-03-01,PEPE,4.625929269271223e-18
14,2026-03-05,2026-03-01,BONK,4.625929269271223e-18
14,2026-03-05,2026-03-01,WAVES,0.05395872482332343
14,2026-03-05,2026-03-01,MASK,4.625929269271223e-18
14,2026-03-05,2026-03-01,ATH,4.625929269271223e-18
14,2026-03-05,2026-03-01,TOKAMAK,0.14715460866656685
14,2026-03-05,2026-03-01,CARV,4.625929269271223e-18
14,2026-03-05,2026-03-01,MEW,4.625929269271223e-18
14,2026-03-05,2026-03-01,MNT,0.17669474544390384
14,2026-03-05,2026-03-01,PYTH,4.625929269271223e-18
14,2026-03-05,2026-03-01,SONIC,0.012791299417239622
14,2026-03-05,2026-03-01,GAS,4.625929269271223e-18
14,2026-03-05,2026-03-01,AKT,4.625929269271223e-18
14,2026-03-05,2026-03-01,BIGTIME,4.625929269271223e-18
14,2026-03-05,2026-03-01,DRIFT,4.625929269271223e-18
14,2026-03-06,2026-03-01,XRP,4.625929269271223e-18
14,2026-03-06,2026-03-01,BTC,0.25
14,2026-03-06,2026-03-01,ETH,4.625929269271223e-18
14,2026-03-06,2026-03-01,SOL,4.625929269271223e-18
14,2026-03-06,2026-03-01,DOGE,4.625929269271223e-18
14,2026-03-06,2026-03-01,AERGO,0.026606606063121187
14,2026-03-06,2026-03-01,ADA,4.625929269271223e-18
14,2026-03-06,2026-03-01,AUCTION,0.03233346286116379
14,2026-03-06,2026-03-01,ONDO,4.625929269271223e-18
14,2026-03-06,2026-03-01,SUI,4.625929269271223e-18
14,2026-03-06,2026-03-01,VIRTUAL,4.625929269271223e-18
14,2026-03-06,2026-03-01,ARDR,0.033580834583572076
14,2026-03-06,2026-03-01,MOVE,4.625929269271223e-18
14,2026-03-06,2026-03-01,AWE,0.04392456945775217
14,2026-03-06,2026-03-01,XLM,4.625929269271223e-18
14,2026-03-06,2026-03-01,AXS,4.625929269271223e-18
14,2026-03-06,2026-03-01,SNT,0.03269254749355031
14,2026-03-06,2026-03-01,QTUM,4.625929269271223e-18
14,2026-03-06,2026-03-01,ANIME,4.625929269271223e-18
14,2026-03-06,2026-03-01,PUNDIX,0.04376240936481142
14,2026-03-06,2026-03-01,ARK,4.625929269271223e-18
14,2026-03-06,2026-03-01,ENS,4.625929269271223e-18
14,2026-03-06,2026-03-01,LINK,4.625929269271223e-18
14,2026-03-06,2026-03-01,CRO,0.09077007765042636
14,2026-03-06,2026-03-01,HBAR,4.625929269271223e-18
14,2026-03-06,2026-03-01,VANA,4.625929269271223e-18
14,2026-03-06,2026-03-01,SEI,4.625929269271223e-18
14,2026-03-06,2026-03-01,STRAX,0.03326026075051583
14,2026-03-06,2026-03-01,KNC,4.625929269271223e-18
14,2026-03-06,2026-03-01,ME,4.625929269271223e-18
14,2026-03-06,2026-03-01,SHIB,4.625929269271223e-18
14,2026-03-06,2026-03-01,CBK,4.625929269271223e-18
14,2026-03-06,2026-03-01,AQT,0.022469853424053145
14,2026-03-06,2026-03-01,SAFE,4.625929269271223e-18
14,2026-03-06,2026-03-01,GLM,4.625929269271223e-18
14,2026-03-06,2026-03-01,PEPE,4.625929269271223e-18
14,2026-03-06,2026-03-01,BONK,4.625929269271223e-18
14,2026-03-06,2026-03-01,WAVES,0.05395872482332343
14,2026-03-06,2026-03-01,MASK,4.625929269271223e-18
14,2026-03-06,2026-03-01,ATH,4.625929269271223e-18
14,2026-03-06,2026-03-01,TOKAMAK,0.14715460866656685
14,2026-03-06,2026-03-01,CARV,4.625929269271223e-18
14,2026-03-06,2026-03-01,MEW,4.625929269271223e-18
14,2026-03-06,2026-03-01,MNT,0.17669474544390384
14,2026-03-06,2026-03-01,PYTH,4.625929269271223e-18
14,2026-03-06,2026-03-01,SONIC,0.012791299417239622
14,2026-03-06,2026-03-01,GAS,4.625929269271223e-18
14,2026-03-06,2026-03-01,AKT,4.625929269271223e-18
14,2026-03-06,2026-03-01,BIGTIME,4.625929269271223e-18
14,2026-03-06,2026-03-01,DRIFT,4.625929269271223e-18
14,2026-03-07,2026-03-01,XRP,4.625929269271223e-18
14,2026-03-07,2026-03-01,BTC,0.25
14,2026-03-07,2026-03-01,ETH,4.625929269271223e-18
14,2026-03-07,2026-03-01,SOL,4.625929269271223e-18
14,2026-03-07,2026-03-01,DOGE,4.625929269271223e-18
14,2026-03-07,2026-03-01,AERGO,0.026606606063121187
14,2026-03-07,2026-03-01,ADA,4.625929269271223e-18
14,2026-03-07,2026-03-01,AUCTION,0.03233346286116379
14,2026-03-07,2026-03-01,ONDO,4.625929269271223e-18
14,2026-03-07,2026-03-01,SUI,4.625929269271223e-18
14,2026-03-07,2026-03-01,VIRTUAL,4.625929269271223e-18
14,2026-03-07,2026-03-01,ARDR,0.033580834583572076
14,2026-03-07,2026-03-01,MOVE,4.625929269271223e-18
14,2026-03-07,2026-03-01,AWE,0.04392456945775217
14,2026-03-07,2026-03-01,XLM,4.625929269271223e-18
14,2026-03-07,2026-03-01,AXS,4.625929269271223e-18
14,2026-03-07,2026-03-01,SNT,0.03269254749355031
14,2026-03-07,2026-03-01,QTUM,4.625929269271223e-18
14,2026-03-07,2026-03-01,ANIME,4.625929269271223e-18
14,2026-03-07,2026-03-01,PUNDIX,0.04376240936481142
14,2026-03-07,2026-03-01,ARK,4.625929269271223e-18
14,2026-03-07,2026-03-01,ENS,4.625929269271223e-18
14,2026-03-07,2026-03-01,LINK,4.625929269271223e-18
14,2026-03-07,2026-03-01,CRO,0.09077007765042636
14,2026-03-07,2026-03-01,HBAR,4.625929269271223e-18
14,2026-03-07,2026-03-01,VANA,4.625929269271223e-18
14,2026-03-07,2026-03-01,SEI,4.625929269271223e-18
14,2026-03-07,2026-03-01,STRAX,0.03326026075051583
14,2026-03-07,2026-03-01,KNC,4.625929269271223e-18
14,2026-03-07,2026-03-01,ME,4.625929269271223e-18
14,2026-03-07,2026-03-01,SHIB,4.625929269271223e-18
14,2026-03-07,2026-03-01,CBK,4.625929269271223e-18
14,2026-03-07,2026-03-01,AQT,0.022469853424053145
14,2026-03-07,2026-03-01,SAFE,4.625929269271223e-18
14,2026-03-07,2026-03-01,GLM,4.625929269271223e-18
14,2026-03-07,2026-03-01,PEPE,4.625929269271223e-18
14,2026-03-07,2026-03-01,BONK,4.625929269271223e-18
14,2026-03-07,2026-03-01,WAVES,0.05395872482332343
14,2026-03-07,2026-03-01,MASK,4.625929269271223e-18
14,2026-03-07,2026-03-01,ATH,4.625929269271223e-18
14,2026-03-07,2026-03-01,TOKAMAK,0.14715460866656685
14,2026-03-07,2026-03-01,CARV,4.625929269271223e-18
14,2026-03-07,2026-03-01,MEW,4.625929269271223e-18
14,2026-03-07,2026-03-01,MNT,0.17669474544390384
14,2026-03-07,2026-03-01,PYTH,4.625929269271223e-18
14,2026-03-07,2026-03-01,SONIC,0.012791299417239622
14,2026-03-07,2026-03-01,GAS,4.625929269271223e-18
14,2026-03-07,2026-03-01,AKT,4.625929269271223e-18
14,2026-03-07,2026-03-01,BIGTIME,4.625929269271223e-18
14,2026-03-07,2026-03-01,DRIFT,4.625929269271223e-18
14,2026-03-08,2026-03-01,XRP,4.625929269271223e-18
14,2026-03-08,2026-03-01,BTC,0.25
14,2026-03-08,2026-03-01,ETH,4.625929269271223e-18
14,2026-03-08,2026-03-01,SOL,4.625929269271223e-18
14,2026-03-08,2026-03-01,DOGE,4.625929269271223e-18
14,2026-03-08,2026-03-01,AERGO,0.026606606063121187
14,2026-03-08,2026-03-01,ADA,4.625929269271223e-18
14,2026-03-08,2026-03-01,AUCTION,0.03233346286116379
14,2026-03-08,2026-03-01,ONDO,4.625929269271223e-18
14,2026-03-08,2026-03-01,SUI,4.625929269271223e-18
14,2026-03-08,2026-03-01,VIRTUAL,4.625929269271223e-18
14,2026-03-08,2026-03-01,ARDR,0.033580834583572076
14,2026-03-08,2026-03-01,MOVE,4.625929269271223e-18
14,2026-03-08,2026-03-01,AWE,0.04392456945775217
14,2026-03-08,2026-03-01,XLM,4.625929269271223e-18
14,2026-03-08,2026-03-01,AXS,4.625929269271223e-18
14,2026-03-08,2026-03-01,SNT,0.03269254749355031
14,2026-03-08,2026-03-01,QTUM,4.625929269271223e-18
14,2026-03-08,2026-03-01,ANIME,4.625929269271223e-18
14,2026-03-08,2026-03-01,PUNDIX,0.04376240936481142
14,2026-03-08,2026-03-01,ARK,4.625929269271223e-18
14,2026-03-08,2026-03-01,ENS,4.625929269271223e-18
14,2026-03-08,2026-03-01,LINK,4.625929269271223e-18
14,2026-03-08,2026-03-01,CRO,0.09077007765042636
14,2026-03-08,2026-03-01,HBAR,4.625929269271223e-18
14,2026-03-08,2026-03-01,VANA,4.625929269271223e-18
14,2026-03-08,2026-03-01,SEI,4.625929269271223e-18
14,2026-03-08,2026-03-01,STRAX,0.03326026075051583
14,2026-03-08,2026-03-01,KNC,4.625929269271223e-18
14,2026-03-08,2026-03-01,ME,4.625929269271223e-18
14,2026-03-08,2026-03-01,SHIB,4.625929269271223e-18
14,2026-03-08,2026-03-01,CBK,4.625929269271223e-18
14,2026-03-08,2026-03-01,AQT,0.022469853424053145
14,2026-03-08,2026-03-01,SAFE,4.625929269271223e-18
14,2026-03-08,2026-03-01,GLM,4.625929269271223e-18
14,2026-03-08,2026-03-01,PEPE,4.625929269271223e-18
14,2026-03-08,2026-03-01,BONK,4.625929269271223e-18
14,2026-03-08,2026-03-01,WAVES,0.05395872482332343
14,2026-03-08,2026-03-01,MASK,4.625929269271223e-18
14,2026-03-08,2026-03-01,ATH,4.625929269271223e-18
14,2026-03-08,2026-03-01,TOKAMAK,0.14715460866656685
14,2026-03-08,2026-03-01,CARV,4.625929269271223e-18
14,2026-03-08,2026-03-01,MEW,4.625929269271223e-18
14,2026-03-08,2026-03-01,MNT,0.17669474544390384
14,2026-03-08,2026-03-01,PYTH,4.625929269271223e-18
14,2026-03-08,2026-03-01,SONIC,0.012791299417239622
14,2026-03-08,2026-03-01,GAS,4.625929269271223e-18
14,2026-03-08,2026-03-01,AKT,4.625929269271223e-18
14,2026-03-08,2026-03-01,BIGTIME,4.625929269271223e-18
14,2026-03-08,2026-03-01,DRIFT,4.625929269271223e-18
14,2026-03-09,2026-03-01,XRP,4.625929269271223e-18
14,2026-03-09,2026-03-01,BTC,0.25
14,2026-03-09,2026-03-01,ETH,4.625929269271223e-18
14,2026-03-09,2026-03-01,SOL,4.625929269271223e-18
14,2026-03-09,2026-03-01,DOGE,4.625929269271223e-18
14,2026-03-09,2026-03-01,AERGO,0.026606606063121187
14,2026-03-09,2026-03-01,ADA,4.625929269271223e-18
14,2026-03-09,2026-03-01,AUCTION,0.03233346286116379
14,2026-03-09,2026-03-01,ONDO,4.625929269271223e-18
14,2026-03-09,2026-03-01,SUI,4.625929269271223e-18
14,2026-03-09,2026-03-01,VIRTUAL,4.625929269271223e-18
14,2026-03-09,2026-03-01,ARDR,0.033580834583572076
14,2026-03-09,2026-03-01,MOVE,4.625929269271223e-18
14,2026-03-09,2026-03-01,AWE,0.04392456945775217
14,2026-03-09,2026-03-01,XLM,4.625929269271223e-18
14,2026-03-09,2026-03-01,AXS,4.625929269271223e-18
14,2026-03-09,2026-03-01,SNT,0.03269254749355031
14,2026-03-09,2026-03-01,QTUM,4.625929269271223e-18
14,2026-03-09,2026-03-01,ANIME,4.625929269271223e-18
14,2026-03-09,2026-03-01,PUNDIX,0.04376240936481142
14,2026-03-09,2026-03-01,ARK,4.625929269271223e-18
14,2026-03-09,2026-03-01,ENS,4.625929269271223e-18
14,2026-03-09,2026-03-01,LINK,4.625929269271223e-18
14,2026-03-09,2026-03-01,CRO,0.09077007765042636
14,2026-03-09,2026-03-01,HBAR,4.625929269271223e-18
14,2026-03-09,2026-03-01,VANA,4.625929269271223e-18
14,2026-03-09,2026-03-01,SEI,4.625929269271223e-18
14,2026-03-09,2026-03-01,STRAX,0.03326026075051583
14,2026-03-09,2026-03-01,KNC,4.625929269271223e-18
14,2026-03-09,2026-03-01,ME,4.625929269271223e-18
14,2026-03-09,2026-03-01,SHIB,4.625929269271223e-18
14,2026-03-09,2026-03-01,CBK,4.625929269271223e-18
14,2026-03-09,2026-03-01,AQT,0.022469853424053145
14,2026-03-09,2026-03-01,SAFE,4.625929269271223e-18
14,2026-03-09,2026-03-01,GLM,4.625929269271223e-18
14,2026-03-09,2026-03-01,PEPE,4.625929269271223e-18
14,2026-03-09,2026-03-01,BONK,4.625929269271223e-18
14,2026-03-09,2026-03-01,WAVES,0.05395872482332343
14,2026-03-09,2026-03-01,MASK,4.625929269271223e-18
14,2026-03-09,2026-03-01,ATH,4.625929269271223e-18
14,2026-03-09,2026-03-01,TOKAMAK,0.14715460866656685
14,2026-03-09,2026-03-01,CARV,4.625929269271223e-18
14,2026-03-09,2026-03-01,MEW,4.625929269271223e-18
14,2026-03-09,2026-03-01,MNT,0.17669474544390384
14,2026-03-09,2026-03-01,PYTH,4.625929269271223e-18
14,2026-03-09,2026-03-01,SONIC,0.012791299417239622
14,2026-03-09,2026-03-01,GAS,4.625929269271223e-18
14,2026-03-09,2026-03-01,AKT,4.625929269271223e-18
14,2026-03-09,2026-03-01,BIGTIME,4.625929269271223e-18
14,2026-03-09,2026-03-01,DRIFT,4.625929269271223e-18
14,2026-03-10,2026-03-01,XRP,4.625929269271223e-18
14,2026-03-10,2026-03-01,BTC,0.25
14,2026-03-10,2026-03-01,ETH,4.625929269271223e-18
14,2026-03-10,2026-03-01,SOL,4.625929269271223e-18
14,2026-03-10,2026-03-01,DOGE,4.625929269271223e-18
14,2026-03-10,2026-03-01,AERGO,0.026606606063121187
14,2026-03-10,2026-03-01,ADA,4.625929269271223e-18
14,2026-03-10,2026-03-01,AUCTION,0.03233346286116379
14,2026-03-10,2026-03-01,ONDO,4.625929269271223e-18
14,2026-03-10,2026-03-01,SUI,4.625929269271223e-18
14,2026-03-10,2026-03-01,VIRTUAL,4.625929269271223e-18
14,2026-03-10,2026-03-01,ARDR,0.033580834583572076
14,2026-03-10,2026-03-01,MOVE,4.625929269271223e-18
14,2026-03-10,2026-03-01,AWE,0.04392456945775217
14,2026-03-10,2026-03-01,XLM,4.625929269271223e-18
14,2026-03-10,2026-03-01,AXS,4.625929269271223e-18
14,2026-03-10,2026-03-01,SNT,0.03269254749355031
14,2026-03-10,2026-03-01,QTUM,4.625929269271223e-18
14,2026-03-10,2026-03-01,ANIME,4.625929269271223e-18
14,2026-03-10,2026-03-01,PUNDIX,0.04376240936481142
14,2026-03-10,2026-03-01,ARK,4.625929269271223e-18
14,2026-03-10,2026-03-01,ENS,4.625929269271223e-18
14,2026-03-10,2026-03-01,LINK,4.625929269271223e-18
14,2026-03-10,2026-03-01,CRO,0.09077007765042636
14,2026-03-10,2026-03-01,HBAR,4.625929269271223e-18
14,2026-03-10,2026-03-01,VANA,4.625929269271223e-18
14,2026-03-10,2026-03-01,SEI,4.625929269271223e-18
14,2026-03-10,2026-03-01,STRAX,0.03326026075051583
14,2026-03-10,2026-03-01,KNC,4.625929269271223e-18
14,2026-03-10,2026-03-01,ME,4.625929269271223e-18
14,2026-03-10,2026-03-01,SHIB,4.625929269271223e-18
14,2026-03-10,2026-03-01,CBK,4.625929269271223e-18
14,2026-03-10,2026-03-01,AQT,0.022469853424053145
14,2026-03-10,2026-03-01,SAFE,4.625929269271223e-18
14,2026-03-10,2026-03-01,GLM,4.625929269271223e-18
14,2026-03-10,2026-03-01,PEPE,4.625929269271223e-18
14,2026-03-10,2026-03-01,BONK,4.625929269271223e-18
14,2026-03-10,2026-03-01,WAVES,0.05395872482332343
14,2026-03-10,2026-03-01,MASK,4.625929269271223e-18
14,2026-03-10,2026-03-01,ATH,4.625929269271223e-18
14,2026-03-10,2026-03-01,TOKAMAK,0.14715460866656685
14,2026-03-10,2026-03-01,CARV,4.625929269271223e-18
14,2026-03-10,2026-03-01,MEW,4.625929269271223e-18
14,2026-03-10,2026-03-01,MNT,0.17669474544390384
14,2026-03-10,2026-03-01,PYTH,4.625929269271223e-18
14,2026-03-10,2026-03-01,SONIC,0.012791299417239622
14,2026-03-10,2026-03-01,GAS,4.625929269271223e-18
14,2026-03-10,2026-03-01,AKT,4.625929269271223e-18
14,2026-03-10,2026-03-01,BIGTIME,4.625929269271223e-18
14,2026-03-10,2026-03-01,DRIFT,4.625929269271223e-18
14,2026-03-11,2026-03-01,XRP,4.625929269271223e-18
14,2026-03-11,2026-03-01,BTC,0.25
14,2026-03-11,2026-03-01,ETH,4.625929269271223e-18
14,2026-03-11,2026-03-01,SOL,4.625929269271223e-18
14,2026-03-11,2026-03-01,DOGE,4.625929269271223e-18
14,2026-03-11,2026-03-01,AERGO,0.026606606063121187
14,2026-03-11,2026-03-01,ADA,4.625929269271223e-18
14,2026-03-11,2026-03-01,AUCTION,0.03233346286116379
14,2026-03-11,2026-03-01,ONDO,4.625929269271223e-18
14,2026-03-11,2026-03-01,SUI,4.625929269271223e-18
14,2026-03-11,2026-03-01,VIRTUAL,4.625929269271223e-18
14,2026-03-11,2026-03-01,ARDR,0.033580834583572076
14,2026-03-11,2026-03-01,MOVE,4.625929269271223e-18
14,2026-03-11,2026-03-01,AWE,0.04392456945775217
14,2026-03-11,2026-03-01,XLM,4.625929269271223e-18
14,2026-03-11,2026-03-01,AXS,4.625929269271223e-18
14,2026-03-11,2026-03-01,SNT,0.03269254749355031
14,2026-03-11,2026-03-01,QTUM,4.625929269271223e-18
14,2026-03-11,2026-03-01,ANIME,4.625929269271223e-18
14,2026-03-11,2026-03-01,PUNDIX,0.04376240936481142
14,2026-03-11,2026-03-01,ARK,4.625929269271223e-18
14,2026-03-11,2026-03-01,ENS,4.625929269271223e-18
14,2026-03-11,2026-03-01,LINK,4.625929269271223e-18
14,2026-03-11,2026-03-01,CRO,0.09077007765042636
14,2026-03-11,2026-03-01,HBAR,4.625929269271223e-18
14,2026-03-11,2026-03-01,VANA,4.625929269271223e-18
14,2026-03-11,2026-03-01,SEI,4.625929269271223e-18
14,2026-03-11,2026-03-01,STRAX,0.03326026075051583
14,2026-03-11,2026-03-01,KNC,4.625929269271223e-18
14,2026-03-11,2026-03-01,ME,4.625929269271223e-18
14,2026-03-11,2026-03-01,SHIB,4.625929269271223e-18
14,2026-03-11,2026-03-01,CBK,4.625929269271223e-18
14,2026-03-11,2026-03-01,AQT,0.022469853424053145
14,2026-03-11,2026-03-01,SAFE,4.625929269271223e-18
14,2026-03-11,2026-03-01,GLM,4.625929269271223e-18
14,2026-03-11,2026-03-01,PEPE,4.625929269271223e-18
14,2026-03-11,2026-03-01,BONK,4.625929269271223e-18
14,2026-03-11,2026-03-01,WAVES,0.05395872482332343
14,2026-03-11,2026-03-01,MASK,4.625929269271223e-18
14,2026-03-11,2026-03-01,ATH,4.625929269271223e-18
14,2026-03-11,2026-03-01,TOKAMAK,0.14715460866656685
14,2026-03-11,2026-03-01,CARV,4.625929269271223e-18
14,2026-03-11,2026-03-01,MEW,4.625929269271223e-18
14,2026-03-11,2026-03-01,MNT,0.17669474544390384
14,2026-03-11,2026-03-01,PYTH,4.625929269271223e-18
14,2026-03-11,2026-03-01,SONIC,0.012791299417239622
14,2026-03-11,2026-03-01,GAS,4.625929269271223e-18
14,2026-03-11,2026-03-01,AKT,4.625929269271223e-18
14,2026-03-11,2026-03-01,BIGTIME,4.625929269271223e-18
14,2026-03-11,2026-03-01,DRIFT,4.625929269271223e-18
14,2026-03-12,2026-03-01,XRP,4.625929269271223e-18
14,2026-03-12,2026-03-01,BTC,0.25
14,2026-03-12,2026-03-01,ETH,4.625929269271223e-18
14,2026-03-12,2026-03-01,SOL,4.625929269271223e-18
14,2026-03-12,2026-03-01,DOGE,4.625929269271223e-18
14,2026-03-12,2026-03-01,AERGO,0.026606606063121187
14,2026-03-12,2026-03-01,ADA,4.625929269271223e-18
14,2026-03-12,2026-03-01,AUCTION,0.03233346286116379
14,2026-03-12,2026-03-01,ONDO,4.625929269271223e-18
14,2026-03-12,2026-03-01,SUI,4.625929269271223e-18
14,2026-03-12,2026-03-01,VIRTUAL,4.625929269271223e-18
14,2026-03-12,2026-03-01,ARDR,0.033580834583572076
14,2026-03-12,2026-03-01,MOVE,4.625929269271223e-18
14,2026-03-12,2026-03-01,AWE,0.04392456945775217
14,2026-03-12,2026-03-01,XLM,4.625929269271223e-18
14,2026-03-12,2026-03-01,AXS,4.625929269271223e-18
14,2026-03-12,2026-03-01,SNT,0.03269254749355031
14,2026-03-12,2026-03-01,QTUM,4.625929269271223e-18
14,2026-03-12,2026-03-01,ANIME,4.625929269271223e-18
14,2026-03-12,2026-03-01,PUNDIX,0.04376240936481142
14,2026-03-12,2026-03-01,ARK,4.625929269271223e-18
14,2026-03-12,2026-03-01,ENS,4.625929269271223e-18
14,2026-03-12,2026-03-01,LINK,4.625929269271223e-18
14,2026-03-12,2026-03-01,CRO,0.09077007765042636
14,2026-03-12,2026-03-01,HBAR,4.625929269271223e-18
14,2026-03-12,2026-03-01,VANA,4.625929269271223e-18
14,2026-03-12,2026-03-01,SEI,4.625929269271223e-18
14,2026-03-12,2026-03-01,STRAX,0.03326026075051583
14,2026-03-12,2026-03-01,KNC,4.625929269271223e-18
14,2026-03-12,2026-03-01,ME,4.625929269271223e-18
14,2026-03-12,2026-03-01,SHIB,4.625929269271223e-18
14,2026-03-12,2026-03-01,CBK,4.625929269271223e-18
14,2026-03-12,2026-03-01,AQT,0.022469853424053145
14,2026-03-12,2026-03-01,SAFE,4.625929269271223e-18
14,2026-03-12,2026-03-01,GLM,4.625929269271223e-18
14,2026-03-12,2026-03-01,PEPE,4.625929269271223e-18
14,2026-03-12,2026-03-01,BONK,4.625929269271223e-18
14,2026-03-12,2026-03-01,WAVES,0.05395872482332343
14,2026-03-12,2026-03-01,MASK,4.625929269271223e-18
14,2026-03-12,2026-03-01,ATH,4.625929269271223e-18
14,2026-03-12,2026-03-01,TOKAMAK,0.14715460866656685
14,2026-03-12,2026-03-01,CARV,4.625929269271223e-18
14,2026-03-12,2026-03-01,MEW,4.625929269271223e-18
14,2026-03-12,2026-03-01,MNT,0.17669474544390384
14,2026-03-12,2026-03-01,PYTH,4.625929269271223e-18
14,2026-03-12,2026-03-01,SONIC,0.012791299417239622
14,2026-03-12,2026-03-01,GAS,4.625929269271223e-18
14,2026-03-12,2026-03-01,AKT,4.625929269271223e-18
14,2026-03-12,2026-03-01,BIGTIME,4.625929269271223e-18
14,2026-03-12,2026-03-01,DRIFT,4.625929269271223e-18
14,2026-03-13,2026-03-01,XRP,4.625929269271223e-18
14,2026-03-13,2026-03-01,BTC,0.25
14,2026-03-13,2026-03-01,ETH,4.625929269271223e-18
14,2026-03-13,2026-03-01,SOL,4.625929269271223e-18
14,2026-03-13,2026-03-01,DOGE,4.625929269271223e-18
14,2026-03-13,2026-03-01,AERGO,0.026606606063121187
14,2026-03-13,2026-03-01,ADA,4.625929269271223e-18
14,2026-03-13,2026-03-01,AUCTION,0.03233346286116379
14,2026-03-13,2026-03-01,ONDO,4.625929269271223e-18
14,2026-03-13,2026-03-01,SUI,4.625929269271223e-18
14,2026-03-13,2026-03-01,VIRTUAL,4.625929269271223e-18
14,2026-03-13,2026-03-01,ARDR,0.033580834583572076
14,2026-03-13,2026-03-01,MOVE,4.625929269271223e-18
14,2026-03-13,2026-03-01,AWE,0.04392456945775217
14,2026-03-13,2026-03-01,XLM,4.625929269271223e-18
14,2026-03-13,2026-03-01,AXS,4.625929269271223e-18
14,2026-03-13,2026-03-01,SNT,0.03269254749355031
14,2026-03-13,2026-03-01,QTUM,4.625929269271223e-18
14,2026-03-13,2026-03-01,ANIME,4.625929269271223e-18
14,2026-03-13,2026-03-01,PUNDIX,0.04376240936481142
14,2026-03-13,2026-03-01,ARK,4.625929269271223e-18
14,2026-03-13,2026-03-01,ENS,4.625929269271223e-18
14,2026-03-13,2026-03-01,LINK,4.625929269271223e-18
14,2026-03-13,2026-03-01,CRO,0.09077007765042636
14,2026-03-13,2026-03-01,HBAR,4.625929269271223e-18
14,2026-03-13,2026-03-01,VANA,4.625929269271223e-18
14,2026-03-13,2026-03-01,SEI,4.625929269271223e-18
14,2026-03-13,2026-03-01,STRAX,0.03326026075051583
14,2026-03-13,2026-03-01,KNC,4.625929269271223e-18
14,2026-03-13,2026-03-01,ME,4.625929269271223e-18
14,2026-03-13,2026-03-01,SHIB,4.625929269271223e-18
14,2026-03-13,2026-03-01,CBK,4.625929269271223e-18
14,2026-03-13,2026-03-01,AQT,0.022469853424053145
14,2026-03-13,2026-03-01,SAFE,4.625929269271223e-18
14,2026-03-13,2026-03-01,GLM,4.625929269271223e-18
14,2026-03-13,2026-03-01,PEPE,4.625929269271223e-18
14,2026-03-13,2026-03-01,BONK,4.625929269271223e-18
14,2026-03-13,2026-03-01,WAVES,0.05395872482332343
14,2026-03-13,2026-03-01,MASK,4.625929269271223e-18
14,2026-03-13,2026-03-01,ATH,4.625929269271223e-18
14,2026-03-13,2026-03-01,TOKAMAK,0.14715460866656685
14,2026-03-13,2026-03-01,CARV,4.625929269271223e-18
14,2026-03-13,2026-03-01,MEW,4.625929269271223e-18
14,2026-03-13,2026-03-01,MNT,0.17669474544390384
14,2026-03-13,2026-03-01,PYTH,4.625929269271223e-18
14,2026-03-13,2026-03-01,SONIC,0.012791299417239622
14,2026-03-13,2026-03-01,GAS,4.625929269271223e-18
14,2026-03-13,2026-03-01,AKT,4.625929269271223e-18
14,2026-03-13,2026-03-01,BIGTIME,4.625929269271223e-18
14,2026-03-13,2026-03-01,DRIFT,4.625929269271223e-18
14,2026-03-14,2026-03-01,XRP,4.625929269271223e-18
14,2026-03-14,2026-03-01,BTC,0.25
14,2026-03-14,2026-03-01,ETH,4.625929269271223e-18
14,2026-03-14,2026-03-01,SOL,4.625929269271223e-18
14,2026-03-14,2026-03-01,DOGE,4.625929269271223e-18
14,2026-03-14,2026-03-01,AERGO,0.026606606063121187
14,2026-03-14,2026-03-01,ADA,4.625929269271223e-18
14,2026-03-14,2026-03-01,AUCTION,0.03233346286116379
14,2026-03-14,2026-03-01,ONDO,4.625929269271223e-18
14,2026-03-14,2026-03-01,SUI,4.625929269271223e-18
14,2026-03-14,2026-03-01,VIRTUAL,4.625929269271223e-18
14,2026-03-14,2026-03-01,ARDR,0.033580834583572076
14,2026-03-14,2026-03-01,MOVE,4.625929269271223e-18
14,2026-03-14,2026-03-01,AWE,0.04392456945775217
14,2026-03-14,2026-03-01,XLM,4.625929269271223e-18
14,2026-03-14,2026-03-01,AXS,4.625929269271223e-18
14,2026-03-14,2026-03-01,SNT,0.03269254749355031
14,2026-03-14,2026-03-01,QTUM,4.625929269271223e-18
14,2026-03-14,2026-03-01,ANIME,4.625929269271223e-18
14,2026-03-14,2026-03-01,PUNDIX,0.04376240936481142
14,2026-03-14,2026-03-01,ARK,4.625929269271223e-18
14,2026-03-14,2026-03-01,ENS,4.625929269271223e-18
14,2026-03-14,2026-03-01,LINK,4.625929269271223e-18
14,2026-03-14,2026-03-01,CRO,0.09077007765042636
14,2026-03-14,2026-03-01,HBAR,4.625929269271223e-18
14,2026-03-14,2026-03-01,VANA,4.625929269271223e-18
14,2026-03-14,2026-03-01,SEI,4.625929269271223e-18
14,2026-03-14,2026-03-01,STRAX,0.03326026075051583
14,2026-03-14,2026-03-01,KNC,4.625929269271223e-18
14,2026-03-14,2026-03-01,ME,4.625929269271223e-18
14,2026-03-14,2026-03-01,SHIB,4.625929269271223e-18
14,2026-03-14,2026-03-01,CBK,4.625929269271223e-18
14,2026-03-14,2026-03-01,AQT,0.022469853424053145
14,2026-03-14,2026-03-01,SAFE,4.625929269271223e-18
14,2026-03-14,2026-03-01,GLM,4.625929269271223e-18
14,2026-03-14,2026-03-01,PEPE,4.625929269271223e-18
14,2026-03-14,2026-03-01,BONK,4.625929269271223e-18
14,2026-03-14,2026-03-01,WAVES,0.05395872482332343
14,2026-03-14,2026-03-01,MASK,4.625929269271223e-18
14,2026-03-14,2026-03-01,ATH,4.625929269271223e-18
14,2026-03-14,2026-03-01,TOKAMAK,0.14715460866656685
14,2026-03-14,2026-03-01,CARV,4.625929269271223e-18
14,2026-03-14,2026-03-01,MEW,4.625929269271223e-18
14,2026-03-14,2026-03-01,MNT,0.17669474544390384
14,2026-03-14,2026-03-01,PYTH,4.625929269271223e-18
14,2026-03-14,2026-03-01,SONIC,0.012791299417239622
14,2026-03-14,2026-03-01,GAS,4.625929269271223e-18
14,2026-03-14,2026-03-01,AKT,4.625929269271223e-18
14,2026-03-14,2026-03-01,BIGTIME,4.625929269271223e-18
14,2026-03-14,2026-03-01,DRIFT,4.625929269271223e-18
