kind,window,variant,cycle_days,start,end,n_days,strategy_return,btc_return,excess_return
calendar_month,2025-03,cap25,7,2025-03-01,2025-03-31,31,-0.0849176170778213,-0.010402859782302154,-0.07451475729551915
calendar_month,2025-04,cap25,7,2025-04-01,2025-04-30,30,0.04174136160495401,0.1048542901209617,-0.0631129285160077
calendar_month,2025-05,cap25,7,2025-05-01,2025-05-31,31,-0.02546707034894058,0.08675527342458045,-0.11222234377352103
calendar_month,2025-06,cap25,7,2025-06-01,2025-06-30,30,-0.0817248906602609,-0.015502146503063918,-0.06622274415719698
calendar_month,2025-07,cap25,7,2025-07-01,2025-07-31,31,0.3303178083112628,0.10637815714658894,0.22393965116467385
calendar_month,2025-08,cap25,7,2025-08-01,2025-08-31,31,0.05592229029585871,-0.06399235319309149,0.1199146434889502
calendar_month,2025-09,cap25,7,2025-09-01,2025-09-30,30,-0.029357599338572182,0.07973979297493305,-0.10909739231350524
calendar_month,2025-10,cap25,7,2025-10-01,2025-10-31,31,-0.1059921394661979,0.009224457709970935,-0.11521659717616883
calendar_month,2025-11,cap25,7,2025-11-01,2025-11-30,30,-0.13287763386889329,-0.1736140692508905,0.04073643538199723
calendar_month,2025-12,cap25,7,2025-12-01,2025-12-31,31,-0.13892126939150706,-0.05721649484535696,-0.0817047745461501
calendar_month,2026-01,cap25,7,2026-01-01,2026-01-31,31,-0.06719983978928601,-0.0813481215340146,0.014148281744728597
calendar_month,2026-02,cap25,7,2026-02-01,2026-02-28,28,-0.14003332097349874,-0.1692556221570346,0.02922230118353586
calendar_month,2026-03,cap25,7,2026-03-01,2026-03-30,30,0.021328659950188733,0.03860482253244313,-0.017276162582254395
rolling_7d,7d,cap25,7,2025-03-01,2025-03-07,7,-0.03631224232779451,0.0395629995581781,-0.07587524188597261
rolling_7d,7d,cap25,7,2025-03-02,2025-03-08,7,-0.04695806172159267,0.0022135619641483473,-0.04917162368574102
rolling_7d,7d,cap25,7,2025-03-03,2025-03-09,7,-0.1650076549132845,-0.15191734218152797,-0.013090312731756537
rolling_7d,7d,cap25,7,2025-03-04,2025-03-10,7,-0.09070094424071218,-0.09260871239841206,0.001907768157699885
rolling_7d,7d,cap25,7,2025-03-05,2025-03-11,7,-0.0525125627204962,-0.052932508557303026,0.0004199458368068232
rolling_7d,7d,cap25,7,2025-03-06,2025-03-12,7,-0.048849541897214244,-0.08303393213572574,0.0341843902385115
rolling_7d,7d,cap25,7,2025-03-07,2025-03-13,7,-0.060631109540196015,-0.10195143461460676,0.041320325074410746
rolling_7d,7d,cap25,7,2025-03-08,2025-03-14,7,-0.02590959576847829,-0.04180511552430355,0.01589551975582526
rolling_7d,7d,cap25,7,2025-03-09,2025-03-15,7,-0.009973750051678554,-0.034631058296524686,0.024657308244846132
rolling_7d,7d,cap25,7,2025-03-10,2025-03-16,7,0.03164439471856273,0.003862916006341477,0.027781478712221253
rolling_7d,7d,cap25,7,2025-03-11,2025-03-17,7,0.057149341208194704,0.042880306979195204,0.0142690342289995
rolling_7d,7d,cap25,7,2025-03-12,2025-03-18,7,0.02687922688751243,-0.01736614776217571,0.04424537464968814
rolling_7d,7d,cap25,7,2025-03-13,2025-03-19,7,0.032379900553485275,0.028459020622712883,0.003920879930772392
rolling_7d,7d,cap25,7,2025-03-14,2025-03-20,7,0.046571084777571325,0.03405516070507364,0.012515924072497686
rolling_7d,7d,cap25,7,2025-03-15,2025-03-21,7,0.028976983014415092,0.004032258064520899,0.024944724949894193
rolling_7d,7d,cap25,7,2025-03-16,2025-03-22,7,0.014211363629441864,0.0005155843423521045,0.01369577928708976
rolling_7d,7d,cap25,7,2025-03-17,2025-03-23,7,0.019948382946855192,0.043940141424110735,-0.023991758477255543
rolling_7d,7d,cap25,7,2025-03-18,2025-03-24,7,0.033793708399042055,0.04807723616945103,-0.014283527770408977
rolling_7d,7d,cap25,7,2025-03-19,2025-03-25,7,0.04244351529614043,0.06314634910686645,-0.020702833810726018
rolling_7d,7d,cap25,7,2025-03-20,2025-03-26,7,0.010579887901207785,0.0077762448262916894,0.0028036430749160957
rolling_7d,7d,cap25,7,2025-03-21,2025-03-27,7,0.027869428697186116,0.035814889336015066,-0.00794546063882895
rolling_7d,7d,cap25,7,2025-03-22,2025-03-28,7,-0.005428588150073965,0.009726907630523085,-0.01515549578059705
rolling_7d,7d,cap25,7,2025-03-23,2025-03-29,7,-0.024946503996956415,-0.006570312814527246,-0.01837619118242917
rolling_7d,7d,cap25,7,2025-03-24,2025-03-30,7,-0.028206679784420152,-0.030276298793360357,0.0020696190089402045
rolling_7d,7d,cap25,7,2025-03-25,2025-03-31,7,-0.06870626870687391,-0.04318446601941761,-0.025521802687456296
rolling_7d,7d,cap25,7,2025-03-26,2025-04-01,7,-0.14057992782019102,-0.01748438893844817,-0.12309553888174285
rolling_7d,7d,cap25,7,2025-03-27,2025-04-02,7,-0.19716801020198982,-0.044819539514624473,-0.15234847068736534
rolling_7d,7d,cap25,7,2025-03-28,2025-04-03,7,-0.22047632085296975,-0.04203574203573879,-0.17844057881723097
rolling_7d,7d,cap25,7,2025-03-29,2025-04-04,7,-0.2012165473426092,-0.018630032375844374,-0.1825865149667648
rolling_7d,7d,cap25,7,2025-03-30,2025-04-05,7,-0.1832151113814997,-0.0006889340973695868,-0.18252617728413012
rolling_7d,7d,cap25,7,2025-03-31,2025-04-06,7,-0.2185461235120576,-0.045727745289142585,-0.17281837822291501
rolling_7d,7d,cap25,7,2025-04-01,2025-04-07,7,-0.19089755252601692,-0.041634872960463754,-0.14926267956555317
rolling_7d,7d,cap25,7,2025-04-02,2025-04-08,7,-0.134322796926163,-0.09506477921380208,-0.039258017712360926
rolling_7d,7d,cap25,7,2025-04-03,2025-04-09,7,0.028804787521364172,-0.010391048714143203,0.039195836235507375
rolling_7d,7d,cap25,7,2025-04-04,2025-04-10,7,0.022517752404380698,-0.043426068618700575,0.06594382102308127
rolling_7d,7d,cap25,7,2025-04-05,2025-04-11,7,0.036877346934302446,-0.014452577227663133,0.05132992416196558
rolling_7d,7d,cap25,7,2025-04-06,2025-04-12,7,0.05359453837194428,0.0030982853991297077,0.05049625297281457
rolling_7d,7d,cap25,7,2025-04-07,2025-04-13,7,0.09545102504361003,0.03498170057026129,0.06046932447334874
rolling_7d,7d,cap25,7,2025-04-08,2025-04-14,7,0.07315038384407924,0.040970345838171385,0.03218003800590785
rolling_7d,7d,cap25,7,2025-04-09,2025-04-15,7,0.11749307595945124,0.06497120921305011,0.052521866746401136
rolling_7d,7d,cap25,7,2025-04-10,2025-04-16,7,0.057684622449844625,0.002304109543950439,0.055380512905894186
rolling_7d,7d,cap25,7,2025-04-11,2025-04-17,7,0.06904676289680767,0.04110704110704355,0.027939721789764116
rolling_7d,7d,cap25,7,2025-04-12,2025-04-18,7,0.05392005878830597,0.005452930436067316,0.04846712835223865
rolling_7d,7d,cap25,7,2025-04-13,2025-04-19,7,0.0448104459500589,-0.006783854587792959,0.051594300537851856
rolling_7d,7d,cap25,7,2025-04-14,2025-04-20,7,0.05014946593780745,0.010180921052634018,0.03996854488517343
rolling_7d,7d,cap25,7,2025-04-15,2025-04-21,7,0.05993568349453571,0.027193282234049265,0.03274240126048644
rolling_7d,7d,cap25,7,2025-04-16,2025-04-22,7,0.06327796433626132,0.09899481432328283,-0.035716849987021515
rolling_7d,7d,cap25,7,2025-04-17,2025-04-23,7,0.0293247207502787,0.10246137173445669,-0.07313665098417799
rolling_7d,7d,cap25,7,2025-04-18,2025-04-24,7,0.07120109934769792,0.09664125618973118,-0.025440156842033268
rolling_7d,7d,cap25,7,2025-04-19,2025-04-25,7,0.10286079491337508,0.11674533125015851,-0.013884536336783437
rolling_7d,7d,cap25,7,2025-04-20,2025-04-26,7,0.09153857126611498,0.1118636892792928,-0.020325118013177823
rolling_7d,7d,cap25,7,2025-04-21,2025-04-27,7,0.06861954798715142,0.10021328904736304,-0.03159374106021162
rolling_7d,7d,cap25,7,2025-04-22,2025-04-28,7,0.08587581328535343,0.08403833967046692,0.001837473614886509
rolling_7d,7d,cap25,7,2025-04-23,2025-04-29,7,0.07963094245349267,0.01631743334004243,0.06331350911345024
rolling_7d,7d,cap25,7,2025-04-24,2025-04-30,7,0.07568339076465458,0.013590801447701084,0.062092589316953495
rolling_7d,7d,cap25,7,2025-04-25,2025-05-01,7,0.0380839222270557,0.03506126995915326,0.003022652267902437
rolling_7d,7d,cap25,7,2025-04-26,2025-05-02,7,0.04886541362237451,0.015594670417004908,0.0332707432053696
rolling_7d,7d,cap25,7,2025-04-27,2025-05-03,7,0.0457469854936543,0.00642123914539372,0.03932574634826058
rolling_7d,7d,cap25,7,2025-04-28,2025-05-04,7,0.05967481190335833,0.0036404534288316803,0.05603435847452665
rolling_7d,7d,cap25,7,2025-04-29,2025-05-05,7,0.029644030785586084,-0.014315047972580097,0.04395907875816618
rolling_7d,7d,cap25,7,2025-04-30,2025-05-06,7,-0.024986166882161043,0.00814141117793743,-0.03312757806009847
rolling_7d,7d,cap25,7,2025-05-01,2025-05-07,7,-0.021627512857640196,0.01244609020843579,-0.034073603066075986
rolling_7d,7d,cap25,7,2025-05-02,2025-05-08,7,0.04885281048919632,0.03871680622224383,0.010136004266952492
rolling_7d,7d,cap25,7,2025-05-03,2025-05-09,7,0.03208631969724762,0.03656689505950017,-0.004480575362252548
rolling_7d,7d,cap25,7,2025-05-04,2025-05-10,7,0.061939353259188534,0.054716088901821,0.0072232643573675315
rolling_7d,7d,cap25,7,2025-05-05,2025-05-11,7,0.07933319850469567,0.0725228546151595,0.006810343889536163
rolling_7d,7d,cap25,7,2025-05-06,2025-05-12,7,0.09761599766593143,0.07424568166653822,0.02337031599939321
rolling_7d,7d,cap25,7,2025-05-07,2025-05-13,7,0.13050054109015852,0.061113132048016494,0.06938740904214202
rolling_7d,7d,cap25,7,2025-05-08,2025-05-14,7,0.10330607213166387,0.057945878476937995,0.04536019365472588
rolling_7d,7d,cap25,7,2025-05-09,2025-05-15,7,0.018019093883784976,0.008973039435781427,0.009046054448003549
rolling_7d,7d,cap25,7,2025-05-10,2025-05-16,7,0.011144242499795842,0.01953799053715799,-0.008393748037362148
rolling_7d,7d,cap25,7,2025-05-11,2025-05-17,7,-0.02269377760636604,0.011450171062798997,-0.034143948669165036
rolling_7d,7d,cap25,7,2025-05-12,2025-05-18,7,-0.012106450929095014,0.03514644926689581,-0.04725290019599082
rolling_7d,7d,cap25,7,2025-05-13,2025-05-19,7,-0.03796457136324061,0.02533383941202838,-0.06329841077526899
rolling_7d,7d,cap25,7,2025-05-14,2025-05-20,7,-0.0371457645762866,0.030990743914982577,-0.06813650849126918
rolling_7d,7d,cap25,7,2025-05-15,2025-05-21,7,-0.029840298321934022,0.04582744570808983,-0.07566774403002385
rolling_7d,7d,cap25,7,2025-05-16,2025-05-22,7,0.01842106972072277,0.06026043021647376,-0.04183936049575099
rolling_7d,7d,cap25,7,2025-05-17,2025-05-23,7,-0.027716982100183585,0.022459871150902755,-0.05017685325108634
rolling_7d,7d,cap25,7,2025-05-18,2025-05-24,7,-0.012277377343428486,0.026555552524615056,-0.03883292986804354
rolling_7d,7d,cap25,7,2025-05-19,2025-05-25,7,-0.027924473856047682,0.011607676472536133,-0.039532150328583815
rolling_7d,7d,cap25,7,2025-05-20,2025-05-26,7,-0.011521246087019765,0.02488288821882567,-0.03640413430584544
rolling_7d,7d,cap25,7,2025-05-21,2025-05-27,7,-0.02221112298750272,0.005805679324330626,-0.028016802311833344
rolling_7d,7d,cap25,7,2025-05-22,2025-05-28,7,-0.01908802844227553,-0.014062059330874233,-0.005025969111401296
rolling_7d,7d,cap25,7,2025-05-23,2025-05-29,7,-0.05043449660737753,-0.048428338972544505,-0.002006157634833028
rolling_7d,7d,cap25,7,2025-05-24,2025-05-30,7,-0.057201095495850396,-0.017487768574079965,-0.03971332692177043
rolling_7d,7d,cap25,7,2025-05-25,2025-05-31,7,-0.06019639108644803,-0.017371952434730886,-0.042824438651717145
rolling_7d,7d,cap25,7,2025-05-26,2025-06-01,7,-0.04679237164322858,-0.021229108955086673,-0.025563262688141908
rolling_7d,7d,cap25,7,2025-05-27,2025-06-02,7,-0.0035097409436487537,-0.027601741608827224,0.02409200066517847
rolling_7d,7d,cap25,7,2025-05-28,2025-06-03,7,-0.02244548138998448,-0.026374774369726017,0.003929292979741539
rolling_7d,7d,cap25,7,2025-05-29,2025-06-04,7,-0.04053906293890075,-0.03396685803237154,-0.006572204906529211
rolling_7d,7d,cap25,7,2025-05-30,2025-06-05,7,-0.0730300084308686,-0.03869225340643967,-0.03433775502442893
rolling_7d,7d,cap25,7,2025-05-31,2025-06-06,7,-0.03275231077753238,-0.013356068995037162,-0.019396241782495216
rolling_7d,7d,cap25,7,2025-06-01,2025-06-07,7,-0.022694819397158894,-0.009235033634183876,-0.013459785762975018
rolling_7d,7d,cap25,7,2025-06-02,2025-06-08,7,-0.03463139837515472,-0.02284311621418955,-0.011788282160965169
rolling_7d,7d,cap25,7,2025-06-03,2025-06-09,7,-0.053394740485902314,0.016411156885257183,-0.0698058973711595
rolling_7d,7d,cap25,7,2025-06-04,2025-06-10,7,-0.02152633488393696,0.02301465494994992,-0.04454098983388688
rolling_7d,7d,cap25,7,2025-06-05,2025-06-11,7,-0.011603298662348882,0.030478525241533383,-0.042081823903882265
rolling_7d,7d,cap25,7,2025-06-06,2025-06-12,7,0.005494962450810492,0.027127186480874865,-0.021632224030064373
rolling_7d,7d,cap25,7,2025-06-07,2025-06-13,7,0.0001610440942565461,0.013619494192091075,-0.013458450097834529
rolling_7d,7d,cap25,7,2025-06-08,2025-06-14,7,-0.011087732542062412,-0.0009962538127165077,-0.010091478729345904
rolling_7d,7d,cap25,7,2025-06-09,2025-06-15,7,-0.018646881620606792,0.001455064585653476,-0.02010194620626027
rolling_7d,7d,cap25,7,2025-06-10,2025-06-16,7,-0.03719337128983269,-0.025973421926909546,-0.011219949362923143
rolling_7d,7d,cap25,7,2025-06-11,2025-06-17,7,-0.06182583727349911,-0.034299635562220376,-0.02752620171127873
rolling_7d,7d,cap25,7,2025-06-12,2025-06-18,7,-0.05123034124062664,-0.028187085262925682,-0.02304325597770096
rolling_7d,7d,cap25,7,2025-06-13,2025-06-19,7,-0.013570585953057046,-0.0036423863815967517,-0.009928199571460294
rolling_7d,7d,cap25,7,2025-06-14,2025-06-20,7,-0.015575764899769862,-0.02181902167636751,0.00624325677659765
rolling_7d,7d,cap25,7,2025-06-15,2025-06-21,7,-0.039049560958643426,-0.023599243184911578,-0.015450317773731848
rolling_7d,7d,cap25,7,2025-06-16,2025-06-22,7,-0.06568556759257949,-0.03439791652388702,-0.03128765106869247
rolling_7d,7d,cap25,7,2025-06-17,2025-06-23,7,-0.023530020530293738,-0.002851471099861169,-0.02067854943043257
rolling_7d,7d,cap25,7,2025-06-18,2025-06-24,7,-0.007095981265924589,0.0010585938574048104,-0.0081545751233294
rolling_7d,7d,cap25,7,2025-06-19,2025-06-25,7,0.006280082887887062,0.013635894791130143,-0.007355811903243081
rolling_7d,7d,cap25,7,2025-06-20,2025-06-26,7,-0.03902938605221862,0.012560439787829614,-0.05158982584004823
rolling_7d,7d,cap25,7,2025-06-21,2025-06-27,7,-0.029798054599206814,0.020451530913408122,-0.050249585512614936
rolling_7d,7d,cap25,7,2025-06-22,2025-06-28,7,0.0024108067229493546,0.029563197806197872,-0.027152391083248517
rolling_7d,7d,cap25,7,2025-06-23,2025-06-29,7,0.04198449027790785,0.05065618101936642,-0.008671690741458571
rolling_7d,7d,cap25,7,2025-06-24,2025-06-30,7,-0.02125492889979097,-0.0037695059963221977,-0.017485422903468772
rolling_7d,7d,cap25,7,2025-06-25,2025-07-01,7,-0.03609068104900637,-0.0037148939092224165,-0.03237578713978395
rolling_7d,7d,cap25,7,2025-06-26,2025-07-02,7,0.025565492575756243,0.0003798979702576144,0.02518559460549863
rolling_7d,7d,cap25,7,2025-06-27,2025-07-03,7,0.058377075952878776,0.014134877384197608,0.04424219856868117
rolling_7d,7d,cap25,7,2025-06-28,2025-07-04,7,0.029267516103843816,0.005804932491287884,0.02346258361255593
rolling_7d,7d,cap25,7,2025-06-29,2025-07-05,7,0.021097726621186252,0.006984929403289097,0.014112797217897155
rolling_7d,7d,cap25,7,2025-06-30,2025-07-06,7,0.022335081631996268,0.0022630853622302993,0.020071996269765968
rolling_7d,7d,cap25,7,2025-07-01,2025-07-07,7,0.03682453509516059,0.01701665957066867,0.019807875524491925
rolling_7d,7d,cap25,7,2025-07-02,2025-07-08,7,0.08439531103886178,0.022158812866583055,0.06223649817227872
rolling_7d,7d,cap25,7,2025-07-03,2025-07-09,7,0.027563658162760074,0.02357863614170408,0.003985022021055995
rolling_7d,7d,cap25,7,2025-07-04,2025-07-10,7,0.061631001907074934,0.051486146095716334,0.0101448558113586
rolling_7d,7d,cap25,7,2025-07-05,2025-07-11,7,0.13304230764327984,0.07040738309979266,0.06263492454348718
rolling_7d,7d,cap25,7,2025-07-06,2025-07-12,7,0.22380636867471648,0.07785320036166898,0.1459531683130475
rolling_7d,7d,cap25,7,2025-07-07,2025-07-13,7,0.20094623255813793,0.0896786934747893,0.11126753908334863
rolling_7d,7d,cap25,7,2025-07-08,2025-07-14,7,0.20941071305420378,0.10634706279541128,0.1030636502587925
rolling_7d,7d,cap25,7,2025-07-09,2025-07-15,7,0.18839684157628955,0.08440096018988275,0.10399588138640681
rolling_7d,7d,cap25,7,2025-07-10,2025-07-16,7,0.17354254391641666,0.06796695397539598,0.10557558994102068
rolling_7d,7d,cap25,7,2025-07-11,2025-07-17,7,0.15369066829398137,0.03719816021464584,0.11649250807933553
rolling_7d,7d,cap25,7,2025-07-12,2025-07-18,7,0.12038676139005222,0.018514187468002374,0.10187257392204985
rolling_7d,7d,cap25,7,2025-07-13,2025-07-19,7,0.046110574183535036,0.010617253036186103,0.03549332114734893
rolling_7d,7d,cap25,7,2025-07-14,2025-07-20,7,0.0843531747548143,-0.010744241284602829,0.09509741603941713
rolling_7d,7d,cap25,7,2025-07-15,2025-07-21,7,0.10359857849256149,-0.023124809276774072,0.12672338776933556
rolling_7d,7d,cap25,7,2025-07-16,2025-07-22,7,0.11001868629736444,0.010639157821429768,0.09937952847593468
rolling_7d,7d,cap25,7,2025-07-17,2025-07-23,7,0.07400692571185896,0.004956575682380393,0.06905035002947857
rolling_7d,7d,cap25,7,2025-07-18,2025-07-24,7,0.04185572005064264,-0.008092976848174227,0.04994869689881687
rolling_7d,7d,cap25,7,2025-07-19,2025-07-25,7,0.01690418331327681,-0.005784077650618946,0.022688260963895757
rolling_7d,7d,cap25,7,2025-07-20,2025-07-26,7,0.02594384915252279,-0.0029671200971254086,0.0289109692496482
rolling_7d,7d,cap25,7,2025-07-21,2025-07-27,7,0.024601890435749896,0.01660090914206802,0.008000981293681875
rolling_7d,7d,cap25,7,2025-07-22,2025-07-28,7,-0.005842245402618684,0.01513173102754406,-0.020973976430162744
rolling_7d,7d,cap25,7,2025-07-23,2025-07-29,7,-0.04235223844050118,0.004479117958308354,-0.04683135639880953
rolling_7d,7d,cap25,7,2025-07-24,2025-07-30,7,-0.024389254523493165,0.00692596867881945,-0.031315223202312614
rolling_7d,7d,cap25,7,2025-07-25,2025-07-31,7,-0.019150712897491817,0.000397394581773014,-0.01954810747926483
rolling_7d,7d,cap25,7,2025-07-26,2025-08-01,7,-0.04588057046390481,-0.013545568039952327,-0.032335002423952486
rolling_7d,7d,cap25,7,2025-07-27,2025-08-02,7,-0.07798711259160507,-0.02211770845630079,-0.05586940413530428
rolling_7d,7d,cap25,7,2025-07-28,2025-08-03,7,-0.07052858489856828,-0.014035648825856284,-0.056492936072712
rolling_7d,7d,cap25,7,2025-07-29,2025-08-04,7,-0.0026834202220172854,-0.013127527187459687,0.010444106965442401
rolling_7d,7d,cap25,7,2025-07-30,2025-08-05,7,0.0167555265345265,-0.019955898566701658,0.03671142510122816
rolling_7d,7d,cap25,7,2025-07-31,2025-08-06,7,0.011452728017079084,-0.01913303621238016,0.030585764229459245
rolling_7d,7d,cap25,7,2025-08-01,2025-08-07,7,0.09286629375700706,0.004748220193279584,0.08811807356372747
rolling_7d,7d,cap25,7,2025-08-02,2025-08-08,7,0.1480747790717063,0.01251028285768463,0.13556449621402167
rolling_7d,7d,cap25,7,2025-08-03,2025-08-09,7,0.18945360795379051,0.017433623258387154,0.17201998469540336
rolling_7d,7d,cap25,7,2025-08-04,2025-08-10,7,0.15351721414270592,0.022182852580099555,0.13133436156260636
rolling_7d,7d,cap25,7,2025-08-05,2025-08-11,7,0.06297253231275834,0.02460243217960878,0.038370100133149565
rolling_7d,7d,cap25,7,2025-08-06,2025-08-12,7,0.07681837070268749,0.02711216109798653,0.04970620960470096
rolling_7d,7d,cap25,7,2025-08-07,2025-08-13,7,0.11120304388903457,0.05076250000000182,0.06044054388903275
rolling_7d,7d,cap25,7,2025-08-08,2025-08-14,7,0.022583520828357573,0.01674717997504871,0.005836340853308863
rolling_7d,7d,cap25,7,2025-08-09,2025-08-15,7,0.028908799722817013,0.02374896098296153,0.005159838739855482
rolling_7d,7d,cap25,7,2025-08-10,2025-08-16,7,0.010623298646547763,0.01820270886282005,-0.0075794102162722865
rolling_7d,7d,cap25,7,2025-08-11,2025-08-17,7,0.010323561532013636,-0.004217014524592444,0.01454057605660608
rolling_7d,7d,cap25,7,2025-08-12,2025-08-18,7,0.0161609899185724,-0.016932955963357976,0.033093945881930376
rolling_7d,7d,cap25,7,2025-08-13,2025-08-19,7,-0.029199687403602237,-0.04300231227941653,0.013802624875814296
rolling_7d,7d,cap25,7,2025-08-14,2025-08-20,7,-0.031296952451258186,-0.05276525380378294,0.021468301352524755
rolling_7d,7d,cap25,7,2025-08-15,2025-08-21,7,-0.030205431925309667,-0.04124820006197116,0.011042768136661496
rolling_7d,7d,cap25,7,2025-08-16,2025-08-22,7,-0.008556159418545373,-0.016201993809784376,0.007645834391239004
rolling_7d,7d,cap25,7,2025-08-17,2025-08-23,7,-0.015430937963857971,-0.02048989304288007,0.005058955079022098
rolling_7d,7d,cap25,7,2025-08-18,2025-08-24,7,-0.017534469006684872,-0.034124128970573264,0.016589659963888392
rolling_7d,7d,cap25,7,2025-08-19,2025-08-25,7,-0.018896718043433847,-0.035216979438181695,0.016320261394747848
rolling_7d,7d,cap25,7,2025-08-20,2025-08-26,7,0.019177134631200632,-0.0038786059908503256,0.023055740622050958
rolling_7d,7d,cap25,7,2025-08-21,2025-08-27,7,-0.005605152442702543,-0.02286955811894087,0.017264405676238326
rolling_7d,7d,cap25,7,2025-08-22,2025-08-28,7,0.014224464320652386,-0.007129277566536918,0.021353741887189304
rolling_7d,7d,cap25,7,2025-08-23,2025-08-29,7,-0.047892650527106895,-0.056176428611318774,0.008283778084211879
rolling_7d,7d,cap25,7,2025-08-24,2025-08-30,7,-0.04474447484083777,-0.04980120840246238,0.005056733561624616
rolling_7d,7d,cap25,7,2025-08-25,2025-08-31,7,-0.04792192912844784,-0.043134244072051686,-0.0047876850563961515
rolling_7d,7d,cap25,7,2025-08-26,2025-09-01,7,-0.048741099324661086,-0.021370126744744367,-0.02737097257991672
rolling_7d,7d,cap25,7,2025-08-27,2025-09-02,7,-0.03483936273183441,-0.010640674568981212,-0.0241986881628532
rolling_7d,7d,cap25,7,2025-08-28,2025-09-03,7,-0.025492658174545157,-0.004479175369034416,-0.02101348280551074
rolling_7d,7d,cap25,7,2025-08-29,2025-09-04,7,-0.037389057392532066,-0.007640019147921784,-0.029749038244610282
rolling_7d,7d,cap25,7,2025-08-30,2025-09-05,7,-0.005747989357945293,0.01882314266929419,-0.024571132027239484
rolling_7d,7d,cap25,7,2025-08-31,2025-09-06,7,-0.01051392871463308,0.016894986195394646,-0.027408914910027726
rolling_7d,7d,cap25,7,2025-09-01,2025-09-07,7,0.0023093098827000613,0.02794374117225673,-0.02563443128955667
rolling_7d,7d,cap25,7,2025-09-02,2025-09-08,7,0.028940483952468066,0.023436833994554096,0.00550364995791397
rolling_7d,7d,cap25,7,2025-09-03,2025-09-09,7,0.008465798527943047,0.0026129706573028155,0.0058528278706402315
rolling_7d,7d,cap25,7,2025-09-04,2025-09-10,7,0.018656063530571032,0.024291210493699866,-0.005635146963128834
rolling_7d,7d,cap25,7,2025-09-05,2025-09-11,7,0.03758920128952181,0.03287924979740042,0.004709951492121389
rolling_7d,7d,cap25,7,2025-09-06,2025-09-12,7,0.05609542886674501,0.03939650110026327,0.01669892776648174
rolling_7d,7d,cap25,7,2025-09-07,2025-09-13,7,0.06840660779520547,0.04066094281548782,0.027745664979717644
rolling_7d,7d,cap25,7,2025-09-08,2025-09-14,7,0.06576146534681016,0.033822096931301004,0.03193936841550915
rolling_7d,7d,cap25,7,2025-09-09,2025-09-15,7,0.03165899407181949,0.029179401418602646,0.0024795926532168444
rolling_7d,7d,cap25,7,2025-09-10,2025-09-16,7,0.03518071787824972,0.04438195378408438,-0.00920123590583466
rolling_7d,7d,cap25,7,2025-09-11,2025-09-17,7,0.02392089470243275,0.017299511580269877,0.006621383122162872
rolling_7d,7d,cap25,7,2025-09-12,2025-09-18,7,0.02076831010027047,0.011781555514042363,0.008986754586228107
rolling_7d,7d,cap25,7,2025-09-13,2025-09-19,7,-0.013745955358719586,0.006736285295648514,-0.0204822406543681
rolling_7d,7d,cap25,7,2025-09-14,2025-09-20,7,-0.015339579624774391,0.009788293897880163,-0.025127873522654554
rolling_7d,7d,cap25,7,2025-09-15,2025-09-21,7,-0.02523936248356251,0.0075876700361909855,-0.032827032519753496
rolling_7d,7d,cap25,7,2025-09-16,2025-09-22,7,-0.04213086637132579,0.0006038985699421406,-0.04273476494126793
rolling_7d,7d,cap25,7,2025-09-17,2025-09-23,7,-0.05117975108317285,-0.016451219361918734,-0.03472853172125412
rolling_7d,7d,cap25,7,2025-09-18,2025-09-24,7,-0.05283897072316668,-0.004218808078305658,-0.04862016264486102
rolling_7d,7d,cap25,7,2025-09-19,2025-09-25,7,-0.07077959542660239,-0.02666141480287454,-0.044118180623727854
rolling_7d,7d,cap25,7,2025-09-20,2025-09-26,7,-0.06289365897114052,-0.024816068774552114,-0.03807759019658841
rolling_7d,7d,cap25,7,2025-09-21,2025-09-27,7,-0.06870165941077855,-0.026397898527487196,-0.04230376088329135
rolling_7d,7d,cap25,7,2025-09-22,2025-09-28,7,-0.05418722133669496,-0.0043535881493241835,-0.049833633187370774
rolling_7d,7d,cap25,7,2025-09-23,2025-09-29,7,-0.02537878989686282,0.014242160278743698,-0.03962095017560652
rolling_7d,7d,cap25,7,2025-09-24,2025-09-30,7,-0.027092032518266307,0.02004660836444727,-0.04713864088271358
rolling_7d,7d,cap25,7,2025-09-25,2025-10-01,7,0.002887457397338533,0.04828324177704224,-0.04539578437970371
rolling_7d,7d,cap25,7,2025-09-26,2025-10-02,7,0.030566616989205597,0.07970913689535264,-0.04914251990614704
rolling_7d,7d,cap25,7,2025-09-27,2025-10-03,7,0.04461098257539242,0.09712323482726015,-0.05251225225186773
rolling_7d,7d,cap25,7,2025-09-28,2025-10-04,7,0.0409521226179832,0.10828989619420404,-0.06733777357622084
rolling_7d,7d,cap25,7,2025-09-29,2025-10-05,7,0.03757661762254294,0.10112394494100019,-0.06354732731845725
rolling_7d,7d,cap25,7,2025-09-30,2025-10-06,7,0.0555666527303984,0.09013612745308319,-0.03456947472268479
rolling_7d,7d,cap25,7,2025-10-01,2025-10-07,7,0.03645684678480543,0.07862284128036978,-0.04216599449556435
rolling_7d,7d,cap25,7,2025-10-02,2025-10-08,7,0.015996816297781047,0.05663501483679356,-0.040638198539012516
rolling_7d,7d,cap25,7,2025-10-03,2025-10-09,7,0.007257449651828729,0.041679355337439494,-0.034421905685610765
rolling_7d,7d,cap25,7,2025-10-04,2025-10-10,7,-0.10454544833814372,-0.008859453446080634,-0.09568599489206309
rolling_7d,7d,cap25,7,2025-10-05,2025-10-11,7,-0.11253026094129348,-0.02627022269971102,-0.08626003824158246
rolling_7d,7d,cap25,7,2025-10-06,2025-10-12,7,-0.07759041837392544,-0.018087227660689154,-0.05950319071323629
rolling_7d,7d,cap25,7,2025-10-07,2025-10-13,7,-0.07457932254363009,-0.03380378386286942,-0.04077553868076067
rolling_7d,7d,cap25,7,2025-10-08,2025-10-14,7,-0.061685747312216654,-0.031543585947732655,-0.030142161364484
rolling_7d,7d,cap25,7,2025-10-09,2025-10-15,7,-0.08741897742732518,-0.05281308447959121,-0.034605892947733974
rolling_7d,7d,cap25,7,2025-10-10,2025-10-16,7,-0.11341414008363537,-0.07068526420535914,-0.04272887587827623
rolling_7d,7d,cap25,7,2025-10-11,2025-10-17,7,-0.026901121622059376,-0.048333817970339865,0.02143269634828049
rolling_7d,7d,cap25,7,2025-10-12,2025-10-18,7,-0.0050862572681197316,-0.03951476595145442,0.03442850868333469
rolling_7d,7d,cap25,7,2025-10-13,2025-10-19,7,-0.04129876142426814,-0.051516145177157635,0.010217383752889497
rolling_7d,7d,cap25,7,2025-10-14,2025-10-20,7,-0.049886167423056293,-0.03339642971548762,-0.016489737707568675
rolling_7d,7d,cap25,7,2025-10-15,2025-10-21,7,-0.057965049055038076,-0.04109001117055833,-0.01687503788447975
rolling_7d,7d,cap25,7,2025-10-16,2025-10-22,7,-0.05330578081325277,-0.03320090132827369,-0.020104879484979077
rolling_7d,7d,cap25,7,2025-10-17,2025-10-23,7,-0.020210849169404743,0.0024319419237714968,-0.02264279109317624
rolling_7d,7d,cap25,7,2025-10-18,2025-10-24,7,-0.00033192726458675104,0.013181454298790696,-0.013513381563377447
rolling_7d,7d,cap25,7,2025-10-19,2025-10-25,7,-0.0072312022314426905,0.01632052010583207,-0.02355172233727476
rolling_7d,7d,cap25,7,2025-10-20,2025-10-26,7,0.004994469531909296,0.028536943362810208,-0.023542473830900912
rolling_7d,7d,cap25,7,2025-10-21,2025-10-27,7,-0.00588366809742269,0.01770897982056363,-0.02359264791798632
rolling_7d,7d,cap25,7,2025-10-22,2025-10-28,7,0.004792372762377539,0.030649720112079004,-0.025857347349701465
rolling_7d,7d,cap25,7,2025-10-23,2025-10-29,7,0.004924462172742894,0.008126790193873967,-0.0032023280211310734
rolling_7d,7d,cap25,7,2025-10-24,2025-10-30,7,-0.029354714606175447,-0.008714439173940769,-0.020640275432234678
rolling_7d,7d,cap25,7,2025-10-25,2025-10-31,7,-0.028398624152515928,-0.008842191608968153,-0.019556432543547775
rolling_7d,7d,cap25,7,2025-10-26,2025-11-01,7,-0.02773779037482882,-0.014020321048521356,-0.013717469326307463
rolling_7d,7d,cap25,7,2025-10-27,2025-11-02,7,-0.04870525226574918,-0.032857842067711696,-0.01584741019803748
rolling_7d,7d,cap25,7,2025-10-28,2025-11-03,7,-0.11756140595083364,-0.06148016577856774,-0.0560812401722659
rolling_7d,7d,cap25,7,2025-10-29,2025-11-04,7,-0.1446502931158259,-0.08893515764426108,-0.055715135471564814
rolling_7d,7d,cap25,7,2025-10-30,2025-11-05,7,-0.12287436456317391,-0.05088643636761858,-0.07198792819555533
rolling_7d,7d,cap25,7,2025-10-31,2025-11-06,7,-0.08897030647198867,-0.07823667644802523,-0.010733630023963436
rolling_7d,7d,cap25,7,2025-11-01,2025-11-07,7,-0.044456946879380954,-0.06304996044544176,0.0185930135660608
rolling_7d,7d,cap25,7,2025-11-02,2025-11-08,7,-0.04798897005747149,-0.06984231515018458,0.021853345092713083
rolling_7d,7d,cap25,7,2025-11-03,2025-11-09,7,-0.0295227287848836,-0.05278433237605695,0.023261603591173352
rolling_7d,7d,cap25,7,2025-11-04,2025-11-10,7,0.05756013942142402,-0.009727724646093616,0.06728786406751763
rolling_7d,7d,cap25,7,2025-11-05,2025-11-11,7,0.11586201625446035,0.008684296441400452,0.1071777198130599
rolling_7d,7d,cap25,7,2025-11-06,2025-11-12,7,0.10624302548126585,-0.017313880591269815,0.12355690607253567
rolling_7d,7d,cap25,7,2025-11-07,2025-11-13,7,0.037207845841236376,-0.0011029873123389322,0.03831083315357531
rolling_7d,7d,cap25,7,2025-11-08,2025-11-14,7,-0.0556795331121126,-0.06536380700010846,0.009684273887995865
rolling_7d,7d,cap25,7,2025-11-09,2025-11-15,7,-0.052142632069412276,-0.05427286553387678,0.002130233464464504
rolling_7d,7d,cap25,7,2025-11-10,2025-11-16,7,-0.09726791769342424,-0.09671709044093679,-0.0005508272524874513
rolling_7d,7d,cap25,7,2025-11-11,2025-11-17,7,-0.11204154934673438,-0.1222750264374981,0.01023347709076372
rolling_7d,7d,cap25,7,2025-11-12,2025-11-18,7,-0.12029459293966338,-0.10843474883480075,-0.011859844104862627
rolling_7d,7d,cap25,7,2025-11-13,2025-11-19,7,-0.14383915742091924,-0.10902081525887031,-0.03481834216204893
rolling_7d,7d,cap25,7,2025-11-14,2025-11-20,7,-0.12488881743350233,-0.13953980428458035,0.014650986851078018
rolling_7d,7d,cap25,7,2025-11-15,2025-11-21,7,-0.11611040589820965,-0.1101351586115823,-0.00597524728662735
rolling_7d,7d,cap25,7,2025-11-16,2025-11-22,7,-0.11032051253026709,-0.11740893494610305,0.00708842241583596
rolling_7d,7d,cap25,7,2025-11-17,2025-11-23,7,-0.05575204444068771,-0.059882415820415535,0.004130371379727826
rolling_7d,7d,cap25,7,2025-11-18,2025-11-24,7,-0.03318747192223692,-0.03830744665408348,0.005119974731846555
rolling_7d,7d,cap25,7,2025-11-19,2025-11-25,7,-0.014365135887785985,-0.05101322161635691,0.03664808572857092
rolling_7d,7d,cap25,7,2025-11-20,2025-11-26,7,0.011111730755755334,-0.008375552757194149,0.019487283512949483
rolling_7d,7d,cap25,7,2025-11-21,2025-11-27,7,0.059394485142639564,0.052660293846438,0.006734191296201564
rolling_7d,7d,cap25,7,2025-11-22,2025-11-28,7,0.08779915784180359,0.06435465733741674,0.023444500504386845
rolling_7d,7d,cap25,7,2025-11-23,2025-11-29,7,0.11607525796271001,0.06809239202997186,0.04798286593273815
rolling_7d,7d,cap25,7,2025-11-24,2025-11-30,7,0.05288201216263211,0.029396158335988964,0.023485853826643144
rolling_7d,7d,cap25,7,2025-11-25,2025-12-01,7,-0.02370541045759067,-0.02510150790176624,0.0013960974441755702
rolling_7d,7d,cap25,7,2025-11-26,2025-12-02,7,-0.010296013316734909,0.04006794029211136,-0.05036395360884627
rolling_7d,7d,cap25,7,2025-11-27,2025-12-03,7,-0.0025598239553639157,0.02543486607011025,-0.027994690025474167
rolling_7d,7d,cap25,7,2025-11-28,2025-12-04,7,-0.03779310974845762,0.003146238019113401,-0.04093934776757102
rolling_7d,7d,cap25,7,2025-11-29,2025-12-05,7,-0.050121514184336746,-0.01908332538500468,-0.031038188799332067
rolling_7d,7d,cap25,7,2025-11-30,2025-12-06,7,-0.07739268913500241,-0.01758127017507749,-0.05981141895992492
rolling_7d,7d,cap25,7,2025-12-01,2025-12-07,7,-0.04932666727644308,-0.005235640648010853,-0.04409102662843223
rolling_7d,7d,cap25,7,2025-12-02,2025-12-08,7,0.015143223561347341,0.04508577444726369,-0.029942550885916352
rolling_7d,7d,cap25,7,2025-12-03,2025-12-09,7,-0.014440603978578603,0.008658231572752584,-0.023098835551331187
rolling_7d,7d,cap25,7,2025-12-04,2025-12-10,7,-0.03302947193558392,-0.01576798738560936,-0.01726148454997456
rolling_7d,7d,cap25,7,2025-12-05,2025-12-11,7,-0.02760894176608608,0.0009460049483316357,-0.028554946714417717
rolling_7d,7d,cap25,7,2025-12-06,2025-12-12,7,-0.023240933904238426,0.008407132599326905,-0.03164806650356533
rolling_7d,7d,cap25,7,2025-12-07,2025-12-13,7,-0.010622837818375253,0.008510096851934934,-0.019132934670310187
rolling_7d,7d,cap25,7,2025-12-08,2025-12-14,7,-0.032197515747424466,-0.024198861491316892,-0.007998654256107574
rolling_7d,7d,cap25,7,2025-12-09,2025-12-15,7,-0.07122759159113423,-0.0437037037037048,-0.027523887887429432
rolling_7d,7d,cap25,7,2025-12-10,2025-12-16,7,-0.07919190402383591,-0.04809761007023439,-0.031094293953601526
rolling_7d,7d,cap25,7,2025-12-11,2025-12-17,7,-0.08612457090178172,-0.05866904659141614,-0.027455524310365576
rolling_7d,7d,cap25,7,2025-12-12,2025-12-18,7,-0.09369382070065668,-0.07500545256270508,-0.018688368137951605
rolling_7d,7d,cap25,7,2025-12-13,2025-12-19,7,-0.05104853560364031,-0.026383325916034317,-0.024665209687605993
rolling_7d,7d,cap25,7,2025-12-14,2025-12-20,7,-0.0603124762339079,-0.023251671700938892,-0.037060804532969005
rolling_7d,7d,cap25,7,2025-12-15,2025-12-21,7,-0.04719152100015256,0.0015399787589194247,-0.04873149975907198
rolling_7d,7d,cap25,7,2025-12-16,2025-12-22,7,0.00040182474052596895,0.023152594887688283,-0.022750770147162314
rolling_7d,7d,cap25,7,2025-12-17,2025-12-23,7,-0.000713987510182923,-0.0007048620155968299,-9.12549458609302e-06
rolling_7d,7d,cap25,7,2025-12-18,2025-12-24,7,0.0029530259838670414,0.0041809463859676654,-0.001227920402100624
rolling_7d,7d,cap25,7,2025-12-19,2025-12-25,7,0.013049998545058727,0.010068142698828275,0.0029818558462304523
rolling_7d,7d,cap25,7,2025-12-20,2025-12-26,7,-0.018983359819086942,-0.0237081279568504,0.004724768137763458
rolling_7d,7d,cap25,7,2025-12-21,2025-12-27,7,-0.014724821895280682,-0.024640984727606008,0.009916162832325326
rolling_7d,7d,cap25,7,2025-12-22,2025-12-28,7,-0.003707083255005683,-0.03098702498807293,0.027279941733067248
rolling_7d,7d,cap25,7,2025-12-23,2025-12-29,7,-0.013587146102238434,-0.03739145576088798,0.023804309658649547
rolling_7d,7d,cap25,7,2025-12-24,2025-12-30,7,-0.005208897020893555,-0.014789542283216606,0.009580645262323051
rolling_7d,7d,cap25,7,2025-12-25,2025-12-31,7,-0.012973026363790274,-0.009186097804463667,-0.0037869285593266078
rolling_7d,7d,cap25,7,2025-12-26,2026-01-01,7,0.011751753235841988,0.0022721259940599037,0.009479627241782085
rolling_7d,7d,cap25,7,2025-12-27,2026-01-02,7,0.029046287052743924,0.01563780228012357,0.013408484772620355
rolling_7d,7d,cap25,7,2025-12-28,2026-01-03,7,0.023221753933851508,0.021134715308452012,0.0020870386253994955
rolling_7d,7d,cap25,7,2025-12-29,2026-01-04,7,0.03428023426023641,0.035604852577934665,-0.0013246183176982562
rolling_7d,7d,cap25,7,2025-12-30,2026-01-05,7,0.06284707499169095,0.07101061738104453,-0.008163542389353573
rolling_7d,7d,cap25,7,2025-12-31,2026-01-06,7,0.06327199199581313,0.05943144411327772,0.0038405478825354056
rolling_7d,7d,cap25,7,2026-01-01,2026-01-07,7,0.08776831711621469,0.03850660001561801,0.04926171710059668
rolling_7d,7d,cap25,7,2026-01-02,2026-01-08,7,0.07098184931928375,0.034113317702588075,0.03686853161669568
rolling_7d,7d,cap25,7,2026-01-03,2026-01-09,7,0.04964440777363621,0.0260842841227773,0.02356012365085891
rolling_7d,7d,cap25,7,2026-01-04,2026-01-10,7,0.04748100675191935,0.018698504729936172,0.02878250202198318
rolling_7d,7d,cap25,7,2026-01-05,2026-01-11,7,0.018340747865564166,0.009834927200404353,0.008505820665159813
rolling_7d,7d,cap25,7,2026-01-06,2026-01-12,7,-0.012023742242089797,-0.011587689731895057,-0.0004360525101947399
rolling_7d,7d,cap25,7,2026-01-07,2026-01-13,7,0.012171044914680351,0.028338891418999035,-0.016167846504318684
rolling_7d,7d,cap25,7,2026-01-08,2026-01-14,7,0.014167509701770609,0.06821600481347945,-0.05404849511170884
rolling_7d,7d,cap25,7,2026-01-09,2026-01-15,7,-0.007930790992144332,0.05783783783783769,-0.06576862882998202
rolling_7d,7d,cap25,7,2026-01-10,2026-01-16,7,-0.00019751083531094338,0.05578435043055263,-0.055981861265863575
rolling_7d,7d,cap25,7,2026-01-11,2026-01-17,7,-0.005506618098614635,0.05219012813504009,-0.05769674623365473
rolling_7d,7d,cap25,7,2026-01-12,2026-01-18,7,-0.007215529133142495,0.03598176246355922,-0.043197291596701715
rolling_7d,7d,cap25,7,2026-01-13,2026-01-19,7,-0.023034793377020524,0.018187086277217546,-0.04122187965423807
rolling_7d,7d,cap25,7,2026-01-14,2026-01-20,7,-0.08635959502804647,-0.05820166290465045,-0.028157932123396012
rolling_7d,7d,cap25,7,2026-01-15,2026-01-21,7,-0.0832221982482173,-0.06707737801872726,-0.016144820229490042
rolling_7d,7d,cap25,7,2026-01-16,2026-01-22,7,-0.06514795271564389,-0.05683302106398325,-0.00831493165166064
rolling_7d,7d,cap25,7,2026-01-17,2026-01-23,7,-0.0696393242104858,-0.06396453900709242,-0.005674785203393373
rolling_7d,7d,cap25,7,2026-01-18,2026-01-24,7,-0.06400493324480994,-0.06271886120996284,-0.0012860720348470966
rolling_7d,7d,cap25,7,2026-01-19,2026-01-25,7,-0.06810184719988654,-0.07304262503246306,0.004940777832576515
rolling_7d,7d,cap25,7,2026-01-20,2026-01-26,7,-0.04375497265116668,-0.05473954570992645,0.010984573058759772
rolling_7d,7d,cap25,7,2026-01-21,2026-01-27,7,-0.007440386445762948,-0.016428008009224948,0.008987621563462
rolling_7d,7d,cap25,7,2026-01-22,2026-01-28,7,-0.027197844927471904,-0.02583337735749358,-0.0013644675699783226
rolling_7d,7d,cap25,7,2026-01-23,2026-01-29,7,-0.06229566204558812,-0.06511106429087488,0.0028154022452867578
rolling_7d,7d,cap25,7,2026-01-24,2026-01-30,7,-0.07881537865297261,-0.05202263962237064,-0.026792739030601975
rolling_7d,7d,cap25,7,2026-01-25,2026-01-31,7,-0.07812681883417605,-0.10686622926917833,0.028739410435002277
rolling_7d,7d,cap25,7,2026-01-26,2026-02-01,7,-0.09641690807691117,-0.11681973848069649,0.02040283040378532
rolling_7d,7d,cap25,7,2026-01-27,2026-02-02,7,-0.08303607343554609,-0.09737778566852007,0.01434171223297398
rolling_7d,7d,cap25,7,2026-01-28,2026-02-03,7,-0.10812791166684088,-0.13708918739686138,0.028961275730020497
rolling_7d,7d,cap25,7,2026-01-29,2026-02-04,7,-0.11114061157898047,-0.1636969321351086,0.05255632055612813
rolling_7d,7d,cap25,7,2026-01-30,2026-02-05,7,-0.20091007323193155,-0.2506137166681405,0.04970364343620892
rolling_7d,7d,cap25,7,2026-01-31,2026-02-06,7,-0.0891317154759882,-0.16388922191583544,0.07475750643984724
rolling_7d,7d,cap25,7,2026-02-01,2026-02-07,7,-0.09734267431944266,-0.1285975428304219,0.03125486851097925
rolling_7d,7d,cap25,7,2026-02-02,2026-02-08,7,-0.046241394090254184,-0.07815212697517215,0.03191073288491797
rolling_7d,7d,cap25,7,2026-02-03,2026-02-09,7,-0.06771986241653727,-0.11419457462456872,0.046474712208031455
rolling_7d,7d,cap25,7,2026-02-04,2026-02-10,7,-0.05308761479526247,-0.0872533600228742,0.03416574522761173
rolling_7d,7d,cap25,7,2026-02-05,2026-02-11,7,-0.0510498017626313,-0.08140805928670902,0.030358257524077725
rolling_7d,7d,cap25,7,2026-02-06,2026-02-12,7,0.10402083206145663,0.04385324254075895,0.06016758952069767
rolling_7d,7d,cap25,7,2026-02-07,2026-02-13,7,0.029809249006816696,-0.03647834815027329,0.06628759715708998
rolling_7d,7d,cap25,7,2026-02-08,2026-02-14,7,0.072063039458101,0.0034149673138863523,0.06864807214421464
rolling_7d,7d,cap25,7,2026-02-09,2026-02-15,7,0.040843138335010964,-0.024884563540245486,0.06572770187525645
rolling_7d,7d,cap25,7,2026-02-10,2026-02-16,7,0.05108738625825149,-0.016132613753749636,0.06722000001200112
rolling_7d,7d,cap25,7,2026-02-11,2026-02-17,7,0.03255198920006386,-0.020883101625220446,0.053435090825284304
rolling_7d,7d,cap25,7,2026-02-12,2026-02-18,7,0.032755934564377975,-0.005455718924584296,0.03821165348896227
rolling_7d,7d,cap25,7,2026-02-13,2026-02-19,7,-0.0046032257137096355,0.015979174597949397,-0.020582400311659033
rolling_7d,7d,cap25,7,2026-02-14,2026-02-20,7,-0.04435854442687637,-0.006835724348670191,-0.037522820078206176
rolling_7d,7d,cap25,7,2026-02-15,2026-02-21,7,-0.07976295485568308,-0.027761571373004723,-0.052001383482678354
rolling_7d,7d,cap25,7,2026-02-16,2026-02-22,7,-0.08275249576769794,-0.024245098039214485,-0.05850739772848346
rolling_7d,7d,cap25,7,2026-02-17,2026-02-23,7,-0.12399163877260222,-0.06386152215723861,-0.060130116615363605
rolling_7d,7d,cap25,7,2026-02-18,2026-02-24,7,-0.10766729668807107,-0.06164568480206267,-0.046021611886008396
rolling_7d,7d,cap25,7,2026-02-19,2026-02-25,7,-0.06763085490751719,-0.008679692965998242,-0.05895116194151895
rolling_7d,7d,cap25,7,2026-02-20,2026-02-26,7,-0.03164893441882244,-0.012790909643306536,-0.018858024775515903
rolling_7d,7d,cap25,7,2026-02-21,2026-02-27,7,-0.04115384489032203,-0.03921882023874501,-0.001935024651577022
rolling_7d,7d,cap25,7,2026-02-22,2026-02-28,7,-0.03430790319174171,-0.02277341601240146,-0.011534487179340247
rolling_7d,7d,cap25,7,2026-02-23,2026-03-01,7,-0.02619115272305461,-0.03497543380187884,0.00878428107882423
rolling_7d,7d,cap25,7,2026-02-24,2026-03-02,7,0.04375948077175873,0.05611111111111122,-0.012351630339352493
rolling_7d,7d,cap25,7,2026-02-25,2026-03-03,7,0.0527120881938592,0.06876451908527037,-0.016052430891411174
rolling_7d,7d,cap25,7,2026-02-26,2026-03-04,7,0.038222364844255896,0.07842274842734986,-0.04020038358309397
rolling_7d,7d,cap25,7,2026-02-27,2026-03-05,7,0.03338982191883777,0.06561413227463908,-0.03222431035580131
rolling_7d,7d,cap25,7,2026-02-28,2026-03-06,7,0.021293992898129943,0.04820179041162498,-0.026907797513495035
rolling_7d,7d,cap25,7,2026-03-01,2026-03-07,7,0.011721578732582394,0.01721455766160296,-0.005492978929020564
rolling_7d,7d,cap25,7,2026-03-02,2026-03-08,7,0.0017459006725504267,0.018741019927948965,-0.01699511925539854
rolling_7d,7d,cap25,7,2026-03-03,2026-03-09,7,-0.012677103938981249,-0.002957728305858942,-0.009719375633122307
rolling_7d,7d,cap25,7,2026-03-04,2026-03-10,7,0.004988320493832354,0.02065905578543248,-0.015670735291600124
rolling_7d,7d,cap25,7,2026-03-05,2026-03-11,7,-0.012628760318521448,-0.024745807724409263,0.012117047405887815
rolling_7d,7d,cap25,7,2026-03-06,2026-03-12,7,-0.005888005834627341,-0.0065078219013210425,0.0006198160666937014
rolling_7d,7d,cap25,7,2026-03-07,2026-03-13,7,0.021308737217985874,0.03539155879581379,-0.01408282157782792
rolling_7d,7d,cap25,7,2026-03-08,2026-03-14,7,0.048728837862649366,0.058255357681856745,-0.00952651981920738
rolling_7d,7d,cap25,7,2026-03-09,2026-03-15,7,0.08758907564264384,0.09457719273143272,-0.006988117088788881
rolling_7d,7d,cap25,7,2026-03-10,2026-03-16,7,0.10819399507661775,0.09337514309889827,0.014818851977719483
rolling_7d,7d,cap25,7,2026-03-11,2026-03-17,7,0.08961798517110675,0.06584153096212764,0.023776454208979114
rolling_7d,7d,cap25,7,2026-03-12,2026-03-18,7,0.049851662570398414,0.02979878042849915,0.020052882141899264
rolling_7d,7d,cap25,7,2026-03-13,2026-03-19,7,0.026224167756224492,0.008527214410990691,0.0176969533452338
rolling_7d,7d,cap25,7,2026-03-14,2026-03-20,7,0.025346149521543238,0.009742965808608561,0.015603183712934676
rolling_7d,7d,cap25,7,2026-03-15,2026-03-21,7,-0.007134161943520123,-0.015088419851678858,0.007954257908158735
rolling_7d,7d,cap25,7,2026-03-16,2026-03-22,7,-0.03937909027770048,-0.04657329598505866,0.007194205707358181
rolling_7d,7d,cap25,7,2026-03-17,2026-03-23,7,-0.059528601691204774,-0.03833022260663543,-0.02119837908456934
rolling_7d,7d,cap25,7,2026-03-18,2026-03-24,7,-0.053971297747085756,-0.035836380800500334,-0.018134916946585422
rolling_7d,7d,cap25,7,2026-03-19,2026-03-25,7,-0.011314961916234045,0.0058552985730073726,-0.017170260489241418
rolling_7d,7d,cap25,7,2026-03-20,2026-03-26,7,-0.023051740702849877,-0.0036318565704915873,-0.01941988413235829
rolling_7d,7d,cap25,7,2026-03-21,2026-03-27,7,-0.040836801372686304,-0.04161290322580613,0.000776101853119826
rolling_7d,7d,cap25,7,2026-03-22,2026-03-28,7,-0.0322847158904116,-0.026073190273474545,-0.0062115256169370525
rolling_7d,7d,cap25,7,2026-03-23,2026-03-29,7,-0.022145665778971146,-0.015629896584139935,-0.006515769194831211
rolling_7d,7d,cap25,7,2026-03-24,2026-03-30,7,-0.023085245979731495,-0.03924260355029463,0.016157357570563136
rolling_14d,14d,cap25,7,2025-03-01,2025-03-14,14,-0.061281002576112575,-0.0038960517331431133,-0.05738495084296946
rolling_14d,14d,cap25,7,2025-03-02,2025-03-15,14,-0.05646346380274858,-0.03249415432579994,-0.02396930947694864
rolling_14d,14d,cap25,7,2025-03-03,2025-03-16,14,-0.1385848275583822,-0.1486412701079407,0.010056442549558509
rolling_14d,14d,cap25,7,2025-03-04,2025-03-17,14,-0.038735102242835384,-0.053699495435808875,0.01496439319297349
rolling_14d,14d,cap25,7,2025-03-05,2025-03-18,14,-0.027044832920792516,-0.06937942255445018,0.04233458963365766
rolling_14d,14d,cap25,7,2025-03-06,2025-03-19,14,-0.01805138465244427,-0.056937975900048454,0.038886591247604185
rolling_14d,14d,cap25,7,2025-03-07,2025-03-20,14,-0.016883681305179365,-0.07136824639944617,0.0544845650942668
rolling_14d,14d,cap25,7,2025-03-08,2025-03-21,14,0.002316605329443222,-0.03794142647399379,0.04025803180343701
rolling_14d,14d,cap25,7,2025-03-09,2025-03-22,14,0.00409587298902947,-0.03413332918558931,0.03822920217461878
rolling_14d,14d,cap25,7,2025-03-10,2025-03-23,14,0.052224032169385426,0.04797279450607972,0.004251237663305707
rolling_14d,14d,cap25,7,2025-03-11,2025-03-24,14,0.09287433777922383,0.09301910979430361,-0.000144772015079786
rolling_14d,14d,cap25,7,2025-03-12,2025-03-25,14,0.07046359106120192,0.044683592515458725,0.0257799985457432
rolling_14d,14d,cap25,7,2025-03-13,2025-03-26,14,0.04330236417280098,0.03645656976088274,0.006845794411918238
rolling_14d,14d,cap25,7,2025-03-14,2025-03-27,14,0.0757384230013165,0.07108973185306122,0.0046486911482552795
rolling_14d,14d,cap25,7,2025-03-15,2025-03-28,14,0.023391090757724387,0.01379838709677994,0.009592703660944446
rolling_14d,14d,cap25,7,2025-03-16,2025-03-29,14,-0.011089664207098449,-0.006058116022586324,-0.005031548184512125
rolling_14d,14d,cap25,7,2025-03-17,2025-03-30,14,-0.008820974487563915,0.012333497779971392,-0.021154472267535307
rolling_14d,14d,cap25,7,2025-03-18,2025-03-31,14,-0.03723439991769806,0.0028165803783661847,-0.04005098029606424
rolling_14d,14d,cap25,7,2025-03-19,2025-04-01,14,-0.10410311884081724,0.044557884840590534,-0.14866100368140778
rolling_14d,14d,cap25,7,2025-03-20,2025-04-02,14,-0.18867413774642317,-0.03739182240060024,-0.15128231534582293
rolling_14d,14d,cap25,7,2025-03-21,2025-04-03,14,-0.19875144125921362,-0.007726358148890999,-0.19102508311032262
rolling_14d,14d,cap25,7,2025-03-22,2025-04-04,14,-0.20555281372818035,-0.009084337349394955,-0.1964684763787854
rolling_14d,14d,cap25,7,2025-03-23,2025-04-05,14,-0.2035910388700748,-0.007254720399368586,-0.1963363184707062
rolling_14d,14d,cap25,7,2025-03-24,2025-04-06,14,-0.240588342772447,-0.07461957720298218,-0.16596876556946483
rolling_14d,14d,cap25,7,2025-03-25,2025-04-07,14,-0.24648796269355377,-0.08302135922329734,-0.16346660347025643
rolling_14d,14d,cap25,7,2025-03-26,2025-04-08,14,-0.25601963564986796,-0.11088701857812833,-0.14513261707173963
rolling_14d,14d,cap25,7,2025-03-27,2025-04-09,14,-0.17404260532050408,-0.054744866210325815,-0.11929773911017827
rolling_14d,14d,cap25,7,2025-03-28,2025-04-10,14,-0.2029231996525851,-0.08363636363635751,-0.11928683601622758
rolling_14d,14d,cap25,7,2025-03-29,2025-04-11,14,-0.17175953283358258,-0.032813357621841566,-0.13894617521174102
rolling_14d,14d,cap25,7,2025-03-30,2025-04-12,14,-0.13943990232681136,0.0024072167873050443,-0.1418471191141164
rolling_14d,14d,cap25,7,2025-03-31,2025-04-13,14,-0.1439555499769809,-0.012345679012339184,-0.13160987096464172
rolling_14d,14d,cap25,7,2025-04-01,2025-04-14,14,-0.13171139792411124,-0.0023703222664108736,-0.12934107565770037
rolling_14d,14d,cap25,7,2025-04-02,2025-04-15,14,-0.03261171954904318,-0.0362700436598441,0.0036583241108009146
rolling_14d,14d,cap25,7,2025-04-03,2025-04-16,14,0.08815100326412662,-0.008110881284706495,0.09626188454883311
rolling_14d,14d,cap25,7,2025-04-04,2025-04-17,14,0.09311929321242274,-0.00410414469948317,0.09722343791190591
rolling_14d,14d,cap25,7,2025-04-05,2025-04-18,14,0.09278583443726296,-0.009078455689840115,0.10186429012710307
rolling_14d,14d,cap25,7,2025-04-06,2025-04-19,14,0.1008065794869375,-0.0037065875062823883,0.10451316699321989
rolling_14d,14d,cap25,7,2025-04-07,2025-04-20,14,0.15038730891057095,0.0455187675546882,0.10486854135588275
rolling_14d,14d,cap25,7,2025-04-08,2025-04-21,14,0.13747038559219793,0.06927774624982463,0.0681926393423733
rolling_14d,14d,cap25,7,2025-04-09,2025-04-22,14,0.1882057629660323,0.17039783632873817,0.017807926637294136
rolling_14d,14d,cap25,7,2025-04-10,2025-04-23,14,0.08870092864505064,0.10500156350290668,-0.016300634857856044
rolling_14d,14d,cap25,7,2025-04-11,2025-04-24,14,0.14516406766915835,0.1417209333876024,0.0034431342815559596
rolling_14d,14d,cap25,7,2025-04-12,2025-04-25,14,0.16232711381042209,0.12283486585626835,0.039492247954153736
rolling_14d,14d,cap25,7,2025-04-13,2025-04-26,14,0.14045090141623962,0.10432096768977472,0.03612993372646489
rolling_14d,14d,cap25,7,2025-04-14,2025-04-27,14,0.12221024760940824,0.11141447368421287,0.010795773925195373
rolling_14d,14d,cap25,7,2025-04-15,2025-04-28,14,0.1509585223447958,0.11351690019365623,0.03744162215113955
rolling_14d,14d,cap25,7,2025-04-16,2025-04-29,14,0.14794779072638908,0.11692758894705557,0.03102020177933351
rolling_14d,14d,cap25,7,2025-04-17,2025-04-30,14,0.10722750581454088,0.11744470534145979,-0.010217199526918908
rolling_14d,14d,cap25,7,2025-04-18,2025-05-01,14,0.11199663870479215,0.13509089132134489,-0.023094252616552735
rolling_14d,14d,cap25,7,2025-04-19,2025-05-02,14,0.15675254382471793,0.1341606066307337,0.022591937193984224
rolling_14d,14d,cap25,7,2025-04-20,2025-05-03,14,0.14147317045159014,0.11900323192523499,0.02246993852635515
rolling_14d,14d,cap25,7,2025-04-21,2025-05-04,14,0.13238921850953655,0.10421856428792209,0.028170654221614466
rolling_14d,14d,cap25,7,2025-04-22,2025-05-05,14,0.11806554932370772,0.06852027883396805,0.04954527048973967
rolling_14d,14d,cap25,7,2025-04-23,2025-05-06,14,0.052655103554204885,0.024591691452169773,0.028063412102035112
rolling_14d,14d,cap25,7,2025-04-24,2025-05-07,14,0.052419034400142284,0.026206043996959805,0.02621299040318248
rolling_14d,14d,cap25,7,2025-04-25,2025-05-08,14,0.08879723935149553,0.07513553657631156,0.01366170277518397
rolling_14d,14d,cap25,7,2025-04-26,2025-05-09,14,0.08251964460324812,0.05273181415313122,0.029787830450116903
rolling_14d,14d,cap25,7,2025-04-27,2025-05-10,14,0.1105198774478775,0.06148867313915396,0.04903120430872354
rolling_14d,14d,cap25,7,2025-04-28,2025-05-11,14,0.14374220410651373,0.07642732411874364,0.06731487998777008
rolling_14d,14d,cap25,7,2025-04-29,2025-05-12,14,0.13015376009149193,0.058867803199144975,0.07128595689234696
rolling_14d,14d,cap25,7,2025-04-30,2025-05-13,14,0.10225366591010676,0.06975209036232899,0.03250157554777777
rolling_14d,14d,cap25,7,2025-05-01,2025-05-14,14,0.07944430587072415,0.07111316831610459,0.008331137554619561
rolling_14d,14d,cap25,7,2025-05-02,2025-05-15,14,0.06775218775167269,0.048037253087085174,0.019714934664587513
rolling_14d,14d,cap25,7,2025-05-03,2025-05-16,14,0.043588139924675806,0.05681932924630373,-0.013231189321627923
rolling_14d,14d,cap25,7,2025-05-04,2025-05-17,14,0.03783993774487637,0.06679276854243343,-0.02895283079755706
rolling_14d,14d,cap25,7,2025-05-05,2025-05-18,14,0.06626630410085532,0.11021822471247722,-0.0439519206116219
rolling_14d,14d,cap25,7,2025-05-06,2025-05-19,14,0.05594547679310824,0.10146044925494313,-0.04551497246183489
rolling_14d,14d,cap25,7,2025-05-07,2025-05-20,14,0.08850723413745909,0.09399781738814172,-0.005490583250682635
rolling_14d,14d,cap25,7,2025-05-08,2025-05-21,14,0.07038308979885377,0.10642883578493723,-0.036045745986083455
rolling_14d,14d,cap25,7,2025-05-09,2025-05-22,14,0.03677209458924491,0.06977418886900466,-0.03300209427975975
rolling_14d,14d,cap25,7,2025-05-10,2025-05-23,14,-0.01688162437027496,0.04243668243807308,-0.05931830680834804
rolling_14d,14d,cap25,7,2025-05-11,2025-05-24,14,-0.03469253487877333,0.03830978920648809,-0.07300232408526142
rolling_14d,14d,cap25,7,2025-05-12,2025-05-25,14,-0.03969285851268378,0.047162094351680395,-0.08685495286436418
rolling_14d,14d,cap25,7,2025-05-13,2025-05-26,14,-0.04904841828099615,0.05084710672509729,-0.09989552500609344
rolling_14d,14d,cap25,7,2025-05-14,2025-05-27,14,-0.05853183841832055,0.036976345560505886,-0.09550818397882643
rolling_14d,14d,cap25,7,2025-05-15,2025-05-28,14,-0.04835873430111437,0.031120958116686248,-0.07947969241780062
rolling_14d,14d,cap25,7,2025-05-16,2025-05-29,14,-0.03294248426498869,0.008913778702774655,-0.04185626296776335
rolling_14d,14d,cap25,7,2025-05-17,2025-05-30,14,-0.08333263585606465,0.004579329547932165,-0.08791196540399682
rolling_14d,14d,cap25,7,2025-05-18,2025-05-31,14,-0.07173471462179559,0.008722278294548635,-0.08045699291634423
rolling_14d,14d,cap25,7,2025-05-19,2025-06-01,14,-0.07341019314066244,-0.009867853111101277,-0.06354234002956116
rolling_14d,14d,cap25,7,2025-05-20,2025-06-02,14,-0.01499055044155495,-0.003405664441098688,-0.011584886000456263
rolling_14d,14d,cap25,7,2025-05-21,2025-06-03,14,-0.04415806502982067,-0.02072221852763756,-0.02343584650218311
rolling_14d,14d,cap25,7,2025-05-22,2025-06-04,14,-0.05885328059477524,-0.04755127339031129,-0.011302007204463949
rolling_14d,14d,cap25,7,2025-05-23,2025-06-05,14,-0.11978127332580268,-0.08524679081540565,-0.034534482510397035
rolling_14d,14d,cap25,7,2025-05-24,2025-06-06,14,-0.08807993821688731,-0.030610269725472206,-0.057469668491415105
rolling_14d,14d,cap25,7,2025-05-25,2025-06-07,14,-0.08152506425953943,-0.026446555503888636,-0.05507850875565079
rolling_14d,14d,cap25,7,2025-05-26,2025-06-08,14,-0.07980328475508847,-0.04358728616629137,-0.036215998588797094
rolling_14d,14d,cap25,7,2025-05-27,2025-06-09,14,-0.05671707972269213,-0.011643561235418765,-0.04507351848727337
rolling_14d,14d,cap25,7,2025-05-28,2025-06-10,14,-0.04348864732488955,-0.003967125751278222,-0.03952152157361133
rolling_14d,14d,cap25,7,2025-05-29,2025-06-11,14,-0.051671974746478,-0.004523592530752962,-0.04714838221572504
rolling_14d,14d,cap25,7,2025-05-30,2025-06-12,14,-0.06793634313416785,-0.012614678899086629,-0.055321664235081225
rolling_14d,14d,cap25,7,2025-05-31,2025-06-13,14,-0.032596541249499844,8.152229294688951e-05,-0.032678063542446734
rolling_14d,14d,cap25,7,2025-06-01,2025-06-14,14,-0.033530917851655295,-0.010222087009431613,-0.023308830842223682
rolling_14d,14d,cap25,7,2025-06-02,2025-06-15,14,-0.052632512409903964,-0.02142128983796543,-0.031211222571938535
rolling_14d,14d,cap25,7,2025-06-03,2025-06-16,14,-0.08860218136791842,-0.009988518943741642,-0.07861366242417678
rolling_14d,14d,cap25,7,2025-06-04,2025-06-17,14,-0.08202128847980716,-0.012074374889644135,-0.06994691359016303
rolling_14d,14d,cap25,7,2025-06-05,2025-06-18,14,-0.06223919895298646,0.0014323391889363712,-0.06367153814192283
rolling_14d,14d,cap25,7,2025-06-06,2025-06-19,14,-0.008150193362494229,0.023385992404668876,-0.031536185767163105
rolling_14d,14d,cap25,7,2025-06-07,2025-06-20,14,-0.015417229190463955,-0.008496691523275035,-0.00692053766718892
rolling_14d,14d,cap25,7,2025-06-08,2025-06-21,14,-0.04970432241291156,-0.0245719861616277,-0.02513233625128386
rolling_14d,14d,cap25,7,2025-06-09,2025-06-22,14,-0.08310761821010515,-0.032992903128387874,-0.050114715081717276
rolling_14d,14d,cap25,7,2025-06-10,2025-06-23,14,-0.05984823103008574,-0.028750830564781338,-0.031097400465304403
rolling_14d,14d,cap25,7,2025-06-11,2025-06-24,14,-0.06848310355638099,-0.033277351088333185,-0.0352057524680478
rolling_14d,14d,cap25,7,2025-06-12,2025-06-25,14,-0.045271989142105507,-0.014935546600909455,-0.03033644254119605
rolling_14d,14d,cap25,7,2025-06-13,2025-06-26,14,-0.05207032036715886,0.008872303431402662,-0.060942623798561524
rolling_14d,14d,cap25,7,2025-06-14,2025-06-27,14,-0.04490969200606898,-0.0018137231592740832,-0.043095968846794896
rolling_14d,14d,cap25,7,2025-06-15,2025-06-28,14,-0.0367328951797814,0.005266285526934311,-0.04199918070671571
rolling_14d,14d,cap25,7,2025-06-16,2025-06-29,14,-0.02645885238866108,0.014515797409356157,-0.04097464979801724
rolling_14d,14d,cap25,7,2025-06-17,2025-06-30,14,-0.04428482051670257,-0.006610228458774348,-0.037674592057928225
rolling_14d,14d,cap25,7,2025-06-18,2025-07-01,14,-0.042930563518332576,-0.0026602326156908163,-0.04027033090264176
rolling_14d,14d,cap25,7,2025-06-19,2025-07-02,14,0.03200612887608867,0.014020973010141491,0.017985155865947178
rolling_14d,14d,cap25,7,2025-06-20,2025-07-03,14,0.017069268466695542,0.02687285744831991,-0.009803588981624367
rolling_14d,14d,cap25,7,2025-06-21,2025-07-04,14,-0.0014026535382083427,0.026375183160991744,-0.027777836699200087
rolling_14d,14d,cap25,7,2025-06-22,2025-07-05,14,0.023559395885313084,0.03675462405909857,-0.01319522817378549
rolling_14d,14d,cap25,7,2025-06-23,2025-07-06,14,0.06525729892753906,0.053033905643368406,0.012223393284170658
rolling_14d,14d,cap25,7,2025-06-24,2025-07-07,14,0.014786903320154421,0.013183009174057458,0.0016038941460969625
rolling_14d,14d,cap25,7,2025-06-25,2025-07-08,14,0.0452587457371203,0.01836160131840736,0.026897144418712937
rolling_14d,14d,cap25,7,2025-06-26,2025-07-09,14,0.05383382923663693,0.02396749158797329,0.029866337648663643
rolling_14d,14d,cap25,7,2025-06-27,2025-07-10,14,0.12360591553933475,0.06634877384196192,0.05725714169737284
rolling_14d,14d,cap25,7,2025-06-28,2025-07-11,14,0.16620364162856593,0.07662102569686313,0.0895826159317028
rolling_14d,14d,cap25,7,2025-06-29,2025-07-12,14,0.2496259008782824,0.0853819288733042,0.1642439720049782
rolling_14d,14d,cap25,7,2025-06-30,2025-07-13,14,0.22776946469796266,0.09214472937552642,0.13562473532243624
rolling_14d,14d,cap25,7,2025-07-01,2025-07-14,14,0.25394670030153144,0.12517339413000994,0.1287733061715215
rolling_14d,14d,cap25,7,2025-07-02,2025-07-15,14,0.2886919626587221,0.1084299981390735,0.1802619645196486
rolling_14d,14d,cap25,7,2025-07-03,2025-07-16,14,0.20588966943638476,0.09314815819454614,0.11274151124183862
rolling_14d,14d,cap25,7,2025-07-04,2025-07-17,14,0.22479378007178252,0.09059949622166541,0.1341942838501171
rolling_14d,14d,cap25,7,2025-07-05,2025-07-18,14,0.26944560157836506,0.09022510605763578,0.17922049552072927
rolling_14d,14d,cap25,7,2025-07-06,2025-07-19,14,0.28023678302377486,0.08929704052577159,0.19093974249800327
rolling_14d,14d,cap25,7,2025-07-07,2025-07-20,14,0.30224985998425025,0.07797092266940542,0.22427893731484483
rolling_14d,14d,cap25,7,2025-07-08,2025-07-21,14,0.3347039437402941,0.08076299797434827,0.25394094576594584
rolling_14d,14d,cap25,7,2025-07-09,2025-07-22,14,0.31914270088645,0.09593807314705294,0.2232046277393971
rolling_14d,14d,cap25,7,2025-07-10,2025-07-23,14,0.26039281978374507,0.07326041300905617,0.1871324067746889
rolling_14d,14d,cap25,7,2025-07-11,2025-07-24,14,0.20197922193113294,0.028804139517059735,0.1731750824140732
rolling_14d,14d,cap25,7,2025-07-12,2025-07-25,14,0.13932598458635814,0.012623022319430133,0.126702962266928
rolling_14d,14d,cap25,7,2025-07-13,2025-07-26,14,0.07325070911701159,0.007618630274200511,0.06563207884281108
rolling_14d,14d,cap25,7,2025-07-14,2025-07-27,14,0.11103031275379016,0.005678303684099273,0.10535200906969089
rolling_14d,14d,cap25,7,2025-07-15,2025-07-28,14,0.0971510847710273,-0.008342996643269096,0.10549408141429639
rolling_14d,14d,cap25,7,2025-07-16,2025-07-29,14,0.06300691022188643,0.015165929822597457,0.04784098039928897
rolling_14d,14d,cap25,7,2025-07-17,2025-07-30,14,0.04781269744067829,0.011916873449130172,0.035895823991548115
rolling_14d,14d,cap25,7,2025-07-18,2025-07-31,14,0.0219034402753433,-0.007698798371550741,0.02960223864689404
rolling_14d,14d,cap25,7,2025-07-19,2025-08-01,14,-0.029751960724268,-0.01925129707320672,-0.010500663651061282
rolling_14d,14d,cap25,7,2025-07-20,2025-08-02,14,-0.05406654932399968,-0.025019202656163086,-0.029047346667836593
rolling_14d,14d,cap25,7,2025-07-21,2025-08-03,14,-0.04766183098108123,0.0023322557853038273,-0.04999408676638506
rolling_14d,14d,cap25,7,2025-07-22,2025-08-04,14,-0.008509988425180692,0.0018055616296268617,-0.010315550054807554
rolling_14d,14d,cap25,7,2025-07-23,2025-08-05,14,-0.026306345960961264,-0.015566165432037371,-0.010740180528923893
rolling_14d,14d,cap25,7,2025-07-24,2025-08-06,14,-0.013215850005010799,-0.01233958234309851,-0.0008762676619122889
rolling_14d,14d,cap25,7,2025-07-25,2025-08-07,14,0.07193712512992079,0.005147501692030598,0.06678962343789019
rolling_14d,14d,cap25,7,2025-07-26,2025-08-08,14,0.09540045327267532,-0.0012047440699154421,0.09660519734259077
rolling_14d,14d,cap25,7,2025-07-27,2025-08-09,14,0.09669155550780695,-0.005069676994479688,0.10176123250228664
rolling_14d,14d,cap25,7,2025-07-28,2025-08-10,14,0.0721612773730822,0.007835853025473405,0.0643254243476088
rolling_14d,14d,cap25,7,2025-07-29,2025-08-11,14,0.06012013032410124,0.011151935894833764,0.048968194429267475
rolling_14d,14d,cap25,7,2025-07-30,2025-08-12,14,0.09486102948586206,0.00661521499448936,0.0882458144913727
rolling_14d,14d,cap25,7,2025-07-31,2025-08-13,14,0.12392935012244566,0.03065822303689103,0.09327112708555463
rolling_14d,14d,cap25,7,2025-08-01,2025-08-14,14,0.11754706246467861,0.02157491946646628,0.09597214299821233
rolling_14d,14d,cap25,7,2025-08-02,2025-08-15,14,0.1812642429267075,0.036556350060118925,0.14470789286658858
rolling_14d,14d,cap25,7,2025-08-03,2025-08-16,14,0.20208952885729725,0.035953671289803646,0.1661358575674936
rolling_14d,14d,cap25,7,2025-08-04,2025-08-17,14,0.1654256200811448,0.017872292643980048,0.14755332743716476
rolling_14d,14d,cap25,7,2025-08-05,2025-08-18,14,0.08015122069118452,0.007252884315561925,0.0728983363756226
rolling_14d,14d,cap25,7,2025-08-06,2025-08-19,14,0.04537561088771236,-0.017056036799535712,0.06243164768724807
rolling_14d,14d,cap25,7,2025-08-07,2025-08-20,14,0.07642577506074599,-0.004681249999995973,0.08110702506074197
rolling_14d,14d,cap25,7,2025-08-08,2025-08-21,14,-0.008304056097966583,-0.02519181111700719,0.016887755019040607
rolling_14d,14d,cap25,7,2025-08-09,2025-08-22,14,0.02010529200524447,0.007162186654342539,0.012943105350901929
rolling_14d,14d,cap25,7,2025-08-10,2025-08-23,14,-0.004971566779696679,-0.002660155737750025,-0.002311411041946654
rolling_14d,14d,cap25,7,2025-08-11,2025-08-24,14,-0.007391925644392727,-0.03819724154765758,0.03080531590326485
rolling_14d,14d,cap25,7,2025-08-12,2025-08-25,14,-0.0030411177946553236,-0.05155360783955032,0.048512490044894996
rolling_14d,14d,cap25,7,2025-08-13,2025-08-26,14,-0.010582519108929267,-0.046714129244239455,0.03613161013531019
rolling_14d,14d,cap25,7,2025-08-14,2025-08-27,14,-0.036726680704479264,-0.07442809388419747,0.0377014131797182
rolling_14d,14d,cap25,7,2025-08-15,2025-08-28,14,-0.016410623693368875,-0.04808340776114606,0.03167278406777718
rolling_14d,14d,cap25,7,2025-08-16,2025-08-29,14,-0.056039032792765564,-0.07146825227248677,0.015429219479721201
rolling_14d,14d,cap25,7,2025-08-17,2025-08-30,14,-0.05948496358920141,-0.06927068001176973,0.009785716422568314
rolling_14d,14d,cap25,7,2025-08-18,2025-08-31,14,-0.06461611255408939,-0.07578645453486199,0.011170341980772602
rolling_14d,14d,cap25,7,2025-08-19,2025-09-01,14,-0.06671677055702985,-0.055834514868765006,-0.010882255688264841
rolling_14d,14d,cap25,7,2025-08-20,2025-09-02,14,-0.016330347250207322,-0.014478009575701556,-0.0018523376745057663
rolling_14d,14d,cap25,7,2025-08-21,2025-09-03,14,-0.030954920382009643,-0.027246296726548103,-0.0037086236554615404
rolling_14d,14d,cap25,7,2025-08-22,2025-09-04,14,-0.023696432384742505,-0.014714828897339327,-0.008981603487403178
rolling_14d,14d,cap25,7,2025-08-23,2025-09-05,14,-0.053365353439498664,-0.03841070287242676,-0.014954650567071903
rolling_14d,14d,cap25,7,2025-08-24,2025-09-06,14,-0.054787963336620615,-0.03374761293554118,-0.021040350401079433
rolling_14d,14d,cap25,7,2025-08-25,2025-09-07,14,-0.04572328583028196,-0.016395835051805197,-0.02932745077847676
rolling_14d,14d,cap25,7,2025-08-26,2025-09-08,14,-0.02121120637502416,0.0015658591368508112,-0.022777065511874972
rolling_14d,14d,cap25,7,2025-08-27,2025-09-09,14,-0.026668507229620775,-0.00805550768210106,-0.018612999547519715
rolling_14d,14d,cap25,7,2025-08-28,2025-09-10,14,-0.007312187294441719,0.0197032305329381,-0.027015417827379817
rolling_14d,14d,cap25,7,2025-08-29,2025-09-11,14,-0.001205280907363715,0.024988032551457096,-0.02619331345882081
rolling_14d,14d,cap25,7,2025-08-30,2025-09-12,14,0.05002500358064421,0.05896120973043861,-0.008936206149794401
rolling_14d,14d,cap25,7,2025-08-31,2025-09-13,14,0.05717345688260367,0.058242895078441714,-0.0010694381958380461
rolling_14d,14d,cap25,7,2025-09-01,2025-09-14,14,0.06822263883133628,0.06271095402610882,0.005511684805227457
rolling_14d,14d,cap25,7,2025-09-02,2025-09-15,14,0.06151570463417433,0.05330010820026487,0.008215596433909456
rolling_14d,14d,cap25,7,2025-09-03,2025-09-16,14,0.04394434927581847,0.0471108931843387,-0.003166543908520225
rolling_14d,14d,cap25,7,2025-09-04,2025-09-17,14,0.043023227964280375,0.0420109481512041,0.0010122798130762778
rolling_14d,14d,cap25,7,2025-09-05,2025-09-18,14,0.05913817557859469,0.045048174018190945,0.014090001560403742
rolling_14d,14d,cap25,7,2025-09-06,2025-09-19,14,0.04157838824699445,0.04639817246697331,-0.004819784219978862
rolling_14d,14d,cap25,7,2025-09-07,2025-09-20,14,0.052017699563295716,0.05084723797181101,0.001170461591484706
rolling_14d,14d,cap25,7,2025-09-08,2025-09-21,14,0.03886232540190937,0.04166639787893889,-0.002804072477029518
rolling_14d,14d,cap25,7,2025-09-09,2025-09-22,14,-0.011805693148196572,0.029800921387333146,-0.04160661453552972
rolling_14d,14d,cap25,7,2025-09-10,2025-09-23,14,-0.01779957358885953,0.027200597164753093,-0.04500017075361262
rolling_14d,14d,cap25,7,2025-09-11,2025-09-24,14,-0.030182031475587734,0.013007720182758309,-0.04318975165834604
rolling_14d,14d,cap25,7,2025-09-12,2025-09-25,14,-0.05148125791292313,-0.015193972227415031,-0.0362872856855081
rolling_14d,14d,cap25,7,2025-09-13,2025-09-26,14,-0.07577508090129637,-0.018246951598085315,-0.05752812930321105
rolling_14d,14d,cap25,7,2025-09-14,2025-09-27,14,-0.08298738446066722,-0.016867995018680526,-0.0661193894419867
rolling_14d,14d,cap25,7,2025-09-15,2025-09-28,14,-0.0780589328989637,0.003201048296516351,-0.08125998119548006
rolling_14d,14d,cap25,7,2025-09-16,2025-09-29,14,-0.06644042586237797,0.014854659668910974,-0.08129508553128895
rolling_14d,14d,cap25,7,2025-09-17,2025-09-30,14,-0.07688522012081722,0.003265597850862667,-0.08015081797167989
rolling_14d,14d,cap25,7,2025-09-18,2025-10-01,14,-0.05010408360271035,0.04386073596828077,-0.09396481957099112
rolling_14d,14d,cap25,7,2025-09-19,2025-10-02,14,-0.04237647122145294,0.05092256373013204,-0.09329903495158498
rolling_14d,14d,cap25,7,2025-09-20,2025-10-03,14,-0.021088424320212185,0.06989694917762801,-0.0909853734978402
rolling_14d,14d,cap25,7,2025-09-21,2025-10-04,14,-0.030563015573044527,0.07903337197543014,-0.10959638754847467
rolling_14d,14d,cap25,7,2025-09-22,2025-10-05,14,-0.01864677621034916,0.09633010478336779,-0.11497688099371695
rolling_14d,14d,cap25,7,2025-09-23,2025-10-06,14,0.02877764842861885,0.10566202090591892,-0.07688437247730007
rolling_14d,14d,cap25,7,2025-09-24,2025-10-07,14,0.008377124187931573,0.10024557095246456,-0.09186844676453298
rolling_14d,14d,cap25,7,2025-09-25,2025-10-08,14,0.01893046382067265,0.10765277872824708,-0.08872231490757443
rolling_14d,14d,cap25,7,2025-09-26,2025-10-09,14,0.03804590232486005,0.12471071767309416,-0.08666481534823411
rolling_14d,14d,cap25,7,2025-09-27,2025-10-10,14,-0.06459834093690087,0.08740332260369454,-0.1520016635405954
rolling_14d,14d,cap25,7,2025-09-28,2025-10-11,14,-0.07618649136761169,0.07917487380534305,-0.15536136517295474
rolling_14d,14d,cap25,7,2025-09-29,2025-10-12,14,-0.04292938623379272,0.08120766546621594,-0.12413705170000866
rolling_14d,14d,cap25,7,2025-09-30,2025-10-13,14,-0.02315679312988228,0.053285401419553624,-0.0764421945494359
rolling_14d,14d,cap25,7,2025-10-01,2025-10-14,14,-0.027477768365978927,0.04459920898125458,-0.0720769773472335
rolling_14d,14d,cap25,7,2025-10-02,2025-10-15,14,-0.07282058645238887,0.0008308605341238451,-0.07365144698651271
rolling_14d,14d,cap25,7,2025-10-03,2025-10-16,14,-0.10697978784326923,-0.03195202511185535,-0.07502776273141387
rolling_14d,14d,cap25,7,2025-10-04,2025-10-17,14,-0.12863418013942585,-0.05676506020624117,-0.07186911993318468
rolling_14d,14d,cap25,7,2025-10-05,2025-10-18,14,-0.11704416035181686,-0.06474692694969397,-0.05229723340212289
rolling_14d,14d,cap25,7,2025-10-06,2025-10-19,14,-0.11568479162095968,-0.06867158859182654,-0.047013203029133144
rolling_14d,14d,cap25,7,2025-10-07,2025-10-20,14,-0.12074501339597643,-0.06607128788646333,-0.054673725509513105
rolling_14d,14d,cap25,7,2025-10-08,2025-10-21,14,-0.11607517899830544,-0.07133747081933917,-0.04473770817896627
rolling_14d,14d,cap25,7,2025-10-09,2025-10-22,14,-0.13606482139091824,-0.08426054380121617,-0.051804277589702075
rolling_14d,14d,cap25,7,2025-10-10,2025-10-23,14,-0.13133279317413193,-0.06842522473900148,-0.06290756843513046
rolling_14d,14d,cap25,7,2025-10-11,2025-10-24,14,-0.027224119670931857,-0.03578947368421104,0.00856535401327918
rolling_14d,14d,cap25,7,2025-10-12,2025-10-25,14,-0.01228067974465552,-0.023839147377810344,0.011558467633154823
rolling_14d,14d,cap25,7,2025-10-13,2025-10-26,14,-0.036510557297998125,-0.024449315131538252,-0.012061242166459873
rolling_14d,14d,cap25,7,2025-10-14,2025-10-27,14,-0.05547632186870921,-0.016278866594834573,-0.03919745527387464
rolling_14d,14d,cap25,7,2025-10-15,2025-10-28,14,-0.053450466414921904,-0.011699688400259367,-0.04175077801466254
rolling_14d,14d,cap25,7,2025-10-16,2025-10-29,14,-0.04864382094171349,-0.025343927893741847,-0.023299893047971643
rolling_14d,14d,cap25,7,2025-10-17,2025-10-30,14,-0.04897228006626386,-0.006303690260138439,-0.04266858980612542
rolling_14d,14d,cap25,7,2025-10-18,2025-10-31,14,-0.02872112513946956,0.004222709745227871,-0.03294383488469743
rolling_14d,14d,cap25,7,2025-10-19,2025-11-01,14,-0.034768415034617806,0.0020713801257481457,-0.03683979516036595
rolling_14d,14d,cap25,7,2025-10-20,2025-11-02,14,-0.04395403963232514,-0.005258561083012037,-0.0386954785493131
rolling_14d,14d,cap25,7,2025-10-21,2025-11-03,14,-0.12275338175457517,-0.04485993697314172,-0.07789344478143345
rolling_14d,14d,cap25,7,2025-10-22,2025-11-04,14,-0.14055113847824652,-0.061011275222102146,-0.07953986325614437
rolling_14d,14d,cap25,7,2025-10-23,2025-11-05,14,-0.11855499255072222,-0.04317318956581806,-0.07538180298490416
rolling_14d,14d,cap25,7,2025-10-24,2025-11-06,14,-0.11571332312325511,-0.08626932686388833,-0.029443996259366778
rolling_14d,14d,cap25,7,2025-10-25,2025-11-07,14,-0.07159305490650092,-0.07133465222321322,-0.0002584026832876951
rolling_14d,14d,cap25,7,2025-10-26,2025-11-08,14,-0.07439565244054225,-0.08288342451752839,0.008487772076986144
rolling_14d,14d,cap25,7,2025-10-27,2025-11-09,14,-0.076790069097592,-0.08390779518690661,0.007117726089314602
rolling_14d,14d,cap25,7,2025-10-28,2025-11-10,14,-0.06676811744651834,-0.07060982830077123,0.003841710854252889
rolling_14d,14d,cap25,7,2025-10-29,2025-11-11,14,-0.045547751473563935,-0.08102320047590617,0.03547544900234223
rolling_14d,14d,cap25,7,2025-10-30,2025-11-12,14,-0.02968588332718769,-0.0673192752759042,0.03763339194871651
rolling_14d,14d,cap25,7,2025-10-31,2025-11-13,14,-0.05507285407840978,-0.07925336969888219,0.02418051562047241
rolling_14d,14d,cap25,7,2025-11-01,2025-11-14,14,-0.09766113794565967,-0.12429258199963,0.026631444053970332
rolling_14d,14d,cap25,7,2025-11-02,2025-11-15,14,-0.09762933091778725,-0.12032463810534089,0.022695307187553637
rolling_14d,14d,cap25,7,2025-11-03,2025-11-16,14,-0.12391903212477429,-0.1443962757687144,0.020477243643940102
rolling_14d,14d,cap25,7,2025-11-04,2025-11-17,14,-0.060930537126700934,-0.13081329329531366,0.06988275616861273
rolling_14d,14d,cap25,7,2025-11-05,2025-11-18,14,-0.018370150767701987,-0.10069213189683024,0.08232198112912825
rolling_14d,14d,cap25,7,2025-11-06,2025-11-19,14,-0.052878039206727956,-0.12444712247278533,0.07156908326605738
rolling_14d,14d,cap25,7,2025-11-07,2025-11-20,14,-0.092327815458626,-0.1404888809632272,0.0481610655046012
rolling_14d,14d,cap25,7,2025-11-08,2025-11-21,14,-0.16532496582045197,-0.1683001123602771,0.002975146539825113
rolling_14d,14d,cap25,7,2025-11-09,2025-11-22,14,-0.15671074270510477,-0.1653096811411744,0.008598938436069625
rolling_14d,14d,cap25,7,2025-11-10,2025-11-23,14,-0.14759707686421508,-0.1508078532346272,0.003210776370412116
rolling_14d,14d,cap25,7,2025-11-11,2025-11-24,14,-0.14151064549590264,-0.15589842903920048,0.014387783543297838
rolling_14d,14d,cap25,7,2025-11-12,2025-11-25,14,-0.13293168065330518,-0.1539163645779339,0.02098468392462871
rolling_14d,14d,cap25,7,2025-11-13,2025-11-26,14,-0.13432572865456005,-0.11648325842623153,-0.017842470228328522
rolling_14d,14d,cap25,7,2025-11-14,2025-11-27,14,-0.07291203930239876,-0.094227717535043,0.021315678232644242
rolling_14d,14d,cap25,7,2025-11-15,2025-11-28,14,-0.038505643910938914,-0.052868211667415954,0.01436256775647704
rolling_14d,14d,cap25,7,2025-11-16,2025-11-29,14,-0.007050736518086298,-0.057311198142302566,0.05026046162421627
rolling_14d,14d,cap25,7,2025-11-17,2025-11-30,14,-0.005818312570259443,-0.03224657046142487,0.02642825789116543
rolling_14d,14d,cap25,7,2025-11-18,2025-12-01,14,-0.05610615973586153,-0.062447379880965825,0.006341220145104298
rolling_14d,14d,cap25,7,2025-11-19,2025-12-02,14,-0.024513245574124043,-0.01298927604207778,-0.011523969532046263
rolling_14d,14d,cap25,7,2025-11-20,2025-12-03,14,0.008523462725817499,0.01684628225027396,-0.00832281952445646
rolling_14d,14d,cap25,7,2025-11-21,2025-12-04,14,0.019356673098732458,0.05597221368414895,-0.036615540585416495
rolling_14d,14d,cap25,7,2025-11-22,2025-12-05,14,0.033277016922325764,0.044043231086401846,-0.010766214164076082
rolling_14d,14d,cap25,7,2025-11-23,2025-12-06,14,0.029699192471934532,0.04931397111374869,-0.019614778641814157
rolling_14d,14d,cap25,7,2025-11-24,2025-12-07,14,0.0009468514673340866,0.02400660996649906,-0.023059758499164973
rolling_14d,14d,cap25,7,2025-11-25,2025-12-08,14,-0.008921163226416451,0.018852545621952155,-0.027773708848368606
rolling_14d,14d,cap25,7,2025-11-26,2025-12-09,14,-0.02458793664444836,0.04907308937055643,-0.0736610260150048
rolling_14d,14d,cap25,7,2025-11-27,2025-12-10,14,-0.035504746257454145,0.009265822037152649,-0.044770568294606794
rolling_14d,14d,cap25,7,2025-11-28,2025-12-11,14,-0.064358623748339,0.004095219324179888,-0.0684538430725189
rolling_14d,14d,cap25,7,2025-11-29,2025-12-12,14,-0.07219757729023679,-0.010836628832625261,-0.06136094845761153
rolling_14d,14d,cap25,7,2025-11-30,2025-12-13,14,-0.0871933969683687,-0.00922079163511269,-0.077972605333256
rolling_14d,14d,cap25,7,2025-12-01,2025-12-14,14,-0.07993598687746628,-0.029307805596468617,-0.050628181280997664
rolling_14d,14d,cap25,7,2025-12-02,2025-12-15,14,-0.05716298337298786,-0.0005883445841360357,-0.05657463878885183
rolling_14d,14d,cap25,7,2025-12-03,2025-12-16,14,-0.0924889290780967,-0.03985581874356603,-0.052633110334530664
rolling_14d,14d,cap25,7,2025-12-04,2025-12-17,14,-0.11630939373980109,-0.07351194119044635,-0.04279745254935474
rolling_14d,14d,cap25,7,2025-12-05,2025-12-18,14,-0.11871597522717636,-0.0741304031436496,-0.04458557208352676
rolling_14d,14d,cap25,7,2025-12-06,2025-12-19,14,-0.07310305386600646,-0.018198001436094957,-0.054905052429911505
rolling_14d,14d,cap25,7,2025-12-07,2025-12-20,14,-0.07029462439882561,-0.014939448827148483,-0.05535517557167713
rolling_14d,14d,cap25,7,2025-12-08,2025-12-21,14,-0.07786958700702962,-0.022696148465084165,-0.05517343854194545
rolling_14d,14d,cap25,7,2025-12-09,2025-12-22,14,-0.07085438785911757,-0.02156296296296001,-0.049291424896157565
rolling_14d,14d,cap25,7,2025-12-10,2025-12-23,14,-0.0798493495036382,-0.04876856990745149,-0.031080779596186714
rolling_14d,14d,cap25,7,2025-12-11,2025-12-24,14,-0.08342587301363691,-0.05473339234376284,-0.028692480669874065
rolling_14d,14d,cap25,7,2025-12-12,2025-12-25,14,-0.08186652637942282,-0.06569247546346835,-0.016174050915954474
rolling_14d,14d,cap25,7,2025-12-13,2025-12-26,14,-0.06906282270312603,-0.049465954606139895,-0.01959686809698613
rolling_14d,14d,cap25,7,2025-12-14,2025-12-27,14,-0.0741492076585809,-0.04731971234127064,-0.02682949531731027
rolling_14d,14d,cap25,7,2025-12-15,2025-12-28,14,-0.05072366135788031,-0.0294947655894372,-0.021228895768443112
rolling_14d,14d,cap25,7,2025-12-16,2025-12-29,14,-0.013190781013169284,-0.015104570100692327,0.0019137890875230434
rolling_14d,14d,cap25,7,2025-12-17,2025-12-30,14,-0.005919165443661667,-0.015483979712229923,0.009564814268568256
rolling_14d,14d,cap25,7,2025-12-18,2025-12-31,14,-0.010058310063864706,-0.005043558000912829,-0.005014752062951877
rolling_14d,14d,cap25,7,2025-12-19,2026-01-01,14,0.024955112143530744,0.012363144781625701,0.012591967361905043
rolling_14d,14d,cap25,7,2025-12-20,2026-01-02,14,0.009511531115125926,-0.00844106869414829,0.017952599809274217
rolling_14d,14d,cap25,7,2025-12-21,2026-01-03,14,0.008154995847798885,-0.004027049616292078,0.012182045464090963
rolling_14d,14d,cap25,7,2025-12-22,2026-01-04,14,0.03044607132282673,0.0035145391333326614,0.026931532189494067
rolling_14d,14d,cap25,7,2025-12-23,2026-01-05,14,0.04840601649944243,0.03096397126179995,0.01744204523764248
rolling_14d,14d,cap25,7,2025-12-24,2026-01-06,14,0.05773351768430657,0.04376293797439512,0.013970579709911446
rolling_14d,14d,cap25,7,2025-12-25,2026-01-07,14,0.0736566700605703,0.02896677681729365,0.04468989324327666
rolling_14d,14d,cap25,7,2025-12-26,2026-01-08,14,0.08356776373254937,0.03646295345254402,0.04710481028000535
rolling_14d,14d,cap25,7,2025-12-27,2026-01-09,14,0.08013268054513656,0.04212998728063155,0.038002693264505005
rolling_14d,14d,cap25,7,2025-12-28,2026-01-10,14,0.07180535294109558,0.0402284076125492,0.03157694532854638
rolling_14d,14d,cap25,7,2025-12-29,2026-01-11,14,0.05324970725914002,0.04578995091142413,0.007459756347715896
rolling_14d,14d,cap25,7,2025-12-30,2026-01-12,14,0.05006767571923176,0.05860007864726735,-0.008532402928035587
rolling_14d,14d,cap25,7,2025-12-31,2026-01-13,14,0.07621312316691564,0.08945455677387737,-0.013241433606961728
rolling_14d,14d,cap25,7,2026-01-01,2026-01-14,14,0.1031792853022373,0.10934937124111377,-0.006170085938876468
rolling_14d,14d,cap25,7,2026-01-02,2026-01-15,14,0.06248811611595251,0.09392419607781899,-0.03143607996186648
rolling_14d,14d,cap25,7,2026-01-03,2026-01-16,14,0.04943709162987764,0.08332372939956456,-0.03388663776968692
rolling_14d,14d,cap25,7,2026-01-04,2026-01-17,14,0.04171292888218403,0.07186451022276508,-0.030151581340581046
rolling_14d,14d,cap25,7,2026-01-05,2026-01-18,14,0.010992880531873972,0.04617056767833483,-0.035177687146460856
rolling_14d,14d,cap25,7,2026-01-06,2026-01-19,14,-0.03478157120094527,0.006388650232415083,-0.041170221433360354
rolling_14d,14d,cap25,7,2026-01-07,2026-01-20,14,-0.07523963662326627,-0.03151214209111175,-0.04372749453215452
rolling_14d,14d,cap25,7,2026-01-08,2026-01-21,14,-0.0702337398475309,-0.003437123947048648,-0.06679661590048225
rolling_14d,14d,cap25,7,2026-01-09,2026-01-22,14,-0.07256206891123451,-0.002282282282278447,-0.07027978662895606
rolling_14d,14d,cap25,7,2026-01-10,2026-01-23,14,-0.06982308052470154,-0.011748408835640434,-0.05807467168906111
rolling_14d,14d,cap25,7,2026-01-11,2026-01-24,14,-0.06915910061961805,-0.013802038477954248,-0.055357062141663804
rolling_14d,14d,cap25,7,2026-01-12,2026-01-25,14,-0.07482598547053743,-0.03968906495253666,-0.03513692051800077
rolling_14d,14d,cap25,7,2026-01-13,2026-01-26,14,-0.0657818792739503,-0.03754801227331106,-0.028233867000639234
rolling_14d,14d,cap25,7,2026-01-14,2026-01-27,14,-0.09315743271350108,-0.07367353352952755,-0.01948389918397353
rolling_14d,14d,cap25,7,2026-01-15,2026-01-28,14,-0.10815657873321072,-0.09117792015771187,-0.01697865857549885
rolling_14d,14d,cap25,7,2026-01-16,2026-01-29,14,-0.12338517991589615,-0.11824362686651657,-0.005141553049379577
rolling_14d,14d,cap25,7,2026-01-17,2026-01-30,14,-0.14296605315667166,-0.11265957446808605,-0.030306478688585603
rolling_14d,14d,cap25,7,2026-01-18,2026-01-31,14,-0.13713125025487527,-0.16288256227757558,0.025751312022700312
rolling_14d,14d,cap25,7,2026-01-19,2026-02-01,14,-0.15795258573545856,-0.18132954315892358,0.023376957423465017
rolling_14d,14d,cap25,7,2026-01-20,2026-02-02,14,-0.12315780496448014,-0.14678691562871304,0.0236291106642329
rolling_14d,14d,cap25,7,2026-01-21,2026-02-03,14,-0.11476378466422921,-0.15126509313755254,0.036501308473323335
rolling_14d,14d,cap25,7,2026-01-22,2026-02-04,14,-0.13531567138758294,-0.185301464872492,0.04998579348490906
rolling_14d,14d,cap25,7,2026-01-23,2026-02-05,14,-0.250689909253909,-0.2994070551408611,0.048717145886952085
rolling_14d,14d,cap25,7,2026-01-24,2026-02-06,14,-0.16092214422373174,-0.20738591160848785,0.046463767384756105
rolling_14d,14d,cap25,7,2026-01-25,2026-02-07,14,-0.16786441967222943,-0.2217210376040314,0.053856617931801964
rolling_14d,14d,cap25,7,2026-01-26,2026-02-08,14,-0.13819984992381718,-0.18584215442091878,0.047642304497101606
rolling_14d,14d,cap25,7,2026-01-27,2026-02-09,14,-0.1451327443834186,-0.20045234548078972,0.05531960109737111
rolling_14d,14d,cap25,7,2026-01-28,2026-02-10,14,-0.15547527353891788,-0.21238105519655404,0.056905781657636156
rolling_14d,14d,cap25,7,2026-01-29,2026-02-11,14,-0.15651670715272714,-0.2317787418655105,0.07526203471278337
rolling_14d,14d,cap25,7,2026-01-30,2026-02-12,14,-0.11778807415758841,-0.2177506982284706,0.09996262407088219
rolling_14d,14d,cap25,7,2026-01-31,2026-02-13,14,-0.06197941597019996,-0.19438916197098532,0.13240974600078537
rolling_14d,14d,cap25,7,2026-02-01,2026-02-14,14,-0.032294443841780374,-0.1256217319219476,0.09332728808016721
rolling_14d,14d,cap25,7,2026-02-02,2026-02-15,14,-0.007286899410875125,-0.10109190894589859,0.09380500953502346
rolling_14d,14d,cap25,7,2026-02-03,2026-02-16,14,-0.02009210692691521,-0.12848493141312656,0.10839282448621135
rolling_14d,14d,cap25,7,2026-02-04,2026-02-17,14,-0.02226373305867113,-0.10631434086359481,0.08405060780492368
rolling_14d,14d,cap25,7,2026-02-05,2026-02-18,14,-0.019966051164314602,-0.0864196387216295,0.0664535875573149
rolling_14d,14d,cap25,7,2026-02-06,2026-02-19,14,0.09893877497884018,0.06053315575795315,0.03840561922088703
rolling_14d,14d,cap25,7,2026-02-07,2026-02-20,14,-0.015871590316460238,-0.043064716566293404,0.027193126249833166
rolling_14d,14d,cap25,7,2026-02-08,2026-02-21,14,-0.013447876360641708,-0.024441408917939222,0.010993532557297514
rolling_14d,14d,cap25,7,2026-02-09,2026-02-22,14,-0.04528922906489441,-0.04852633289676345,0.003237103831869037
rolling_14d,14d,cap25,7,2026-02-10,2026-02-23,14,-0.07923866125712031,-0.07896388264029897,-0.0002747786168213473
rolling_14d,14d,cap25,7,2026-02-11,2026-02-24,14,-0.0786200921669975,-0.08124143332680522,0.002621341159807722
rolling_14d,14d,cap25,7,2026-02-12,2026-02-25,14,-0.0370902322010227,-0.01408805792540846,-0.02300217427561424
rolling_14d,14d,cap25,7,2026-02-13,2026-02-26,14,-0.03610647294380387,0.002983876776185612,-0.03909034971998948
rolling_14d,14d,cap25,7,2026-02-14,2026-02-27,14,-0.08368686466029429,-0.045786455542982996,-0.037900409117311296
rolling_14d,14d,cap25,7,2026-02-15,2026-02-28,14,-0.111334358313949,-0.04990276157137097,-0.06143159674257803
rolling_14d,14d,cap25,7,2026-02-16,2026-03-01,14,-0.10677626523588701,-0.05837254901960276,-0.048403716216284254
rolling_14d,14d,cap25,7,2026-02-17,2026-03-02,14,-0.08565796773357182,-0.011333752011616571,-0.07432421572195524
rolling_14d,14d,cap25,7,2026-02-18,2026-03-03,14,-0.06063057653282766,0.0028797984141120114,-0.06351037494693967
rolling_14d,14d,cap25,7,2026-02-19,2026-03-04,14,-0.03199350127426537,0.06906237008345295,-0.10105587135771832
rolling_14d,14d,cap25,7,2026-02-20,2026-03-05,14,0.0006841352158499792,0.05198395819408397,-0.05129982297823399
rolling_14d,14d,cap25,7,2026-02-21,2026-03-06,14,-0.02073618167301705,0.007092552819540687,-0.02782873449255774
rolling_14d,14d,cap25,7,2026-02-22,2026-03-07,14,-0.022988467247571087,-0.005950892633896032,-0.017037574613675055
rolling_14d,14d,cap25,7,2026-02-23,2026-03-08,14,-0.024490979201658214,-0.016889889175799477,-0.007601090025858737
rolling_14d,14d,cap25,7,2026-02-24,2026-03-09,14,0.03052763334671793,0.05298742138364587,-0.02245978803692794
rolling_14d,14d,cap25,7,2026-02-25,2026-03-10,14,0.0579633534775017,0.090844184906544,-0.0328808314290423
rolling_14d,14d,cap25,7,2026-02-26,2026-03-11,14,0.025110903441309063,0.051736306449137404,-0.02662540300782834
rolling_14d,14d,cap25,7,2026-02-27,2026-03-12,14,0.027305216617935057,0.05867930528626508,-0.031374088668330025
rolling_14d,14d,cap25,7,2026-02-28,2026-03-13,14,0.043056478215103944,0.08529928570685552,-0.04224280749175158
rolling_14d,14d,cap25,7,2026-03-01,2026-03-14,14,0.06102159550478636,0.07647275555737165,-0.015451160052585289
rolling_14d,14d,cap25,7,2026-03-02,2026-03-15,14,0.08948789814126701,0.11509068571309133,-0.025602787571824326
rolling_14d,14d,cap25,7,2026-03-03,2026-03-16,14,0.09414530461647663,0.090141236489232,0.004004068127244631
rolling_14d,14d,cap25,7,2026-03-04,2026-03-17,14,0.09505334889698402,0.08786081060870488,0.007192538288279149
rolling_14d,14d,cap25,7,2026-03-05,2026-03-18,14,0.03659333755379568,0.004315577813184479,0.0322777597406112
rolling_14d,14d,cap25,7,2026-03-06,2026-03-19,14,0.020181753868840246,0.001963898916968576,0.01821785495187167
rolling_14d,14d,cap25,7,2026-03-07,2026-03-20,14,0.04719498117917187,0.045479343351683355,0.0017156378274885142
rolling_14d,14d,cap25,7,2026-03-08,2026-03-21,14,0.04124703649849737,0.04228795653486439,-0.0010409200363670212
rolling_14d,14d,cap25,7,2026-03-09,2026-03-22,14,0.044760807247871126,0.04359912515585718,0.0011616820920139492
rolling_14d,14d,cap25,7,2026-03-10,2026-03-23,14,0.04222475614711718,0.051465830471355334,-0.009241074324238152
rolling_14d,14d,cap25,7,2026-03-11,2026-03-24,14,0.030809888462857593,0.027645627985580346,0.0031642604772772476
rolling_14d,14d,cap25,7,2026-03-12,2026-03-25,14,0.03797263099071979,0.03582855975802701,0.002144071232692779
rolling_14d,14d,cap25,7,2026-03-13,2026-03-26,14,0.0025679143381101,0.004864388220812588,-0.0022964738827024878
rolling_14d,14d,cap25,7,2026-03-14,2026-03-27,14,-0.016525707524716826,-0.03227537051052343,0.0157496629858066
rolling_14d,14d,cap25,7,2026-03-15,2026-03-28,14,-0.03918855344246874,-0.04076820688343463,0.0015796534409658891
rolling_14d,14d,cap25,7,2026-03-16,2026-03-29,14,-0.0606526798847018,-0.0614752567693696,0.0008225768846678028
rolling_14d,14d,cap25,7,2026-03-17,2026-03-30,14,-0.08123961525806545,-0.0760686484271833,-0.00517096683088214
rolling_30d,30d,cap25,7,2025-03-01,2025-03-30,30,-0.0653383430328005,-0.010965176527292009,-0.0543731665055085
rolling_30d,30d,cap25,7,2025-03-02,2025-03-31,30,-0.09124645334220383,-0.03982852689009875,-0.05141792645210508
rolling_30d,30d,cap25,7,2025-03-03,2025-04-01,30,-0.22220953081397377,-0.1133534937768601,-0.10885603703711366
rolling_30d,30d,cap25,7,2025-03-04,2025-04-02,30,-0.19980188677803867,-0.05405384585756201,-0.14574804092047666
rolling_30d,30d,cap25,7,2025-03-05,2025-04-03,30,-0.20911287425838743,-0.053784401909462765,-0.15532847234892466
rolling_30d,30d,cap25,7,2025-03-06,2025-04-04,30,-0.22732597807378663,-0.08797959636282293,-0.1393463817109637
rolling_30d,30d,cap25,7,2025-03-07,2025-04-05,30,-0.2174835107617722,-0.07851329232654247,-0.13897021843522972
rolling_30d,30d,cap25,7,2025-03-08,2025-04-06,30,-0.24208337272444402,-0.09211034695926867,-0.14997302576517535
rolling_30d,30d,cap25,7,2025-03-09,2025-04-07,30,-0.2284969955470173,-0.08183755366141476,-0.14665944188560254
rolling_30d,30d,cap25,7,2025-03-10,2025-04-08,30,-0.19362676567708925,-0.05391574220812689,-0.13971102346896236
rolling_30d,30d,cap25,7,2025-03-11,2025-04-09,30,-0.09463487877386612,0.03165722920717795,-0.12629210798104407
rolling_30d,30d,cap25,7,2025-03-12,2025-04-10,30,-0.14648353698402294,-0.044286513075253,-0.10219702390876995
rolling_30d,30d,cap25,7,2025-03-13,2025-04-11,30,-0.15768511377478445,-0.019768135571349266,-0.13791697820343518
rolling_30d,30d,cap25,7,2025-03-14,2025-04-12,30,-0.12233084614519296,0.029278117145766336,-0.1516089632909593
rolling_30d,30d,cap25,7,2025-03-15,2025-04-13,30,-0.1476555536941031,-0.019354838709668143,-0.12830071498443496
rolling_30d,30d,cap25,7,2025-03-16,2025-04-14,30,-0.1637204110408217,-0.009933054595537727,-0.15378735644528396
rolling_30d,30d,cap25,7,2025-03-17,2025-04-15,30,-0.1265241098501685,0.0036753823384374495,-0.13019949218860594
rolling_30d,30d,cap25,7,2025-03-18,2025-04-16,30,-0.09417645256354279,-0.008482302757963467,-0.08569414980557932
rolling_30d,30d,cap25,7,2025-03-19,2025-04-17,30,-0.1114349302478248,0.01258473667717852,-0.12401966692500332
rolling_30d,30d,cap25,7,2025-03-20,2025-04-18,30,-0.14011057951359918,-0.04169540950708106,-0.09841517000651812
rolling_30d,30d,cap25,7,2025-03-21,2025-04-19,30,-0.12380734249834346,-0.011372233400395282,-0.11243510909794818
rolling_30d,30d,cap25,7,2025-03-22,2025-04-20,30,-0.13011750519335563,-0.01334939759035425,-0.11676810760300138
rolling_30d,30d,cap25,7,2025-03-23,2025-04-21,30,-0.12601789971677257,0.01646604130601892,-0.1424839410227915
rolling_30d,30d,cap25,7,2025-03-24,2025-04-22,30,-0.08941699216977983,0.056606597145652415,-0.14602358931543225
rolling_30d,30d,cap25,7,2025-03-25,2025-04-23,30,-0.09809223790114319,0.0429669902912706,-0.1410592281924138
rolling_30d,30d,cap25,7,2025-03-26,2025-04-24,30,-0.08692234582120761,0.04448667726797462,-0.13140902308918223
rolling_30d,30d,cap25,7,2025-03-27,2025-04-25,30,-0.061589943389075974,0.06192439327941024,-0.12351433666848621
rolling_30d,30d,cap25,7,2025-03-28,2025-04-26,30,-0.06953348857213948,0.0612121212121326,-0.13074560978427208
rolling_30d,30d,cap25,7,2025-03-29,2025-04-27,30,-0.06535274659344592,0.07506900748542966,-0.14042175407887558
rolling_30d,30d,cap25,7,2025-03-30,2025-04-28,30,-0.0266831226879386,0.10917579166633784,-0.13585891435427644
rolling_30d,30d,cap25,7,2025-03-31,2025-04-29,30,0.011628265470882582,0.10737491877843497,-0.09574665330755239
rolling_30d,30d,cap25,7,2025-04-01,2025-04-30,30,0.04174136160495401,0.1048542901209617,-0.0631129285160077
rolling_30d,30d,cap25,7,2025-04-02,2025-05-01,30,0.10289631721504611,0.10034659445291783,0.0025497227621282814
rolling_30d,30d,cap25,7,2025-04-03,2025-05-02,30,0.2259923180468313,0.1290900503265613,0.09690226772027
rolling_30d,30d,cap25,7,2025-04-04,2025-05-03,30,0.24823988732862268,0.11489171871198511,0.13334816861663756
rolling_30d,30d,cap25,7,2025-04-05,2025-05-04,30,0.23991320695821505,0.09946583015182386,0.1404473768063912
rolling_30d,30d,cap25,7,2025-04-06,2025-05-05,30,0.22696921399009784,0.09405161646147264,0.1329175975286252
rolling_30d,30d,cap25,7,2025-04-07,2025-05-06,30,0.26220060132024336,0.16988679887650093,0.09231380244374243
rolling_30d,30d,cap25,7,2025-04-08,2025-05-07,30,0.2596811319684964,0.1672017008156832,0.09247943115281321
rolling_30d,30d,cap25,7,2025-04-09,2025-05-08,30,0.33626702641783535,0.26301692549293887,0.07325010092489648
rolling_30d,30d,cap25,7,2025-04-10,2025-05-09,30,0.2299028103849836,0.1826665130593641,0.047236297325619514
rolling_30d,30d,cap25,7,2025-04-11,2025-05-10,30,0.29636385827544687,0.2292768959435627,0.06708696233188416
rolling_30d,30d,cap25,7,2025-04-12,2025-05-11,30,0.29068253973458535,0.19649466221440104,0.09418787752018432
rolling_30d,30d,cap25,7,2025-04-13,2025-05-12,30,0.2782346423322981,0.17165011805038888,0.10658452428190923
rolling_30d,30d,cap25,7,2025-04-14,2025-05-13,30,0.302585355379126,0.1994243421052626,0.1031610132738634
rolling_30d,30d,cap25,7,2025-04-15,2025-05-14,30,0.2950783625237552,0.18623574020732936,0.10884262231642583
rolling_30d,30d,cap25,7,2025-04-16,2025-05-15,30,0.2173188153785266,0.1966051430771678,0.020713672301358788
rolling_30d,30d,cap25,7,2025-04-17,2025-05-16,30,0.17578446273956883,0.20300159274889085,-0.02721713000932202
rolling_30d,30d,cap25,7,2025-04-18,2025-05-17,30,0.18511603902691776,0.19425983841543037,-0.009143799388512619
rolling_30d,30d,cap25,7,2025-04-19,2025-05-18,30,0.2098232159735003,0.23183011721977853,-0.022006901246278243
rolling_30d,30d,cap25,7,2025-04-20,2025-05-19,30,0.1769666132274541,0.20953784283236931,-0.03257122960491521
rolling_30d,30d,cap25,7,2025-04-21,2025-05-20,30,0.19430601748453502,0.2241325974047108,-0.02982657992017579
rolling_30d,30d,cap25,7,2025-04-22,2025-05-21,30,0.18538592237350793,0.20775506970848978,-0.022369147334981854
rolling_30d,30d,cap25,7,2025-04-23,2025-05-22,30,0.16596334329457862,0.15443045523328092,0.011532888061297708
rolling_30d,30d,cap25,7,2025-04-24,2025-05-23,30,0.11062645517622771,0.11570426416049506,-0.005077808984267351
rolling_30d,30d,cap25,7,2025-04-25,2025-05-24,30,0.09276019501179067,0.11793538804307158,-0.025175193031280907
rolling_30d,30d,cap25,7,2025-04-26,2025-05-25,30,0.06635356396088166,0.11585763362412549,-0.04950406966324383
rolling_30d,30d,cap25,7,2025-04-27,2025-05-26,30,0.06584093486570719,0.11491601868528911,-0.04907508381958192
rolling_30d,30d,cap25,7,2025-04-28,2025-05-27,30,0.09279223072897835,0.11909166247372793,-0.02629943174474958
rolling_30d,30d,cap25,7,2025-04-29,2025-05-28,30,0.07080315073433896,0.09845888534077463,-0.027655734606435667
rolling_30d,30d,cap25,7,2025-04-30,2025-05-29,30,0.025497256031595583,0.08088602024350755,-0.05538876421191197
rolling_30d,30d,cap25,7,2025-05-01,2025-05-30,30,-0.026574720551239217,0.0814947063707181,-0.10806942692195731
rolling_30d,30d,cap25,7,2025-05-02,2025-05-31,30,-0.010696579573332254,0.06130400154981808,-0.07200058112315033
rolling_30d,30d,cap25,7,2025-05-03,2025-06-01,30,-0.030899161616459225,0.07539848539487459,-0.10629764701133382
rolling_30d,30d,cap25,7,2025-05-04,2025-06-02,30,0.015637744148808697,0.07722527372593846,-0.06158752957712976
rolling_30d,30d,cap25,7,2025-05-05,2025-06-03,30,0.008105478257282916,0.08562370982010625,-0.07751823156282334
rolling_30d,30d,cap25,7,2025-05-06,2025-06-04,30,-0.0021854508031508013,0.07655867744087042,-0.07874412824402122
rolling_30d,30d,cap25,7,2025-05-07,2025-06-05,30,-0.025034157989339834,0.03067297198981067,-0.055707129979150505
rolling_30d,30d,cap25,7,2025-05-08,2025-06-06,30,-0.03764326516619698,0.05393284518979824,-0.09157611035599522
rolling_30d,30d,cap25,7,2025-05-09,2025-06-07,30,-0.07818204012806806,0.012309435161321103,-0.09049147528938917
rolling_30d,30d,cap25,7,2025-05-10,2025-06-08,30,-0.09354527491633147,0.013762872251594338,-0.1073081471679258
rolling_30d,30d,cap25,7,2025-05-11,2025-06-09,30,-0.09466766871229781,0.038102858404143625,-0.13277052711644144
rolling_30d,30d,cap25,7,2025-05-12,2025-06-10,30,-0.0860980988071649,0.03551076802517872,-0.12160886683234362
rolling_30d,30d,cap25,7,2025-05-13,2025-06-11,30,-0.10147391157736119,0.032697284427724904,-0.1341711960050861
rolling_30d,30d,cap25,7,2025-05-14,2025-06-12,30,-0.13284142105939056,-0.0023380185121750774,-0.13050340254721549
rolling_30d,30d,cap25,7,2025-05-15,2025-06-13,30,-0.1276113301516807,0.009774601127672033,-0.13738593127935272
rolling_30d,30d,cap25,7,2025-05-16,2025-06-14,30,-0.10453831921499435,0.0023071762080120184,-0.10684549542300636
rolling_30d,30d,cap25,7,2025-05-17,2025-06-15,30,-0.1202519544279822,-0.004217623935361403,-0.1160343304926208
rolling_30d,30d,cap25,7,2025-05-18,2025-06-16,30,-0.10809943723212412,-0.0003068823481349181,-0.1077925548839892
rolling_30d,30d,cap25,7,2025-05-19,2025-06-17,30,-0.13209358258072157,-0.03395975828408804,-0.09813382429663353
rolling_30d,30d,cap25,7,2025-05-20,2025-06-18,30,-0.11386393377720183,-0.021208001292271184,-0.09265593248493065
rolling_30d,30d,cap25,7,2025-05-21,2025-06-19,30,-0.11160932004028445,-0.03585156613686691,-0.07575775390341755
rolling_30d,30d,cap25,7,2025-05-22,2025-06-20,30,-0.1147843519576327,-0.055539887319882686,-0.059244464637750016
rolling_30d,30d,cap25,7,2025-05-23,2025-06-21,30,-0.15507021518021824,-0.07696877340703456,-0.07810144177318368
rolling_30d,30d,cap25,7,2025-05-24,2025-06-22,30,-0.1546069603934479,-0.05959190756846944,-0.09501505282497846
rolling_30d,30d,cap25,7,2025-05-25,2025-06-23,30,-0.11826042632033362,-0.028944396465822808,-0.08931602985451081
rolling_30d,30d,cap25,7,2025-05-26,2025-06-24,30,-0.11349710329701124,-0.044033661988474915,-0.06946344130853632
rolling_30d,30d,cap25,7,2025-05-27,2025-06-25,30,-0.09790567512073856,-0.03194919650890582,-0.06595647861183274
rolling_30d,30d,cap25,7,2025-05-28,2025-06-26,30,-0.12688990720083293,-0.02937656618819129,-0.09751334101264164
rolling_30d,30d,cap25,7,2025-05-29,2025-06-27,30,-0.12444952377728458,-0.02247826347265769,-0.10197126030462689
rolling_30d,30d,cap25,7,2025-05-30,2025-06-28,30,-0.1080481081090362,-0.0013164323326653182,-0.10673167577637088
rolling_30d,30d,cap25,7,2025-05-31,2025-06-29,30,-0.06566879612337606,0.005631831737981097,-0.07130062786135716
rolling_30d,30d,cap25,7,2025-06-01,2025-06-30,30,-0.0817248906602609,-0.015502146503063918,-0.06622274415719698
rolling_30d,30d,cap25,7,2025-06-02,2025-07-01,30,-0.10354430872301901,-0.026927513681727855,-0.07661679504129115
rolling_30d,30d,cap25,7,2025-06-03,2025-07-02,30,-0.07158469213668817,-0.00409265887755772,-0.06749203325913045
rolling_30d,30d,cap25,7,2025-06-04,2025-07-03,30,-0.054702638666457304,0.011008189930325152,-0.06571082859678246
rolling_30d,30d,cap25,7,2025-06-05,2025-07-04,30,-0.06074793764333897,0.017766514939708822,-0.07851445258304779
rolling_30d,30d,cap25,7,2025-06-06,2025-07-05,30,-0.017476231864183567,0.04613668770205703,-0.0636129195662406
rolling_30d,30d,cap25,7,2025-06-07,2025-07-06,30,-0.012456087277523231,0.021551575743803175,-0.034007663021326406
rolling_30d,30d,cap25,7,2025-06-08,2025-07-07,30,-0.025800556236338368,0.010583490846061805,-0.03638404708240017
rolling_30d,30d,cap25,7,2025-06-09,2025-07-08,30,0.006985670073237804,0.01788631278397701,-0.010900642710739206
rolling_30d,30d,cap25,7,2025-06-10,2025-07-09,30,0.007818011207787912,0.002930232558140844,0.004887778649647068
rolling_30d,30d,cap25,7,2025-06-11,2025-07-10,30,0.02563515053172627,0.0391455294968901,-0.013510378965163827
rolling_30d,30d,cap25,7,2025-06-12,2025-07-11,30,0.07670566155375136,0.05720280935292643,0.019502852200824927
rolling_30d,30d,cap25,7,2025-06-13,2025-07-12,30,0.19584770657437933,0.09780151055948494,0.0980461960148944
rolling_30d,30d,cap25,7,2025-06-14,2025-07-13,30,0.18579617599864506,0.09820597645556339,0.08759019954308167
rolling_30d,30d,cap25,7,2025-06-15,2025-07-14,30,0.19141736098377704,0.11917105523793614,0.0722463057458409
rolling_30d,30d,cap25,7,2025-06-16,2025-07-15,30,0.21943729266774858,0.1021931327530643,0.11724415991468429
rolling_30d,30d,cap25,7,2025-06-17,2025-07-16,30,0.22840586822923048,0.09965823277009012,0.12874763545914036
rolling_30d,30d,cap25,7,2025-06-18,2025-07-17,30,0.26124311375615505,0.11608100305205094,0.14516211070410412
rolling_30d,30d,cap25,7,2025-06-19,2025-07-18,30,0.27146432011322275,0.10800756403644685,0.1634567560767759
rolling_30d,30d,cap25,7,2025-06-20,2025-07-19,30,0.2681991363459628,0.11351299153670658,0.15468614480925624
rolling_30d,30d,cap25,7,2025-06-21,2025-07-20,30,0.30616638864577794,0.11063965721984514,0.1955267314259328
rolling_30d,30d,cap25,7,2025-06-22,2025-07-21,30,0.36827712705427906,0.11971486134818865,0.2485622657060904
rolling_30d,30d,cap25,7,2025-06-23,2025-07-22,30,0.44876086109607916,0.15360101071041,0.29515985038566916
rolling_30d,30d,cap25,7,2025-06-24,2025-07-23,30,0.35110800925981,0.1082689689614349,0.2428390402983751
rolling_30d,30d,cap25,7,2025-06-25,2025-07-24,30,0.3234243468131883,0.10587790977134004,0.21754643704184828
rolling_30d,30d,cap25,7,2025-06-26,2025-07-25,30,0.28488818177350317,0.08677955063497711,0.19810863113852606
rolling_30d,30d,cap25,7,2025-06-27,2025-07-26,30,0.35394473519809777,0.09643732970027896,0.2575074054978188
rolling_30d,30d,cap25,7,2025-06-28,2025-07-27,30,0.37940411001468877,0.10644871515680032,0.27295539485788844
rolling_30d,30d,cap25,7,2025-06-29,2025-07-28,30,0.3570118230730519,0.1040197317460978,0.2529920913269541
rolling_30d,30d,cap25,7,2025-06-30,2025-07-29,30,0.3315002369120077,0.10289945145513402,0.22860078545687368
rolling_30d,30d,cap25,7,2025-07-01,2025-07-30,30,0.3467812314513128,0.12016728241612085,0.22661394903519194
rolling_30d,30d,cap25,7,2025-07-02,2025-07-31,30,0.3466825162749718,0.11044255594842012,0.2362399603265517
rolling_30d,30d,cap25,7,2025-07-03,2025-08-01,30,0.19537639271813556,0.07165138610101773,0.12372500661711783
rolling_30d,30d,cap25,7,2025-07-04,2025-08-02,30,0.17949880345572766,0.05724265323257649,0.12225615022315117
rolling_30d,30d,cap25,7,2025-07-05,2025-08-03,30,0.24565933547127394,0.0846228272563061,0.16103650821496784
rolling_30d,30d,cap25,7,2025-07-06,2025-08-04,30,0.32540730903770143,0.08196920419427878,0.24343810484342265
rolling_30d,30d,cap25,7,2025-07-07,2025-08-05,30,0.32423336417368165,0.07844947864360075,0.2457838855300809
rolling_30d,30d,cap25,7,2025-07-08,2025-08-06,30,0.31382457154971455,0.08035111411209206,0.2334734574376225
rolling_30d,30d,cap25,7,2025-07-09,2025-08-07,30,0.3572024108245564,0.09152821232064201,0.2656741985039144
rolling_30d,30d,cap25,7,2025-07-10,2025-08-08,30,0.3355683388328139,0.060063203503356144,0.27550513532945775
rolling_30d,30d,cap25,7,2025-07-11,2025-08-09,30,0.32151294077449655,0.02300370512329364,0.2985092356512029
rolling_30d,30d,cap25,7,2025-07-12,2025-08-10,30,0.2681693143589656,0.035757855413617756,0.23241145894534787
rolling_30d,30d,cap25,7,2025-07-13,2025-08-11,30,0.1512209771872146,0.02851508701640615,0.12270589017080846
rolling_30d,30d,cap25,7,2025-07-14,2025-08-12,30,0.1873627436277523,0.01652769874063198,0.1708350448871203
rolling_30d,30d,cap25,7,2025-07-15,2025-08-13,30,0.20713819324074279,0.026072627403116888,0.1810655658376259
rolling_30d,30d,cap25,7,2025-07-16,2025-08-14,30,0.16783617322380495,0.02342977596210094,0.144406397261704
rolling_30d,30d,cap25,7,2025-07-17,2025-08-15,30,0.170965657427534,0.016172456575686223,0.15479320085184778
rolling_30d,30d,cap25,7,2025-07-18,2025-08-16,30,0.15763419442801574,0.00426821381719189,0.15336598061082385
rolling_30d,30d,cap25,7,2025-07-19,2025-08-17,30,0.14358843076574268,0.012641809199913645,0.13094662156582904
rolling_30d,30d,cap25,7,2025-07-20,2025-08-18,30,0.11826213849965961,0.00047696920142037413,0.11778516929823923
rolling_30d,30d,cap25,7,2025-07-21,2025-08-19,30,0.06302277663343037,-0.016619667231491775,0.07964244386492214
rolling_30d,30d,cap25,7,2025-07-22,2025-08-20,30,0.05958676405876706,-0.005060570657434038,0.0646473347162011
rolling_30d,30d,cap25,7,2025-07-23,2025-08-21,30,0.020308208478371226,-0.029114266729006855,0.04942247520737808
rolling_30d,30d,cap25,7,2025-07-24,2025-08-22,30,0.08094897788434507,-0.005222254458351561,0.08617123234269664
rolling_30d,30d,cap25,7,2025-07-25,2025-08-23,30,0.09398143241326551,-0.008283193313830317,0.10226462572709583
rolling_30d,30d,cap25,7,2025-07-26,2025-08-24,30,0.10485946788946543,-0.01622347066166885,0.12108293855113428
rolling_30d,30d,cap25,7,2025-07-27,2025-08-25,30,0.06938664828105856,-0.03188429207800236,0.10127094035906092
rolling_30d,30d,cap25,7,2025-07-28,2025-08-26,30,0.05739460140582242,-0.0364299509182755,0.09382455232409792
rolling_30d,30d,cap25,7,2025-07-29,2025-08-27,30,0.059839460938127864,-0.042305964316259215,0.10214542525438708
rolling_30d,30d,cap25,7,2025-07-30,2025-08-28,30,0.08058681670259138,-0.04033443586915486,0.12092125257174624
rolling_30d,30d,cap25,7,2025-07-31,2025-08-29,30,0.05490788310887784,-0.06756334254938623,0.12247122565826407
rolling_30d,30d,cap25,7,2025-08-01,2025-08-30,30,0.06543566017302993,-0.05804621600987159,0.12348187618290152
rolling_30d,30d,cap25,7,2025-08-02,2025-08-31,30,0.10249559773017558,-0.0457318230715591,0.14822742080173468
rolling_30d,30d,cap25,7,2025-08-03,2025-09-01,30,0.10330731959730177,-0.031144176826737646,0.13445149642403942
rolling_30d,30d,cap25,7,2025-08-04,2025-09-02,30,0.09799573258031802,-0.03311208703462476,0.13110781961494278
rolling_30d,30d,cap25,7,2025-08-05,2025-09-03,30,0.03560028659150505,-0.033913314624251734,0.06951360121575678
rolling_30d,30d,cap25,7,2025-08-06,2025-09-04,30,0.02304306890822927,-0.028274646566913253,0.05131771547514252
rolling_30d,30d,cap25,7,2025-08-07,2025-09-05,30,0.03696816941646097,-0.03148124999999491,0.06844941941645588
rolling_30d,30d,cap25,7,2025-08-08,2025-09-06,30,-0.03534974807600222,-0.046658594744183546,0.011308846668181327
rolling_30d,30d,cap25,7,2025-08-09,2025-09-07,30,-0.03748290455161274,-0.031186135606557475,-0.006296768945055264
rolling_30d,30d,cap25,7,2025-08-10,2025-09-08,30,-0.04558062644604488,-0.025427591934600202,-0.02015303451144468
rolling_30d,30d,cap25,7,2025-08-11,2025-09-09,30,-0.040074019129550664,-0.05162333699499211,0.011549317865441444
rolling_30d,30d,cap25,7,2025-08-12,2025-09-10,30,-0.007575003810123215,-0.03420676222647612,0.026631758416352902
rolling_30d,30d,cap25,7,2025-08-13,2025-09-11,30,-0.014227032493343561,-0.02281854691492624,0.00859151442158268
rolling_30d,30d,cap25,7,2025-08-14,2025-09-12,30,-0.014457934016960827,-0.04195762600967956,0.027499691992718733
rolling_30d,30d,cap25,7,2025-08-15,2025-09-13,30,0.007877285693031366,-0.02423612756623872,0.032113413259270085
rolling_30d,30d,cap25,7,2025-08-16,2025-09-14,30,-0.003008206030721383,-0.02165353128986902,0.018645325259147638
rolling_30d,30d,cap25,7,2025-08-17,2025-09-15,30,-0.025714791889344224,-0.014921254047687404,-0.01079353784165682
rolling_30d,30d,cap25,7,2025-08-18,2025-09-16,30,-0.01645680272896677,-0.005338023766764288,-0.01111877896220248
rolling_30d,30d,cap25,7,2025-08-19,2025-09-17,30,3.6412588764189735e-06,-0.0005758050435550333,0.0005794463024314522
rolling_30d,30d,cap25,7,2025-08-20,2025-09-18,30,0.036511621522969495,0.033120751813727534,0.0033908697092419615
rolling_30d,30d,cap25,7,2025-08-21,2025-09-19,30,0.0033981530247928493,0.018222805508284035,-0.014824652483491185
rolling_30d,30d,cap25,7,2025-08-22,2025-09-20,30,0.023326902920648873,0.027705956907475793,-0.00437905398682692
rolling_30d,30d,cap25,7,2025-08-23,2025-09-21,30,-0.019784765500989066,0.002004306466523831,-0.021789071967512896
rolling_30d,30d,cap25,7,2025-08-24,2025-09-22,30,-0.052135838729077344,0.006292458441597981,-0.058428297170675325
rolling_30d,30d,cap25,7,2025-08-25,2025-09-23,30,-0.0501389903097742,0.012861593517805137,-0.06300058382757934
rolling_30d,30d,cap25,7,2025-08-26,2025-09-24,30,-0.0345924883194203,0.031535376223322586,-0.06612786454274289
rolling_30d,30d,cap25,7,2025-08-27,2025-09-25,30,-0.054975121037103114,0.009491711508133882,-0.064466832545237
rolling_30d,30d,cap25,7,2025-08-28,2025-09-26,30,-0.05440904678259684,0.0161944360544648,-0.07060348283706164
rolling_30d,30d,cap25,7,2025-08-29,2025-09-27,30,-0.060343464295488536,0.007761289293119811,-0.06810475358860835
rolling_30d,30d,cap25,7,2025-08-30,2025-09-28,30,-0.02626516312170546,0.05702169625246101,-0.08328685937416647
rolling_30d,30d,cap25,7,2025-08-31,2025-09-29,30,-0.03291999727786066,0.07411653850461497,-0.10703653578247563
rolling_30d,30d,cap25,7,2025-09-01,2025-09-30,30,-0.029357599338572182,0.07973979297493305,-0.10909739231350524
rolling_30d,30d,cap25,7,2025-09-02,2025-10-01,30,0.01780396909218429,0.1049542607954288,-0.08715029170324451
rolling_30d,30d,cap25,7,2025-09-03,2025-10-02,30,0.009066320027335095,0.10168004335595149,-0.09261372332861639
rolling_30d,30d,cap25,7,2025-09-04,2025-10-03,30,0.013614420702594332,0.1199067857880538,-0.10629236508545947
rolling_30d,30d,cap25,7,2025-09-05,2025-10-04,30,0.016129593046123603,0.12549042308236058,-0.10936083003623698
rolling_30d,30d,cap25,7,2025-09-06,2025-10-05,30,0.016165406451615016,0.14240818776094333,-0.1262427813093283
rolling_30d,30d,cap25,7,2025-09-07,2025-10-06,30,0.031664245732986096,0.1514790215454349,-0.11981477581244881
rolling_30d,30d,cap25,7,2025-09-08,2025-10-07,30,0.0037110820240839892,0.13297251269215038,-0.1292614306680664
rolling_30d,30d,cap25,7,2025-09-09,2025-10-08,30,0.005000394425800803,0.14079669889599522,-0.13579630447019442
rolling_30d,30d,cap25,7,2025-09-10,2025-10-09,30,0.007857251603289761,0.14460653406348478,-0.13674928246019502
rolling_30d,30d,cap25,7,2025-09-11,2025-10-10,30,-0.1089773289107856,0.08366157239640026,-0.19263890130718586
rolling_30d,30d,cap25,7,2025-09-12,2025-10-11,30,-0.13088507121148696,0.06103742449716232,-0.19192249570864928
rolling_30d,30d,cap25,7,2025-09-13,2025-10-12,30,-0.11246589862269674,0.07922740705788534,-0.19169330568058207
rolling_30d,30d,cap25,7,2025-09-14,2025-10-13,30,-0.10640441735573958,0.06908468244084354,-0.17548909979658311
rolling_30d,30d,cap25,7,2025-09-15,2025-10-14,30,-0.11631594454636829,0.06133782603269311,-0.1776537705790614
rolling_30d,30d,cap25,7,2025-09-16,2025-10-15,30,-0.11100054097217371,0.049911905517886046,-0.16091244649005976
rolling_30d,30d,cap25,7,2025-09-17,2025-10-16,30,-0.13681546356745433,0.01849683914773581,-0.15531230271519014
rolling_30d,30d,cap25,7,2025-09-18,2025-10-17,30,-0.15320298049175918,0.013746747614915122,-0.1669497281066743
rolling_30d,30d,cap25,7,2025-09-19,2025-10-18,30,-0.15289848038073228,0.007243879322011093,-0.16014235970274338
rolling_30d,30d,cap25,7,2025-09-20,2025-10-19,30,-0.13726078296783883,0.01678044809531687,-0.1540412310631557
rolling_30d,30d,cap25,7,2025-09-21,2025-10-20,30,-0.13775601595072784,0.02336408257898559,-0.16112009852971343
rolling_30d,30d,cap25,7,2025-09-22,2025-10-21,30,-0.14598391257251697,0.01006341499665031,-0.15604732756916728
rolling_30d,30d,cap25,7,2025-09-23,2025-10-22,30,-0.12137199208671234,0.014441264310599333,-0.13581325639731168
rolling_30d,30d,cap25,7,2025-09-24,2025-10-23,30,-0.10864165796752345,0.038050968501762705,-0.14669262646928616
rolling_30d,30d,cap25,7,2025-09-25,2025-10-24,30,-0.10625974008219252,0.03146093978436837,-0.1377206798665609
rolling_30d,30d,cap25,7,2025-09-26,2025-10-25,30,-0.09496611021318668,0.051723047739488104,-0.1466891579526748
rolling_30d,30d,cap25,7,2025-09-27,2025-10-26,30,-0.07476013787968894,0.07240923549759914,-0.14716937337728808
rolling_30d,30d,cap25,7,2025-09-28,2025-10-27,30,-0.07959588322061728,0.06972531683249517,-0.14932120005311245
rolling_30d,30d,cap25,7,2025-09-29,2025-10-28,30,-0.09272863486127969,0.04557357267700124,-0.13830220753828093
rolling_30d,30d,cap25,7,2025-09-30,2025-10-29,30,-0.09405339310363303,0.008324693728562593,-0.10237808683219562
rolling_30d,30d,cap25,7,2025-10-01,2025-10-30,30,-0.11071468092738801,0.008782273319079659,-0.11949695424646767
rolling_30d,30d,cap25,7,2025-10-02,2025-10-31,30,-0.13414086517746693,-0.02474777448071752,-0.1093930906967494
rolling_30d,30d,cap25,7,2025-10-03,2025-11-01,30,-0.1461684912320348,-0.03957694019536917,-0.10659155103666562
rolling_30d,30d,cap25,7,2025-10-04,2025-11-02,30,-0.1574128207426827,-0.05464386380536057,-0.10276895693732213
rolling_30d,30d,cap25,7,2025-10-05,2025-11-03,30,-0.2197526695798565,-0.09413734577601929,-0.12561532380383722
rolling_30d,30d,cap25,7,2025-10-06,2025-11-04,30,-0.2520703694981299,-0.13489727787788663,-0.11717309162024325
rolling_30d,30d,cap25,7,2025-10-07,2025-11-05,30,-0.24720149960177962,-0.12211455132750548,-0.12508694827427413
rolling_30d,30d,cap25,7,2025-10-08,2025-11-06,30,-0.21833182519185768,-0.13792062859420662,-0.08041119659765106
rolling_30d,30d,cap25,7,2025-10-09,2025-11-07,30,-0.18566114776268527,-0.1352145268277889,-0.05044662093489638
rolling_30d,30d,cap25,7,2025-10-10,2025-11-08,30,-0.192999749626525,-0.14239935234690082,-0.050600397279624176
rolling_30d,30d,cap25,7,2025-10-11,2025-11-09,30,-0.08681942040619672,-0.09653969177086541,0.009720271364668687
rolling_30d,30d,cap25,7,2025-10-12,2025-11-10,30,-0.07021226840080896,-0.07874782853655238,0.008535560135743414
rolling_30d,30d,cap25,7,2025-10-13,2025-11-11,30,-0.09521075872063778,-0.11131054081885206,0.016099782098214277
rolling_30d,30d,cap25,7,2025-10-14,2025-11-12,30,-0.1001086198470541,-0.10713183261015158,0.007023212763097475
rolling_30d,30d,cap25,7,2025-10-15,2025-11-13,30,-0.13594793915469228,-0.11082368158033695,-0.025124257574355324
rolling_30d,30d,cap25,7,2025-10-16,2025-11-14,30,-0.15733855282044584,-0.14667338709677324,-0.010665165723672598
rolling_30d,30d,cap25,7,2025-10-17,2025-11-15,30,-0.13722836352196588,-0.1272534785238968,-0.009974884998069089
rolling_30d,30d,cap25,7,2025-10-18,2025-11-16,30,-0.15285340014700044,-0.1424721490598202,-0.010381251087180243
rolling_30d,30d,cap25,7,2025-10-19,2025-11-17,30,-0.1701663791272745,-0.15812757013057532,-0.01203880899669918
rolling_30d,30d,cap25,7,2025-10-20,2025-11-18,30,-0.16976430635893103,-0.16464087727598098,-0.005123429082950048
rolling_30d,30d,cap25,7,2025-10-21,2025-11-19,30,-0.18909531064110263,-0.1769873645012957,-0.012107946139806924
rolling_30d,30d,cap25,7,2025-10-22,2025-11-20,30,-0.19733167011811403,-0.20211402750442542,0.004782357386311387
rolling_30d,30d,cap25,7,2025-10-23,2025-11-21,30,-0.21324154154802288,-0.2145779282511735,0.001336386703150616
rolling_30d,30d,cap25,7,2025-10-24,2025-11-22,30,-0.21657611059023074,-0.23159044549854124,0.0150143349083105
rolling_30d,30d,cap25,7,2025-10-25,2025-11-23,30,-0.19981795279168124,-0.20431132234794291,0.004493369556261673
rolling_30d,30d,cap25,7,2025-10-26,2025-11-24,30,-0.19186265454434503,-0.20337882522695716,0.011516170682612126
rolling_30d,30d,cap25,7,2025-10-27,2025-11-25,30,-0.18575746445235264,-0.2292500840316266,0.04349261957927397
rolling_30d,30d,cap25,7,2025-10-28,2025-11-26,30,-0.17523209545662732,-0.19808170515097456,0.02284960969434724
rolling_30d,30d,cap25,7,2025-10-29,2025-11-27,30,-0.15371331916288422,-0.18507436049969916,0.03136104133681494
rolling_30d,30d,cap25,7,2025-10-30,2025-11-28,30,-0.14835868690211917,-0.17077132740347079,0.02241264050135161
rolling_30d,30d,cap25,7,2025-10-31,2025-11-29,30,-0.09919717055814092,-0.1720525027700247,0.07285533221188378
rolling_30d,30d,cap25,7,2025-11-01,2025-11-30,30,-0.13287763386889329,-0.1736140692508905,0.04073643538199723
rolling_30d,30d,cap25,7,2025-11-02,2025-12-01,30,-0.18851096940228662,-0.2123318577055765,0.023820888303289878
rolling_30d,30d,cap25,7,2025-11-03,2025-12-02,30,-0.15288181136503232,-0.17113293944770036,0.018251128082668044
rolling_30d,30d,cap25,7,2025-11-04,2025-12-03,30,-0.0677463004775698,-0.12381715410431404,0.056070853626744244
rolling_30d,30d,cap25,7,2025-11-05,2025-12-04,30,-0.04798836209825408,-0.10270976167155588,0.0547213995733018
rolling_30d,30d,cap25,7,2025-11-06,2025-12-05,30,-0.07771962389332965,-0.14298534634170645,0.0652657224483768
rolling_30d,30d,cap25,7,2025-11-07,2025-12-06,30,-0.08774951903872086,-0.11757052183848171,0.029821002799760854
rolling_30d,30d,cap25,7,2025-11-08,2025-12-07,30,-0.13729673718329327,-0.12262208626411253,-0.014674650919180743
rolling_30d,30d,cap25,7,2025-11-09,2025-12-08,30,-0.1346974304957732,-0.11500943989930434,-0.019687990596468863
rolling_30d,30d,cap25,7,2025-11-10,2025-12-09,30,-0.13971680212098647,-0.11736723527517834,-0.022349566845808133
rolling_30d,30d,cap25,7,2025-11-11,2025-12-10,30,-0.14760227951633353,-0.12916151719392543,-0.0184407623224081
rolling_30d,30d,cap25,7,2025-11-12,2025-12-11,30,-0.17039240466522154,-0.10959347488347693,-0.060798929781744615
rolling_30d,30d,cap25,7,2025-11-13,2025-12-12,30,-0.18567105229658742,-0.12055368197206673,-0.0651173703245207
rolling_30d,30d,cap25,7,2025-11-14,2025-12-13,30,-0.12981781262919045,-0.10907828616768012,-0.020739526461510338
rolling_30d,30d,cap25,7,2025-11-15,2025-12-14,30,-0.11584426028760819,-0.08397901393280294,-0.031865246354805254
rolling_30d,30d,cap25,7,2025-11-16,2025-12-15,30,-0.15212016209207324,-0.1051190517450511,-0.047001110347022146
rolling_30d,30d,cap25,7,2025-11-17,2025-12-16,30,-0.12249077110983098,-0.06985925530019454,-0.05263151580963643
rolling_30d,30d,cap25,7,2025-11-18,2025-12-17,30,-0.1227232175151226,-0.06605457976483875,-0.05666863775028386
rolling_30d,30d,cap25,7,2025-11-19,2025-12-18,30,-0.1453065037327783,-0.0762076251188899,-0.06909887861388841
rolling_30d,30d,cap25,7,2025-11-20,2025-12-19,30,-0.09741416683381787,-0.038985855272787084,-0.05842831156103079
rolling_30d,30d,cap25,7,2025-11-21,2025-12-20,30,-0.06560519261367981,0.011326612159589633,-0.07693180477326944
rolling_30d,30d,cap25,7,2025-11-22,2025-12-21,30,-0.046904623410089386,0.030978634347477385,-0.07788325775756677
rolling_30d,30d,cap25,7,2025-11-23,2025-12-22,30,-0.04659987225720075,0.037399765956947606,-0.08399963821414835
rolling_30d,30d,cap25,7,2025-11-24,2025-12-23,30,-0.07134276214422763,-0.011309713315441838,-0.060033048828785796
rolling_30d,30d,cap25,7,2025-11-25,2025-12-24,30,-0.0899296626120788,-0.02479207861013344,-0.06513758400194536
rolling_30d,30d,cap25,7,2025-11-26,2025-12-25,30,-0.12153346368295281,-0.01674789408047528,-0.10478556960247754
rolling_30d,30d,cap25,7,2025-11-27,2025-12-26,30,-0.12427905384329085,-0.053845131567289206,-0.07043392227600165
rolling_30d,30d,cap25,7,2025-11-28,2025-12-27,30,-0.13097904210467426,-0.06293936009460566,-0.0680396820100686
rolling_30d,30d,cap25,7,2025-11-29,2025-12-28,30,-0.12707951110858984,-0.06137332443120613,-0.0657061866773837
rolling_30d,30d,cap25,7,2025-11-30,2025-12-29,30,-0.15736314894215986,-0.06505290557879939,-0.09231024336336047
rolling_30d,30d,cap25,7,2025-12-01,2025-12-30,30,-0.12257978836722905,-0.05374815905743735,-0.0688316293097917
rolling_30d,30d,cap25,7,2025-12-02,2025-12-31,30,-0.07992528020758394,-0.00887161701863659,-0.07105366318894735
rolling_30d,30d,cap25,7,2025-12-03,2026-01-01,30,-0.10196374851804113,-0.05247903486832195,-0.04948471364971918
rolling_30d,30d,cap25,7,2025-12-04,2026-01-02,30,-0.09652988742600055,-0.06288474969219893,-0.03364513773380162
rolling_30d,30d,cap25,7,2025-12-05,2026-01-03,30,-0.0758732266919504,-0.04613593363411583,-0.02973729305783457
rolling_30d,30d,cap25,7,2025-12-06,2026-01-04,30,-0.0495158894288541,-0.009042903303014382,-0.040472986125839716
rolling_30d,30d,cap25,7,2025-12-07,2026-01-05,30,-0.02927919399710388,0.019258117150426468,-0.04853731114753035
rolling_30d,30d,cap25,7,2025-12-08,2026-01-06,30,-0.018657298856357363,0.00776525105671233,-0.026422549913069693
rolling_30d,30d,cap25,7,2025-12-09,2026-01-07,30,-0.01410155105144384,-0.015111111111107856,0.0010095600596640164
rolling_30d,30d,cap25,7,2025-12-10,2026-01-08,30,-0.02412728319521673,-0.028566844373783207,0.004439561178566476
rolling_30d,30d,cap25,7,2025-12-11,2026-01-09,30,-0.019285155306468238,-0.023036013430967506,0.003750858124499268
rolling_30d,30d,cap25,7,2025-12-12,2026-01-10,30,-0.004510341107785254,-0.029218466012358335,0.02470812490457308
rolling_30d,30d,cap25,7,2025-12-13,2026-01-11,30,-0.009052760715852926,-0.007639816051026815,-0.0014129446648261101
rolling_30d,30d,cap25,7,2025-12-14,2026-01-12,30,-0.030653682031901774,-0.0010538580853881596,-0.029599823946513615
rolling_30d,30d,cap25,7,2025-12-15,2026-01-13,30,0.026332008233127313,0.062023972083146806,-0.03569196385001949
rolling_30d,30d,cap25,7,2025-12-16,2026-01-14,30,0.07654595004811182,0.10015491866770665,-0.023608968619594828
rolling_30d,30d,cap25,7,2025-12-17,2026-01-15,30,0.0513952673564777,0.07954214615160904,-0.028146878795131336
rolling_30d,30d,cap25,7,2025-12-18,2026-01-16,30,0.07292647516839357,0.09574988925932315,-0.022823414090929584
rolling_30d,30d,cap25,7,2025-12-19,2026-01-17,30,0.09235476942785636,0.10427326243977686,-0.011918493011920495
rolling_30d,30d,cap25,7,2025-12-20,2026-01-18,30,0.03672007212243611,0.055925889245254545,-0.019205817122818436
rolling_30d,30d,cap25,7,2025-12-21,2026-01-19,30,0.0078005739902324844,0.041326646911328035,-0.03352607292109555
rolling_30d,30d,cap25,7,2025-12-22,2026-01-20,30,-0.01585847281493058,-0.0013255266127856213,-0.014532946202144958
rolling_30d,30d,cap25,7,2025-12-23,2026-01-21,30,-0.013442993443281148,0.0031342503917839437,-0.016577243835065092
rolling_30d,30d,cap25,7,2025-12-24,2026-01-22,30,-0.01639870276548827,0.018906693245423378,-0.03530539601091165
rolling_30d,30d,cap25,7,2025-12-25,2026-01-23,30,-0.004730456313330578,0.02139037433155422,-0.026120830644884796
rolling_30d,30d,cap25,7,2025-12-26,2026-01-24,30,0.009267732885248847,0.024697698305246263,-0.015429965419997416
rolling_30d,30d,cap25,7,2025-12-27,2026-01-25,30,-0.015187428417591908,0.0025672839072694575,-0.017754712324861366
rolling_30d,30d,cap25,7,2025-12-28,2026-01-26,30,-0.021893265096512127,0.009192393683738809,-0.031085658780250935
rolling_30d,30d,cap25,7,2025-12-29,2026-01-27,30,-0.019546242387358248,0.013679142044213055,-0.0332253844315713
rolling_30d,30d,cap25,7,2025-12-30,2026-01-28,30,-0.02705568131237046,0.015178922532444128,-0.04223460384481459
rolling_30d,30d,cap25,7,2025-12-31,2026-01-29,30,-0.0728433331658378,-0.03313592890327466,-0.03970740426256314
rolling_30d,30d,cap25,7,2026-01-01,2026-01-30,30,-0.07112265193559963,-0.022768101226277482,-0.04835455070932215
rolling_30d,30d,cap25,7,2026-01-02,2026-01-31,30,-0.08039017220653988,-0.08688259863670733,0.006492426430167453
rolling_30d,30d,cap25,7,2026-01-03,2026-02-01,30,-0.13525756849696435,-0.1281856248319283,-0.007071943665036051
rolling_30d,30d,cap25,7,2026-01-04,2026-02-02,30,-0.12346606315973518,-0.10793408605431365,-0.015531977105421535
rolling_30d,30d,cap25,7,2026-01-05,2026-02-03,30,-0.1545431196009288,-0.15535863896080293,0.0008155193598741173
rolling_30d,30d,cap25,7,2026-01-06,2026-02-04,30,-0.18632631878565142,-0.2072933418515287,0.020967023065877277
rolling_30d,30d,cap25,7,2026-01-07,2026-02-05,30,-0.30320599190018493,-0.3160910252831668,0.012885033382981859
rolling_30d,30d,cap25,7,2026-01-08,2026-02-06,30,-0.22218279090193416,-0.21322202166064708,-0.008960769241287081
rolling_30d,30d,cap25,7,2026-01-09,2026-02-07,30,-0.2249237945972573,-0.23055555555555185,0.0056317609582945405
rolling_30d,30d,cap25,7,2026-01-10,2026-02-08,30,-0.21425243650780867,-0.21675028079370584,0.002497844285897166
rolling_30d,30d,cap25,7,2026-01-11,2026-02-09,30,-0.2198663517843118,-0.22430746418434322,0.004441112400031422
rolling_30d,30d,cap25,7,2026-01-12,2026-02-10,30,-0.213845078001211,-0.23656476567755103,0.022719687676340028
rolling_30d,30d,cap25,7,2026-01-13,2026-02-11,30,-0.21846725057831629,-0.2632892771970481,0.0448220266187318
rolling_30d,30d,cap25,7,2026-01-14,2026-02-12,30,-0.23997519543483803,-0.3057730220863424,0.06579782665150435
rolling_30d,30d,cap25,7,2026-01-15,2026-02-13,30,-0.21018633677053733,-0.29033302823347107,0.08014669146293374
rolling_30d,30d,cap25,7,2026-01-16,2026-02-14,30,-0.16242682966976718,-0.2701413728495946,0.10771454317982743
rolling_30d,30d,cap25,7,2026-01-17,2026-02-15,30,-0.18199847591139062,-0.27659574468085046,0.09459726876945984
rolling_30d,30d,cap25,7,2026-01-18,2026-02-16,30,-0.17547099643097253,-0.27467615658362443,0.0992051601526519
rolling_30d,30d,cap25,7,2026-01-19,2026-02-17,30,-0.1823544260110267,-0.27846959683702666,0.09611517082599996
rolling_30d,30d,cap25,7,2026-01-20,2026-02-18,30,-0.173836919114419,-0.28039606272208717,0.10655914360766816
rolling_30d,30d,cap25,7,2026-01-21,2026-02-19,30,-0.1719649933116152,-0.2510921667374547,0.07912717342583953
rolling_30d,30d,cap25,7,2026-01-22,2026-02-20,30,-0.17670489259457367,-0.24450767152441788,0.06780277892984421
rolling_30d,30d,cap25,7,2026-01-23,2026-02-21,30,-0.17552102325085328,-0.24764477486154213,0.07212375161068885
rolling_30d,30d,cap25,7,2026-01-24,2026-02-22,30,-0.19352797688727041,-0.24589903092111565,0.05237105403384523
rolling_30d,30d,cap25,7,2026-01-25,2026-02-23,30,-0.22831398705450734,-0.27556041552760524,0.0472464284730979
rolling_30d,30d,cap25,7,2026-01-26,2026-02-24,30,-0.2170690721981594,-0.2695983810709801,0.0525293088728207
rolling_30d,30d,cap25,7,2026-01-27,2026-02-25,30,-0.19446486684707953,-0.2453318100766464,0.05086694322956686
rolling_30d,30d,cap25,7,2026-01-28,2026-02-26,30,-0.19216078297406936,-0.24832282043767906,0.056162037463609704
rolling_30d,30d,cap25,7,2026-01-29,2026-02-27,30,-0.1885160367500962,-0.2548884412767237,0.06637240452662752
rolling_30d,30d,cap25,7,2026-01-30,2026-02-28,30,-0.15091271352322644,-0.21357340051350482,0.06266068699027838
rolling_30d,30d,cap25,7,2026-01-31,2026-03-01,30,-0.1474569017010785,-0.2323382488110881,0.08488134711000961
rolling_30d,30d,cap25,7,2026-02-01,2026-03-02,30,-0.1262848202480319,-0.1433660672533229,0.01708124700529101
rolling_30d,30d,cap25,7,2026-02-02,2026-03-03,30,-0.08785272844836967,-0.11611777458557393,0.028265046137204264
rolling_30d,30d,cap25,7,2026-02-03,2026-03-04,30,-0.08794166631987788,-0.09834775767112158,0.010406091351243707
rolling_30d,30d,cap25,7,2026-02-04,2026-03-05,30,-0.06397695864472996,-0.07174899914211919,0.007772040497389221
rolling_30d,30d,cap25,7,2026-02-05,2026-03-06,30,-0.06760989668734985,-0.06609541454376988,-0.001514482143579965
rolling_30d,30d,cap25,7,2026-02-06,2026-03-07,30,0.07502284934368464,0.06749296500762925,0.007529884336055392
rolling_30d,30d,cap25,7,2026-02-07,2026-03-08,30,-0.062398407785263066,-0.06465921040053313,0.0022608026152700633
rolling_30d,30d,cap25,7,2026-02-08,2026-03-09,30,-0.04433390494582079,-0.01985559566786721,-0.02447830927795358
rolling_30d,30d,cap25,7,2026-02-09,2026-03-10,30,-0.03885810434673853,-0.021376059960038885,-0.017482044386699647
rolling_30d,30d,cap25,7,2026-02-10,2026-03-11,30,-0.034045528501946976,-0.007298776779071647,-0.026746751722875328
rolling_30d,30d,cap25,7,2026-02-11,2026-03-12,30,-0.017320137781033362,0.010368122185238526,-0.02768825996627189
rolling_30d,30d,cap25,7,2026-02-12,2026-03-13,30,0.0034859160971421055,0.05265121720013988,-0.04916530110299777
rolling_30d,30d,cap25,7,2026-02-13,2026-03-14,30,0.021183143222824885,0.08222123902911016,-0.061038095806285275
rolling_30d,30d,cap25,7,2026-02-14,2026-03-15,30,-0.009792104720991235,0.06256324781237121,-0.07235535253336245
rolling_30d,30d,cap25,7,2026-02-15,2026-03-16,30,-0.012125790314822082,0.06801828082458061,-0.0801440711394027
rolling_30d,30d,cap25,7,2026-02-16,2026-03-17,30,0.006181870479087026,0.06967647058823978,-0.06349460010915275
rolling_30d,30d,cap25,7,2026-02-17,2026-03-18,30,-0.03518116464164689,0.03904502099933005,-0.07422618564097694
rolling_30d,30d,cap25,7,2026-02-18,2026-03-19,30,-0.02334232627092747,0.04071714979951513,-0.0640594760704426
rolling_30d,30d,cap25,7,2026-02-19,2026-03-20,30,-0.003713863330829348,0.06873789558004861,-0.07245175891087796
rolling_30d,30d,cap25,7,2026-02-20,2026-03-21,30,0.018586641524989345,0.049128030625271046,-0.0305413891002817
rolling_30d,30d,cap25,7,2026-02-21,2026-03-22,30,-0.00463253908689365,0.02004894860396833,-0.02468148769086198
rolling_30d,30d,cap25,7,2026-02-22,2026-03-23,30,0.00959578212819534,0.05640846126918886,-0.04681267914099352
rolling_30d,30d,cap25,7,2026-02-23,2026-03-24,30,0.03775363221775341,0.056969465572157985,-0.019215833354404577
rolling_30d,30d,cap25,7,2026-02-24,2026-03-25,30,0.08891876972917356,0.11642557651991203,-0.02750680679073847
rolling_30d,30d,cap25,7,2026-02-25,2026-03-26,30,0.06926935518274391,0.10505956821039453,-0.03579021302765062
rolling_30d,30d,cap25,7,2026-02-26,2026-03-27,30,0.02491701127761292,0.03323275200736053,-0.008315740729747612
rolling_30d,30d,cap25,7,2026-02-27,2026-03-28,30,0.017917877337177535,0.03501266939545733,-0.017094792058279795
rolling_30d,30d,cap25,7,2026-02-28,2026-03-29,30,0.015099638883286248,0.045093003670240606,-0.029993364786954357
rolling_30d,30d,cap25,7,2026-03-01,2026-03-30,30,0.021328659950188733,0.03860482253244313,-0.017276162582254395
rolling_60d,60d,cap25,7,2025-03-01,2025-04-29,60,-0.05446984916013142,0.09523235731213342,-0.14970220647226484
rolling_60d,60d,cap25,7,2025-03-02,2025-04-30,60,-0.05331384294137598,0.060849571317237894,-0.11416341425861387
rolling_60d,60d,cap25,7,2025-03-03,2025-05-01,60,-0.14217775596976923,-0.02438153639379015,-0.11779621957597908
rolling_60d,60d,cap25,7,2025-03-04,2025-05-02,60,-0.018963260274306504,0.06805839078690257,-0.08702165106120907
rolling_60d,60d,cap25,7,2025-03-05,2025-05-03,60,-0.012783143274631148,0.05492793442724797,-0.06771107770187912
rolling_60d,60d,cap25,7,2025-03-06,2025-05-04,60,-0.04195127554016653,0.0027352702003509144,-0.04468654574051745
rolling_60d,60d,cap25,7,2025-03-07,2025-05-05,60,-0.039876358265080736,0.00815402207790683,-0.048030380342987566
rolling_60d,60d,cap25,7,2025-03-08,2025-05-06,60,-0.04335717730218269,0.06212811992891809,-0.10548529723110078
rolling_60d,60d,cap25,7,2025-03-09,2025-05-07,60,-0.028152222033570706,0.07168076899148468,-0.09983299102505538
rolling_60d,60d,cap25,7,2025-03-10,2025-05-08,60,0.07752996401160805,0.19492043053355967,-0.11739046652195162
rolling_60d,60d,cap25,7,2025-03-11,2025-05-09,60,0.11351110702056322,0.22010645793893913,-0.10659535091837591
rolling_60d,60d,cap25,7,2025-03-12,2025-05-10,60,0.10646789509700438,0.17483650861825217,-0.06836861352124779
rolling_60d,60d,cap25,7,2025-03-13,2025-05-11,60,0.08716111660940995,0.17284219352135066,-0.08568107691194071
rolling_60d,60d,cap25,7,2025-03-14,2025-05-12,60,0.12186711696369001,0.2059538274605186,-0.08408671049682859
rolling_60d,60d,cap25,7,2025-03-15,2025-05-13,60,0.11025139349679058,0.17620967741936533,-0.06595828392257475
rolling_60d,60d,cap25,7,2025-03-16,2025-05-14,60,0.08304760068129213,0.17445279583667173,-0.09140519515537959
rolling_60d,60d,cap25,7,2025-03-17,2025-05-15,60,0.06329863585889695,0.201003124486117,-0.13770448862722007
rolling_60d,60d,cap25,7,2025-03-18,2025-05-16,60,0.065053253059425,0.19279736902088218,-0.12774411596145718
rolling_60d,60d,cap25,7,2025-03-19,2025-05-17,60,0.05305271588237481,0.20928928400601698,-0.15623656812364217
rolling_60d,60d,cap25,7,2025-03-20,2025-05-18,60,0.04031418407444698,0.18046845603914408,-0.1401542719646971
rolling_60d,60d,cap25,7,2025-03-21,2025-05-19,60,0.03124950463448717,0.19578269617706834,-0.16453319154258117
rolling_60d,60d,cap25,7,2025-03-22,2025-05-20,60,0.038905898052034704,0.20779116465864167,-0.16888526660660697
rolling_60d,60d,cap25,7,2025-03-23,2025-05-21,60,0.03600607808216938,0.22764201457386313,-0.19163593649169375
rolling_60d,60d,cap25,7,2025-03-24,2025-05-22,60,0.06170640815695738,0.21977883494534312,-0.15807242678838573
rolling_60d,60d,cap25,7,2025-03-25,2025-05-23,60,0.0016826207157785156,0.1636427184466085,-0.16196009773082998
rolling_60d,60d,cap25,7,2025-03-26,2025-05-24,60,-0.0022250845586747614,0.16766861885739193,-0.1698937034160667
rolling_60d,60d,cap25,7,2025-03-27,2025-05-25,60,0.0006769083237911921,0.18495644057249705,-0.18427953224870586
rolling_60d,60d,cap25,7,2025-03-28,2025-05-26,60,-0.008270703598495133,0.1831623931624018,-0.19143309676089693
rolling_60d,60d,cap25,7,2025-03-29,2025-05-27,60,0.021375256994860647,0.20310076286085077,-0.18172550586599012
rolling_60d,60d,cap25,7,2025-03-30,2025-05-28,60,0.042230778888664,0.2183840037607765,-0.1761532248721125
rolling_60d,60d,cap25,7,2025-03-31,2025-05-29,60,0.0374220103643923,0.19694606887589927,-0.15952405851150697
rolling_60d,60d,cap25,7,2025-04-01,2025-05-30,60,0.014057376033635105,0.19489406607679816,-0.18083669004316305
rolling_60d,60d,cap25,7,2025-04-02,2025-05-31,60,0.09109909899682056,0.16780224378459652,-0.07670314478777596
rolling_60d,60d,cap25,7,2025-04-03,2025-06-01,60,0.18811018327096574,0.2142217299956064,-0.026111546724640666
rolling_60d,60d,cap25,7,2025-04-04,2025-06-02,60,0.2677595433230058,0.20098953686430043,0.06677000645870534
rolling_60d,60d,cap25,7,2025-04-05,2025-06-03,60,0.24996329649813287,0.1936061733498664,0.056357123148266464
rolling_60d,60d,cap25,7,2025-04-06,2025-06-04,60,0.2242877331359423,0.17781076126980966,0.046476971866132644
rolling_60d,60d,cap25,7,2025-04-07,2025-06-05,60,0.2306024720525528,0.2057707038896901,0.0248317681628627
rolling_60d,60d,cap25,7,2025-04-08,2025-06-06,60,0.2122626210929517,0.2301522094510442,-0.017889588358092512
rolling_60d,60d,cap25,7,2025-04-09,2025-06-07,60,0.23179494413662205,0.27856395044494575,-0.0467690063083237
rolling_60d,60d,cap25,7,2025-04-10,2025-06-08,60,0.11485121386715225,0.19894340119483922,-0.08409218732768697
rolling_60d,60d,cap25,7,2025-04-11,2025-06-09,60,0.17364011400963042,0.27611585944918615,-0.10247574543955573
rolling_60d,60d,cap25,7,2025-04-12,2025-06-10,60,0.17955722689983467,0.2389831066076611,-0.05942587970782642
rolling_60d,60d,cap25,7,2025-04-13,2025-06-11,60,0.1485271732611504,0.2099598952100601,-0.061432721948909697
rolling_60d,60d,cap25,7,2025-04-14,2025-06-12,60,0.12954806571941213,0.19662006578946767,-0.06707200007005554
rolling_60d,60d,cap25,7,2025-04-15,2025-06-13,60,0.12981169003143833,0.1978307214112447,-0.06801903137980636
rolling_60d,60d,cap25,7,2025-04-16,2025-06-14,60,0.09006235247006722,0.19936592199365988,-0.10930356952359266
rolling_60d,60d,cap25,7,2025-04-17,2025-06-15,60,0.034394083109080764,0.1979277844370353,-0.16353370132795453
rolling_60d,60d,cap25,7,2025-04-18,2025-06-16,60,0.057005662153343684,0.19389334115193413,-0.13688767899859045
rolling_60d,60d,cap25,7,2025-04-19,2025-06-17,60,0.050013333086230904,0.18999746419193486,-0.13998413110570396
rolling_60d,60d,cap25,7,2025-04-20,2025-06-18,60,0.042952564720945885,0.18388596269852941,-0.14093339797758353
rolling_60d,60d,cap25,7,2025-04-21,2025-06-19,60,0.06101033495306596,0.18024552662856075,-0.11923519167549479
rolling_60d,60d,cap25,7,2025-04-22,2025-06-20,60,0.04932216745416396,0.1406764892268635,-0.09135432177269953
rolling_60d,60d,cap25,7,2025-04-23,2025-06-21,60,-0.014842843242358517,0.06557535911024992,-0.08041820235260844
rolling_60d,60d,cap25,7,2025-04-24,2025-06-22,60,-0.06108412519111961,0.04921731877689561,-0.11030144396801522
rolling_60d,60d,cap25,7,2025-04-25,2025-06-23,60,-0.036470091516194736,0.08557742294837967,-0.1220475144645744
rolling_60d,60d,cap25,7,2025-04-26,2025-06-24,60,-0.054674476639122505,0.06672233575786168,-0.12139681239698419
rolling_60d,60d,cap25,7,2025-04-27,2025-06-25,60,-0.03851094143363909,0.07929534771338509,-0.11780628914702418
rolling_60d,60d,cap25,7,2025-04-28,2025-06-26,60,-0.04587207401801274,0.08621659218041566,-0.1320886661984284
rolling_60d,60d,cap25,7,2025-04-29,2025-06-27,60,-0.062457791433765064,0.07376743710220279,-0.13622522853596786
rolling_60d,60d,cap25,7,2025-04-30,2025-06-28,60,-0.08530578235362585,0.07946310693853231,-0.16476888929215816
rolling_60d,60d,cap25,7,2025-05-01,2025-06-29,60,-0.0904983867687007,0.0875855025825154,-0.1780838893512161
rolling_60d,60d,cap25,7,2025-05-02,2025-06-30,60,-0.09154729343752399,0.044851511433504854,-0.13639880487102884
rolling_60d,60d,cap25,7,2025-05-03,2025-07-01,60,-0.13124403800978135,0.0464406779660953,-0.17768471597587665
rolling_60d,60d,cap25,7,2025-05-04,2025-07-02,60,-0.057066371088484114,0.07281655814629473,-0.12988292923477884
rolling_60d,60d,cap25,7,2025-05-05,2025-07-03,60,-0.04704055145750097,0.0975744618106702,-0.14461501326817117
rolling_60d,60d,cap25,7,2025-05-06,2025-07-04,60,-0.06280062681737753,0.09568537326709659,-0.1584860000844741
rolling_60d,60d,cap25,7,2025-05-07,2025-07-05,60,-0.04207288710397683,0.07822480902145568,-0.12029769612543251
rolling_60d,60d,cap25,7,2025-05-08,2025-07-06,60,-0.049630464647399064,0.07664675873178828,-0.12627722337918734
rolling_60d,60d,cap25,7,2025-05-09,2025-07-07,60,-0.1019654562414104,0.023023202801732534,-0.12498865904314294
rolling_60d,60d,cap25,7,2025-05-10,2025-07-08,60,-0.08721308127056959,0.03189535207346905,-0.11910843334403864
rolling_60d,60d,cap25,7,2025-05-11,2025-07-09,60,-0.08758977039951754,0.04114474119853906,-0.1287345115980566
rolling_60d,60d,cap25,7,2025-05-12,2025-07-10,60,-0.06267008599885582,0.07604638533925456,-0.13871647133811038
rolling_60d,60d,cap25,7,2025-05-13,2025-07-11,60,-0.032551873541598275,0.09177047030812857,-0.12432234384972685
rolling_60d,60d,cap25,7,2025-05-14,2025-07-12,60,0.036989597862425505,0.09523483030510338,-0.058245232442677874
rolling_60d,60d,cap25,7,2025-05-15,2025-07-13,60,0.034475148690681356,0.10894050183144266,-0.0744653531407613
rolling_60d,60d,cap25,7,2025-05-16,2025-07-14,60,0.06686859258296862,0.12175318006927727,-0.054884587486308645
rolling_60d,60d,cap25,7,2025-05-17,2025-07-15,60,0.07279757492208438,0.09754449661497411,-0.024746921692889723
rolling_60d,60d,cap25,7,2025-05-18,2025-07-16,60,0.09561588518101183,0.09932076706947224,-0.0037048818884604096
rolling_60d,60d,cap25,7,2025-05-19,2025-07-17,60,0.09464099235483969,0.07817916196294084,0.016461830391898857
rolling_60d,60d,cap25,7,2025-05-20,2025-07-18,60,0.12669039096777546,0.08450893818651606,0.0421814527812594
rolling_60d,60d,cap25,7,2025-05-21,2025-07-19,60,0.12665629306271442,0.0735918068763679,0.053064486186346516
rolling_60d,60d,cap25,7,2025-05-22,2025-07-20,60,0.1562389261762298,0.04895485580486225,0.10728407037136756
rolling_60d,60d,cap25,7,2025-05-23,2025-07-21,60,0.1560980985358007,0.03353178190459083,0.12256631663120987
rolling_60d,60d,cap25,7,2025-05-24,2025-07-22,60,0.22477234802501966,0.08485572590926171,0.13991662211575795
rolling_60d,60d,cap25,7,2025-05-25,2025-07-23,60,0.19132540007992715,0.07619079253304561,0.11513460754688154
rolling_60d,60d,cap25,7,2025-05-26,2025-07-24,60,0.1732195170171522,0.057182055691947564,0.11603746132520465
rolling_60d,60d,cap25,7,2025-05-27,2025-07-25,60,0.15909033688231022,0.05205781720987934,0.10703251967243088
rolling_60d,60d,cap25,7,2025-05-28,2025-07-26,60,0.18214281339375415,0.0642277659131345,0.11791504748061965
rolling_60d,60d,cap25,7,2025-05-29,2025-07-27,60,0.20773792542693115,0.08157766941852218,0.12616025600840897
rolling_60d,60d,cap25,7,2025-05-30,2025-07-28,60,0.21038926290841475,0.10256636447532674,0.10782289843308801
rolling_60d,60d,cap25,7,2025-05-31,2025-07-29,60,0.2440622193160067,0.10911079558964087,0.13495142372636582
rolling_60d,60d,cap25,7,2025-06-01,2025-07-30,60,0.23671568256766307,0.1028022850961674,0.13391339747149567
rolling_60d,60d,cap25,7,2025-06-02,2025-07-31,60,0.2072412060579043,0.0805410988303461,0.1267001072275582
rolling_60d,60d,cap25,7,2025-06-03,2025-08-01,60,0.10980574165794343,0.06726548254204445,0.04254025911589898
rolling_60d,60d,cap25,7,2025-06-04,2025-08-02,60,0.1149771066027705,0.06888098116180164,0.04609612544096886
rolling_60d,60d,cap25,7,2025-06-05,2025-08-03,60,0.16998809983522212,0.10389279492070513,0.06609530491451698
rolling_60d,60d,cap25,7,2025-06-06,2025-08-04,60,0.30224418359047545,0.13188767947143298,0.17035650411904246
rolling_60d,60d,cap25,7,2025-06-07,2025-08-05,60,0.3077385978137275,0.10169176426845383,0.20604683354527364
rolling_60d,60d,cap25,7,2025-06-08,2025-08-06,60,0.27992716680676333,0.09178500023882963,0.1881421665679337
rolling_60d,60d,cap25,7,2025-06-09,2025-08-07,60,0.3666833790891808,0.11105162733874452,0.2556317517504363
rolling_60d,60d,cap25,7,2025-06-10,2025-08-08,60,0.3460098270745753,0.06316943521594953,0.28284039185862575
rolling_60d,60d,cap25,7,2025-06-11,2025-08-09,60,0.35539012394087477,0.06304972683762555,0.2923403971032492
rolling_60d,60d,cap25,7,2025-06-12,2025-08-10,60,0.3654450805790386,0.09500611455263908,0.2704389660263995
rolling_60d,60d,cap25,7,2025-06-13,2025-08-11,60,0.3766849653296469,0.12910541615983062,0.24757954916981628
rolling_60d,60d,cap25,7,2025-06-14,2025-08-12,60,0.4079702009170483,0.11635679398958243,0.29161340692746585
rolling_60d,60d,cap25,7,2025-06-15,2025-08-13,60,0.4382054005336109,0.14835078516150868,0.2898546153721022
rolling_60d,60d,cap25,7,2025-06-16,2025-08-14,60,0.4241029813555002,0.12801727092043436,0.2960857104350658
rolling_60d,60d,cap25,7,2025-06-17,2025-08-15,60,0.43842108507888056,0.11744240778765991,0.32097867729122065
rolling_60d,60d,cap25,7,2025-06-18,2025-08-16,60,0.46005815597098754,0.1208446754103829,0.33921348056060463
rolling_60d,60d,cap25,7,2025-06-19,2025-08-17,60,0.45403188661291294,0.12201478425305634,0.3320171023598566
rolling_60d,60d,cap25,7,2025-06-20,2025-08-18,60,0.41817907825365763,0.11404410293905087,0.30413497531460676
rolling_60d,60d,cap25,7,2025-06-21,2025-08-19,60,0.38848462120349536,0.09218119570275363,0.29630342550074174
rolling_60d,60d,cap25,7,2025-06-22,2025-08-20,60,0.4498083333910703,0.1140484651761573,0.335759868214913
rolling_60d,60d,cap25,7,2025-06-23,2025-08-21,60,0.4781825986985231,0.12001476318573556,0.3581678355127875
rolling_60d,60d,cap25,7,2025-06-24,2025-08-22,60,0.46047882162074405,0.10248130639722297,0.3579975152235211
rolling_60d,60d,cap25,7,2025-06-25,2025-08-23,60,0.44780166261728227,0.09671770926320922,0.35108395335407305
rolling_60d,60d,cap25,7,2025-06-26,2025-08-24,60,0.41962087281173477,0.06914821447954855,0.3504726583321862
rolling_60d,60d,cap25,7,2025-06-27,2025-08-25,60,0.44789042233127874,0.06147820163489093,0.3864122206963878
rolling_60d,60d,cap25,7,2025-06-28,2025-08-26,60,0.4585744590865355,0.06614084277004828,0.3924336163164872
rolling_60d,60d,cap25,7,2025-06-29,2025-08-27,60,0.4382146790524095,0.057313112370401376,0.38090156668200814
rolling_60d,60d,cap25,7,2025-06-30,2025-08-28,60,0.4388016024434922,0.05841462426029076,0.38038697818320144
rolling_60d,60d,cap25,7,2025-07-01,2025-08-29,60,0.4207301378810724,0.04448503660162495,0.37624510127944744
rolling_60d,60d,cap25,7,2025-07-02,2025-08-30,60,0.43480357577090145,0.04598556747928506,0.3888180082916164
rolling_60d,60d,cap25,7,2025-07-03,2025-08-31,60,0.3178972106023228,0.022642814517454868,0.2952543960848679
rolling_60d,60d,cap25,7,2025-07-04,2025-09-01,60,0.3013496633089632,0.024315701091531805,0.2770339622174314
rolling_60d,60d,cap25,7,2025-07-05,2025-09-02,60,0.367728634596294,0.04870870180045461,0.3190199327958394
rolling_60d,60d,cap25,7,2025-07-06,2025-09-03,60,0.3725921890899184,0.04527604215868686,0.32731614693123157
rolling_60d,60d,cap25,7,2025-07-07,2025-09-04,60,0.35474776483491177,0.04795670079468195,0.3067910640402298
rolling_60d,60d,cap25,7,2025-07-08,2025-09-05,60,0.3623942608942725,0.046340310600956114,0.3160539502933164
rolling_60d,60d,cap25,7,2025-07-09,2025-09-06,60,0.30922564751376536,0.04059903981012991,0.26862660770363544
rolling_60d,60d,cap25,7,2025-07-10,2025-09-07,60,0.2855073582661871,0.027003928687378664,0.25850342957880845
rolling_60d,60d,cap25,7,2025-07-11,2025-09-08,60,0.2612775530774394,-0.003008815638165685,0.26428636871560507
rolling_60d,60d,cap25,7,2025-07-12,2025-09-09,60,0.2173486729958356,-0.01771142140160953,0.23506009439744513
rolling_60d,60d,cap25,7,2025-07-13,2025-09-10,60,0.14250047389872877,-0.006667084011507396,0.14916755791023617
rolling_60d,60d,cap25,7,2025-07-14,2025-09-11,60,0.17047009529277446,-0.0066679862434029236,0.17713808153617738
rolling_60d,60d,cap25,7,2025-07-15,2025-09-12,60,0.18968546889351434,-0.016978944156231912,0.20666441304974625
rolling_60d,60d,cap25,7,2025-07-16,2025-09-13,60,0.177035552402945,-0.0013741986432039832,0.17840975104614898
rolling_60d,60d,cap25,7,2025-07-17,2025-09-14,60,0.16744315147509226,-0.005831265508678851,0.1732744169837711
rolling_60d,60d,cap25,7,2025-07-18,2025-09-15,60,0.12786587203431066,-0.010716727333191955,0.1385825993675026
rolling_60d,60d,cap25,7,2025-07-19,2025-09-16,60,0.12476862155750235,0.0072363031551854196,0.11753231840231693
rolling_60d,60d,cap25,7,2025-07-20,2025-09-17,60,0.11826621038159768,-9.911048340638384e-05,0.11836532086500406
rolling_60d,60d,cap25,7,2025-07-21,2025-09-18,60,0.10183546192416548,0.015950628708635284,0.0858848332155302
rolling_60d,60d,cap25,7,2025-07-22,2025-09-19,60,0.06318740202608408,0.01307001705599875,0.05011738497008533
rolling_60d,60d,cap25,7,2025-07-23,2025-09-20,60,0.04410883900668727,-0.00221494844091763,0.0463237874476049
rolling_60d,60d,cap25,7,2025-07-24,2025-09-21,60,0.059562655838369505,-0.003228414990208206,0.06279107082857771
rolling_60d,60d,cap25,7,2025-07-25,2025-09-22,60,0.03694579288036315,-0.002042856521922487,0.038988649402285636
rolling_60d,60d,cap25,7,2025-07-26,2025-09-23,60,0.04946292973529243,-0.0035705368289622452,0.05303346656425467
rolling_60d,60d,cap25,7,2025-07-27,2025-09-24,60,0.03239390314145196,-0.0013543990009740048,0.03374830214242597
rolling_60d,60d,cap25,7,2025-07-28,2025-09-25,60,-0.00073579479044239,-0.027284021994513408,0.026548227204071018
rolling_60d,60d,cap25,7,2025-07-29,2025-09-26,60,0.0021746061259022564,-0.026796649495636093,0.02897125562153835
rolling_60d,60d,cap25,7,2025-07-30,2025-09-27,60,0.015380464710722075,-0.032886193801290875,0.04826665851201295
rolling_60d,60d,cap25,7,2025-07-31,2025-09-28,60,0.027200555480650257,-0.014394222693577596,0.04159477817422785
rolling_60d,60d,cap25,7,2025-08-01,2025-09-29,60,0.03036152114039825,0.011768137890800334,0.018593383249597917
rolling_60d,60d,cap25,7,2025-08-02,2025-09-30,60,0.07012897369947368,0.030361323799281914,0.03976764990019177
rolling_60d,60d,cap25,7,2025-08-03,2025-10-01,60,0.12295056901459223,0.07054136991175874,0.05240919910283348
rolling_60d,60d,cap25,7,2025-08-04,2025-10-02,60,0.1079505132805394,0.06520111787603966,0.042749395404499735
rolling_60d,60d,cap25,7,2025-08-05,2025-10-03,60,0.049699384572888805,0.08192703461178996,-0.03222765003890116
rolling_60d,60d,cap25,7,2025-08-06,2025-10-04,60,0.03954433727837614,0.09366757915526125,-0.05412324187688511
rolling_60d,60d,cap25,7,2025-08-07,2025-10-05,60,0.05373118135246635,0.10644374999999973,-0.052712568647533375
rolling_60d,60d,cap25,7,2025-08-08,2025-10-06,60,-0.004804825452693784,0.09775262852271682,-0.1025574539754106
rolling_60d,60d,cap25,7,2025-08-09,2025-10-07,60,-0.03391092466082135,0.0976394782728307,-0.13155040293365206
rolling_60d,60d,cap25,7,2025-08-10,2025-10-08,60,-0.04080815313064923,0.11178898595612918,-0.1525971390867784
rolling_60d,60d,cap25,7,2025-08-11,2025-10-09,60,-0.032531639177316274,0.08551812522885549,-0.11804976440617176
rolling_60d,60d,cap25,7,2025-08-12,2025-10-10,60,-0.1157268290391924,0.04659301865546728,-0.16231984769465968
rolling_60d,60d,cap25,7,2025-08-13,2025-10-11,60,-0.14324999754381118,0.03682609224778166,-0.18007608979159284
rolling_60d,60d,cap25,7,2025-08-14,2025-10-12,60,-0.12529780809821223,0.03394558713315421,-0.15924339523136644
rolling_60d,60d,cap25,7,2025-08-15,2025-10-13,60,-0.09936530965721968,0.043174209698095156,-0.14253951935531484
rolling_60d,60d,cap25,7,2025-08-16,2025-10-14,60,-0.11897424825123648,0.0383561142075719,-0.15733036245880838
rolling_60d,60d,cap25,7,2025-08-17,2025-10-15,60,-0.133860977050814,0.034245903247962284,-0.1681068802987763
rolling_60d,60d,cap25,7,2025-08-18,2025-10-16,60,-0.15102072120221932,0.013060078813990739,-0.16408080001621006
rolling_60d,60d,cap25,7,2025-08-19,2025-10-17,60,-0.15319989708459503,0.013163027124751814,-0.16636292420934684
rolling_60d,60d,cap25,7,2025-08-20,2025-10-18,60,-0.12196943030486096,0.040604553864931336,-0.1625739841697923
rolling_60d,60d,cap25,7,2025-08-21,2025-10-19,60,-0.13432906308787385,0.03530904044558314,-0.16963810353345699
rolling_60d,60d,cap25,7,2025-08-22,2025-10-20,60,-0.11764253424089666,0.05171736375157776,-0.16935989799247442
rolling_60d,60d,cap25,7,2025-08-23,2025-10-21,60,-0.16288042059634178,0.012087891630927272,-0.17496831222726905
rolling_60d,60d,cap25,7,2025-08-24,2025-10-22,60,-0.16718000021013002,0.02082459380771562,-0.18800459401784564
rolling_60d,60d,cap25,7,2025-08-25,2025-10-23,60,-0.15333346524122615,0.05140195810939585,-0.204735423350622
rolling_60d,60d,cap25,7,2025-08-26,2025-10-24,60,-0.1371764395839946,0.06398844858013097,-0.2011648881641256
rolling_60d,60d,cap25,7,2025-08-27,2025-10-25,60,-0.1447204578468969,0.06170569949508553,-0.20642615734198244
rolling_60d,60d,cap25,7,2025-08-28,2025-10-26,60,-0.12510155682291613,0.08977629828608191,-0.21487785510899804
rolling_60d,60d,cap25,7,2025-08-29,2025-10-27,60,-0.1351362561789149,0.07802776448060578,-0.21316402065952067
rolling_60d,60d,cap25,7,2025-08-30,2025-10-28,60,-0.11655826526230062,0.1051939513477902,-0.2217522166100908
rolling_60d,60d,cap25,7,2025-08-31,2025-10-29,60,-0.12387715293654811,0.08305822971644927,-0.20693538265299738
rolling_60d,60d,cap25,7,2025-09-01,2025-10-30,60,-0.13682196302239613,0.0892223629503246,-0.22604432597272073
rolling_60d,60d,cap25,7,2025-09-02,2025-10-31,60,-0.11872513590290101,0.07760910193775539,-0.1963342378406564
rolling_60d,60d,cap25,7,2025-09-03,2025-11-01,60,-0.1384273815241217,0.058078918165620275,-0.19650629968974198
rolling_60d,60d,cap25,7,2025-09-04,2025-11-02,60,-0.14594148440566135,0.058710751910753034,-0.20465223631641438
rolling_60d,60d,cap25,7,2025-09-05,2025-11-03,60,-0.20716759766485526,0.019539741957058654,-0.22670733962191392
rolling_60d,60d,cap25,7,2025-09-06,2025-11-04,60,-0.23997978302386036,-0.011699566993418009,-0.22828021603044235
rolling_60d,60d,cap25,7,2025-09-07,2025-11-05,60,-0.22336470289774712,0.010866677466379038,-0.23423138036412616
rolling_60d,60d,cap25,7,2025-09-08,2025-11-06,60,-0.21543099047952818,-0.02328776843830871,-0.19214322204121947
rolling_60d,60d,cap25,7,2025-09-09,2025-11-07,60,-0.18158913230524443,-0.013455586951930387,-0.16813354535331404
rolling_60d,60d,cap25,7,2025-09-10,2025-11-08,60,-0.18665894561542318,-0.018384695079186275,-0.1682742505362369
rolling_60d,60d,cap25,7,2025-09-11,2025-11-09,60,-0.18633540078353217,-0.020954781786678978,-0.1653806189968532
rolling_60d,60d,cap25,7,2025-09-12,2025-11-10,60,-0.19190760186273603,-0.022516968678005567,-0.16939063318473047
rolling_60d,60d,cap25,7,2025-09-13,2025-11-11,60,-0.19696869380526894,-0.04090197928825523,-0.1560667145170137
rolling_60d,60d,cap25,7,2025-09-14,2025-11-12,60,-0.19586103783568032,-0.045448318804485965,-0.15041271903119435
rolling_60d,60d,cap25,7,2025-09-15,2025-11-13,60,-0.2364509707491501,-0.05628353924872154,-0.18016743150042858
rolling_60d,60d,cap25,7,2025-09-16,2025-11-14,60,-0.25087442931377146,-0.1040822298176497,-0.14679219949612177
rolling_60d,60d,cap25,7,2025-09-17,2025-11-15,60,-0.255268864919559,-0.11111042649940717,-0.14415843842015186
rolling_60d,60d,cap25,7,2025-09-18,2025-11-16,60,-0.28263878415793975,-0.1306839301201853,-0.15195485403775444
rolling_60d,60d,cap25,7,2025-09-19,2025-11-17,60,-0.29704667872755464,-0.15202914784407318,-0.14501753088348146
rolling_60d,60d,cap25,7,2025-09-20,2025-11-18,60,-0.2837231077159509,-0.1506231768761609,-0.13309993083979
rolling_60d,60d,cap25,7,2025-09-21,2025-11-19,60,-0.30080230996294666,-0.15775842932195538,-0.14304388064099127
rolling_60d,60d,cap25,7,2025-09-22,2025-11-20,60,-0.31450833341231954,-0.19408456984319644,-0.1204237635691231
rolling_60d,60d,cap25,7,2025-09-23,2025-11-21,60,-0.30873198294141035,-0.20323544051766973,-0.10549654242374062
rolling_60d,60d,cap25,7,2025-09-24,2025-11-22,60,-0.3016885808270734,-0.2023517177437526,-0.09933686308332079
rolling_60d,60d,cap25,7,2025-09-25,2025-11-23,60,-0.2848450891464739,-0.17927820877322798,-0.10556688037324591
rolling_60d,60d,cap25,7,2025-09-26,2025-11-24,60,-0.2686083147602786,-0.16217515017388362,-0.10643316458639496
rolling_60d,60d,cap25,7,2025-09-27,2025-11-25,60,-0.24663034867740186,-0.17344067185651812,-0.07318967682088373
rolling_60d,60d,cap25,7,2025-09-28,2025-11-26,60,-0.2408802252707748,-0.1421676979688522,-0.09871252730192259
rolling_60d,60d,cap25,7,2025-09-29,2025-11-27,60,-0.2321883277781932,-0.14793528764158015,-0.08425304013661306
rolling_60d,60d,cap25,7,2025-09-30,2025-11-28,60,-0.22845844210620847,-0.16386825267316174,-0.06459018943304673
rolling_60d,60d,cap25,7,2025-10-01,2025-11-29,60,-0.19892926839828495,-0.16478124155550267,-0.034148026842782286
rolling_60d,60d,cap25,7,2025-10-02,2025-11-30,60,-0.24919417827645207,-0.19406528189910688,-0.05512889637734519
rolling_60d,60d,cap25,7,2025-10-03,2025-12-01,60,-0.30712509665610077,-0.24350535266696027,-0.0636197439891405
rolling_60d,60d,cap25,7,2025-10-04,2025-12-02,60,-0.28622907494049465,-0.21642543821726945,-0.0698036367232252
rolling_60d,60d,cap25,7,2025-10-05,2025-12-03,60,-0.2726115396733213,-0.20629868163141285,-0.06631285804190845
rolling_60d,60d,cap25,7,2025-10-06,2025-12-04,60,-0.2879622874306672,-0.2237517722884631,-0.0642105151422041
rolling_60d,60d,cap25,7,2025-10-07,2025-12-05,60,-0.305708715920192,-0.24763930625428632,-0.05806940966590568
rolling_60d,60d,cap25,7,2025-10-08,2025-12-06,60,-0.2869228315791469,-0.23927575015657576,-0.047647081422571125
rolling_60d,60d,cap25,7,2025-10-09,2025-12-07,60,-0.2974672151364568,-0.2412563257190633,-0.056210889417393495
rolling_60d,60d,cap25,7,2025-10-10,2025-12-08,60,-0.30170060976127777,-0.24103152249076398,-0.06066908727051379
rolling_60d,60d,cap25,7,2025-10-11,2025-12-09,60,-0.214406090746032,-0.20257633032857958,-0.011829760417452428
rolling_60d,60d,cap25,7,2025-10-12,2025-12-10,60,-0.20745105705117062,-0.1977381567209695,-0.009712900330201113
rolling_60d,60d,cap25,7,2025-10-13,2025-12-11,60,-0.24937997325744987,-0.2087051067428316,-0.04067486651461827
rolling_60d,60d,cap25,7,2025-10-14,2025-12-12,60,-0.2671923993526798,-0.21477037770464935,-0.05242202164803045
rolling_60d,60d,cap25,7,2025-10-15,2025-12-13,60,-0.24811728769137442,-0.20781351049444108,-0.040303777196933344
rolling_60d,60d,cap25,7,2025-10-16,2025-12-14,60,-0.25495604484184664,-0.21833491461100507,-0.03662113023084157
rolling_60d,60d,cap25,7,2025-10-17,2025-12-15,60,-0.2684733247114479,-0.21899576527525666,-0.049477559436191254
rolling_60d,60d,cap25,7,2025-10-18,2025-12-16,60,-0.25662104040606537,-0.20237840612567748,-0.05424263428038789
rolling_60d,60d,cap25,7,2025-10-19,2025-12-17,60,-0.2720062310829997,-0.21373709970120403,-0.05826913138179568
rolling_60d,60d,cap25,7,2025-10-20,2025-12-18,60,-0.29040295227607227,-0.22830161214017786,-0.06210134013589441
rolling_60d,60d,cap25,7,2025-10-21,2025-12-19,60,-0.2680889153366355,-0.20907321599652362,-0.05901569934011186
rolling_60d,60d,cap25,7,2025-10-22,2025-12-20,60,-0.2499908805049157,-0.1930766825463911,-0.05691419795852459
rolling_60d,60d,cap25,7,2025-10-23,2025-12-21,60,-0.25014415075641516,-0.19024662508202883,-0.05989752567438633
rolling_60d,60d,cap25,7,2025-10-24,2025-12-22,60,-0.2530835637599659,-0.20285210800110443,-0.050231455758861454
rolling_60d,60d,cap25,7,2025-10-25,2025-12-23,60,-0.2569051502577454,-0.2133103331805304,-0.04359481707721502
rolling_60d,60d,cap25,7,2025-10-26,2025-12-24,60,-0.2645381733653932,-0.2231287200144274,-0.0414094533509658
rolling_60d,60d,cap25,7,2025-10-27,2025-12-25,60,-0.2847151800754478,-0.24215852198679988,-0.04255665808864795
rolling_60d,60d,cap25,7,2025-10-28,2025-12-26,60,-0.2777334702735911,-0.24126110124333655,-0.036472369030254526
rolling_60d,60d,cap25,7,2025-10-29,2025-12-27,60,-0.2645591379648742,-0.23636525877453518,-0.028193879190339
rolling_60d,60d,cap25,7,2025-10-30,2025-12-28,60,-0.2565848486104757,-0.22166384775439596,-0.03492100085607974
rolling_60d,60d,cap25,7,2025-10-31,2025-12-29,60,-0.2409503403751191,-0.22591289313152918,-0.015037447243589908
rolling_60d,60d,cap25,7,2025-11-01,2025-12-30,60,-0.2391693099977351,-0.2180307916996218,-0.021138518298113307
rolling_60d,60d,cap25,7,2025-11-02,2025-12-31,60,-0.2533694575581894,-0.21931974780179364,-0.03404970975639576
rolling_60d,60d,cap25,7,2025-11-03,2026-01-01,60,-0.23925715731606634,-0.21463108281962795,-0.024626074496438388
rolling_60d,60d,cap25,7,2025-11-04,2026-01-02,60,-0.15773664514494234,-0.17891569305306287,0.02117904790812053
rolling_60d,60d,cap25,7,2025-11-05,2026-01-03,60,-0.1202205569141479,-0.14410708455761723,0.023886527643469324
rolling_60d,60d,cap25,7,2025-11-06,2026-01-04,60,-0.12338715701902958,-0.15073524698400453,0.027348089964974953
rolling_60d,60d,cap25,7,2025-11-07,2026-01-05,60,-0.11445947784473742,-0.10057659157105714,-0.013882886273680284
rolling_60d,60d,cap25,7,2025-11-08,2026-01-06,60,-0.15339244978201938,-0.11580902649233882,-0.03758342328968056
rolling_60d,60d,cap25,7,2025-11-09,2026-01-07,60,-0.1468995388545825,-0.12838263058526744,-0.01851690826931507
rolling_60d,60d,cap25,7,2025-11-10,2026-01-08,60,-0.16047309846430002,-0.1425812681042743,-0.01789183036002573
rolling_60d,60d,cap25,7,2025-11-11,2026-01-09,60,-0.16404090193874044,-0.14922216418004974,-0.014818737758690692
rolling_60d,60d,cap25,7,2025-11-12,2026-01-10,60,-0.17413421790579064,-0.13560978767477672,-0.03852443023101393
rolling_60d,60d,cap25,7,2025-11-13,2026-01-11,60,-0.19304297740413845,-0.12727249006855312,-0.06577048733558533
rolling_60d,60d,cap25,7,2025-11-14,2026-01-12,60,-0.15649210071068032,-0.11001719121925013,-0.04647490949143018
rolling_60d,60d,cap25,7,2025-11-15,2026-01-13,60,-0.09256266407013447,-0.027163753865394602,-0.06539891020473987
rolling_60d,60d,cap25,7,2025-11-16,2026-01-14,60,-0.08721839437277212,-0.015492323155297139,-0.07172607121747498
rolling_60d,60d,cap25,7,2025-11-17,2026-01-15,60,-0.07739094968324356,0.004126135756283844,-0.0815170854395274
rolling_60d,60d,cap25,7,2025-11-18,2026-01-16,60,-0.05874651402143072,0.023370590796929713,-0.08211710481836043
rolling_60d,60d,cap25,7,2025-11-19,2026-01-17,60,-0.06637148295353124,0.02011921962695329,-0.08649070258048452
rolling_60d,60d,cap25,7,2025-11-20,2026-01-18,60,-0.06427114994326677,0.014759715348350744,-0.07903086529161751
rolling_60d,60d,cap25,7,2025-11-21,2026-01-19,60,-0.0583163767825744,0.05312134997233886,-0.11143772675491326
rolling_60d,60d,cap25,7,2025-11-22,2026-01-20,60,-0.062019260529776465,0.029612044730435994,-0.09163130526021246
rolling_60d,60d,cap25,7,2025-11-23,2026-01-21,60,-0.059416423923270734,0.040651236579834826,-0.10006766050310556
rolling_60d,60d,cap25,7,2025-11-24,2026-01-22,60,-0.08657153615884372,0.007383150649632464,-0.09395468680847618
rolling_60d,60d,cap25,7,2025-11-25,2026-01-23,60,-0.09423471058515032,-0.003932016120507753,-0.09030269446464256
rolling_60d,60d,cap25,7,2025-11-26,2026-01-24,60,-0.11339207047573607,0.007536169789522873,-0.12092824026525895
rolling_60d,60d,cap25,7,2025-11-27,2026-01-25,60,-0.13757900302683235,-0.05141608339977777,-0.08616291962705458
rolling_60d,60d,cap25,7,2025-11-28,2026-01-26,60,-0.15000474831030164,-0.05432552978705929,-0.09567921852324235
rolling_60d,60d,cap25,7,2025-11-29,2026-01-27,60,-0.14414182656935226,-0.04853371680961294,-0.09560810975973932
rolling_60d,60d,cap25,7,2025-11-30,2026-01-28,60,-0.18016126304643976,-0.050861416060645426,-0.12929984698579433
rolling_60d,60d,cap25,7,2025-12-01,2026-01-29,60,-0.18649400116963466,-0.08510309278350325,-0.1013909083861314
rolling_60d,60d,cap25,7,2025-12-02,2026-01-30,60,-0.14536343425812437,-0.03143772837059311,-0.11392570588753126
rolling_60d,60d,cap25,7,2025-12-03,2026-01-31,60,-0.17415703742239164,-0.1348021185817233,-0.03935491884066833
rolling_60d,60d,cap25,7,2025-12-04,2026-02-01,60,-0.21873105806243875,-0.1830094535924328,-0.03572160447000594
rolling_60d,60d,cap25,7,2025-12-05,2026-02-02,60,-0.18997152125280425,-0.1490903798573684,-0.04088114139543586
rolling_60d,60d,cap25,7,2025-12-06,2026-02-03,60,-0.19640666900763293,-0.1629966491144067,-0.03341001989322623
rolling_60d,60d,cap25,7,2025-12-07,2026-02-04,60,-0.2101500283482639,-0.19202730416298264,-0.01812272418528127
rolling_60d,60d,cap25,7,2025-12-08,2026-02-05,60,-0.31620628595062206,-0.31078030039455184,-0.005425985556070212
rolling_60d,60d,cap25,7,2025-12-09,2026-02-06,60,-0.2331512199847222,-0.22511111111110638,-0.008040108873615837
rolling_60d,60d,cap25,7,2025-12-10,2026-02-07,60,-0.24362427770288309,-0.25253615525426854,0.00891187755138545
rolling_60d,60d,cap25,7,2025-12-11,2026-02-08,60,-0.2294057003014346,-0.23479323184514345,0.005387531543708857
rolling_60d,60d,cap25,7,2025-12-12,2026-02-09,60,-0.2233850206474255,-0.24697201017811332,0.02358698953068783
rolling_60d,60d,cap25,7,2025-12-13,2026-02-10,60,-0.22096195039565592,-0.24239727043464665,0.021435320038990735
rolling_60d,60d,cap25,7,2025-12-14,2026-02-11,60,-0.24242410697660643,-0.26406566574886614,0.021641558772259706
rolling_60d,60d,cap25,7,2025-12-15,2026-02-12,60,-0.21996221602364763,-0.2627143073888588,0.04275209136521119
rolling_60d,60d,cap25,7,2025-12-16,2026-02-13,60,-0.14972929955765835,-0.21925639039503697,0.06952709083737862
rolling_60d,60d,cap25,7,2025-12-17,2026-02-14,60,-0.11937953265003232,-0.21208685125878424,0.09270731860875192
rolling_60d,60d,cap25,7,2025-12-18,2026-02-15,60,-0.12234450807723452,-0.20732986734431902,0.0849853592670845
rolling_60d,60d,cap25,7,2025-12-19,2026-02-16,60,-0.0993218104197745,-0.1990442731052412,0.0997224626854667
rolling_60d,60d,cap25,7,2025-12-20,2026-02-17,60,-0.15233042156356114,-0.2381173674226501,0.08578694585908897
rolling_60d,60d,cap25,7,2025-12-21,2026-02-18,60,-0.16739237287397313,-0.25065724489020147,0.08326487201622834
rolling_60d,60d,cap25,7,2025-12-22,2026-02-19,60,-0.18509636395499363,-0.2520848640009681,0.06698850004597445
rolling_60d,60d,cap25,7,2025-12-23,2026-02-20,60,-0.18777244332530973,-0.24213976939790338,0.05436732607259365
rolling_60d,60d,cap25,7,2025-12-24,2026-02-21,60,-0.1890414089269562,-0.2334202254082579,0.04437881648130171
rolling_60d,60d,cap25,7,2025-12-25,2026-02-22,60,-0.19734295756052822,-0.22976852890873045,0.03242557134820223
rolling_60d,60d,cap25,7,2025-12-26,2026-02-23,60,-0.2211622072152457,-0.2576684252299284,0.03650621801468268
rolling_60d,60d,cap25,7,2025-12-27,2026-02-24,60,-0.22895977962006875,-0.2677232327488599,0.03876345312879115
rolling_60d,60d,cap25,7,2025-12-28,2026-02-25,60,-0.21210066106175063,-0.23839460297427606,0.02629394191252543
rolling_60d,60d,cap25,7,2025-12-29,2026-02-26,60,-0.20795100412007206,-0.23804052152705235,0.030089517406980293
rolling_60d,60d,cap25,7,2025-12-30,2026-02-27,60,-0.21047128824988526,-0.24357845064883432,0.033107162398949064
rolling_60d,60d,cap25,7,2025-12-31,2026-02-28,60,-0.21276306161893122,-0.23963237640173352,0.0268693147828023
rolling_60d,60d,cap25,7,2026-01-01,2026-03-01,60,-0.2080920277414905,-0.2498164492696986,0.0417244215282081
rolling_60d,60d,cap25,7,2026-01-02,2026-03-02,60,-0.19652293400776077,-0.21779264941073695,0.021269715402976175
rolling_60d,60d,cap25,7,2026-01-03,2026-03-03,60,-0.21122755050958353,-0.22941876992815768,0.018191219418574156
rolling_60d,60d,cap25,7,2026-01-04,2026-03-04,60,-0.20054991815139067,-0.19566676838571162,-0.004883149765679051
rolling_60d,60d,cap25,7,2026-01-05,2026-03-05,60,-0.20863287947412235,-0.21596081124940258,0.007327931775280239
rolling_60d,60d,cap25,7,2026-01-06,2026-03-06,60,-0.2413387123097689,-0.25968761703345866,0.018348904723689774
rolling_60d,60d,cap25,7,2026-01-07,2026-03-07,60,-0.25093052000693006,-0.2699319807842002,0.019001460777270163
rolling_60d,60d,cap25,7,2026-01-08,2026-03-08,60,-0.2707173462976301,-0.2640944645005976,-0.0066228817970325204
rolling_60d,60d,cap25,7,2026-01-09,2026-03-09,60,-0.2592859494133499,-0.2458333333333278,-0.013452616080022128
rolling_60d,60d,cap25,7,2026-01-10,2026-03-10,60,-0.24478509732018372,-0.23349307375514317,-0.011292023565040554
rolling_60d,60d,cap25,7,2026-01-11,2026-03-11,60,-0.24642641413996713,-0.22996907085245366,-0.01645734328751347
rolling_60d,60d,cap25,7,2026-01-12,2026-03-12,60,-0.2274613895674672,-0.22864937588757983,0.0011879863201126328
rolling_60d,60d,cap25,7,2026-01-13,2026-03-13,60,-0.21574289298666371,-0.22450056091707826,0.008757667930414548
rolling_60d,60d,cap25,7,2026-01-14,2026-03-14,60,-0.22387548114683464,-0.2486928197948468,0.024817338648012166
rolling_60d,60d,cap25,7,2026-01-15,2026-03-15,60,-0.21792027487094956,-0.24593395761458625,0.028013682743636692
rolling_60d,60d,cap25,7,2026-01-16,2026-03-16,60,-0.1725830663065122,-0.22049764378583558,0.04791457747932337
rolling_60d,60d,cap25,7,2026-01-17,2026-03-17,60,-0.17694169643777924,-0.22619148936169797,0.049249792923918734
rolling_60d,60d,cap25,7,2026-01-18,2026-03-18,60,-0.2044788870573473,-0.24635587188611752,0.041876984828770225
rolling_60d,60d,cap25,7,2026-01-19,2026-03-19,60,-0.2014401757730575,-0.24909093532653526,0.04765075955347775
rolling_60d,60d,cap25,7,2026-01-20,2026-03-20,60,-0.17690517588580545,-0.23093200242248668,0.05402682653668123
rolling_60d,60d,cap25,7,2026-01-21,2026-03-21,60,-0.1565746034721559,-0.21429979976942726,0.05772519629727135
rolling_60d,60d,cap25,7,2026-01-22,2026-03-22,60,-0.18051883935967794,-0.22936084466011852,0.04884200530044058
rolling_60d,60d,cap25,7,2026-01-23,2026-03-23,60,-0.1676095026206914,-0.20520557428364772,0.03759607166295631
rolling_60d,60d,cap25,7,2026-01-24,2026-03-24,60,-0.1630807287327648,-0.20293830172524574,0.03985757299248094
rolling_60d,60d,cap25,7,2026-01-25,2026-03-25,60,-0.15969661616618225,-0.19121711925156115,0.031520503085378904
rolling_60d,60d,cap25,7,2026-01-26,2026-03-26,60,-0.16283595167669795,-0.19286270236612446,0.030026750689426507
rolling_60d,60d,cap25,7,2026-01-27,2026-03-27,60,-0.17439333884979458,-0.22025210927307926,0.04585877042328468
rolling_60d,60d,cap25,7,2026-01-28,2026-03-28,60,-0.17768601897523706,-0.22200459585755372,0.04431857688231666
rolling_60d,60d,cap25,7,2026-01-29,2026-03-29,60,-0.17626292194544513,-0.22128912302447634,0.045026201079031214
rolling_60d,60d,cap25,7,2026-01-30,2026-03-30,60,-0.13280281952193518,-0.1832135412055359,0.05041072168360072
rolling_90d,90d,cap25,7,2025-03-01,2025-05-29,90,-0.03036142481857451,0.18382134393702776,-0.21418276875560227
rolling_90d,90d,cap25,7,2025-03-02,2025-05-30,90,-0.0784717630149353,0.1473031956352382,-0.2257749586501735
rolling_90d,90d,cap25,7,2025-03-03,2025-05-31,90,-0.15135351986281287,0.03542777941115527,-0.18678129927396814
rolling_90d,90d,cap25,7,2025-03-04,2025-06-01,90,-0.04927647304677474,0.1485883757655222,-0.19786484881229693
rolling_90d,90d,cap25,7,2025-03-05,2025-06-02,90,0.002654701350232047,0.1363950329245316,-0.13374033157429954
rolling_90d,90d,cap25,7,2025-03-06,2025-06-03,90,-0.034185832434639796,0.0885931840023717,-0.1227790164370115
rolling_90d,90d,cap25,7,2025-03-07,2025-06-04,90,-0.04197466124903371,0.08533696066488572,-0.12731162191391943
rolling_90d,90d,cap25,7,2025-03-08,2025-06-05,90,-0.06730592486496756,0.09470674600108886,-0.16201267086605642
rolling_90d,90d,cap25,7,2025-03-09,2025-06-06,90,-0.06473574564074014,0.12947956199838617,-0.1942153076391263
rolling_90d,90d,cap25,7,2025-03-10,2025-06-07,90,-0.006713526873943443,0.20962922609614965,-0.2163427529700931
rolling_90d,90d,cap25,7,2025-03-11,2025-06-08,90,0.009347404391936154,0.23689862725289812,-0.22755122286096197
rolling_90d,90d,cap25,7,2025-03-12,2025-06-09,90,0.0017211589631680457,0.21960113775415202,-0.21787997879098397
rolling_90d,90d,cap25,7,2025-03-13,2025-06-10,90,-0.00644138862773469,0.2144907205856279,-0.2209321092133626
rolling_90d,90d,cap25,7,2025-03-14,2025-06-11,90,0.00802687233536803,0.24538524276369889,-0.23735837042833086
rolling_90d,90d,cap25,7,2025-03-15,2025-06-12,90,-0.03723597934849121,0.1734596774193593,-0.21069565676785051
rolling_90d,90d,cap25,7,2025-03-16,2025-06-13,90,-0.05516154425923392,0.18593260345925455,-0.24109414771848847
rolling_90d,90d,cap25,7,2025-03-17,2025-06-14,90,-0.0478568163573887,0.20377405032067863,-0.25163086667806733
rolling_90d,90d,cap25,7,2025-03-18,2025-06-15,90,-0.06302148219085146,0.18776659828726316,-0.25078808047811463
rolling_90d,90d,cap25,7,2025-03-19,2025-06-16,90,-0.06078169008026957,0.20891817447096672,-0.2696998645512363
rolling_90d,90d,cap25,7,2025-03-20,2025-06-17,90,-0.09710464350948678,0.14038003261006415,-0.23748467611955093
rolling_90d,90d,cap25,7,2025-03-21,2025-06-18,90,-0.0861726206689859,0.17042253521126893,-0.25659515588025483
rolling_90d,90d,cap25,7,2025-03-22,2025-06-19,90,-0.07704568281539337,0.16448995983935832,-0.2415356426547517
rolling_90d,90d,cap25,7,2025-03-23,2025-06-20,90,-0.08291120821466114,0.1594589154152768,-0.24237012362993793
rolling_90d,90d,cap25,7,2025-03-24,2025-06-21,90,-0.10293263301415878,0.12589395419173854,-0.22882658720589732
rolling_90d,90d,cap25,7,2025-03-25,2025-06-22,90,-0.15318448455203115,0.0942990291262158,-0.24748351367824695
rolling_90d,90d,cap25,7,2025-03-26,2025-06-23,90,-0.12022237143050107,0.13387115541248407,-0.25409352684298514
rolling_90d,90d,cap25,7,2025-03-27,2025-06-24,90,-0.11289702210716801,0.13277846919726133,-0.24567549130442934
rolling_90d,90d,cap25,7,2025-03-28,2025-06-25,90,-0.1053666298996998,0.14536130536130898,-0.2507279352610088
rolling_90d,90d,cap25,7,2025-03-29,2025-06-26,90,-0.10822695458244413,0.16775779366960597,-0.2759847482520501
rolling_90d,90d,cap25,7,2025-03-30,2025-06-27,90,-0.08747434521005848,0.19099684711337028,-0.27847119232342876
rolling_90d,90d,cap25,7,2025-03-31,2025-06-28,90,-0.07466947516615285,0.19537037037037397,-0.2700398455365268
rolling_90d,90d,cap25,7,2025-04-01,2025-06-29,90,-0.052534551050523404,0.20162350840165488,-0.2541580594521783
rolling_90d,90d,cap25,7,2025-04-02,2025-06-30,90,0.001929144431795926,0.1496988023148409,-0.14776965788304497
rolling_90d,90d,cap25,7,2025-04-03,2025-07-01,90,0.0650881356573938,0.18152575774849833,-0.11643762209110453
rolling_90d,90d,cap25,7,2025-04-04,2025-07-02,90,0.17700736671088024,0.19607429637439866,-0.019066929663518417
rolling_90d,90d,cap25,7,2025-04-05,2025-07-03,90,0.18158700594346167,0.20674561680810988,-0.025158610864648212
rolling_90d,90d,cap25,7,2025-04-06,2025-07-04,90,0.14991477826589517,0.19873635375605936,-0.04882157549016419
rolling_90d,90d,cap25,7,2025-04-07,2025-07-05,90,0.2090961779183258,0.2614009702953386,-0.0523047923770128
rolling_90d,90d,cap25,7,2025-04-08,2025-07-06,90,0.19716257208133903,0.25666392796943516,-0.05950135588809613
rolling_90d,90d,cap25,7,2025-04-09,2025-07-07,90,0.20001394940878803,0.2920956203105842,-0.0920816709017962
rolling_90d,90d,cap25,7,2025-04-10,2025-07-08,90,0.1226391966279774,0.2203880778788947,-0.0977488812509173
rolling_90d,90d,cap25,7,2025-04-11,2025-07-09,90,0.18281564557486774,0.27985517568850504,-0.0970395301136373
rolling_90d,90d,cap25,7,2025-04-12,2025-07-10,90,0.20979535397219795,0.2874837563535193,-0.07768840238132135
rolling_90d,90d,cap25,7,2025-04-13,2025-07-11,90,0.23662570989860598,0.279173000420448,-0.04254729052184203
rolling_90d,90d,cap25,7,2025-04-14,2025-07-12,90,0.3507674638560847,0.3136513157894676,0.037116148066617116
rolling_90d,90d,cap25,7,2025-04-15,2025-07-13,90,0.3397263816378455,0.31546485703590776,0.024261524601937756
rolling_90d,90d,cap25,7,2025-04-16,2025-07-14,90,0.2987192112876551,0.3422956245340656,-0.043576413246410484
rolling_90d,90d,cap25,7,2025-04-17,2025-07-15,90,0.26137872025807596,0.3203477775405936,-0.05896905728251767
rolling_90d,90d,cap25,7,2025-04-18,2025-07-16,90,0.29843195814069046,0.31287464164711487,-0.014442683506424414
rolling_90d,90d,cap25,7,2025-04-19,2025-07-17,90,0.32432208570715737,0.32813356346473155,-0.0038114777575741776
rolling_90d,90d,cap25,7,2025-04-20,2025-07-18,90,0.32607697361325894,0.31175460162654156,0.014322371986717375
rolling_90d,90d,cap25,7,2025-04-21,2025-07-19,90,0.34557239044161925,0.31421872710398424,0.03135366333763501
rolling_90d,90d,cap25,7,2025-04-22,2025-07-20,90,0.37058934598956483,0.2668805449936602,0.10370880099590463
rolling_90d,90d,cap25,7,2025-04-23,2025-07-21,90,0.3479680041453075,0.1931405654821794,0.1548274386631281
rolling_90d,90d,cap25,7,2025-04-24,2025-07-22,90,0.3602645712848922,0.21037815939589288,0.14988641188899932
rolling_90d,90d,cap25,7,2025-04-25,2025-07-23,90,0.30183297651384056,0.20311177125881152,0.09872120525502903
rolling_90d,90d,cap25,7,2025-04-26,2025-07-24,90,0.2510668132797049,0.1796646669743056,0.07140214630539932
rolling_90d,90d,cap25,7,2025-04-27,2025-07-25,90,0.23540592825644913,0.17295611299037406,0.06244981526607507
rolling_90d,90d,cap25,7,2025-04-28,2025-07-26,90,0.291836482088792,0.1909684198064321,0.1008680622823599
rolling_90d,90d,cap25,7,2025-04-29,2025-07-27,90,0.2932495758085123,0.18806860115894297,0.10518097464956933
rolling_90d,90d,cap25,7,2025-04-30,2025-07-28,90,0.241250867842685,0.19174856975208754,0.049502298090597474
rolling_90d,90d,cap25,7,2025-05-01,2025-07-29,90,0.211001613489328,0.19949745420881215,0.011504159280515847
rolling_90d,90d,cap25,7,2025-05-02,2025-07-30,90,0.22348705485948894,0.17040847809084458,0.05307857676864436
rolling_90d,90d,cap25,7,2025-05-03,2025-07-31,90,0.1699384649218718,0.16201226108906797,0.007926203832803846
rolling_90d,90d,cap25,7,2025-05-04,2025-08-01,90,0.12716059990086892,0.14968535156959972,-0.022524751668730802
rolling_90d,90d,cap25,7,2025-05-05,2025-08-02,90,0.12401452929770773,0.16040253612503075,-0.036388006827323016
rolling_90d,90d,cap25,7,2025-05-06,2025-08-03,90,0.16743114840276063,0.18840536733633972,-0.020974218933579092
rolling_90d,90d,cap25,7,2025-05-07,2025-08-04,90,0.2696435969577722,0.16660603855947254,0.10303755839829964
rolling_90d,90d,cap25,7,2025-05-08,2025-08-05,90,0.2585110470081544,0.16110913563761997,0.09740191137053444
rolling_90d,90d,cap25,7,2025-05-09,2025-08-06,90,0.17985984969047242,0.10522425690937154,0.07463559278110088
rolling_90d,90d,cap25,7,2025-05-10,2025-08-07,90,0.238836606668702,0.1263428889507332,0.11249371771796879
rolling_90d,90d,cap25,7,2025-05-11,2025-08-08,90,0.2185862146815829,0.1036792296655964,0.1149069850159865
rolling_90d,90d,cap25,7,2025-05-12,2025-08-09,90,0.23869361112755882,0.10079943908658517,0.13789417204097365
rolling_90d,90d,cap25,7,2025-05-13,2025-08-10,90,0.22688802720861823,0.1308098409302636,0.09607818627835463
rolling_90d,90d,cap25,7,2025-05-14,2025-08-11,90,0.19380417818415885,0.12646554679465227,0.06733863138950658
rolling_90d,90d,cap25,7,2025-05-15,2025-08-12,90,0.22829725076409435,0.12726873636699731,0.10102851439709704
rolling_90d,90d,cap25,7,2025-05-16,2025-08-13,90,0.28785782527589854,0.15100023277148544,0.1368575925044131
rolling_90d,90d,cap25,7,2025-05-17,2025-08-14,90,0.252851814540785,0.12325971827909954,0.12959209626168544
rolling_90d,90d,cap25,7,2025-05-18,2025-08-15,90,0.2829285752790325,0.11709948443765295,0.16582909084137953
rolling_90d,90d,cap25,7,2025-05-19,2025-08-16,90,0.26719384337257823,0.0827810611594384,0.18441278221313984
rolling_90d,90d,cap25,7,2025-05-20,2025-08-17,90,0.2884700961656794,0.09821909325867084,0.19025100290700858
rolling_90d,90d,cap25,7,2025-05-21,2025-08-18,90,0.2598970756344108,0.07410387710314503,0.18579319853126575
rolling_90d,90d,cap25,7,2025-05-22,2025-08-19,90,0.22910831375551144,0.03152157516052845,0.197586738594983
rolling_90d,90d,cap25,7,2025-05-23,2025-08-20,90,0.22498624316204352,0.028301521295559073,0.19668472186648445
rolling_90d,90d,cap25,7,2025-05-24,2025-08-21,90,0.24964528020725618,0.05327094694265,0.19637433326460618
rolling_90d,90d,cap25,7,2025-05-25,2025-08-22,90,0.28776197354405575,0.07057065036870314,0.2171913231753526
rolling_90d,90d,cap25,7,2025-05-26,2025-08-23,90,0.28348036776162355,0.048425212356738134,0.23505515540488542
rolling_90d,90d,cap25,7,2025-05-27,2025-08-24,90,0.2806319328436089,0.0349897880779948,0.24564214476561408
rolling_90d,90d,cap25,7,2025-05-28,2025-08-25,90,0.26416774100468765,0.03029561698724037,0.23387212401744728
rolling_90d,90d,cap25,7,2025-05-29,2025-08-26,90,0.277055562259505,0.04217584800730245,0.23487971425220255
rolling_90d,90d,cap25,7,2025-05-30,2025-08-27,90,0.28281830392615204,0.05592123120352621,0.22689707272262583
rolling_90d,90d,cap25,7,2025-05-31,2025-08-28,90,0.34431723335064435,0.06437543733314288,0.27994179601750147
rolling_90d,90d,cap25,7,2025-06-01,2025-08-29,90,0.30462112270500485,0.028293276543969403,0.27632784616103545
rolling_90d,90d,cap25,7,2025-06-02,2025-08-30,90,0.28623783136438785,0.017819776800095832,0.268418054564292
rolling_90d,90d,cap25,7,2025-06-03,2025-08-31,90,0.22355594451355554,0.018457486324049865,0.20509845818950567
rolling_90d,90d,cap25,7,2025-06-04,2025-09-01,90,0.23016240289825718,0.035591562877761884,0.1945708400204953
rolling_90d,90d,cap25,7,2025-06-05,2025-09-02,90,0.28464194078882943,0.06734060061839564,0.2173013401704338
rolling_90d,90d,cap25,7,2025-06-06,2025-09-03,90,0.34860444973841664,0.09350161647820388,0.25510283326021277
rolling_90d,90d,cap25,7,2025-06-07,2025-09-04,90,0.3378729084370997,0.07054181900808487,0.26733108942901485
rolling_90d,90d,cap25,7,2025-06-08,2025-09-05,90,0.3272437311500056,0.05741424370006731,0.2698294874499383
rolling_90d,90d,cap25,7,2025-06-09,2025-09-06,90,0.31837146593871846,0.05921151971888117,0.2591599462198373
rolling_90d,90d,cap25,7,2025-06-10,2025-09-07,90,0.29555746920080583,0.03001328903655831,0.2655441801642475
rolling_90d,90d,cap25,7,2025-06-11,2025-09-08,90,0.29361059301286696,0.03601893217741048,0.2575916608354565
rolling_90d,90d,cap25,7,2025-06-12,2025-09-09,90,0.31072620829956277,0.038478244889511126,0.27224796341005164
rolling_90d,90d,cap25,7,2025-06-13,2025-09-10,90,0.36625657147193524,0.09048237566062456,0.2757741958113107
rolling_90d,90d,cap25,7,2025-06-14,2025-09-11,90,0.38793896311894116,0.09088315411213466,0.2970558090068065
rolling_90d,90d,cap25,7,2025-06-15,2025-09-12,90,0.4174119217498595,0.10016871238978009,0.31724320936007944
rolling_90d,90d,cap25,7,2025-06-16,2025-09-13,90,0.4353210473959346,0.10067850044548621,0.33464254695044837
rolling_90d,90d,cap25,7,2025-06-17,2025-09-14,90,0.43409401809602954,0.09324583364600247,0.34084818445002707
rolling_90d,90d,cap25,7,2025-06-18,2025-09-15,90,0.4225130643438535,0.10412026726058743,0.31839279708326607
rolling_90d,90d,cap25,7,2025-06-19,2025-09-16,90,0.43010317069329673,0.11602544266805292,0.3140777280252438
rolling_90d,90d,cap25,7,2025-06-20,2025-09-17,90,0.4181842422108153,0.11340263072583578,0.3047816114849795
rolling_90d,90d,cap25,7,2025-06-21,2025-09-18,90,0.43918044618334107,0.1283550580212447,0.31082538816209637
rolling_90d,90d,cap25,7,2025-06-22,2025-09-19,90,0.45473500396455324,0.13434955368386525,0.320385450280688
rolling_90d,90d,cap25,7,2025-06-23,2025-09-20,90,0.5126640206773565,0.1510458439502962,0.3616181767270603
rolling_90d,90d,cap25,7,2025-06-24,2025-09-21,90,0.4315835906158174,0.10469101680885662,0.3268925738069608
rolling_90d,90d,cap25,7,2025-06-25,2025-09-22,90,0.3723193086233776,0.10361875987091307,0.2687005487524645
rolling_90d,90d,cap25,7,2025-06-26,2025-09-23,90,0.3484425156262736,0.08289916422447186,0.26554335140180174
rolling_90d,90d,cap25,7,2025-06-27,2025-09-24,90,0.3978042898089835,0.09495231607630261,0.3028519737326809
rolling_90d,90d,cap25,7,2025-06-28,2025-09-25,90,0.378389151656626,0.07626034407666027,0.30212880757996574
rolling_90d,90d,cap25,7,2025-06-29,2025-09-26,90,0.3599627892964288,0.07443570195823113,0.28552708733819765
rolling_90d,90d,cap25,7,2025-06-30,2025-09-27,90,0.351979329318151,0.06662928635124388,0.28535004296690714
rolling_90d,90d,cap25,7,2025-07-01,2025-09-28,90,0.3834144290577026,0.10404334509896263,0.27937108395874
rolling_90d,90d,cap25,7,2025-07-02,2025-09-29,90,0.3875698459622592,0.12351039706663447,0.2640594488956247
rolling_90d,90d,cap25,7,2025-07-03,2025-09-30,90,0.27920691232403816,0.10418814083437966,0.1750187714896585
rolling_90d,90d,cap25,7,2025-07-04,2025-10-01,90,0.3245188524926408,0.13182199832074493,0.19269685417189586
rolling_90d,90d,cap25,7,2025-07-05,2025-10-02,90,0.38012890010809386,0.1553414480672881,0.22478745204080575
rolling_90d,90d,cap25,7,2025-07-06,2025-10-03,90,0.3912792366052833,0.1706117326351939,0.22066750397008938
rolling_90d,90d,cap25,7,2025-07-07,2025-10-04,90,0.3765992949618442,0.1794652305494009,0.1971340644124433
rolling_90d,90d,cap25,7,2025-07-08,2025-10-05,90,0.3844179178689757,0.19534773801486027,0.18907017985411545
rolling_90d,90d,cap25,7,2025-07-09,2025-10-06,90,0.350681290136569,0.19822796418168687,0.15245332595488215
rolling_90d,90d,cap25,7,2025-07-10,2025-10-07,90,0.29027798151527606,0.16356722162964976,0.1267107598856263
rolling_90d,90d,cap25,7,2025-07-11,2025-10-08,90,0.2675844383232362,0.13736425194838842,0.13022018637484778
rolling_90d,90d,cap25,7,2025-07-12,2025-10-09,90,0.2269136878084954,0.12433392539965094,0.10257976240884448
rolling_90d,90d,cap25,7,2025-07-13,2025-10-10,90,0.01799382397393834,0.07643670965319083,-0.05844288567925249
rolling_90d,90d,cap25,7,2025-07-14,2025-10-11,90,0.0172730335194633,0.05396244154688001,-0.036689408027416714
rolling_90d,90d,cap25,7,2025-07-15,2025-10-12,90,0.055886423556040565,0.06090326518157485,-0.005016841625534285
rolling_90d,90d,cap25,7,2025-07-16,2025-10-13,90,0.051793770242518855,0.06761554772076295,-0.015821777478244092
rolling_90d,90d,cap25,7,2025-07-17,2025-10-14,90,0.03165089860707826,0.05514888337469204,-0.023497984767613778
rolling_90d,90d,cap25,7,2025-07-18,2025-10-15,90,0.0026721500944488774,0.03866028590257886,-0.035988135808129984
rolling_90d,90d,cap25,7,2025-07-19,2025-10-16,90,-0.029117118807014064,0.025866991038407727,-0.05498410984542179
rolling_90d,90d,cap25,7,2025-07-20,2025-10-17,90,-0.05305550603208764,0.013646274684707471,-0.06670178071679511
rolling_90d,90d,cap25,7,2025-07-21,2025-10-18,90,-0.0666335058336418,0.02331005246012241,-0.08994355829376421
rolling_90d,90d,cap25,7,2025-07-22,2025-10-19,90,-0.08274653321755876,0.030069785894128787,-0.11281631911168755
rolling_90d,90d,cap25,7,2025-07-23,2025-10-20,90,-0.09972343487381408,0.021097383899786992,-0.12082081877360107
rolling_90d,90d,cap25,7,2025-07-24,2025-10-21,90,-0.09511644627664306,0.006802511126614563,-0.10191895740325763
rolling_90d,90d,cap25,7,2025-07-25,2025-10-22,90,-0.08891038368746185,0.012368906357695053,-0.1012792900451569
rolling_90d,90d,cap25,7,2025-07-26,2025-10-23,90,-0.06455246292660455,0.034344569288387694,-0.09889703221499224
rolling_90d,90d,cap25,7,2025-07-27,2025-10-24,90,-0.07730800466879917,0.030063930117980586,-0.10737193478677975
rolling_90d,90d,cap25,7,2025-07-28,2025-10-25,90,-0.09563202943446525,0.023027812972827633,-0.11865984240729288
rolling_90d,90d,cap25,7,2025-07-29,2025-10-26,90,-0.07274810560759293,0.04367226109808642,-0.11642036670567935
rolling_90d,90d,cap25,7,2025-07-30,2025-10-27,90,-0.06543964018288884,0.03454612274899471,-0.09998576293188355
rolling_90d,90d,cap25,7,2025-07-31,2025-10-28,90,-0.0680503497578191,0.03052335382936877,-0.09857370358718787
rolling_90d,90d,cap25,7,2025-08-01,2025-10-29,90,-0.06654747604627642,0.0201907977630591,-0.08673827380933552
rolling_90d,90d,cap25,7,2025-08-02,2025-10-30,90,-0.048350014174816325,0.0394102385622952,-0.08776025273711152
rolling_90d,90d,cap25,7,2025-08-03,2025-10-31,90,-0.027682991864553474,0.04404785351690421,-0.07173084538145769
rolling_90d,90d,cap25,7,2025-08-04,2025-11-01,90,-0.053996941605435333,0.023043716937818814,-0.07704065854325415
rolling_90d,90d,cap25,7,2025-08-05,2025-11-02,90,-0.11553675648458761,0.022806361085125904,-0.13834311756971351
rolling_90d,90d,cap25,7,2025-08-06,2025-11-03,90,-0.18889830598516988,-0.009287383907698787,-0.1796109220774711
rolling_90d,90d,cap25,7,2025-08-07,2025-11-04,90,-0.2118832268827504,-0.04281250000000181,-0.1690707268827486
rolling_90d,90d,cap25,7,2025-08-08,2025-11-05,90,-0.25081856499724287,-0.03629894117792476,-0.2145196238193181
rolling_90d,90d,cap25,7,2025-08-09,2025-11-06,90,-0.24483891577753858,-0.05374764854037539,-0.1910912672371632
rolling_90d,90d,cap25,7,2025-08-10,2025-11-07,90,-0.21889281234502245,-0.03854103571227563,-0.18035177663274682
rolling_90d,90d,cap25,7,2025-08-11,2025-11-08,90,-0.21925279058767877,-0.06905895276455565,-0.15019383782312312
rolling_90d,90d,cap25,7,2025-08-12,2025-11-09,90,-0.19249891322275925,-0.05444474877507044,-0.1380541644476888
rolling_90d,90d,cap25,7,2025-08-13,2025-11-10,90,-0.20340435866865858,-0.04482171108677058,-0.158582647581888
rolling_90d,90d,cap25,7,2025-08-14,2025-11-11,90,-0.20857886744378606,-0.08114345534790268,-0.12743541209588338
rolling_90d,90d,cap25,7,2025-08-15,2025-11-12,90,-0.1895266054938144,-0.0685829551185082,-0.12094365037530619
rolling_90d,90d,cap25,7,2025-08-16,2025-11-13,90,-0.23874788354369403,-0.07671833316036436,-0.16202955038332967
rolling_90d,90d,cap25,7,2025-08-17,2025-11-14,90,-0.27013803746295395,-0.11745044647237801,-0.15268759099057594
rolling_90d,90d,cap25,7,2025-08-18,2025-11-15,90,-0.26752475829569744,-0.11585534016878274,-0.1516694181269147
rolling_90d,90d,cap25,7,2025-08-19,2025-11-16,90,-0.28263617206004454,-0.1311844866976637,-0.15145168536238085
rolling_90d,90d,cap25,7,2025-08-20,2025-11-17,90,-0.27138071311294076,-0.12394371570454166,-0.1474369974083991
rolling_90d,90d,cap25,7,2025-08-21,2025-11-18,90,-0.2812890892278469,-0.13514514822513157,-0.14614394100271533
rolling_90d,90d,cap25,7,2025-08-22,2025-11-19,90,-0.28449219332511033,-0.1344233206590646,-0.15006887266604574
rolling_90d,90d,cap25,7,2025-08-23,2025-11-20,90,-0.32807062528863906,-0.19246926833506228,-0.13560135695357678
rolling_90d,90d,cap25,7,2025-08-24,2025-11-21,90,-0.34477182079734625,-0.1982218326393893,-0.14654998815795695
rolling_90d,90d,cap25,7,2025-08-25,2025-11-22,90,-0.3367012103061895,-0.1920926897671973,-0.1446085205389922
rolling_90d,90d,cap25,7,2025-08-26,2025-11-23,90,-0.3095840770467505,-0.15339643831221195,-0.15618763873453856
rolling_90d,90d,cap25,7,2025-08-27,2025-11-24,90,-0.30881666118186335,-0.154222758404989,-0.15459390277687435
rolling_90d,90d,cap25,7,2025-08-28,2025-11-25,90,-0.2876204732808012,-0.16005500967167718,-0.12756546360912402
rolling_90d,90d,cap25,7,2025-08-29,2025-11-26,90,-0.2866881422931473,-0.1355098133078061,-0.15117832898534123
rolling_90d,90d,cap25,7,2025-08-30,2025-11-27,90,-0.2523550265958481,-0.09934911242603728,-0.1530059141698108
rolling_90d,90d,cap25,7,2025-08-31,2025-11-28,90,-0.2538575880918277,-0.10189706182748148,-0.1519605262643462
rolling_90d,90d,cap25,7,2025-09-01,2025-11-29,90,-0.22244678197850465,-0.09818107066835868,-0.12426571131014597
rolling_90d,90d,cap25,7,2025-09-02,2025-11-30,90,-0.23582685463225395,-0.10947899931145588,-0.12634785532079806
rolling_90d,90d,cap25,7,2025-09-03,2025-12-01,90,-0.3008432710434761,-0.16658494412759273,-0.13425832691588335
rolling_90d,90d,cap25,7,2025-09-04,2025-12-02,90,-0.27651149728145474,-0.12246953108861902,-0.15404196619283572
rolling_90d,90d,cap25,7,2025-09-05,2025-12-03,90,-0.26087905982180526,-0.10669676738831091,-0.15418229243349435
rolling_90d,90d,cap25,7,2025-09-06,2025-12-04,90,-0.27645190839810496,-0.11320766892741974,-0.16324423947068523
rolling_90d,90d,cap25,7,2025-09-07,2025-12-05,90,-0.28372450609081834,-0.13367244451644122,-0.15005206157437712
rolling_90d,90d,cap25,7,2025-09-08,2025-12-06,90,-0.28427654371763544,-0.13812033518904443,-0.14615620852859101
rolling_90d,90d,cap25,7,2025-09-09,2025-12-07,90,-0.2939542741150821,-0.1344277210720891,-0.159526553042993
rolling_90d,90d,cap25,7,2025-09-10,2025-12-08,90,-0.2962138957577488,-0.13127972149471356,-0.16493417426303525
rolling_90d,90d,cap25,7,2025-09-11,2025-12-09,90,-0.30001801658511074,-0.13586261225776008,-0.16415540432735065
rolling_90d,90d,cap25,7,2025-09-12,2025-12-10,90,-0.3111838818876166,-0.14877016003487153,-0.16241372185274505
rolling_90d,90d,cap25,7,2025-09-13,2025-12-11,90,-0.3337991290892429,-0.14601286413191994,-0.18778626495732298
rolling_90d,90d,cap25,7,2025-09-14,2025-12-12,90,-0.34516636513341525,-0.16052303860523165,-0.1846433265281836
rolling_90d,90d,cap25,7,2025-09-15,2025-12-13,90,-0.3355732355616373,-0.1592225134156996,-0.17635072214593772
rolling_90d,90d,cap25,7,2025-09-16,2025-12-14,90,-0.3376563269124503,-0.17932052072243887,-0.15833580619001142
rolling_90d,90d,cap25,7,2025-09-17,2025-12-15,90,-0.3685574859030094,-0.20454965557185245,-0.16400783033115696
rolling_90d,90d,cap25,7,2025-09-18,2025-12-16,90,-0.3705089126507195,-0.19141370338248076,-0.17909520926823874
rolling_90d,90d,cap25,7,2025-09-19,2025-12-17,90,-0.3833153720770507,-0.2080415061360651,-0.1752738659409856
rolling_90d,90d,cap25,7,2025-09-20,2025-12-18,90,-0.38780279863832556,-0.2153521673974561,-0.17245063124086946
rolling_90d,90d,cap25,7,2025-09-21,2025-12-19,90,-0.3689140703900361,-0.19059393730113472,-0.17832013308890138
rolling_90d,90d,cap25,7,2025-09-22,2025-12-20,90,-0.3594801462338766,-0.18495627833238137,-0.1745238679014952
rolling_90d,90d,cap25,7,2025-09-23,2025-12-21,90,-0.34115564895698236,-0.17855276256843855,-0.1626028863885438
rolling_90d,90d,cap25,7,2025-09-24,2025-12-22,90,-0.33422980375627653,-0.17251985867140796,-0.16170994508486858
rolling_90d,90d,cap25,7,2025-09-25,2025-12-23,90,-0.33586621584777254,-0.18856033694373853,-0.14730587890403402
rolling_90d,90d,cap25,7,2025-09-26,2025-12-24,90,-0.3343821222511666,-0.18294656971229573,-0.15143555253887087
rolling_90d,90d,cap25,7,2025-09-27,2025-12-25,90,-0.33818997183625565,-0.18728379993549427,-0.1509061719007614
rolling_90d,90d,cap25,7,2025-09-28,2025-12-26,90,-0.335222912627855,-0.18835779113438955,-0.14686512149346542
rolling_90d,90d,cap25,7,2025-09-29,2025-12-27,90,-0.33275556512259385,-0.20156369539661334,-0.13119186972598051
rolling_90d,90d,cap25,7,2025-09-30,2025-12-28,90,-0.3265055660833114,-0.2151844376690829,-0.11132112841422848
rolling_90d,90d,cap25,7,2025-10-01,2025-12-29,90,-0.3249882812485305,-0.21911464858623453,-0.10587363266229599
rolling_90d,90d,cap25,7,2025-10-02,2025-12-30,90,-0.3412277970082077,-0.23738278931750445,-0.10384500769070326
rolling_90d,90d,cap25,7,2025-10-03,2025-12-31,90,-0.36250331745466435,-0.25021668345474757,-0.11228663399991679
rolling_90d,90d,cap25,7,2025-10-04,2026-01-01,90,-0.3590078340427515,-0.25754667496699524,-0.10146115907575626
rolling_90d,90d,cap25,7,2025-10-05,2026-01-02,90,-0.34282626586362763,-0.2562103903673899,-0.08661587549623773
rolling_90d,90d,cap25,7,2025-10-06,2026-01-03,90,-0.3419868862096581,-0.25956470900576256,-0.08242217720389555
rolling_90d,90d,cap25,7,2025-10-07,2026-01-04,90,-0.34008716637410485,-0.2544428312568171,-0.08564433511728775
rolling_90d,90d,cap25,7,2025-10-08,2026-01-05,90,-0.30780115632824634,-0.22462563343392106,-0.08317552289432528
rolling_90d,90d,cap25,7,2025-10-09,2026-01-06,90,-0.31057457926004495,-0.23536449060057918,-0.07521008865946577
rolling_90d,90d,cap25,7,2025-10-10,2026-01-07,90,-0.3115477142619214,-0.25250037948423465,-0.059047334777686755
rolling_90d,90d,cap25,7,2025-10-11,2026-01-08,90,-0.23336033747103968,-0.22535620820005442,-0.00800412927098526
rolling_90d,90d,cap25,7,2025-10-12,2026-01-09,90,-0.22273548650391595,-0.21621907131789808,-0.006516415186017865
rolling_90d,90d,cap25,7,2025-10-13,2026-01-10,90,-0.25276552562039345,-0.23182552968721915,-0.020939995933174305
rolling_90d,90d,cap25,7,2025-10-14,2026-01-11,90,-0.2738263312120981,-0.2207693875768031,-0.053056943635295006
rolling_90d,90d,cap25,7,2025-10-15,2026-01-12,90,-0.27116526127976703,-0.20864836263154218,-0.06251689864822485
rolling_90d,90d,cap25,7,2025-10-16,2026-01-13,90,-0.23533754128057993,-0.1698529411764672,-0.06548460010411272
rolling_90d,90d,cap25,7,2025-10-17,2026-01-14,90,-0.21247792036594892,-0.1407743496672662,-0.07170357069868272
rolling_90d,90d,cap25,7,2025-10-18,2026-01-15,90,-0.21841488003055476,-0.1389338727320466,-0.07948100729850816
rolling_90d,90d,cap25,7,2025-10-19,2026-01-16,90,-0.2189162115713289,-0.13845251406887982,-0.08046369750244908
rolling_90d,90d,cap25,7,2025-10-20,2026-01-17,90,-0.22486828054684171,-0.14783410361851756,-0.07703417692832415
rolling_90d,90d,cap25,7,2025-10-21,2026-01-18,90,-0.2412130875205868,-0.16483993227323968,-0.07637315524734711
rolling_90d,90d,cap25,7,2025-10-22,2026-01-19,90,-0.24414037887494544,-0.15972924752146822,-0.08441113135347722
rolling_90d,90d,cap25,7,2025-10-23,2026-01-20,90,-0.2620357193567614,-0.19131997473027607,-0.07071574462648533
rolling_90d,90d,cap25,7,2025-10-24,2026-01-21,90,-0.26312435651502,-0.20035364690829682,-0.06277070960672315
rolling_90d,90d,cap25,7,2025-10-25,2026-01-22,90,-0.26909094182523396,-0.19843663297063052,-0.07065430885460344
rolling_90d,90d,cap25,7,2025-10-26,2026-01-23,90,-0.26801724340641064,-0.20651115252810226,-0.061506090878308384
rolling_90d,90d,cap25,7,2025-10-27,2026-01-24,90,-0.2780861114275135,-0.22344158179962847,-0.05464452962788502
rolling_90d,90d,cap25,7,2025-10-28,2026-01-25,90,-0.28870284149223413,-0.2393132030787395,-0.04938963841349464
rolling_90d,90d,cap25,7,2025-10-29,2026-01-26,90,-0.2806603397202164,-0.22934562760261112,-0.0513147121176053
rolling_90d,90d,cap25,7,2025-10-30,2026-01-27,90,-0.2711158213539696,-0.21101687696968208,-0.060098944384287534
rolling_90d,90d,cap25,7,2025-10-31,2026-01-28,90,-0.26148694606619294,-0.21416308490300817,-0.047323861163184766
rolling_90d,90d,cap25,7,2025-11-01,2026-01-29,90,-0.2945907534323642,-0.24394206779041294,-0.05064868564195124
rolling_90d,90d,cap25,7,2025-11-02,2026-01-30,90,-0.30647180175276634,-0.23709435480919838,-0.06937744694356796
rolling_90d,90d,cap25,7,2025-11-03,2026-01-31,90,-0.3004134054443205,-0.2828659752327558,-0.017547430211564685
rolling_90d,90d,cap25,7,2025-11-04,2026-02-01,90,-0.2716591385567335,-0.2841668979787463,0.012507759422012765
rolling_90d,90d,cap25,7,2025-11-05,2026-02-02,90,-0.22884346120082222,-0.23648710414625262,0.007643642945430407
rolling_90d,90d,cap25,7,2025-11-06,2026-02-03,90,-0.25886164045554805,-0.28267586312995185,0.023814222674403807
rolling_90d,90d,cap25,7,2025-11-07,2026-02-04,90,-0.27945898347345066,-0.28702107564378543,0.0075620921703347665
rolling_90d,90d,cap25,7,2025-11-08,2026-02-05,90,-0.41008893179604755,-0.3952938578544968,-0.014795073941550774
rolling_90d,90d,cap25,7,2025-11-09,2026-02-06,90,-0.3364437802315985,-0.3142306482064121,-0.022213132025186377
rolling_90d,90d,cap25,7,2025-11-10,2026-02-07,90,-0.3493026748241873,-0.34026392018023033,-0.009038754643956981
rolling_90d,90d,cap25,7,2025-11-11,2026-02-08,90,-0.34314717551923535,-0.33362849898708546,-0.009518676532149883
rolling_90d,90d,cap25,7,2025-11-12,2026-02-09,90,-0.3557143144783419,-0.3294989642672136,-0.026215350211128308
rolling_90d,90d,cap25,7,2025-11-13,2026-02-10,90,-0.3656067648447756,-0.33372906895583854,-0.031877695888937074
rolling_90d,90d,cap25,7,2025-11-14,2026-02-11,90,-0.34077095230950916,-0.34434012166093264,0.0035691693514234846
rolling_90d,90d,cap25,7,2025-11-15,2026-02-12,90,-0.31032511610477265,-0.32463083284110594,0.014305716736333296
rolling_90d,90d,cap25,7,2025-11-16,2026-02-13,90,-0.27907261633108815,-0.30132741829271925,0.0222548019616311
rolling_90d,90d,cap25,7,2025-11-17,2026-02-14,90,-0.22724741275082938,-0.2671298770710774,0.039882464320248
rolling_90d,90d,cap25,7,2025-11-18,2026-02-15,90,-0.23005321391581424,-0.2596893598490291,0.02963614593321484
rolling_90d,90d,cap25,7,2025-11-19,2026-02-16,90,-0.230196209136046,-0.2600832068772643,0.02988699774121828
rolling_90d,90d,cap25,7,2025-11-20,2026-02-17,90,-0.23490544729732066,-0.267820013471161,0.032914566173840365
rolling_90d,90d,cap25,7,2025-11-21,2026-02-18,90,-0.22201575662319528,-0.24216973012847487,0.020153973505279588
rolling_90d,90d,cap25,7,2025-11-22,2026-02-19,90,-0.22331911211919697,-0.22891547447991056,0.0055963623607135915
rolling_90d,90d,cap25,7,2025-11-23,2026-02-20,90,-0.22562214371012923,-0.2137959741453065,-0.011826169564822742
rolling_90d,90d,cap25,7,2025-11-24,2026-02-21,90,-0.24689743479869786,-0.24209002289230674,-0.0048074119063911125
rolling_90d,90d,cap25,7,2025-11-25,2026-02-22,90,-0.269525634580319,-0.24886416808802458,-0.02066146649229439
rolling_90d,90d,cap25,7,2025-11-26,2026-02-23,90,-0.3158170618195624,-0.2701009158167702,-0.04571614600279217
rolling_90d,90d,cap25,7,2025-11-27,2026-02-24,90,-0.3247839286840095,-0.3071527716251673,-0.017631157058842217
rolling_90d,90d,cap25,7,2025-11-28,2026-02-25,90,-0.31529896175078875,-0.28632955930767345,-0.0289694024431153
rolling_90d,90d,cap25,7,2025-11-29,2026-02-26,90,-0.3086042032905423,-0.2848045078028053,-0.02379969548773697
rolling_90d,90d,cap25,7,2025-11-30,2026-02-27,90,-0.33471401251112987,-0.29278587027654457,-0.0419281422345853
rolling_90d,90d,cap25,7,2025-12-01,2026-02-28,90,-0.3092623989205482,-0.280500736377019,-0.028761662543529187
rolling_90d,90d,cap25,7,2025-12-02,2026-03-01,90,-0.2713854943228715,-0.2564717904254592,-0.014913703897412312
rolling_90d,90d,cap25,7,2025-12-03,2026-03-02,90,-0.27844846750460717,-0.2588421362365686,-0.019606331268038568
rolling_90d,90d,cap25,7,2025-12-04,2026-03-03,90,-0.28736766626362453,-0.27787657769873175,-0.00949108856489278
rolling_90d,90d,cap25,7,2025-12-05,2026-03-04,90,-0.2612067754403885,-0.23277543297918213,-0.028431342461206377
rolling_90d,90d,cap25,7,2025-12-06,2026-03-05,90,-0.2478181263117124,-0.2230508018190479,-0.0247673244926645
rolling_90d,90d,cap25,7,2025-12-07,2026-03-06,90,-0.26355170333014366,-0.24543059443437798,-0.01812110889576568
rolling_90d,90d,cap25,7,2025-12-08,2026-03-07,90,-0.26490613315933653,-0.26426281932651297,-0.0006433138328235666
rolling_90d,90d,cap25,7,2025-12-09,2026-03-08,90,-0.2810013628697471,-0.2752148148148086,-0.005786548054938501
rolling_90d,90d,cap25,7,2025-12-10,2026-03-09,90,-0.2771573670785299,-0.26737749513188946,-0.009779871946640428
rolling_90d,90d,cap25,7,2025-12-11,2026-03-10,90,-0.25934953400812355,-0.25115033760304917,-0.008199196405074383
rolling_90d,90d,cap25,7,2025-12-12,2026-03-11,90,-0.2498252880620122,-0.25246819338421655,0.0026429053222043475
rolling_90d,90d,cap25,7,2025-12-13,2026-03-12,90,-0.23445499675147063,-0.23454235276664248,8.735601517184666e-05
rolling_90d,90d,cap25,7,2025-12-14,2026-03-13,90,-0.23978326097630942,-0.22531782727116934,-0.014465433705140085
rolling_90d,90d,cap25,7,2025-12-15,2026-03-14,90,-0.20343856392646142,-0.20209376422393532,-0.0013447997025261005
rolling_90d,90d,cap25,7,2025-12-16,2026-03-15,90,-0.1580552392975797,-0.17041053446939658,0.012355295171816882
rolling_90d,90d,cap25,7,2025-12-17,2026-03-16,90,-0.13005775178405832,-0.15849435344232488,0.028436601658266558
rolling_90d,90d,cap25,7,2025-12-18,2026-03-17,90,-0.11691895550090858,-0.15209941016015927,0.03518045465925068
rolling_90d,90d,cap25,7,2025-12-19,2026-03-18,90,-0.1310087180965367,-0.16777093992910175,0.036762221832565056
rolling_90d,90d,cap25,7,2025-12-20,2026-03-19,90,-0.17211700143336428,-0.2070956781423492,0.03497867670898491
rolling_90d,90d,cap25,7,2025-12-21,2026-03-20,90,-0.1704845638093253,-0.19914900083579834,0.028664437026473033
rolling_90d,90d,cap25,7,2025-12-22,2026-03-21,90,-0.16995004219441456,-0.21534126629450412,0.045391224100089556
rolling_90d,90d,cap25,7,2025-12-23,2026-03-22,90,-0.1915351192290572,-0.22694546858557074,0.03541034935651355
rolling_90d,90d,cap25,7,2025-12-24,2026-03-23,90,-0.18125962697203157,-0.19017863988345607,0.008919012911424495
rolling_90d,90d,cap25,7,2025-12-25,2026-03-24,90,-0.1670397387832786,-0.18588885363380392,0.018849114850525317
rolling_90d,90d,cap25,7,2025-12-26,2026-03-25,90,-0.1519089088622395,-0.17124204366838858,0.019333134806149066
rolling_90d,90d,cap25,7,2025-12-27,2026-03-26,90,-0.17555032073439014,-0.19079055177095194,0.015240231036561802
rolling_90d,90d,cap25,7,2025-12-28,2026-03-27,90,-0.19246856434780224,-0.2130843596874521,0.020615795339649856
rolling_90d,90d,cap25,7,2025-12-29,2026-03-28,90,-0.19375916736686094,-0.21136228621454378,0.01760311884768284
rolling_90d,90d,cap25,7,2025-12-30,2026-03-29,90,-0.19854968981447263,-0.20946913094769337,0.010919441133220742
rolling_90d,90d,cap25,7,2025-12-31,2026-03-30,90,-0.1959723526599737,-0.21027851923330687,0.014306166573333168
calendar_month,2025-03,cap25,14,2025-03-01,2025-03-31,31,-0.13595842800031144,-0.010402859782302154,-0.12555556821800928
calendar_month,2025-04,cap25,14,2025-04-01,2025-04-30,30,0.03607380313050457,0.1048542901209617,-0.06878048699045713
calendar_month,2025-05,cap25,14,2025-05-01,2025-05-31,31,-0.06594751360983486,0.08675527342458045,-0.1527027870344153
calendar_month,2025-06,cap25,14,2025-06-01,2025-06-30,30,-0.07013016752350809,-0.015502146503063918,-0.05462802102044417
calendar_month,2025-07,cap25,14,2025-07-01,2025-07-31,31,0.41174869866636965,0.10637815714658894,0.3053705415197807
calendar_month,2025-08,cap25,14,2025-08-01,2025-08-31,31,0.09545544521010818,-0.06399235319309149,0.15944779840319967
calendar_month,2025-09,cap25,14,2025-09-01,2025-09-30,30,-0.015615859277734456,0.07973979297493305,-0.09535565225266751
calendar_month,2025-10,cap25,14,2025-10-01,2025-10-31,31,-0.10928747125353278,0.009224457709970935,-0.11851192896350371
calendar_month,2025-11,cap25,14,2025-11-01,2025-11-30,30,-0.13079898065493667,-0.1736140692508905,0.04281508859595384
calendar_month,2025-12,cap25,14,2025-12-01,2025-12-31,31,-0.13871292251409628,-0.05721649484535696,-0.08149642766873932
calendar_month,2026-01,cap25,14,2026-01-01,2026-01-31,31,-0.061324125514799155,-0.0813481215340146,0.02002399601921545
calendar_month,2026-02,cap25,14,2026-02-01,2026-02-28,28,-0.15338739515140531,-0.1692556221570346,0.015868227005629287
calendar_month,2026-03,cap25,14,2026-03-01,2026-03-30,30,0.016876439124638543,0.03860482253244313,-0.021728383407804586
rolling_7d,7d,cap25,14,2025-03-01,2025-03-07,7,-0.03631224232779451,0.0395629995581781,-0.07587524188597261
rolling_7d,7d,cap25,14,2025-03-02,2025-03-08,7,-0.03803641398126156,0.0022135619641483473,-0.04024997594540991
rolling_7d,7d,cap25,14,2025-03-03,2025-03-09,7,-0.1605028903693675,-0.15191734218152797,-0.00858554818783952
rolling_7d,7d,cap25,14,2025-03-04,2025-03-10,7,-0.10612704843361864,-0.09260871239841206,-0.01351833603520658
rolling_7d,7d,cap25,14,2025-03-05,2025-03-11,7,-0.07512873950016052,-0.052932508557303026,-0.022196230942857498
rolling_7d,7d,cap25,14,2025-03-06,2025-03-12,7,-0.09109865634246805,-0.08303393213572574,-0.008064724206742313
rolling_7d,7d,cap25,14,2025-03-07,2025-03-13,7,-0.09554027664749298,-0.10195143461460676,0.006411157967113779
rolling_7d,7d,cap25,14,2025-03-08,2025-03-14,7,-0.06172185013659459,-0.04180511552430355,-0.019916734612291043
rolling_7d,7d,cap25,14,2025-03-09,2025-03-15,7,-0.05521622401170323,-0.034631058296524686,-0.020585165715178544
rolling_7d,7d,cap25,14,2025-03-10,2025-03-16,7,-0.011616129815775866,0.003862916006341477,-0.015479045822117343
rolling_7d,7d,cap25,14,2025-03-11,2025-03-17,7,0.03585657128418318,0.042880306979195204,-0.007023735695012023
rolling_7d,7d,cap25,14,2025-03-12,2025-03-18,7,0.013313624849244476,-0.01736614776217571,0.030679772611420186
rolling_7d,7d,cap25,14,2025-03-13,2025-03-19,7,0.04064919905207165,0.028459020622712883,0.012190178429358767
rolling_7d,7d,cap25,14,2025-03-14,2025-03-20,7,0.04700320400467306,0.03405516070507364,0.012948043299599421
rolling_7d,7d,cap25,14,2025-03-15,2025-03-21,7,0.028976983014414204,0.004032258064520899,0.024944724949893304
rolling_7d,7d,cap25,14,2025-03-16,2025-03-22,7,0.004491395044605939,0.0005155843423521045,0.003975810702253835
rolling_7d,7d,cap25,14,2025-03-17,2025-03-23,7,0.0037911486507302694,0.043940141424110735,-0.040148992773380465
rolling_7d,7d,cap25,14,2025-03-18,2025-03-24,7,0.01856930844721605,0.04807723616945103,-0.029507927722234983
rolling_7d,7d,cap25,14,2025-03-19,2025-03-25,7,0.026467060954038946,0.06314634910686645,-0.036679288152827505
rolling_7d,7d,cap25,14,2025-03-20,2025-03-26,7,-0.005922466585380648,0.0077762448262916894,-0.013698711411672337
rolling_7d,7d,cap25,14,2025-03-21,2025-03-27,7,0.00665046018373272,0.035814889336015066,-0.029164429152282345
rolling_7d,7d,cap25,14,2025-03-22,2025-03-28,7,-0.02505957611371279,0.009726907630523085,-0.034786483744235874
rolling_7d,7d,cap25,14,2025-03-23,2025-03-29,7,-0.03494336366344486,-0.006570312814527246,-0.028373050848917614
rolling_7d,7d,cap25,14,2025-03-24,2025-03-30,7,-0.03205462785248714,-0.030276298793360357,-0.001778329059126782
rolling_7d,7d,cap25,14,2025-03-25,2025-03-31,7,-0.0734431208562365,-0.04318446601941761,-0.030258654836818888
rolling_7d,7d,cap25,14,2025-03-26,2025-04-01,7,-0.14443085596767213,-0.01748438893844817,-0.12694646702922396
rolling_7d,7d,cap25,14,2025-03-27,2025-04-02,7,-0.19994992992336957,-0.044819539514624473,-0.1551303904087451
rolling_7d,7d,cap25,14,2025-03-28,2025-04-03,7,-0.219755580479139,-0.04203574203573879,-0.17771983844340022
rolling_7d,7d,cap25,14,2025-03-29,2025-04-04,7,-0.20121654734260908,-0.018630032375844374,-0.1825865149667647
rolling_7d,7d,cap25,14,2025-03-30,2025-04-05,7,-0.18515080468010248,-0.0006889340973695868,-0.1844618705827329
rolling_7d,7d,cap25,14,2025-03-31,2025-04-06,7,-0.22223718608504672,-0.045727745289142585,-0.17650944079590414
rolling_7d,7d,cap25,14,2025-04-01,2025-04-07,7,-0.18873231932567613,-0.041634872960463754,-0.14709744636521238
rolling_7d,7d,cap25,14,2025-04-02,2025-04-08,7,-0.13066976158490673,-0.09506477921380208,-0.035604982371104654
rolling_7d,7d,cap25,14,2025-04-03,2025-04-09,7,0.041257192083042904,-0.010391048714143203,0.05164824079718611
rolling_7d,7d,cap25,14,2025-04-04,2025-04-10,7,0.035447910857613785,-0.043426068618700575,0.07887397947631436
rolling_7d,7d,cap25,14,2025-04-05,2025-04-11,7,0.047572238098360975,-0.014452577227663133,0.06202481532602411
rolling_7d,7d,cap25,14,2025-04-06,2025-04-12,7,0.0669905133387898,0.0030982853991297077,0.0638922279396601
rolling_7d,7d,cap25,14,2025-04-07,2025-04-13,7,0.1120024271547353,0.03498170057026129,0.07702072658447401
rolling_7d,7d,cap25,14,2025-04-08,2025-04-14,7,0.08132568610107449,0.040970345838171385,0.040355340262903105
rolling_7d,7d,cap25,14,2025-04-09,2025-04-15,7,0.12427519730104453,0.06497120921305011,0.05930398808799442
rolling_7d,7d,cap25,14,2025-04-10,2025-04-16,7,0.05581480338654243,0.002304109543950439,0.053510693842591994
rolling_7d,7d,cap25,14,2025-04-11,2025-04-17,7,0.06658604592572503,0.04110704110704355,0.025479004818681483
rolling_7d,7d,cap25,14,2025-04-12,2025-04-18,7,0.05392005878830508,0.005452930436067316,0.048467128352237765
rolling_7d,7d,cap25,14,2025-04-13,2025-04-19,7,0.0318721678216769,-0.006783854587792959,0.03865602240946986
rolling_7d,7d,cap25,14,2025-04-14,2025-04-20,7,0.03924398719325373,0.010180921052634018,0.02906306614061971
rolling_7d,7d,cap25,14,2025-04-15,2025-04-21,7,0.04213499453258529,0.027193282234049265,0.014941712298536025
rolling_7d,7d,cap25,14,2025-04-16,2025-04-22,7,0.03307734071547186,0.09899481432328283,-0.06591747360781097
rolling_7d,7d,cap25,14,2025-04-17,2025-04-23,7,-0.0031428358471863316,0.10246137173445669,-0.10560420758164302
rolling_7d,7d,cap25,14,2025-04-18,2025-04-24,7,0.052036506054612186,0.09664125618973118,-0.044604750135119
rolling_7d,7d,cap25,14,2025-04-19,2025-04-25,7,0.0856626303392638,0.11674533125015851,-0.03108270091089471
rolling_7d,7d,cap25,14,2025-04-20,2025-04-26,7,0.08798995312075197,0.1118636892792928,-0.023873736158540826
rolling_7d,7d,cap25,14,2025-04-21,2025-04-27,7,0.06299421367182823,0.10021328904736304,-0.037219075375534816
rolling_7d,7d,cap25,14,2025-04-22,2025-04-28,7,0.08720110260757541,0.08403833967046692,0.0031627629371084875
rolling_7d,7d,cap25,14,2025-04-23,2025-04-29,7,0.09386440756525416,0.01631743334004243,0.07754697422521173
rolling_7d,7d,cap25,14,2025-04-24,2025-04-30,7,0.09339761536429814,0.013590801447701084,0.07980681391659705
rolling_7d,7d,cap25,14,2025-04-25,2025-05-01,7,0.04051142922558992,0.03506126995915326,0.0054501592664366605
rolling_7d,7d,cap25,14,2025-04-26,2025-05-02,7,0.048865413622377396,0.015594670417004908,0.03327074320537249
rolling_7d,7d,cap25,14,2025-04-27,2025-05-03,7,0.04126460341184979,0.00642123914539372,0.03484336426645607
rolling_7d,7d,cap25,14,2025-04-28,2025-05-04,7,0.04624142434931389,0.0036404534288316803,0.042600970920482206
rolling_7d,7d,cap25,14,2025-04-29,2025-05-05,7,0.009525309838762652,-0.014315047972580097,0.02384035781134275
rolling_7d,7d,cap25,14,2025-04-30,2025-05-06,7,-0.05704884565660884,0.00814141117793743,-0.06519025683454627
rolling_7d,7d,cap25,14,2025-05-01,2025-05-07,7,-0.05965644153373961,0.01244609020843579,-0.0721025317421754
rolling_7d,7d,cap25,14,2025-05-02,2025-05-08,7,0.006038317486222855,0.03871680622224383,-0.03267848873602097
rolling_7d,7d,cap25,14,2025-05-03,2025-05-09,7,-0.014500620637814654,0.03656689505950017,-0.051067515697314825
rolling_7d,7d,cap25,14,2025-05-04,2025-05-10,7,0.018369924398476734,0.054716088901821,-0.03634616450334427
rolling_7d,7d,cap25,14,2025-05-05,2025-05-11,7,0.04384633135349003,0.0725228546151595,-0.028676523261669473
rolling_7d,7d,cap25,14,2025-05-06,2025-05-12,7,0.06895803546430312,0.07424568166653822,-0.005287646202235097
rolling_7d,7d,cap25,14,2025-05-07,2025-05-13,7,0.11617602285765694,0.061113132048016494,0.05506289080964044
rolling_7d,7d,cap25,14,2025-05-08,2025-05-14,7,0.09610969592754715,0.057945878476937995,0.03816381745060915
rolling_7d,7d,cap25,14,2025-05-09,2025-05-15,7,0.013435892092883428,0.008973039435781427,0.004462852657102001
rolling_7d,7d,cap25,14,2025-05-10,2025-05-16,7,0.011144242499797619,0.01953799053715799,-0.008393748037360371
rolling_7d,7d,cap25,14,2025-05-11,2025-05-17,7,-0.023749425459638207,0.011450171062798997,-0.035199596522437204
rolling_7d,7d,cap25,14,2025-05-12,2025-05-18,7,-0.012775924243846326,0.03514644926689581,-0.04792237351074213
rolling_7d,7d,cap25,14,2025-05-13,2025-05-19,7,-0.03293332930884019,0.02533383941202838,-0.05826716872086857
rolling_7d,7d,cap25,14,2025-05-14,2025-05-20,7,-0.029179906998977767,0.030990743914982577,-0.060170650913960344
rolling_7d,7d,cap25,14,2025-05-15,2025-05-21,7,-0.02544198143653975,0.04582744570808983,-0.07126942714462958
rolling_7d,7d,cap25,14,2025-05-16,2025-05-22,7,0.025651523768570827,0.06026043021647376,-0.03460890644790293
rolling_7d,7d,cap25,14,2025-05-17,2025-05-23,7,-0.020967889906860715,0.022459871150902755,-0.04342776105776347
rolling_7d,7d,cap25,14,2025-05-18,2025-05-24,7,-0.004345644511382307,0.026555552524615056,-0.030901197035997363
rolling_7d,7d,cap25,14,2025-05-19,2025-05-25,7,-0.02051304561056555,0.011607676472536133,-0.03212072208310168
rolling_7d,7d,cap25,14,2025-05-20,2025-05-26,7,-0.009838069084368906,0.02488288821882567,-0.03472095730319458
rolling_7d,7d,cap25,14,2025-05-21,2025-05-27,7,-0.02350254221849668,0.005805679324330626,-0.029308221542827306
rolling_7d,7d,cap25,14,2025-05-22,2025-05-28,7,-0.016736761550560475,-0.014062059330874233,-0.0026747022196862424
rolling_7d,7d,cap25,14,2025-05-23,2025-05-29,7,-0.050583641134879676,-0.048428338972544505,-0.002155302162335171
rolling_7d,7d,cap25,14,2025-05-24,2025-05-30,7,-0.05720109549585073,-0.017487768574079965,-0.039713326921770764
rolling_7d,7d,cap25,14,2025-05-25,2025-05-31,7,-0.06315595304574573,-0.017371952434730886,-0.04578400061101484
rolling_7d,7d,cap25,14,2025-05-26,2025-06-01,7,-0.05170970549892506,-0.021229108955086673,-0.03048059654383839
rolling_7d,7d,cap25,14,2025-05-27,2025-06-02,7,0.01700936829747768,-0.027601741608827224,0.0446111099063049
rolling_7d,7d,cap25,14,2025-05-28,2025-06-03,7,-0.011015909955722991,-0.026374774369726017,0.015358864414003026
rolling_7d,7d,cap25,14,2025-05-29,2025-06-04,7,-0.02975800416893637,-0.03396685803237154,0.004208853863435169
rolling_7d,7d,cap25,14,2025-05-30,2025-06-05,7,-0.06978742265327198,-0.03869225340643967,-0.03109516924683231
rolling_7d,7d,cap25,14,2025-05-31,2025-06-06,7,-0.03373658927675782,-0.013356068995037162,-0.02038052028172066
rolling_7d,7d,cap25,14,2025-06-01,2025-06-07,7,-0.02060509244438824,-0.009235033634183876,-0.011370058810204364
rolling_7d,7d,cap25,14,2025-06-02,2025-06-08,7,-0.030612965776307566,-0.02284311621418955,-0.007769849562118014
rolling_7d,7d,cap25,14,2025-06-03,2025-06-09,7,-0.07343721908471834,0.016411156885257183,-0.08984837596997552
rolling_7d,7d,cap25,14,2025-06-04,2025-06-10,7,-0.03381863351344938,0.02301465494994992,-0.0568332884633993
rolling_7d,7d,cap25,14,2025-06-05,2025-06-11,7,-0.023580711186686476,0.030478525241533383,-0.05405923642821986
rolling_7d,7d,cap25,14,2025-06-06,2025-06-12,7,0.0009703207384348378,0.027127186480874865,-0.026156865742440027
rolling_7d,7d,cap25,14,2025-06-07,2025-06-13,7,0.00016104409425699018,0.013619494192091075,-0.013458450097834085
rolling_7d,7d,cap25,14,2025-06-08,2025-06-14,7,-0.011771264402813064,-0.0009962538127165077,-0.010775010590096556
rolling_7d,7d,cap25,14,2025-06-09,2025-06-15,7,-0.01963405431533849,0.001455064585653476,-0.021089118900991966
rolling_7d,7d,cap25,14,2025-06-10,2025-06-16,7,-0.0379743538711832,-0.025973421926909546,-0.012000931944273652
rolling_7d,7d,cap25,14,2025-06-11,2025-06-17,7,-0.060810143419150475,-0.034299635562220376,-0.0265105078569301
rolling_7d,7d,cap25,14,2025-06-12,2025-06-18,7,-0.048173862923804434,-0.028187085262925682,-0.019986777660878752
rolling_7d,7d,cap25,14,2025-06-13,2025-06-19,7,-0.007750773404976985,-0.0036423863815967517,-0.004108387023380233
rolling_7d,7d,cap25,14,2025-06-14,2025-06-20,7,-0.012307589429268795,-0.02181902167636751,0.009511432247098717
rolling_7d,7d,cap25,14,2025-06-15,2025-06-21,7,-0.03519244500851737,-0.023599243184911578,-0.011593201823605792
rolling_7d,7d,cap25,14,2025-06-16,2025-06-22,7,-0.06163982612013019,-0.03439791652388702,-0.027241909596243175
rolling_7d,7d,cap25,14,2025-06-17,2025-06-23,7,-0.019492911930070744,-0.002851471099861169,-0.016641440830209575
rolling_7d,7d,cap25,14,2025-06-18,2025-06-24,7,-0.004877002159241917,0.0010585938574048104,-0.005935596016646727
rolling_7d,7d,cap25,14,2025-06-19,2025-06-25,7,0.006378750235658925,0.013635894791130143,-0.007257144555471218
rolling_7d,7d,cap25,14,2025-06-20,2025-06-26,7,-0.04149414091090464,0.012560439787829614,-0.054054580698734256
rolling_7d,7d,cap25,14,2025-06-21,2025-06-27,7,-0.029798054599208146,0.020451530913408122,-0.05024958551261627
rolling_7d,7d,cap25,14,2025-06-22,2025-06-28,7,0.0023999221110562186,0.029563197806197872,-0.027163275695141653
rolling_7d,7d,cap25,14,2025-06-23,2025-06-29,7,0.04458293616086584,0.05065618101936642,-0.006073244858500582
rolling_7d,7d,cap25,14,2025-06-24,2025-06-30,7,-0.01428384732527821,-0.0037695059963221977,-0.010514341328956012
rolling_7d,7d,cap25,14,2025-06-25,2025-07-01,7,-0.022720957255985108,-0.0037148939092224165,-0.01900606334676269
rolling_7d,7d,cap25,14,2025-06-26,2025-07-02,7,0.09416922653844484,0.0003798979702576144,0.09378932856818722
rolling_7d,7d,cap25,14,2025-06-27,2025-07-03,7,0.12512818642661916,0.014134877384197608,0.11099330904242155
rolling_7d,7d,cap25,14,2025-06-28,2025-07-04,7,0.07793902963439625,0.005804932491287884,0.07213409714310837
rolling_7d,7d,cap25,14,2025-06-29,2025-07-05,7,0.06939452297646542,0.006984929403289097,0.062409593573176325
rolling_7d,7d,cap25,14,2025-06-30,2025-07-06,7,0.0680154170600824,0.0022630853622302993,0.0657523316978521
rolling_7d,7d,cap25,14,2025-07-01,2025-07-07,7,0.07817413930574268,0.01701665957066867,0.061157479735074016
rolling_7d,7d,cap25,14,2025-07-02,2025-07-08,7,0.12013703053234503,0.022158812866583055,0.09797821766576198
rolling_7d,7d,cap25,14,2025-07-03,2025-07-09,7,0.00868037242131714,0.02357863614170408,-0.01489826372038694
rolling_7d,7d,cap25,14,2025-07-04,2025-07-10,7,0.04587057074888756,0.051486146095716334,-0.005615575346828772
rolling_7d,7d,cap25,14,2025-07-05,2025-07-11,7,0.1330423076432785,0.07040738309979266,0.06263492454348585
rolling_7d,7d,cap25,14,2025-07-06,2025-07-12,7,0.17503152736391336,0.07785320036166898,0.09717832700224438
rolling_7d,7d,cap25,14,2025-07-07,2025-07-13,7,0.2121684635691634,0.0896786934747893,0.12248977009437412
rolling_7d,7d,cap25,14,2025-07-08,2025-07-14,7,0.2345084949712748,0.10634706279541128,0.1281614321758635
rolling_7d,7d,cap25,14,2025-07-09,2025-07-15,7,0.19233732779431745,0.08440096018988275,0.1079363676044347
rolling_7d,7d,cap25,14,2025-07-10,2025-07-16,7,0.1778102621521862,0.06796695397539598,0.10984330817679022
rolling_7d,7d,cap25,14,2025-07-11,2025-07-17,7,0.2112599295511579,0.03719816021464584,0.17406176933651207
rolling_7d,7d,cap25,14,2025-07-12,2025-07-18,7,0.15827748496160887,0.018514187468002374,0.1397632974936065
rolling_7d,7d,cap25,14,2025-07-13,2025-07-19,7,0.12638128896424283,0.010617253036186103,0.11576403592805673
rolling_7d,7d,cap25,14,2025-07-14,2025-07-20,7,0.11064683761658367,-0.010744241284602829,0.1213910789011865
rolling_7d,7d,cap25,14,2025-07-15,2025-07-21,7,0.11772639499191317,-0.023124809276774072,0.14085120426868725
rolling_7d,7d,cap25,14,2025-07-16,2025-07-22,7,0.14376626840717543,0.010639157821429768,0.13312711058574567
rolling_7d,7d,cap25,14,2025-07-17,2025-07-23,7,0.10630590984190547,0.004956575682380393,0.10134933415952507
rolling_7d,7d,cap25,14,2025-07-18,2025-07-24,7,0.02589817189104937,-0.008092976848174227,0.0339911487392236
rolling_7d,7d,cap25,14,2025-07-19,2025-07-25,7,0.01690418331327992,-0.005784077650618946,0.022688260963898865
rolling_7d,7d,cap25,14,2025-07-20,2025-07-26,7,0.01744111230089085,-0.0029671200971254086,0.020408232398016257
rolling_7d,7d,cap25,14,2025-07-21,2025-07-27,7,0.010725151070422267,0.01660090914206802,-0.005875758071645754
rolling_7d,7d,cap25,14,2025-07-22,2025-07-28,7,-0.021687788709471634,0.01513173102754406,-0.036819519737015693
rolling_7d,7d,cap25,14,2025-07-23,2025-07-29,7,-0.05201358034768877,0.004479117958308354,-0.056492698305997124
rolling_7d,7d,cap25,14,2025-07-24,2025-07-30,7,-0.03316043248380507,0.00692596867881945,-0.04008640116262452
rolling_7d,7d,cap25,14,2025-07-25,2025-07-31,7,-0.03177569367958455,0.000397394581773014,-0.03217308826135756
rolling_7d,7d,cap25,14,2025-07-26,2025-08-01,7,-0.05515342965971526,-0.013545568039952327,-0.04160786161976293
rolling_7d,7d,cap25,14,2025-07-27,2025-08-02,7,-0.07931757648544524,-0.02211770845630079,-0.05719986802914445
rolling_7d,7d,cap25,14,2025-07-28,2025-08-03,7,-0.06692475153062671,-0.014035648825856284,-0.05288910270477043
rolling_7d,7d,cap25,14,2025-07-29,2025-08-04,7,0.003620260764371608,-0.013127527187459687,0.016747787951831294
rolling_7d,7d,cap25,14,2025-07-30,2025-08-05,7,0.017135412105399483,-0.019955898566701658,0.03709131067210114
rolling_7d,7d,cap25,14,2025-07-31,2025-08-06,7,0.010709390681409747,-0.01913303621238016,0.02984242689378991
rolling_7d,7d,cap25,14,2025-08-01,2025-08-07,7,0.09635671911823329,0.004748220193279584,0.09160849892495371
rolling_7d,7d,cap25,14,2025-08-02,2025-08-08,7,0.14807477907170563,0.01251028285768463,0.135564496214021
rolling_7d,7d,cap25,14,2025-08-03,2025-08-09,7,0.1893255438460122,0.017433623258387154,0.17189192058762504
rolling_7d,7d,cap25,14,2025-08-04,2025-08-10,7,0.1453319444667749,0.022182852580099555,0.12314909188667533
rolling_7d,7d,cap25,14,2025-08-05,2025-08-11,7,0.05273568761496095,0.02460243217960878,0.028133255435352167
rolling_7d,7d,cap25,14,2025-08-06,2025-08-12,7,0.07894938278432417,0.02711216109798653,0.05183722168633764
rolling_7d,7d,cap25,14,2025-08-07,2025-08-13,7,0.13248570033997753,0.05076250000000182,0.08172320033997571
rolling_7d,7d,cap25,14,2025-08-08,2025-08-14,7,0.04430192939021205,0.01674717997504871,0.027554749415163338
rolling_7d,7d,cap25,14,2025-08-09,2025-08-15,7,0.06711831185232997,0.02374896098296153,0.04336935086936844
rolling_7d,7d,cap25,14,2025-08-10,2025-08-16,7,0.04826662423186123,0.01820270886282005,0.030063915369041183
rolling_7d,7d,cap25,14,2025-08-11,2025-08-17,7,0.055331444052229006,-0.004217014524592444,0.05954845857682145
rolling_7d,7d,cap25,14,2025-08-12,2025-08-18,7,0.0641452382599903,-0.016932955963357976,0.08107819422334828
rolling_7d,7d,cap25,14,2025-08-13,2025-08-19,7,0.004863296735643674,-0.04300231227941653,0.047865609015060206
rolling_7d,7d,cap25,14,2025-08-14,2025-08-20,7,-0.014203998186964384,-0.05276525380378294,0.03856125561681856
rolling_7d,7d,cap25,14,2025-08-15,2025-08-21,7,-0.015109048349700283,-0.04124820006197116,0.02613915171227088
rolling_7d,7d,cap25,14,2025-08-16,2025-08-22,7,-0.008556159418549258,-0.016201993809784376,0.007645834391235118
rolling_7d,7d,cap25,14,2025-08-17,2025-08-23,7,-0.017381718870437046,-0.02048989304288007,0.0031081741724430234
rolling_7d,7d,cap25,14,2025-08-18,2025-08-24,7,-0.023051631971091613,-0.034124128970573264,0.011072496999481651
rolling_7d,7d,cap25,14,2025-08-19,2025-08-25,7,-0.032916211576829335,-0.035216979438181695,0.0023007678613523597
rolling_7d,7d,cap25,14,2025-08-20,2025-08-26,7,0.011777777542497647,-0.0038786059908503256,0.015656383533347973
rolling_7d,7d,cap25,14,2025-08-21,2025-08-27,7,-0.012162726018026593,-0.02286955811894087,0.010706832100914276
rolling_7d,7d,cap25,14,2025-08-22,2025-08-28,7,0.01561701402163207,-0.007129277566536918,0.022746291588168988
rolling_7d,7d,cap25,14,2025-08-23,2025-08-29,7,-0.05064610558563076,-0.056176428611318774,0.005530323025688011
rolling_7d,7d,cap25,14,2025-08-24,2025-08-30,7,-0.04561606083295544,-0.04980120840246238,0.004185147569506942
rolling_7d,7d,cap25,14,2025-08-25,2025-08-31,7,-0.04531413688794983,-0.043134244072051686,-0.0021798928158981434
rolling_7d,7d,cap25,14,2025-08-26,2025-09-01,7,-0.03774189568621733,-0.021370126744744367,-0.016371768941472964
rolling_7d,7d,cap25,14,2025-08-27,2025-09-02,7,-0.030592544542249245,-0.010640674568981212,-0.019951869973268033
rolling_7d,7d,cap25,14,2025-08-28,2025-09-03,7,-0.02186051610524109,-0.004479175369034416,-0.017381340736206674
rolling_7d,7d,cap25,14,2025-08-29,2025-09-04,7,-0.04148894252935498,-0.007640019147921784,-0.033848923381433194
rolling_7d,7d,cap25,14,2025-08-30,2025-09-05,7,-0.005747989357942296,0.01882314266929419,-0.024571132027236486
rolling_7d,7d,cap25,14,2025-08-31,2025-09-06,7,-0.008859583194385734,0.016894986195394646,-0.02575456938978038
rolling_7d,7d,cap25,14,2025-09-01,2025-09-07,7,0.00452874746013765,0.02794374117225673,-0.02341499371211908
rolling_7d,7d,cap25,14,2025-09-02,2025-09-08,7,0.03223801770039003,0.023436833994554096,0.008801183705835935
rolling_7d,7d,cap25,14,2025-09-03,2025-09-09,7,0.008119697185904107,0.0026129706573028155,0.005506726528601291
rolling_7d,7d,cap25,14,2025-09-04,2025-09-10,7,0.01590695441962464,0.024291210493699866,-0.008384256074075225
rolling_7d,7d,cap25,14,2025-09-05,2025-09-11,7,0.0350001537680904,0.03287924979740042,0.00212090397068998
rolling_7d,7d,cap25,14,2025-09-06,2025-09-12,7,0.057951023011897806,0.03939650110026327,0.018554521911634536
rolling_7d,7d,cap25,14,2025-09-07,2025-09-13,7,0.06849738664816973,0.04066094281548782,0.027836443832681912
rolling_7d,7d,cap25,14,2025-09-08,2025-09-14,7,0.06527517862077059,0.033822096931301004,0.031453081689469586
rolling_7d,7d,cap25,14,2025-09-09,2025-09-15,7,0.030170177949644827,0.029179401418602646,0.0009907765310421812
rolling_7d,7d,cap25,14,2025-09-10,2025-09-16,7,0.037355580390576515,0.04438195378408438,-0.007026373393507868
rolling_7d,7d,cap25,14,2025-09-11,2025-09-17,7,0.028495620863838278,0.017299511580269877,0.0111961092835684
rolling_7d,7d,cap25,14,2025-09-12,2025-09-18,7,0.025119766471829896,0.011781555514042363,0.013338210957787533
rolling_7d,7d,cap25,14,2025-09-13,2025-09-19,7,-0.013745955358720474,0.006736285295648514,-0.02048224065436899
rolling_7d,7d,cap25,14,2025-09-14,2025-09-20,7,-0.013659560432573103,0.009788293897880163,-0.023447854330453266
rolling_7d,7d,cap25,14,2025-09-15,2025-09-21,7,-0.02419209039570025,0.0075876700361909855,-0.031779760431891235
rolling_7d,7d,cap25,14,2025-09-16,2025-09-22,7,-0.0371703142514781,0.0006038985699421406,-0.03777421282142024
rolling_7d,7d,cap25,14,2025-09-17,2025-09-23,7,-0.043853158751130716,-0.016451219361918734,-0.027401939389211982
rolling_7d,7d,cap25,14,2025-09-18,2025-09-24,7,-0.04175919797574357,-0.004218808078305658,-0.03754038989743791
rolling_7d,7d,cap25,14,2025-09-19,2025-09-25,7,-0.06456769659557238,-0.02666141480287454,-0.03790628179269784
rolling_7d,7d,cap25,14,2025-09-20,2025-09-26,7,-0.05129360929180382,-0.024816068774552114,-0.026477540517251708
rolling_7d,7d,cap25,14,2025-09-21,2025-09-27,7,-0.058779407083422774,-0.026397898527487196,-0.03238150855593558
rolling_7d,7d,cap25,14,2025-09-22,2025-09-28,7,-0.04350704377902048,-0.0043535881493241835,-0.0391534556296963
rolling_7d,7d,cap25,14,2025-09-23,2025-09-29,7,-0.018397818582150505,0.014242160278743698,-0.0326399788608942
rolling_7d,7d,cap25,14,2025-09-24,2025-09-30,7,-0.02259611858248145,0.02004660836444727,-0.04264272694692872
rolling_7d,7d,cap25,14,2025-09-25,2025-10-01,7,0.003562237049204553,0.04828324177704224,-0.04472100472783769
rolling_7d,7d,cap25,14,2025-09-26,2025-10-02,7,0.03639520322762291,0.07970913689535264,-0.04331393366772973
rolling_7d,7d,cap25,14,2025-09-27,2025-10-03,7,0.04461098257539353,0.09712323482726015,-0.05251225225186662
rolling_7d,7d,cap25,14,2025-09-28,2025-10-04,7,0.04171136765940853,0.10828989619420404,-0.06657852853479551
rolling_7d,7d,cap25,14,2025-09-29,2025-10-05,7,0.03778966879815293,0.10112394494100019,-0.06333427614284726
rolling_7d,7d,cap25,14,2025-09-30,2025-10-06,7,0.054650490462936574,0.09013612745308319,-0.03548563699014662
rolling_7d,7d,cap25,14,2025-10-01,2025-10-07,7,0.035731322030202906,0.07862284128036978,-0.042891519250166876
rolling_7d,7d,cap25,14,2025-10-02,2025-10-08,7,0.01302670776900916,0.05663501483679356,-0.0436083070677844
rolling_7d,7d,cap25,14,2025-10-03,2025-10-09,7,0.0052330554467208135,0.041679355337439494,-0.03644629989071868
rolling_7d,7d,cap25,14,2025-10-04,2025-10-10,7,-0.09868229421711816,-0.008859453446080634,-0.08982284077103753
rolling_7d,7d,cap25,14,2025-10-05,2025-10-11,7,-0.10737045103668719,-0.02627022269971102,-0.08110022833697617
rolling_7d,7d,cap25,14,2025-10-06,2025-10-12,7,-0.071741375539362,-0.018087227660689154,-0.05365414787867284
rolling_7d,7d,cap25,14,2025-10-07,2025-10-13,7,-0.06771079410688596,-0.03380378386286942,-0.033907010244016544
rolling_7d,7d,cap25,14,2025-10-08,2025-10-14,7,-0.0548803731165598,-0.031543585947732655,-0.023336787168827144
rolling_7d,7d,cap25,14,2025-10-09,2025-10-15,7,-0.07875055523598529,-0.05281308447959121,-0.025937470756394077
rolling_7d,7d,cap25,14,2025-10-10,2025-10-16,7,-0.10581190887059422,-0.07068526420535914,-0.035126644665235074
rolling_7d,7d,cap25,14,2025-10-11,2025-10-17,7,-0.026901121622055157,-0.048333817970339865,0.021432696348284708
rolling_7d,7d,cap25,14,2025-10-12,2025-10-18,7,-0.010588691851597387,-0.03951476595145442,0.028926074099857035
rolling_7d,7d,cap25,14,2025-10-13,2025-10-19,7,-0.044866024668491544,-0.051516145177157635,0.006650120508666091
rolling_7d,7d,cap25,14,2025-10-14,2025-10-20,7,-0.055477386841403575,-0.03339642971548762,-0.022080957125915956
rolling_7d,7d,cap25,14,2025-10-15,2025-10-21,7,-0.06413013689780911,-0.04109001117055833,-0.023040125727250782
rolling_7d,7d,cap25,14,2025-10-16,2025-10-22,7,-0.05932512370268006,-0.03320090132827369,-0.02612422237440637
rolling_7d,7d,cap25,14,2025-10-17,2025-10-23,7,-0.027662337641692458,0.0024319419237714968,-0.030094279565463955
rolling_7d,7d,cap25,14,2025-10-18,2025-10-24,7,-0.01049568712677551,0.013181454298790696,-0.023677141425566206
rolling_7d,7d,cap25,14,2025-10-19,2025-10-25,7,-0.011859843407590276,0.01632052010583207,-0.028180363513422346
rolling_7d,7d,cap25,14,2025-10-20,2025-10-26,7,-0.0015081229725778522,0.028536943362810208,-0.03004506633538806
rolling_7d,7d,cap25,14,2025-10-21,2025-10-27,7,-0.01016601855023691,0.01770897982056363,-0.02787499837080054
rolling_7d,7d,cap25,14,2025-10-22,2025-10-28,7,0.0011283341843071337,0.030649720112079004,-0.02952138592777187
rolling_7d,7d,cap25,14,2025-10-23,2025-10-29,7,0.0010723539562293993,0.008126790193873967,-0.007054436237644568
rolling_7d,7d,cap25,14,2025-10-24,2025-10-30,7,-0.031860505328103916,-0.008714439173940769,-0.023146066154163147
rolling_7d,7d,cap25,14,2025-10-25,2025-10-31,7,-0.028398624152517815,-0.008842191608968153,-0.019556432543549662
rolling_7d,7d,cap25,14,2025-10-26,2025-11-01,7,-0.028011072443779428,-0.014020321048521356,-0.013990751395258072
rolling_7d,7d,cap25,14,2025-10-27,2025-11-02,7,-0.050463436639372694,-0.032857842067711696,-0.017605594571661
rolling_7d,7d,cap25,14,2025-10-28,2025-11-03,7,-0.11561227889102088,-0.06148016577856774,-0.05413211311245314
rolling_7d,7d,cap25,14,2025-10-29,2025-11-04,7,-0.14234508688295533,-0.08893515764426108,-0.053409929238694254
rolling_7d,7d,cap25,14,2025-10-30,2025-11-05,7,-0.12004678744625774,-0.05088643636761858,-0.06916035107863916
rolling_7d,7d,cap25,14,2025-10-31,2025-11-06,7,-0.08790466201435154,-0.07823667644802523,-0.00966798556632631
rolling_7d,7d,cap25,14,2025-11-01,2025-11-07,7,-0.04429731463491471,-0.06304996044544176,0.018752645810527047
rolling_7d,7d,cap25,14,2025-11-02,2025-11-08,7,-0.04756221802269556,-0.06984231515018458,0.022280097127489018
rolling_7d,7d,cap25,14,2025-11-03,2025-11-09,7,-0.02756334275975514,-0.05278433237605695,0.025220989616301814
rolling_7d,7d,cap25,14,2025-11-04,2025-11-10,7,0.05540563853773639,-0.009727724646093616,0.06513336318383
rolling_7d,7d,cap25,14,2025-11-05,2025-11-11,7,0.11304871451450094,0.008684296441400452,0.10436441807310048
rolling_7d,7d,cap25,14,2025-11-06,2025-11-12,7,0.10287251948620457,-0.017313880591269815,0.12018640007747439
rolling_7d,7d,cap25,14,2025-11-07,2025-11-13,7,0.03616909912997568,-0.0011029873123389322,0.03727208644231461
rolling_7d,7d,cap25,14,2025-11-08,2025-11-14,7,-0.0556795331121156,-0.06536380700010846,0.009684273887992867
rolling_7d,7d,cap25,14,2025-11-09,2025-11-15,7,-0.0492528685754835,-0.05427286553387678,0.00501999695839328
rolling_7d,7d,cap25,14,2025-11-10,2025-11-16,7,-0.09906451401909899,-0.09671709044093679,-0.0023474235781622
rolling_7d,7d,cap25,14,2025-11-11,2025-11-17,7,-0.11025053074971025,-0.1222750264374981,0.01202449568778785
rolling_7d,7d,cap25,14,2025-11-12,2025-11-18,7,-0.12195036792187353,-0.10843474883480075,-0.013515619087072772
rolling_7d,7d,cap25,14,2025-11-13,2025-11-19,7,-0.1404706372165807,-0.10902081525887031,-0.0314498219577104
rolling_7d,7d,cap25,14,2025-11-14,2025-11-20,7,-0.1227305828122427,-0.13953980428458035,0.016809221472337654
rolling_7d,7d,cap25,14,2025-11-15,2025-11-21,7,-0.11394534999025063,-0.1101351586115823,-0.0038101913786683372
rolling_7d,7d,cap25,14,2025-11-16,2025-11-22,7,-0.11085204867758225,-0.11740893494610305,0.006556886268520801
rolling_7d,7d,cap25,14,2025-11-17,2025-11-23,7,-0.05155156293967078,-0.059882415820415535,0.008330852880744755
rolling_7d,7d,cap25,14,2025-11-18,2025-11-24,7,-0.03277020871964764,-0.03830744665408348,0.005537237934435835
rolling_7d,7d,cap25,14,2025-11-19,2025-11-25,7,-0.010087652918482015,-0.05101322161635691,0.04092556869787489
rolling_7d,7d,cap25,14,2025-11-20,2025-11-26,7,0.009616130695555114,-0.008375552757194149,0.017991683452749263
rolling_7d,7d,cap25,14,2025-11-21,2025-11-27,7,0.059376756158663335,0.052660293846438,0.006716462312225335
rolling_7d,7d,cap25,14,2025-11-22,2025-11-28,7,0.08779915784180292,0.06435465733741674,0.02344450050438618
rolling_7d,7d,cap25,14,2025-11-23,2025-11-29,7,0.11862414278544886,0.06809239202997186,0.050531750755477
rolling_7d,7d,cap25,14,2025-11-24,2025-11-30,7,0.05265124836972768,0.029396158335988964,0.023255090033738712
rolling_7d,7d,cap25,14,2025-11-25,2025-12-01,7,-0.025055418322038503,-0.02510150790176624,4.6089579727737195e-05
rolling_7d,7d,cap25,14,2025-11-26,2025-12-02,7,-0.012809014119819495,0.04006794029211136,-0.052876954411930854
rolling_7d,7d,cap25,14,2025-11-27,2025-12-03,7,-0.00468032697903753,0.02543486607011025,-0.03011519304914778
rolling_7d,7d,cap25,14,2025-11-28,2025-12-04,7,-0.03961045704470667,0.003146238019113401,-0.04275669506382007
rolling_7d,7d,cap25,14,2025-11-29,2025-12-05,7,-0.052844237462725596,-0.01908332538500468,-0.03376091207772092
rolling_7d,7d,cap25,14,2025-11-30,2025-12-06,7,-0.08213345970675201,-0.01758127017507749,-0.06455218953167452
rolling_7d,7d,cap25,14,2025-12-01,2025-12-07,7,-0.051843858235365414,-0.005235640648010853,-0.04660821758735456
rolling_7d,7d,cap25,14,2025-12-02,2025-12-08,7,0.013635067824357083,0.04508577444726369,-0.03145070662290661
rolling_7d,7d,cap25,14,2025-12-03,2025-12-09,7,-0.014763946624296587,0.008658231572752584,-0.02342217819704917
rolling_7d,7d,cap25,14,2025-12-04,2025-12-10,7,-0.033746986864009676,-0.01576798738560936,-0.017978999478400315
rolling_7d,7d,cap25,14,2025-12-05,2025-12-11,7,-0.0285614114173548,0.0009460049483316357,-0.029507416365686434
rolling_7d,7d,cap25,14,2025-12-06,2025-12-12,7,-0.02324093390424209,0.008407132599326905,-0.031648066503568995
rolling_7d,7d,cap25,14,2025-12-07,2025-12-13,7,-0.009246485890229472,0.008510096851934934,-0.017756582742164406
rolling_7d,7d,cap25,14,2025-12-08,2025-12-14,7,-0.03304167414134007,-0.024198861491316892,-0.00884281265002318
rolling_7d,7d,cap25,14,2025-12-09,2025-12-15,7,-0.07408634168927697,-0.0437037037037048,-0.03038263798557217
rolling_7d,7d,cap25,14,2025-12-10,2025-12-16,7,-0.08005288073004702,-0.04809761007023439,-0.03195527065981263
rolling_7d,7d,cap25,14,2025-12-11,2025-12-17,7,-0.08073673518496371,-0.05866904659141614,-0.022067688593547574
rolling_7d,7d,cap25,14,2025-12-12,2025-12-18,7,-0.09357476561758771,-0.07500545256270508,-0.01856931305488263
rolling_7d,7d,cap25,14,2025-12-13,2025-12-19,7,-0.05141876303061754,-0.026383325916034317,-0.025035437114583226
rolling_7d,7d,cap25,14,2025-12-14,2025-12-20,7,-0.06198399129639742,-0.023251671700938892,-0.03873231959545853
rolling_7d,7d,cap25,14,2025-12-15,2025-12-21,7,-0.046731772218361445,0.0015399787589194247,-0.04827175097728087
rolling_7d,7d,cap25,14,2025-12-16,2025-12-22,7,0.003099050873405673,0.023152594887688283,-0.02005354401428261
rolling_7d,7d,cap25,14,2025-12-17,2025-12-23,7,-0.00016898769665241176,-0.0007048620155968299,0.0005358743189444182
rolling_7d,7d,cap25,14,2025-12-18,2025-12-24,7,-0.003314320889718947,0.0041809463859676654,-0.007495267275686612
rolling_7d,7d,cap25,14,2025-12-19,2025-12-25,7,0.012521755601377915,0.010068142698828275,0.00245361290254964
rolling_7d,7d,cap25,14,2025-12-20,2025-12-26,7,-0.01898335981908761,-0.0237081279568504,0.0047247681377627915
rolling_7d,7d,cap25,14,2025-12-21,2025-12-27,7,-0.01214447986128564,-0.024640984727606008,0.012496504866320368
rolling_7d,7d,cap25,14,2025-12-22,2025-12-28,7,-0.003926274896448145,-0.03098702498807293,0.027060750091624786
rolling_7d,7d,cap25,14,2025-12-23,2025-12-29,7,-0.018038316119361575,-0.03739145576088798,0.019353139641526407
rolling_7d,7d,cap25,14,2025-12-24,2025-12-30,7,-0.005098714584153674,-0.014789542283216606,0.009690827699062932
rolling_7d,7d,cap25,14,2025-12-25,2025-12-31,7,-0.009726835842738257,-0.009186097804463667,-0.0005407380382745908
rolling_7d,7d,cap25,14,2025-12-26,2026-01-01,7,0.018411056622373634,0.0022721259940599037,0.01613893062831373
rolling_7d,7d,cap25,14,2025-12-27,2026-01-02,7,0.03550099435004839,0.01563780228012357,0.019863192069924818
rolling_7d,7d,cap25,14,2025-12-28,2026-01-03,7,0.02695044117885881,0.021134715308452012,0.005815725870406796
rolling_7d,7d,cap25,14,2025-12-29,2026-01-04,7,0.04099679838341408,0.035604852577934665,0.0053919458054794145
rolling_7d,7d,cap25,14,2025-12-30,2026-01-05,7,0.07436183640339733,0.07101061738104453,0.0033512190223528027
rolling_7d,7d,cap25,14,2025-12-31,2026-01-06,7,0.06982288759836464,0.05943144411327772,0.010391443485086915
rolling_7d,7d,cap25,14,2026-01-01,2026-01-07,7,0.09100320569795306,0.03850660001561801,0.05249660568233505
rolling_7d,7d,cap25,14,2026-01-02,2026-01-08,7,0.07065261189800442,0.034113317702588075,0.03653929419541635
rolling_7d,7d,cap25,14,2026-01-03,2026-01-09,7,0.04964440777363577,0.0260842841227773,0.023560123650858467
rolling_7d,7d,cap25,14,2026-01-04,2026-01-10,7,0.04879475142471179,0.018698504729936172,0.03009624669477562
rolling_7d,7d,cap25,14,2026-01-05,2026-01-11,7,0.021777433628763276,0.009834927200404353,0.011942506428358923
rolling_7d,7d,cap25,14,2026-01-06,2026-01-12,7,-0.0068284679874129894,-0.011587689731895057,0.004759221744482067
rolling_7d,7d,cap25,14,2026-01-07,2026-01-13,7,0.01753269261724566,0.028338891418999035,-0.010806198801753375
rolling_7d,7d,cap25,14,2026-01-08,2026-01-14,7,0.0172990354638356,0.06821600481347945,-0.05091696934964385
rolling_7d,7d,cap25,14,2026-01-09,2026-01-15,7,-0.004942287529963285,0.05783783783783769,-0.06278012536780098
rolling_7d,7d,cap25,14,2026-01-10,2026-01-16,7,0.0022836181718235427,0.05578435043055263,-0.05350073225872909
rolling_7d,7d,cap25,14,2026-01-11,2026-01-17,7,-0.00428748120577116,0.05219012813504009,-0.05647760934081125
rolling_7d,7d,cap25,14,2026-01-12,2026-01-18,7,-0.008099272432361193,0.03598176246355922,-0.04408103489592041
rolling_7d,7d,cap25,14,2026-01-13,2026-01-19,7,-0.025733519184974574,0.018187086277217546,-0.04392060546219212
rolling_7d,7d,cap25,14,2026-01-14,2026-01-20,7,-0.08891844642097235,-0.05820166290465045,-0.0307167835163219
rolling_7d,7d,cap25,14,2026-01-15,2026-01-21,7,-0.0837762020611289,-0.06707737801872726,-0.01669882404240164
rolling_7d,7d,cap25,14,2026-01-16,2026-01-22,7,-0.06564265854025231,-0.05683302106398325,-0.008809637476269061
rolling_7d,7d,cap25,14,2026-01-17,2026-01-23,7,-0.06963932421048502,-0.06396453900709242,-0.005674785203392596
rolling_7d,7d,cap25,14,2026-01-18,2026-01-24,7,-0.06507070585942065,-0.06271886120996284,-0.0023518446494578127
rolling_7d,7d,cap25,14,2026-01-19,2026-01-25,7,-0.07063540864024731,-0.07304262503246306,0.0024072163922157497
rolling_7d,7d,cap25,14,2026-01-20,2026-01-26,7,-0.043210758003034755,-0.05473954570992645,0.011528787706891697
rolling_7d,7d,cap25,14,2026-01-21,2026-01-27,7,-0.0054982395690788,-0.016428008009224948,0.010929768440146148
rolling_7d,7d,cap25,14,2026-01-22,2026-01-28,7,-0.025577972465143484,-0.02583337735749358,0.00025540489235009733
rolling_7d,7d,cap25,14,2026-01-23,2026-01-29,7,-0.06284250669018399,-0.06511106429087488,0.0022685576006908903
rolling_7d,7d,cap25,14,2026-01-24,2026-01-30,7,-0.0780493325691991,-0.05202263962237064,-0.026026692946828467
rolling_7d,7d,cap25,14,2026-01-25,2026-01-31,7,-0.07630843694627343,-0.10686622926917833,0.030557792322904898
rolling_7d,7d,cap25,14,2026-01-26,2026-02-01,7,-0.09320017285903248,-0.11681973848069649,0.023619565621664007
rolling_7d,7d,cap25,14,2026-01-27,2026-02-02,7,-0.0827955332590018,-0.09737778566852007,0.01458225240951827
rolling_7d,7d,cap25,14,2026-01-28,2026-02-03,7,-0.10912941293103096,-0.13708918739686138,0.027959774465830423
rolling_7d,7d,cap25,14,2026-01-29,2026-02-04,7,-0.11188030927453674,-0.1636969321351086,0.05181662286057187
rolling_7d,7d,cap25,14,2026-01-30,2026-02-05,7,-0.19977889161100937,-0.2506137166681405,0.050834825057131106
rolling_7d,7d,cap25,14,2026-01-31,2026-02-06,7,-0.0891317154759863,-0.16388922191583544,0.07475750643984913
rolling_7d,7d,cap25,14,2026-02-01,2026-02-07,7,-0.09929018467617257,-0.1285975428304219,0.02930735815424934
rolling_7d,7d,cap25,14,2026-02-02,2026-02-08,7,-0.04943104588569003,-0.07815212697517215,0.028721081089482126
rolling_7d,7d,cap25,14,2026-02-03,2026-02-09,7,-0.07436987944218765,-0.11419457462456872,0.039824695182381076
rolling_7d,7d,cap25,14,2026-02-04,2026-02-10,7,-0.06617782056248356,-0.0872533600228742,0.021075539460390647
rolling_7d,7d,cap25,14,2026-02-05,2026-02-11,7,-0.06451722735353527,-0.08140805928670902,0.016890831933173756
rolling_7d,7d,cap25,14,2026-02-06,2026-02-12,7,0.09566198093742484,0.04385324254075895,0.05180873839666589
rolling_7d,7d,cap25,14,2026-02-07,2026-02-13,7,0.01872118927633215,-0.03647834815027329,0.05519953742660544
rolling_7d,7d,cap25,14,2026-02-08,2026-02-14,7,0.0628130801360729,0.0034149673138863523,0.059398112822186544
rolling_7d,7d,cap25,14,2026-02-09,2026-02-15,7,0.03309123927115909,-0.024884563540245486,0.057975802811404575
rolling_7d,7d,cap25,14,2026-02-10,2026-02-16,7,0.04724025799345721,-0.016132613753749636,0.06337287174720685
rolling_7d,7d,cap25,14,2026-02-11,2026-02-17,7,0.03575274130587913,-0.020883101625220446,0.05663584293109958
rolling_7d,7d,cap25,14,2026-02-12,2026-02-18,7,0.03634385700589604,-0.005455718924584296,0.04179957593048034
rolling_7d,7d,cap25,14,2026-02-13,2026-02-19,7,-0.007808603743649223,0.015979174597949397,-0.02378777834159862
rolling_7d,7d,cap25,14,2026-02-14,2026-02-20,7,-0.04435854442687781,-0.006835724348670191,-0.03752282007820762
rolling_7d,7d,cap25,14,2026-02-15,2026-02-21,7,-0.08084186382484504,-0.027761571373004723,-0.053080292451840316
rolling_7d,7d,cap25,14,2026-02-16,2026-02-22,7,-0.08118280027481384,-0.024245098039214485,-0.05693770223559935
rolling_7d,7d,cap25,14,2026-02-17,2026-02-23,7,-0.1234685716026026,-0.06386152215723861,-0.05960704944536399
rolling_7d,7d,cap25,14,2026-02-18,2026-02-24,7,-0.11034805692261185,-0.06164568480206267,-0.048702372120549176
rolling_7d,7d,cap25,14,2026-02-19,2026-02-25,7,-0.07080485489531718,-0.008679692965998242,-0.06212516192931894
rolling_7d,7d,cap25,14,2026-02-20,2026-02-26,7,-0.035441259066109065,-0.012790909643306536,-0.02265034942280253
rolling_7d,7d,cap25,14,2026-02-21,2026-02-27,7,-0.04576907811224862,-0.03921882023874501,-0.0065502578735036066
rolling_7d,7d,cap25,14,2026-02-22,2026-02-28,7,-0.03782801357563159,-0.02277341601240146,-0.015054597563230132
rolling_7d,7d,cap25,14,2026-02-23,2026-03-01,7,-0.032534041041179074,-0.03497543380187884,0.0024413927606997676
rolling_7d,7d,cap25,14,2026-02-24,2026-03-02,7,0.03811567063331833,0.05611111111111122,-0.01799544047779289
rolling_7d,7d,cap25,14,2026-02-25,2026-03-03,7,0.0508018841057698,0.06876451908527037,-0.01796263497950057
rolling_7d,7d,cap25,14,2026-02-26,2026-03-04,7,0.03675442011872554,0.07842274842734986,-0.041668328308624325
rolling_7d,7d,cap25,14,2026-02-27,2026-03-05,7,0.03245917552932864,0.06561413227463908,-0.03315495674531044
rolling_7d,7d,cap25,14,2026-02-28,2026-03-06,7,0.02129399289813283,0.04820179041162498,-0.02690779751349215
rolling_7d,7d,cap25,14,2026-03-01,2026-03-07,7,0.008390533477692141,0.01721455766160296,-0.008824024183910817
rolling_7d,7d,cap25,14,2026-03-02,2026-03-08,7,-0.000520582442844586,0.018741019927948965,-0.01926160237079355
rolling_7d,7d,cap25,14,2026-03-03,2026-03-09,7,-0.014644034464885158,-0.002957728305858942,-0.011686306159026216
rolling_7d,7d,cap25,14,2026-03-04,2026-03-10,7,0.0042452625182907155,0.02065905578543248,-0.016413793267141763
rolling_7d,7d,cap25,14,2026-03-05,2026-03-11,7,-0.013277528541249528,-0.024745807724409263,0.011468279183159735
rolling_7d,7d,cap25,14,2026-03-06,2026-03-12,7,-0.00576384041567346,-0.0065078219013210425,0.0007439814856475824
rolling_7d,7d,cap25,14,2026-03-07,2026-03-13,7,0.022022013223950365,0.03539155879581379,-0.013369545571863428
rolling_7d,7d,cap25,14,2026-03-08,2026-03-14,7,0.052927979277321846,0.058255357681856745,-0.005327378404534899
rolling_7d,7d,cap25,14,2026-03-09,2026-03-15,7,0.09081665006799367,0.09457719273143272,-0.0037605426634390593
rolling_7d,7d,cap25,14,2026-03-10,2026-03-16,7,0.1111816313584244,0.09337514309889827,0.017806488259526132
rolling_7d,7d,cap25,14,2026-03-11,2026-03-17,7,0.09118575770765647,0.06584153096212764,0.02534422674552883
rolling_7d,7d,cap25,14,2026-03-12,2026-03-18,7,0.051275630422248586,0.02979878042849915,0.021476849993749436
rolling_7d,7d,cap25,14,2026-03-13,2026-03-19,7,0.026812626914602733,0.008527214410990691,0.018285412503612042
rolling_7d,7d,cap25,14,2026-03-14,2026-03-20,7,0.02534614952154035,0.009742965808608561,0.01560318371293179
rolling_7d,7d,cap25,14,2026-03-15,2026-03-21,7,-0.007612448688330553,-0.015088419851678858,0.007475971163348305
rolling_7d,7d,cap25,14,2026-03-16,2026-03-22,7,-0.041089995611807595,-0.04657329598505866,0.0054833003732510655
rolling_7d,7d,cap25,14,2026-03-17,2026-03-23,7,-0.06707425824389257,-0.03833022260663543,-0.028744035637257137
rolling_7d,7d,cap25,14,2026-03-18,2026-03-24,7,-0.05901068116227293,-0.035836380800500334,-0.023174300361772593
rolling_7d,7d,cap25,14,2026-03-19,2026-03-25,7,-0.014250296059554413,0.0058552985730073726,-0.020105594632561785
rolling_7d,7d,cap25,14,2026-03-20,2026-03-26,7,-0.02844656781613908,-0.0036318565704915873,-0.02481471124564749
rolling_7d,7d,cap25,14,2026-03-21,2026-03-27,7,-0.045684516096879624,-0.04161290322580613,-0.004071612871073493
rolling_7d,7d,cap25,14,2026-03-22,2026-03-28,7,-0.03671161518883925,-0.026073190273474545,-0.010638424915364708
rolling_7d,7d,cap25,14,2026-03-23,2026-03-29,7,-0.02535195929642675,-0.015629896584139935,-0.009722062712286816
rolling_7d,7d,cap25,14,2026-03-24,2026-03-30,7,-0.0201611668515439,-0.03924260355029463,0.01908143669875073
rolling_14d,14d,cap25,14,2025-03-01,2025-03-14,14,-0.09579283368530933,-0.0038960517331431133,-0.09189678195216622
rolling_14d,14d,cap25,14,2025-03-02,2025-03-15,14,-0.09115241083797354,-0.03249415432579994,-0.0586582565121736
rolling_14d,14d,cap25,14,2025-03-03,2025-03-16,14,-0.17025459777480556,-0.1486412701079407,-0.021613327666864857
rolling_14d,14d,cap25,14,2025-03-04,2025-03-17,14,-0.07407582922677547,-0.053699495435808875,-0.020376333790966594
rolling_14d,14d,cap25,14,2025-03-05,2025-03-18,14,-0.06281535050401754,-0.06937942255445018,0.006564072050432634
rolling_14d,14d,cap25,14,2025-03-06,2025-03-19,14,-0.0541525447054374,-0.056937975900048454,0.0027854311946110544
rolling_14d,14d,cap25,14,2025-03-07,2025-03-20,14,-0.05302777175674467,-0.07136824639944617,0.0183404746427015
rolling_14d,14d,cap25,14,2025-03-08,2025-03-21,14,-0.0345333801252069,-0.03794142647399379,0.003408046348786886
rolling_14d,14d,cap25,14,2025-03-09,2025-03-22,14,-0.050972826842005214,-0.03413332918558931,-0.016839497656415903
rolling_14d,14d,cap25,14,2025-03-10,2025-03-23,14,-0.007869019639923591,0.04797279450607972,-0.05584181414600331
rolling_14d,14d,cap25,14,2025-03-11,2025-03-24,14,0.055091711463435056,0.09301910979430361,-0.037927398330868556
rolling_14d,14d,cap25,14,2025-03-12,2025-03-25,14,0.04013305832368741,0.044683592515458725,-0.004550534191771316
rolling_14d,14d,cap25,14,2025-03-13,2025-03-26,14,0.03448598894358246,0.03645656976088274,-0.0019705808173002826
rolling_14d,14d,cap25,14,2025-03-14,2025-03-27,14,0.05396625712514669,0.07108973185306122,-0.017123474727914534
rolling_14d,14d,cap25,14,2025-03-15,2025-03-28,14,0.003191255989305697,0.01379838709677994,-0.010607131107474244
rolling_14d,14d,cap25,14,2025-03-16,2025-03-29,14,-0.030608913069238963,-0.006058116022586324,-0.02455079704665264
rolling_14d,14d,cap25,14,2025-03-17,2025-03-30,14,-0.028385003060889535,0.012333497779971392,-0.04071850084086093
rolling_14d,14d,cap25,14,2025-03-18,2025-03-31,14,-0.0562376003735261,0.0028165803783661847,-0.05905418075189228
rolling_14d,14d,cap25,14,2025-03-19,2025-04-01,14,-0.12178645528217347,0.044557884840590534,-0.166344340122764
rolling_14d,14d,cap25,14,2025-03-20,2025-04-02,14,-0.20468819973002972,-0.03739182240060024,-0.16729637732942948
rolling_14d,14d,cap25,14,2025-03-21,2025-04-03,14,-0.2145665960335359,-0.007726358148890999,-0.2068402378846449
rolling_14d,14d,cap25,14,2025-03-22,2025-04-04,14,-0.2212337220728512,-0.009084337349394955,-0.21214938472345624
rolling_14d,14d,cap25,14,2025-03-23,2025-04-05,14,-0.213624376443031,-0.007254720399368586,-0.20636965604366242
rolling_14d,14d,cap25,14,2025-03-24,2025-04-06,14,-0.24716808364259368,-0.07461957720298218,-0.1725485064396115
rolling_14d,14d,cap25,14,2025-03-25,2025-04-07,14,-0.24831434964419918,-0.08302135922329734,-0.16529299042090184
rolling_14d,14d,cap25,14,2025-03-26,2025-04-08,14,-0.2562278720377793,-0.11088701857812833,-0.14534085345965098
rolling_14d,14d,cap25,14,2025-03-27,2025-04-09,14,-0.16694211050616625,-0.054744866210325815,-0.11219724429584044
rolling_14d,14d,cap25,14,2025-03-28,2025-04-10,14,-0.1920975458488129,-0.08363636363635751,-0.10846118221245538
rolling_14d,14d,cap25,14,2025-03-29,2025-04-11,14,-0.1632166307437608,-0.032813357621841566,-0.13040327312191924
rolling_14d,14d,cap25,14,2025-03-30,2025-04-12,14,-0.13056363879192268,0.0024072167873050443,-0.13297085557922772
rolling_14d,14d,cap25,14,2025-03-31,2025-04-13,14,-0.13512586317587538,-0.012345679012339184,-0.1227801841635362
rolling_14d,14d,cap25,14,2025-04-01,2025-04-14,14,-0.12275541858320926,-0.0023703222664108736,-0.12038509631679839
rolling_14d,14d,cap25,14,2025-04-02,2025-04-15,14,-0.022633574686106828,-0.0362700436598441,0.01363646897373727
rolling_14d,14d,cap25,14,2025-04-03,2025-04-16,14,0.09937475753398117,-0.008110881284706495,0.10748563881868767
rolling_14d,14d,cap25,14,2025-04-04,2025-04-17,14,0.1043942930036752,-0.00410414469948317,0.10849843770315837
rolling_14d,14d,cap25,14,2025-04-05,2025-04-18,14,0.10405739476162079,-0.009078455689840115,0.1131358504514609
rolling_14d,14d,cap25,14,2025-04-06,2025-04-19,14,0.10099781404406127,-0.0037065875062823883,0.10470440155034366
rolling_14d,14d,cap25,14,2025-04-07,2025-04-20,14,0.15564183616486282,0.0455187675546882,0.11012306861017462
rolling_14d,14d,cap25,14,2025-04-08,2025-04-21,14,0.12688733797288743,0.06927774624982463,0.05760959172306279
rolling_14d,14d,cap25,14,2025-04-09,2025-04-22,14,0.16146323106012606,0.17039783632873817,-0.008934605268612117
rolling_14d,14d,cap25,14,2025-04-10,2025-04-23,14,0.0524965507744688,0.10500156350290668,-0.05250501272843788
rolling_14d,14d,cap25,14,2025-04-11,2025-04-24,14,0.12208745716230363,0.1417209333876024,-0.019633476225298763
rolling_14d,14d,cap25,14,2025-04-12,2025-04-25,14,0.14420162319142316,0.12283486585626835,0.021366757335154807
rolling_14d,14d,cap25,14,2025-04-13,2025-04-26,14,0.12266655149491479,0.10432096768977472,0.018345583805140064
rolling_14d,14d,cap25,14,2025-04-14,2025-04-27,14,0.10471034497966847,0.11141447368421287,-0.006704128704544399
rolling_14d,14d,cap25,14,2025-04-15,2025-04-28,14,0.13301031512176653,0.11351690019365623,0.019493414928110298
rolling_14d,14d,cap25,14,2025-04-16,2025-04-29,14,0.1300465332708185,0.11692758894705557,0.013118944323762927
rolling_14d,14d,cap25,14,2025-04-17,2025-04-30,14,0.08996124614350332,0.11744470534145979,-0.027483459197956472
rolling_14d,14d,cap25,14,2025-04-18,2025-05-01,14,0.09465600851238065,0.13509089132134489,-0.040434882808964234
rolling_14d,14d,cap25,14,2025-04-19,2025-05-02,14,0.1387139838251501,0.1341606066307337,0.004553377194416397
rolling_14d,14d,cap25,14,2025-04-20,2025-05-03,14,0.13288542705235717,0.11900323192523499,0.013882195127122188
rolling_14d,14d,cap25,14,2025-04-21,2025-05-04,14,0.11214858018709273,0.10421856428792209,0.00793001589917064
rolling_14d,14d,cap25,14,2025-04-22,2025-05-05,14,0.09755702996695681,0.06852027883396805,0.02903675113298876
rolling_14d,14d,cap25,14,2025-04-23,2025-05-06,14,0.03146070580880589,0.024591691452169773,0.006869014356636116
rolling_14d,14d,cap25,14,2025-04-24,2025-05-07,14,0.028169404450187674,0.026206043996959805,0.0019633604532278692
rolling_14d,14d,cap25,14,2025-04-25,2025-05-08,14,0.0467943675832978,0.07513553657631156,-0.028341168993013754
rolling_14d,14d,cap25,14,2025-04-26,2025-05-09,14,0.03365621415931441,0.05273181415313122,-0.019075599993816805
rolling_14d,14d,cap25,14,2025-04-27,2025-05-10,14,0.06039255545533506,0.06148867313915396,-0.001096117683818898
rolling_14d,14d,cap25,14,2025-04-28,2025-05-11,14,0.09211527251708129,0.07642732411874364,0.015687948398337648
rolling_14d,14d,cap25,14,2025-04-29,2025-05-12,14,0.07914019195673605,0.058867803199144975,0.020272388757591076
rolling_14d,14d,cap25,14,2025-04-30,2025-05-13,14,0.052499469204042803,0.06975209036232899,-0.017252621158286185
rolling_14d,14d,cap25,14,2025-05-01,2025-05-14,14,0.030719691937880267,0.07111316831610459,-0.040393476378224324
rolling_14d,14d,cap25,14,2025-05-02,2025-05-15,14,0.019555339761274215,0.048037253087085174,-0.02848191332581096
rolling_14d,14d,cap25,14,2025-05-03,2025-05-16,14,-0.003517976570802439,0.05681932924630373,-0.06033730581710617
rolling_14d,14d,cap25,14,2025-05-04,2025-05-17,14,-0.005815776211362422,0.06679276854243343,-0.07260854475379586
rolling_14d,14d,cap25,14,2025-05-05,2025-05-18,14,0.03051022970190087,0.11021822471247722,-0.07970799501057635
rolling_14d,14d,cap25,14,2025-05-06,2025-05-19,14,0.033753688465026244,0.10146044925494313,-0.06770676078991689
rolling_14d,14d,cap25,14,2025-05-07,2025-05-20,14,0.08360611031618181,0.09399781738814172,-0.01039170707195991
rolling_14d,14d,cap25,14,2025-05-08,2025-05-21,14,0.06822249339134734,0.10642883578493723,-0.03820634239358989
rolling_14d,14d,cap25,14,2025-05-09,2025-05-22,14,0.03943206696682733,0.06977418886900466,-0.030342121902177333
rolling_14d,14d,cap25,14,2025-05-10,2025-05-23,14,-0.010057318656894076,0.04243668243807308,-0.05249400109496716
rolling_14d,14d,cap25,14,2025-05-11,2025-05-24,14,-0.02799186341062343,0.03830978920648809,-0.06630165261711152
rolling_14d,14d,cap25,14,2025-05-12,2025-05-25,14,-0.03302689673768067,0.047162094351680395,-0.08018899108936106
rolling_14d,14d,cap25,14,2025-05-13,2025-05-26,14,-0.04244739802429032,0.05084710672509729,-0.09329450474938761
rolling_14d,14d,cap25,14,2025-05-14,2025-05-27,14,-0.05199664722129915,0.036976345560505886,-0.08897299278180504
rolling_14d,14d,cap25,14,2025-05-15,2025-05-28,14,-0.04175292661042329,0.031120958116686248,-0.07287388472710954
rolling_14d,14d,cap25,14,2025-05-16,2025-05-29,14,-0.02622966483918099,0.008913778702774655,-0.03514344354195564
rolling_14d,14d,cap25,14,2025-05-17,2025-05-30,14,-0.07696959912980283,0.004579329547932165,-0.081548928677735
rolling_14d,14d,cap25,14,2025-05-18,2025-05-31,14,-0.06722714423641374,0.008722278294548635,-0.07594942253096237
rolling_14d,14d,cap25,14,2025-05-19,2025-06-01,14,-0.07116202756208234,-0.009867853111101277,-0.061294174450981065
rolling_14d,14d,cap25,14,2025-05-20,2025-06-02,14,0.007003959872716736,-0.003405664441098688,0.010409624313815424
rolling_14d,14d,cap25,14,2025-05-21,2025-06-03,14,-0.034259550285410056,-0.02072221852763756,-0.013537331757772497
rolling_14d,14d,cap25,14,2025-05-22,2025-06-04,14,-0.04599671309950093,-0.04755127339031129,0.0015545602908103584
rolling_14d,14d,cap25,14,2025-05-23,2025-06-05,14,-0.11684096184493054,-0.08524679081540565,-0.03159417102952489
rolling_14d,14d,cap25,14,2025-05-24,2025-06-06,14,-0.08900791490768456,-0.030610269725472206,-0.058397645182212354
rolling_14d,14d,cap25,14,2025-05-25,2025-06-07,14,-0.08245971123921281,-0.026446555503888636,-0.05601315573532417
rolling_14d,14d,cap25,14,2025-05-26,2025-06-08,14,-0.0807396838304909,-0.04358728616629137,-0.03715239766419953
rolling_14d,14d,cap25,14,2025-05-27,2025-06-09,14,-0.057676971493395124,-0.011643561235418765,-0.04603341025797636
rolling_14d,14d,cap25,14,2025-05-28,2025-06-10,14,-0.044462000447562655,-0.003967125751278222,-0.04049487469628443
rolling_14d,14d,cap25,14,2025-05-29,2025-06-11,14,-0.05263700045382291,-0.004523592530752962,-0.04811340792306995
rolling_14d,14d,cap25,14,2025-05-30,2025-06-12,14,-0.0688848180983197,-0.012614678899086629,-0.05627013919923307
rolling_14d,14d,cap25,14,2025-05-31,2025-06-13,14,-0.03358097826096418,8.152229294688951e-05,-0.03366250055391107
rolling_14d,14d,cap25,14,2025-06-01,2025-06-14,14,-0.03213380885599404,-0.010222087009431613,-0.021911721846562426
rolling_14d,14d,cap25,14,2025-06-02,2025-06-15,14,-0.049645963458840536,-0.02142128983796543,-0.028224673620875107
rolling_14d,14d,cap25,14,2025-06-03,2025-06-16,14,-0.10862284201106287,-0.009988518943741642,-0.09863432306732123
rolling_14d,14d,cap25,14,2025-06-04,2025-06-17,14,-0.09257226097840732,-0.012074374889644135,-0.08049788608876318
rolling_14d,14d,cap25,14,2025-06-05,2025-06-18,14,-0.07061860016213761,0.0014323391889363712,-0.07205093935107398
rolling_14d,14d,cap25,14,2025-06-06,2025-06-19,14,-0.006787973402715974,0.023385992404668876,-0.03017396580738485
rolling_14d,14d,cap25,14,2025-06-07,2025-06-20,14,-0.012148527399603815,-0.008496691523275035,-0.0036518358763287795
rolling_14d,14d,cap25,14,2025-06-08,2025-06-21,14,-0.04654944983615372,-0.0245719861616277,-0.02197746367452602
rolling_14d,14d,cap25,14,2025-06-09,2025-06-22,14,-0.0800636407414379,-0.032992903128387874,-0.04707073761305003
rolling_14d,14d,cap25,14,2025-06-10,2025-06-23,14,-0.056727035065641696,-0.028750830564781338,-0.027976204500860358
rolling_14d,14d,cap25,14,2025-06-11,2025-06-24,14,-0.0653905743776334,-0.033277351088333185,-0.03211322328930022
rolling_14d,14d,cap25,14,2025-06-12,2025-06-25,14,-0.04210240172762314,-0.014935546600909455,-0.027166855126713685
rolling_14d,14d,cap25,14,2025-06-13,2025-06-26,14,-0.04892330263204703,0.008872303431402662,-0.05779560606344969
rolling_14d,14d,cap25,14,2025-06-14,2025-06-27,14,-0.04173890180667894,-0.0018137231592740832,-0.03992517864740486
rolling_14d,14d,cap25,14,2025-06-15,2025-06-28,14,-0.032876982024379164,0.005266285526934311,-0.038143267551313476
rolling_14d,14d,cap25,14,2025-06-16,2025-06-29,14,-0.019804974392145014,0.014515797409356157,-0.03432077180150117
rolling_14d,14d,cap25,14,2025-06-17,2025-06-30,14,-0.033498325477414825,-0.006610228458774348,-0.026888097018640478
rolling_14d,14d,cap25,14,2025-06-18,2025-07-01,14,-0.02748714925762974,-0.0026602326156908163,-0.024826916641938923
rolling_14d,14d,cap25,14,2025-06-19,2025-07-02,14,0.10114865875007761,0.014020973010141491,0.08712768573993612
rolling_14d,14d,cap25,14,2025-06-20,2025-07-03,14,0.07844195891620243,0.02687285744831991,0.05156910146788252
rolling_14d,14d,cap25,14,2025-06-21,2025-07-04,14,0.04581854357473292,0.026375183160991744,0.019443360413741173
rolling_14d,14d,cap25,14,2025-06-22,2025-07-05,14,0.07196098653759875,0.03675462405909857,0.035206362478500175
rolling_14d,14d,cap25,14,2025-06-23,2025-07-06,14,0.11563068021769252,0.053033905643368406,0.06259677457432411
rolling_14d,14d,cap25,14,2025-06-24,2025-07-07,14,0.06277366450983646,0.013183009174057458,0.049590655335779
rolling_14d,14d,cap25,14,2025-06-25,2025-07-08,14,0.0946864449407736,0.01836160131840736,0.07632484362236625
rolling_14d,14d,cap25,14,2025-06-26,2025-07-09,14,0.1036670229167429,0.02396749158797329,0.07969953132876961
rolling_14d,14d,cap25,14,2025-06-27,2025-07-10,14,0.17673845850366887,0.06634877384196192,0.11038968466170695
rolling_14d,14d,cap25,14,2025-06-28,2025-07-11,14,0.2213505256357129,0.07662102569686313,0.14472949993884976
rolling_14d,14d,cap25,14,2025-06-29,2025-07-12,14,0.2565722796876395,0.0853819288733042,0.1711903508143353
rolling_14d,14d,cap25,14,2025-06-30,2025-07-13,14,0.29461460716589927,0.09214472937552642,0.20246987779037284
rolling_14d,14d,cap25,14,2025-07-01,2025-07-14,14,0.33101513403128213,0.12517339413000994,0.2058417399012722
rolling_14d,14d,cap25,14,2025-07-02,2025-07-15,14,0.3355811937483981,0.1084299981390735,0.22715119560932462
rolling_14d,14d,cap25,14,2025-07-03,2025-07-16,14,0.18803409386931635,0.09314815819454614,0.09488593567477022
rolling_14d,14d,cap25,14,2025-07-04,2025-07-17,14,0.2668211138449268,0.09059949622166541,0.17622161762326138
rolling_14d,14d,cap25,14,2025-07-05,2025-07-18,14,0.3123773944521544,0.09022510605763578,0.22215228839451862
rolling_14d,14d,cap25,14,2025-07-06,2025-07-19,14,0.3235335263657879,0.08929704052577159,0.23423648584001633
rolling_14d,14d,cap25,14,2025-07-07,2025-07-20,14,0.34629107072164467,0.07797092266940542,0.26832014805223925
rolling_14d,14d,cap25,14,2025-07-08,2025-07-21,14,0.3798427296711353,0.08076299797434827,0.29907973169678703
rolling_14d,14d,cap25,14,2025-07-09,2025-07-22,14,0.36375521609388994,0.09593807314705294,0.267817142946837
rolling_14d,14d,cap25,14,2025-07-10,2025-07-23,14,0.30301845369140734,0.07326041300905617,0.22975804068235117
rolling_14d,14d,cap25,14,2025-07-11,2025-07-24,14,0.24262934741141406,0.028804139517059735,0.21382520789435433
rolling_14d,14d,cap25,14,2025-07-12,2025-07-25,14,0.17785721989504433,0.012623022319430133,0.1652341975756142
rolling_14d,14d,cap25,14,2025-07-13,2025-07-26,14,0.14602663151869022,0.007618630274200511,0.1384080012444897
rolling_14d,14d,cap25,14,2025-07-14,2025-07-27,14,0.12255869273590858,0.005678303684099273,0.11688038905180931
rolling_14d,14d,cap25,14,2025-07-15,2025-07-28,14,0.09348538110232907,-0.008342996643269096,0.10182837774559816
rolling_14d,14d,cap25,14,2025-07-16,2025-07-29,14,0.08427488970640296,0.015165929822597457,0.0691089598838055
rolling_14d,14d,cap25,14,2025-07-17,2025-07-30,14,0.06962032741215851,0.011916873449130172,0.05770345396302834
rolling_14d,14d,cap25,14,2025-07-18,2025-07-31,14,-0.006700454165406544,-0.007698798371550741,0.0009983442061441972
rolling_14d,14d,cap25,14,2025-07-19,2025-08-01,14,-0.03918157003175926,-0.01925129707320672,-0.019930272958552542
rolling_14d,14d,cap25,14,2025-07-20,2025-08-02,14,-0.06325985094347153,-0.025019202656163086,-0.03824064828730844
rolling_14d,14d,cap25,14,2025-07-21,2025-08-03,14,-0.056917378530720986,0.0023322557853038273,-0.05924963431602481
rolling_14d,14d,cap25,14,2025-07-22,2025-08-04,14,-0.018146043395630862,0.0018055616296268617,-0.019951605025257724
rolling_14d,14d,cap25,14,2025-07-23,2025-08-05,14,-0.03576944237662438,-0.015566165432037371,-0.020203276944587012
rolling_14d,14d,cap25,14,2025-07-24,2025-08-06,14,-0.02280616982902861,-0.01233958234309851,-0.010466587485930101
rolling_14d,14d,cap25,14,2025-07-25,2025-08-07,14,0.06151922384797781,0.005147501692030598,0.05637172215594721
rolling_14d,14d,cap25,14,2025-07-26,2025-08-08,14,0.08475451750008123,-0.0012047440699154421,0.08595926156999667
rolling_14d,14d,cap25,14,2025-07-27,2025-08-09,14,0.09499112405591204,-0.005069676994479688,0.10006080105039172
rolling_14d,14d,cap25,14,2025-07-28,2025-08-10,14,0.06868088866324618,0.007835853025473405,0.06084503563777277
rolling_14d,14d,cap25,14,2025-07-29,2025-08-11,14,0.056546865320087125,0.011151935894833764,0.04539492942525336
rolling_14d,14d,cap25,14,2025-07-30,2025-08-12,14,0.09743762509920018,0.00661521499448936,0.09082241010471082
rolling_14d,14d,cap25,14,2025-07-31,2025-08-13,14,0.14461393214602847,0.03065822303689103,0.11395570910913744
rolling_14d,14d,cap25,14,2025-08-01,2025-08-14,14,0.14492743707509415,0.02157491946646628,0.12335251760862787
rolling_14d,14d,cap25,14,2025-08-02,2025-08-15,14,0.22513162012323495,0.036556350060118925,0.18857527006311603
rolling_14d,14d,cap25,14,2025-08-03,2025-08-16,14,0.24673027296018168,0.035953671289803646,0.21077660167037804
rolling_14d,14d,cap25,14,2025-08-04,2025-08-17,14,0.2087048148732693,0.017872292643980048,0.19083252222928926
rolling_14d,14d,cap25,14,2025-08-05,2025-08-18,14,0.12026366912181685,0.007252884315561925,0.11301078480625493
rolling_14d,14d,cap25,14,2025-08-06,2025-08-19,14,0.08419663379554376,-0.017056036799535712,0.10125267059507947
rolling_14d,14d,cap25,14,2025-08-07,2025-08-20,14,0.1163998755055855,-0.004681249999995973,0.12108112550558148
rolling_14d,14d,cap25,14,2025-08-08,2025-08-21,14,0.028523521047370215,-0.02519181111700719,0.053715332164377405
rolling_14d,14d,cap25,14,2025-08-09,2025-08-22,14,0.05798787745766787,0.007162186654342539,0.05082569080332533
rolling_14d,14d,cap25,14,2025-08-10,2025-08-23,14,0.03004594846820119,-0.002660155737750025,0.032706104205951214
rolling_14d,14d,cap25,14,2025-08-11,2025-08-24,14,0.03100433199641639,-0.03819724154765758,0.06920157354407397
rolling_14d,14d,cap25,14,2025-08-12,2025-08-25,14,0.02911760844894884,-0.05155360783955032,0.08067121628849916
rolling_14d,14d,cap25,14,2025-08-13,2025-08-26,14,0.016698353105216723,-0.046714129244239455,0.06341248234945618
rolling_14d,14d,cap25,14,2025-08-14,2025-08-27,14,-0.026193964866682018,-0.07442809388419747,0.04823412901751545
rolling_14d,14d,cap25,14,2025-08-15,2025-08-28,14,0.00027200745200106624,-0.04808340776114606,0.048355415213147124
rolling_14d,14d,cap25,14,2025-08-16,2025-08-29,14,-0.05876892885086071,-0.07146825227248677,0.012699323421626052
rolling_14d,14d,cap25,14,2025-08-17,2025-08-30,14,-0.06220489415801733,-0.06927068001176973,0.007065785853752393
rolling_14d,14d,cap25,14,2025-08-18,2025-08-31,14,-0.06732120405241271,-0.07578645453486199,0.008465250482449282
rolling_14d,14d,cap25,14,2025-08-19,2025-09-01,14,-0.0694157870393286,-0.055834514868765006,-0.013581272170563596
rolling_14d,14d,cap25,14,2025-08-20,2025-09-02,14,-0.019175079183829324,-0.014478009575701556,-0.0046970696081277685
rolling_14d,14d,cap25,14,2025-08-21,2025-09-03,14,-0.03375735865526719,-0.027246296726548103,-0.006511061928719086
rolling_14d,14d,cap25,14,2025-08-22,2025-09-04,14,-0.026519861904946596,-0.014714828897339327,-0.011805033007607268
rolling_14d,14d,cap25,14,2025-08-23,2025-09-05,14,-0.05610298166764571,-0.03841070287242676,-0.017692278795218952
rolling_14d,14d,cap25,14,2025-08-24,2025-09-06,14,-0.05407150474139133,-0.03374761293554118,-0.020323891805850147
rolling_14d,14d,cap25,14,2025-08-25,2025-09-07,14,-0.040990605710152006,-0.016395835051805197,-0.02459477065834681
rolling_14d,14d,cap25,14,2025-08-26,2025-09-08,14,-0.0067206018870061834,0.0015658591368508112,-0.008286461023856995
rolling_14d,14d,cap25,14,2025-08-27,2025-09-09,14,-0.022721249554174427,-0.00805550768210106,-0.014665741872073368
rolling_14d,14d,cap25,14,2025-08-28,2025-09-10,14,-0.006301295918892058,0.0197032305329381,-0.026004526451830157
rolling_14d,14d,cap25,14,2025-08-29,2025-09-11,14,-0.00794090812946735,0.024988032551457096,-0.032928940680924446
rolling_14d,14d,cap25,14,2025-08-30,2025-09-12,14,0.05186993179040145,0.05896120973043861,-0.007091277940037166
rolling_14d,14d,cap25,14,2025-08-31,2025-09-13,14,0.05903094515817653,0.058242895078441714,0.0007880500797348144
rolling_14d,14d,cap25,14,2025-09-01,2025-09-14,14,0.07009954088029735,0.06271095402610882,0.007388586854188528
rolling_14d,14d,cap25,14,2025-09-02,2025-09-15,14,0.06338082238079945,0.05330010820026487,0.010080714180534578
rolling_14d,14d,cap25,14,2025-09-03,2025-09-16,14,0.045778593577455506,0.0471108931843387,-0.0013322996068831916
rolling_14d,14d,cap25,14,2025-09-04,2025-09-17,14,0.044855853825702674,0.0420109481512041,0.002844905674498577
rolling_14d,14d,cap25,14,2025-09-05,2025-09-18,14,0.060999115929052605,0.045048174018190945,0.01595094191086166
rolling_14d,14d,cap25,14,2025-09-06,2025-09-19,14,0.043408475477863195,0.04639817246697331,-0.0029896969891101133
rolling_14d,14d,cap25,14,2025-09-07,2025-09-20,14,0.05390218202320285,0.05084723797181101,0.003054944051391839
rolling_14d,14d,cap25,14,2025-09-08,2025-09-21,14,0.039503945203281265,0.04166639787893889,-0.0021624526756576223
rolling_14d,14d,cap25,14,2025-09-09,2025-09-22,14,-0.008121571297244667,0.029800921387333146,-0.03792249268457781
rolling_14d,14d,cap25,14,2025-09-10,2025-09-23,14,-0.008135738557662697,0.027200597164753093,-0.03533633572241579
rolling_14d,14d,cap25,14,2025-09-11,2025-09-24,14,-0.014453531385000051,0.013007720182758309,-0.02746125156775836
rolling_14d,14d,cap25,14,2025-09-12,2025-09-25,14,-0.041069855583847126,-0.015193972227415031,-0.025875883356432094
rolling_14d,14d,cap25,14,2025-09-13,2025-09-26,14,-0.06433448498701166,-0.018246951598085315,-0.04608753338892635
rolling_14d,14d,cap25,14,2025-09-14,2025-09-27,14,-0.07163606665274913,-0.016867995018680526,-0.054768071634068605
rolling_14d,14d,cap25,14,2025-09-15,2025-09-28,14,-0.06664660783876908,0.003201048296516351,-0.06984765613528543
rolling_14d,14d,cap25,14,2025-09-16,2025-09-29,14,-0.054884280135388486,0.014854659668910974,-0.06973893980429946
rolling_14d,14d,cap25,14,2025-09-17,2025-09-30,14,-0.06545836615825518,0.003265597850862667,-0.06872396400911784
rolling_14d,14d,cap25,14,2025-09-18,2025-10-01,14,-0.03834571708871315,0.04386073596828077,-0.08220645305699392
rolling_14d,14d,cap25,14,2025-09-19,2025-10-02,14,-0.0305224478074847,0.05092256373013204,-0.08144501153761674
rolling_14d,14d,cap25,14,2025-09-20,2025-10-03,14,-0.008970885026756248,0.06989694917762801,-0.07886783420438426
rolling_14d,14d,cap25,14,2025-09-21,2025-10-04,14,-0.019519808883672995,0.07903337197543014,-0.09855318085910314
rolling_14d,14d,cap25,14,2025-09-22,2025-10-05,14,-0.007361491755663363,0.09633010478336779,-0.10369159653903115
rolling_14d,14d,cap25,14,2025-09-23,2025-10-06,14,0.035247222071823625,0.10566202090591892,-0.0704147988340953
rolling_14d,14d,cap25,14,2025-09-24,2025-10-07,14,0.012327814258018321,0.10024557095246456,-0.08791775669444624
rolling_14d,14d,cap25,14,2025-09-25,2025-10-08,14,0.016635349039257674,0.10765277872824708,-0.0910174296889894
rolling_14d,14d,cap25,14,2025-09-26,2025-10-09,14,0.041818716790828825,0.12471071767309416,-0.08289200088226534
rolling_14d,14d,cap25,14,2025-09-27,2025-10-10,14,-0.05847362574954429,0.08740332260369454,-0.14587694835323883
rolling_14d,14d,cap25,14,2025-09-28,2025-10-11,14,-0.07013765173622633,0.07917487380534305,-0.14931252554156937
rolling_14d,14d,cap25,14,2025-09-29,2025-10-12,14,-0.03666278956196545,0.08120766546621594,-0.11787045502818139
rolling_14d,14d,cap25,14,2025-09-30,2025-10-13,14,-0.016760731751525704,0.053285401419553624,-0.07004613317107933
rolling_14d,14d,cap25,14,2025-10-01,2025-10-14,14,-0.02110999937132252,0.04459920898125458,-0.0657092083525771
rolling_14d,14d,cap25,14,2025-10-02,2025-10-15,14,-0.06674970793668256,0.0008308605341238451,-0.0675805684708064
rolling_14d,14d,cap25,14,2025-10-03,2025-10-16,14,-0.10113257300991663,-0.03195202511185535,-0.06918054789806127
rolling_14d,14d,cap25,14,2025-10-04,2025-10-17,14,-0.12292875144049487,-0.05676506020624117,-0.0661636912342537
rolling_14d,14d,cap25,14,2025-10-05,2025-10-18,14,-0.1168222302682902,-0.06474692694969397,-0.05207530331859622
rolling_14d,14d,cap25,14,2025-10-06,2025-10-19,14,-0.11338864988315289,-0.06867158859182654,-0.044717061291326354
rolling_14d,14d,cap25,14,2025-10-07,2025-10-20,14,-0.11943176303028324,-0.06607128788646333,-0.05336047514381992
rolling_14d,14d,cap25,14,2025-10-08,2025-10-21,14,-0.11549102417340118,-0.07133747081933917,-0.044153553354062014
rolling_14d,14d,cap25,14,2025-10-09,2025-10-22,14,-0.13340379250763568,-0.08426054380121617,-0.04914324870641951
rolling_14d,14d,cap25,14,2025-10-10,2025-10-23,14,-0.13054724176259624,-0.06842522473900148,-0.06212201702359477
rolling_14d,14d,cap25,14,2025-10-11,2025-10-24,14,-0.03711446299292631,-0.03578947368421104,-0.0013249893087152742
rolling_14d,14d,cap25,14,2025-10-12,2025-10-25,14,-0.022322955031936598,-0.023839147377810344,0.0015161923458737459
rolling_14d,14d,cap25,14,2025-10-13,2025-10-26,14,-0.04630648415857874,-0.024449315131538252,-0.02185716902704049
rolling_14d,14d,cap25,14,2025-10-14,2025-10-27,14,-0.06507942124789223,-0.016278866594834573,-0.04880055465305766
rolling_14d,14d,cap25,14,2025-10-15,2025-10-28,14,-0.06307416293920809,-0.011699688400259367,-0.05137447453894872
rolling_14d,14d,cap25,14,2025-10-16,2025-10-29,14,-0.05831638727755706,-0.025343927893741847,-0.03297245938381521
rolling_14d,14d,cap25,14,2025-10-17,2025-10-30,14,-0.058641506913975405,-0.006303690260138439,-0.052337816653836966
rolling_14d,14d,cap25,14,2025-10-18,2025-10-31,14,-0.038596248205357675,0.004222709745227871,-0.042818957950585546
rolling_14d,14d,cap25,14,2025-10-19,2025-11-01,14,-0.03953870891850764,0.0020713801257481457,-0.04161008904425578
rolling_14d,14d,cap25,14,2025-10-20,2025-11-02,14,-0.05189545454387934,-0.005258561083012037,-0.0466368934608673
rolling_14d,14d,cap25,14,2025-10-21,2025-11-03,14,-0.12460298086941668,-0.04485993697314172,-0.07974304389627496
rolling_14d,14d,cap25,14,2025-10-22,2025-11-04,14,-0.14137736552614644,-0.061011275222102146,-0.08036609030404429
rolling_14d,14d,cap25,14,2025-10-23,2025-11-05,14,-0.11910316613747896,-0.04317318956581806,-0.0759299765716609
rolling_14d,14d,cap25,14,2025-10-24,2025-11-06,14,-0.11696448038998197,-0.08626932686388833,-0.030695153526093644
rolling_14d,14d,cap25,14,2025-10-25,2025-11-07,14,-0.07143795599814984,-0.07133465222321322,-0.00010330377493661391
rolling_14d,14d,cap25,14,2025-10-26,2025-11-08,14,-0.07424102173185443,-0.08288342451752839,0.008642402785673964
rolling_14d,14d,cap25,14,2025-10-27,2025-11-09,14,-0.07663583839820165,-0.08390779518690661,0.0072719567887049585
rolling_14d,14d,cap25,14,2025-10-28,2025-11-10,14,-0.06661221248804439,-0.07060982830077123,0.00399761581272684
rolling_14d,14d,cap25,14,2025-10-29,2025-11-11,14,-0.0453883014580273,-0.08102320047590617,0.03563489901787886
rolling_14d,14d,cap25,14,2025-10-30,2025-11-12,14,-0.029523783440874363,-0.0673192752759042,0.03779549183502984
rolling_14d,14d,cap25,14,2025-10-31,2025-11-13,14,-0.054914995318759985,-0.07925336969888219,0.024338374380122207
rolling_14d,14d,cap25,14,2025-11-01,2025-11-14,14,-0.09751039395003813,-0.12429258199963,0.02678218804959187
rolling_14d,14d,cap25,14,2025-11-02,2025-11-15,14,-0.09447251092474906,-0.12032463810534089,0.025852127180591822
rolling_14d,14d,cap25,14,2025-11-03,2025-11-16,14,-0.12389730762361706,-0.1443962757687144,0.02049896814509733
rolling_14d,14d,cap25,14,2025-11-04,2025-11-17,14,-0.06095339326728588,-0.13081329329531366,0.06985990002802778
rolling_14d,14d,cap25,14,2025-11-05,2025-11-18,14,-0.022687985735510674,-0.10069213189683024,0.07800414616131957
rolling_14d,14d,cap25,14,2025-11-06,2025-11-19,14,-0.0520486860946785,-0.12444712247278533,0.07239843637810683
rolling_14d,14d,cap25,14,2025-11-07,2025-11-20,14,-0.09100053829828259,-0.1404888809632272,0.04948834266494462
rolling_14d,14d,cap25,14,2025-11-08,2025-11-21,14,-0.16328045921461243,-0.1683001123602771,0.00501965314566466
rolling_14d,14d,cap25,14,2025-11-09,2025-11-22,14,-0.15464513586822548,-0.1653096811411744,0.010664545272948911
rolling_14d,14d,cap25,14,2025-11-10,2025-11-23,14,-0.1455091464292263,-0.1508078532346272,0.005298706805400899
rolling_14d,14d,cap25,14,2025-11-11,2025-11-24,14,-0.13940780656523788,-0.15589842903920048,0.0164906224739626
rolling_14d,14d,cap25,14,2025-11-12,2025-11-25,14,-0.1308078278554784,-0.1539163645779339,0.023108536722455497
rolling_14d,14d,cap25,14,2025-11-13,2025-11-26,14,-0.13220529052738805,-0.11648325842623153,-0.015722032101156524
rolling_14d,14d,cap25,14,2025-11-14,2025-11-27,14,-0.07064117054243269,-0.094227717535043,0.023586546992610313
rolling_14d,14d,cap25,14,2025-11-15,2025-11-28,14,-0.0361504979175814,-0.052868211667415954,0.01671771374983455
rolling_14d,14d,cap25,14,2025-11-16,2025-11-29,14,-0.005377635142522208,-0.057311198142302566,0.05193356299978036
rolling_14d,14d,cap25,14,2025-11-17,2025-11-30,14,-0.0016145687141271292,-0.03224657046142487,0.030632001747297743
rolling_14d,14d,cap25,14,2025-11-18,2025-12-01,14,-0.05700455575371466,-0.062447379880965825,0.005442824127251167
rolling_14d,14d,cap25,14,2025-11-19,2025-12-02,14,-0.022767454149632993,-0.01298927604207778,-0.009778178107555213
rolling_14d,14d,cap25,14,2025-11-20,2025-12-03,14,0.004890797080589149,0.01684628225027396,-0.01195548516968481
rolling_14d,14d,cap25,14,2025-11-21,2025-12-04,14,0.017414358664679552,0.05597221368414895,-0.0385578550194694
rolling_14d,14d,cap25,14,2025-11-22,2025-12-05,14,0.03031524083305759,0.044043231086401846,-0.013727990253344258
rolling_14d,14d,cap25,14,2025-11-23,2025-12-06,14,0.026747671826980124,0.04931397111374869,-0.022566299286768565
rolling_14d,14d,cap25,14,2025-11-24,2025-12-07,14,-0.0019222537220331404,0.02400660996649906,-0.0259288636885322
rolling_14d,14d,cap25,14,2025-11-25,2025-12-08,14,-0.011761982825870154,0.018852545621952155,-0.03061452844782231
rolling_14d,14d,cap25,14,2025-11-26,2025-12-09,14,-0.027383849143341354,0.04907308937055643,-0.07645693851389779
rolling_14d,14d,cap25,14,2025-11-27,2025-12-10,14,-0.038269366909966296,0.009265822037152649,-0.047535188947118945
rolling_14d,14d,cap25,14,2025-11-28,2025-12-11,14,-0.06704053790197795,0.004095219324179888,-0.07113575722615784
rolling_14d,14d,cap25,14,2025-11-29,2025-12-12,14,-0.07485702193687627,-0.010836628832625261,-0.064020393104251
rolling_14d,14d,cap25,14,2025-11-30,2025-12-13,14,-0.09062049972068731,-0.00922079163511269,-0.08139970808557462
rolling_14d,14d,cap25,14,2025-12-01,2025-12-14,14,-0.08317252450666268,-0.029307805596468617,-0.053864718910194065
rolling_14d,14d,cap25,14,2025-12-02,2025-12-15,14,-0.06146144615871185,-0.0005883445841360357,-0.060873101574575816
rolling_14d,14d,cap25,14,2025-12-03,2025-12-16,14,-0.09363493089612407,-0.03985581874356603,-0.05377911215255804
rolling_14d,14d,cap25,14,2025-12-04,2025-12-17,14,-0.11175910050724325,-0.07351194119044635,-0.0382471593167969
rolling_14d,14d,cap25,14,2025-12-05,2025-12-18,14,-0.11946354965585604,-0.0741304031436496,-0.045333146512206435
rolling_14d,14d,cap25,14,2025-12-06,2025-12-19,14,-0.073464676861827,-0.018198001436094957,-0.05526667542573205
rolling_14d,14d,cap25,14,2025-12-07,2025-12-20,14,-0.07065734308568472,-0.014939448827148483,-0.05571789425853624
rolling_14d,14d,cap25,14,2025-12-08,2025-12-21,14,-0.07822935037001522,-0.022696148465084165,-0.05553320190493105
rolling_14d,14d,cap25,14,2025-12-09,2025-12-22,14,-0.07121688815779115,-0.02156296296296001,-0.04965392519483114
rolling_14d,14d,cap25,14,2025-12-10,2025-12-23,14,-0.08020834047477454,-0.04876856990745149,-0.031439770567323055
rolling_14d,14d,cap25,14,2025-12-11,2025-12-24,14,-0.08378346862669128,-0.05473339234376284,-0.02905007628292844
rolling_14d,14d,cap25,14,2025-12-12,2025-12-25,14,-0.08222473036172939,-0.06569247546346835,-0.016532254898261045
rolling_14d,14d,cap25,14,2025-12-13,2025-12-26,14,-0.06942602196964265,-0.049465954606139895,-0.019960067363502754
rolling_14d,14d,cap25,14,2025-12-14,2025-12-27,14,-0.07337570782366176,-0.04731971234127064,-0.026055995482391126
rolling_14d,14d,cap25,14,2025-12-15,2025-12-28,14,-0.050474565330682064,-0.0294947655894372,-0.020979799741244864
rolling_14d,14d,cap25,14,2025-12-16,2025-12-29,14,-0.014995166905280577,-0.015104570100692327,0.00010940319541175025
rolling_14d,14d,cap25,14,2025-12-17,2025-12-30,14,-0.005266840660772765,-0.015483979712229923,0.010217139051457158
rolling_14d,14d,cap25,14,2025-12-18,2025-12-31,14,-0.013008918877232656,-0.005043558000912829,-0.007965360876319827
rolling_14d,14d,cap25,14,2025-12-19,2026-01-01,14,0.031163350975139892,0.012363144781625701,0.01880020619351419
rolling_14d,14d,cap25,14,2025-12-20,2026-01-02,14,0.015843706381278633,-0.00844106869414829,0.024284775075426923
rolling_14d,14d,cap25,14,2025-12-21,2026-01-03,14,0.014478662227423778,-0.004027049616292078,0.018505711843715855
rolling_14d,14d,cap25,14,2025-12-22,2026-01-04,14,0.03690955878663815,0.0035145391333326614,0.03339501965330549
rolling_14d,14d,cap25,14,2025-12-23,2026-01-05,14,0.05498215797177508,0.03096397126179995,0.02401818670997513
rolling_14d,14d,cap25,14,2025-12-24,2026-01-06,14,0.06436816603890572,0.04376293797439512,0.020605228064510595
rolling_14d,14d,cap25,14,2025-12-25,2026-01-07,14,0.0803911966122286,0.02896677681729365,0.05142441979493495
rolling_14d,14d,cap25,14,2025-12-26,2026-01-08,14,0.09036445775855073,0.03646295345254402,0.05390150430600671
rolling_14d,14d,cap25,14,2025-12-27,2026-01-09,14,0.08690782796356755,0.04212998728063155,0.044777840682936
rolling_14d,14d,cap25,14,2025-12-28,2026-01-10,14,0.07706023268167939,0.0402284076125492,0.036831825069130186
rolling_14d,14d,cap25,14,2025-12-29,2026-01-11,14,0.06366703706796395,0.04578995091142413,0.017877086156539823
rolling_14d,14d,cap25,14,2025-12-30,2026-01-12,14,0.06702559099661798,0.05860007864726735,0.008425512349350628
rolling_14d,14d,cap25,14,2025-12-31,2026-01-13,14,0.08857976344152108,0.08945455677387737,-0.000874793332356294
rolling_14d,14d,cap25,14,2026-01-01,2026-01-14,14,0.10987650884448064,0.10934937124111377,0.0005271376033668673
rolling_14d,14d,cap25,14,2026-01-02,2026-01-15,14,0.0653611388452986,0.09392419607781899,-0.028563057232520395
rolling_14d,14d,cap25,14,2026-01-03,2026-01-16,14,0.05204139481718073,0.08332372939956456,-0.03128233458238383
rolling_14d,14d,cap25,14,2026-01-04,2026-01-17,14,0.044298063639266916,0.07186451022276508,-0.02756644658349816
rolling_14d,14d,cap25,14,2026-01-05,2026-01-18,14,0.013501779828565041,0.04617056767833483,-0.03266878784976979
rolling_14d,14d,cap25,14,2026-01-06,2026-01-19,14,-0.03238626666042932,0.006388650232415083,-0.0387749168928444
rolling_14d,14d,cap25,14,2026-01-07,2026-01-20,14,-0.07294473359282849,-0.03151214209111175,-0.04143259150171674
rolling_14d,14d,cap25,14,2026-01-08,2026-01-21,14,-0.06792641408777422,-0.003437123947048648,-0.06448929014072557
rolling_14d,14d,cap25,14,2026-01-09,2026-01-22,14,-0.0702605211774785,-0.002282282282278447,-0.06797823889520005
rolling_14d,14d,cap25,14,2026-01-10,2026-01-23,14,-0.06751473566490218,-0.011748408835640434,-0.05576632682926175
rolling_14d,14d,cap25,14,2026-01-11,2026-01-24,14,-0.06907919763677339,-0.013802038477954248,-0.055277159158819145
rolling_14d,14d,cap25,14,2026-01-12,2026-01-25,14,-0.07816258565466006,-0.03968906495253666,-0.0384735207021234
rolling_14d,14d,cap25,14,2026-01-13,2026-01-26,14,-0.06783231231794107,-0.03754801227331106,-0.030284300044630008
rolling_14d,14d,cap25,14,2026-01-14,2026-01-27,14,-0.09392779106951832,-0.07367353352952755,-0.020254257539990772
rolling_14d,14d,cap25,14,2026-01-15,2026-01-28,14,-0.10721134913671848,-0.09117792015771187,-0.016033428979006614
rolling_14d,14d,cap25,14,2026-01-16,2026-01-29,14,-0.1243600160219589,-0.11824362686651657,-0.0061163891554423255
rolling_14d,14d,cap25,14,2026-01-17,2026-01-30,14,-0.1422533540044857,-0.11265957446808605,-0.029593779536399634
rolling_14d,14d,cap25,14,2026-01-18,2026-01-31,14,-0.1364136989505711,-0.16288256227757558,0.026468863327004488
rolling_14d,14d,cap25,14,2026-01-19,2026-02-01,14,-0.1572523492040404,-0.18132954315892358,0.02407719395488317
rolling_14d,14d,cap25,14,2026-01-20,2026-02-02,14,-0.1224286335106497,-0.14678691562871304,0.024358282118063346
rolling_14d,14d,cap25,14,2026-01-21,2026-02-03,14,-0.11402763284378215,-0.15126509313755254,0.0372374602937704
rolling_14d,14d,cap25,14,2026-01-22,2026-02-04,14,-0.1345966102696643,-0.185301464872492,0.0507048546028277
rolling_14d,14d,cap25,14,2026-01-23,2026-02-05,14,-0.25006679196857107,-0.2994070551408611,0.04934026317229001
rolling_14d,14d,cap25,14,2026-01-24,2026-02-06,14,-0.16022437714153703,-0.20738591160848785,0.047161534466950816
rolling_14d,14d,cap25,14,2026-01-25,2026-02-07,14,-0.1680219428257005,-0.2217210376040314,0.0536990947783309
rolling_14d,14d,cap25,14,2026-01-26,2026-02-08,14,-0.13802423672357333,-0.18584215442091878,0.04781791769734545
rolling_14d,14d,cap25,14,2026-01-27,2026-02-09,14,-0.15100791887436593,-0.20045234548078972,0.049444426606423786
rolling_14d,14d,cap25,14,2026-01-28,2026-02-10,14,-0.16808528678647527,-0.21238105519655404,0.04429576841007876
rolling_14d,14d,cap25,14,2026-01-29,2026-02-11,14,-0.16917932927822288,-0.2317787418655105,0.06259941258728763
rolling_14d,14d,cap25,14,2026-01-30,2026-02-12,14,-0.12322815519457675,-0.2177506982284706,0.09452254303389385
rolling_14d,14d,cap25,14,2026-01-31,2026-02-13,14,-0.07207917791560448,-0.19438916197098532,0.12230998405538085
rolling_14d,14d,cap25,14,2026-02-01,2026-02-14,14,-0.042713826866889626,-0.1256217319219476,0.08290790505505796
rolling_14d,14d,cap25,14,2026-02-02,2026-02-15,14,-0.017975541181358023,-0.10109190894589859,0.08311636776454057
rolling_14d,14d,cap25,14,2026-02-03,2026-02-16,14,-0.03064287374052188,-0.12848493141312656,0.09784205767260468
rolling_14d,14d,cap25,14,2026-02-04,2026-02-17,14,-0.03279111775536203,-0.10631434086359481,0.07352322310823278
rolling_14d,14d,cap25,14,2026-02-05,2026-02-18,14,-0.030518175232992717,-0.0864196387216295,0.05590146348863678
rolling_14d,14d,cap25,14,2026-02-06,2026-02-19,14,0.08710639069130277,0.06053315575795315,0.02657323493334962
rolling_14d,14d,cap25,14,2026-02-07,2026-02-20,14,-0.026467799856783825,-0.043064716566293404,0.01659691670950958
rolling_14d,14d,cap25,14,2026-02-08,2026-02-21,14,-0.023106710159551902,-0.024441408917939222,0.0013346987583873204
rolling_14d,14d,cap25,14,2026-02-09,2026-02-22,14,-0.05077800047225112,-0.04852633289676345,-0.0022516675754876703
rolling_14d,14d,cap25,14,2026-02-10,2026-02-23,14,-0.08206100078573597,-0.07896388264029897,-0.0030971181454370056
rolling_14d,14d,cap25,14,2026-02-11,2026-02-24,14,-0.07854056114949304,-0.08124143332680522,0.0027008721773121858
rolling_14d,14d,cap25,14,2026-02-12,2026-02-25,14,-0.0370343194110595,-0.01408805792540846,-0.022946261485651043
rolling_14d,14d,cap25,14,2026-02-13,2026-02-26,14,-0.04297311606153498,0.002983876776185612,-0.04595699283772059
rolling_14d,14d,cap25,14,2026-02-14,2026-02-27,14,-0.08809737285430708,-0.045786455542982996,-0.04231091731132408
rolling_14d,14d,cap25,14,2026-02-15,2026-02-28,14,-0.11561179027823087,-0.04990276157137097,-0.0657090287068599
rolling_14d,14d,cap25,14,2026-02-16,2026-03-01,14,-0.1110756367600143,-0.05837254901960276,-0.05270308774041155
rolling_14d,14d,cap25,14,2026-02-17,2026-03-02,14,-0.0900589883780556,-0.011333752011616571,-0.07872523636643902
rolling_14d,14d,cap25,14,2026-02-18,2026-03-03,14,-0.06515206201592139,0.0028797984141120114,-0.0680318604300334
rolling_14d,14d,cap25,14,2026-02-19,2026-03-04,14,-0.03665282615985954,0.06906237008345295,-0.10571519624331249
rolling_14d,14d,cap25,14,2026-02-20,2026-03-05,14,-0.004132477585787608,0.05198395819408397,-0.056116435779871576
rolling_14d,14d,cap25,14,2026-02-21,2026-03-06,14,-0.02544969163839217,0.007092552819540687,-0.032542244457932856
rolling_14d,14d,cap25,14,2026-02-22,2026-03-07,14,-0.02975487731224058,-0.005950892633896032,-0.023803984678344547
rolling_14d,14d,cap25,14,2026-02-23,2026-03-08,14,-0.03303768683346264,-0.016889889175799477,-0.016147797657663165
rolling_14d,14d,cap25,14,2026-02-24,2026-03-09,14,0.022913468974026463,0.05298742138364587,-0.03007395240961941
rolling_14d,14d,cap25,14,2026-02-25,2026-03-10,14,0.0552628139585134,0.090844184906544,-0.0355813709480306
rolling_14d,14d,cap25,14,2026-02-26,2026-03-11,14,0.022988883715332475,0.051736306449137404,-0.028747422733804928
rolling_14d,14d,cap25,14,2026-02-27,2026-03-12,14,0.026508245605880276,0.05867930528626508,-0.032171059680384806
rolling_14d,14d,cap25,14,2026-02-28,2026-03-13,14,0.043784942715277,0.08529928570685552,-0.04151434299157852
rolling_14d,14d,cap25,14,2026-03-01,2026-03-14,14,0.06176260673704692,0.07647275555737165,-0.014710148820324731
rolling_14d,14d,cap25,14,2026-03-02,2026-03-15,14,0.09024879007160536,0.11509068571309133,-0.024841895641485978
rolling_14d,14d,cap25,14,2026-03-03,2026-03-16,14,0.09490944925206435,0.090141236489232,0.004768212762832347
rolling_14d,14d,cap25,14,2026-03-04,2026-03-17,14,0.09581812770534515,0.08786081060870488,0.00795731709664027
rolling_14d,14d,cap25,14,2026-03-05,2026-03-18,14,0.03731728823459668,0.004315577813184479,0.0330017104214122
rolling_14d,14d,cap25,14,2026-03-06,2026-03-19,14,0.020894242796268614,0.001963898916968576,0.018930343879300038
rolling_14d,14d,cap25,14,2026-03-07,2026-03-20,14,0.04792633598543006,0.045479343351683355,0.002446992633746703
rolling_14d,14d,cap25,14,2026-03-08,2026-03-21,14,0.044912619062565495,0.04228795653486439,0.002624662527701105
rolling_14d,14d,cap25,14,2026-03-09,2026-03-22,14,0.045994998703412726,0.04359912515585718,0.0023958735475555493
rolling_14d,14d,cap25,14,2026-03-10,2026-03-23,14,0.03664994766081997,0.051465830471355334,-0.014815882810535363
rolling_14d,14d,cap25,14,2026-03-11,2026-03-24,14,0.026794142870756765,0.027645627985580346,-0.0008514851148235802
rolling_14d,14d,cap25,14,2026-03-12,2026-03-25,14,0.036294641448536336,0.03582855975802701,0.00046608169050932347
rolling_14d,14d,cap25,14,2026-03-13,2026-03-26,14,-0.0023966681113911648,0.004864388220812588,-0.0072610563322037525
rolling_14d,14d,cap25,14,2026-03-14,2026-03-27,14,-0.021496293151150203,-0.03227537051052343,0.010779077359373224
rolling_14d,14d,cap25,14,2026-03-15,2026-03-28,14,-0.044044598590279094,-0.04076820688343463,-0.0032763917068444615
rolling_14d,14d,cap25,14,2026-03-16,2026-03-29,14,-0.06540024301199354,-0.0614752567693696,-0.00392498624262394
rolling_14d,14d,cap25,14,2026-03-17,2026-03-30,14,-0.08588312978353796,-0.0760686484271833,-0.009814481356354654
rolling_30d,30d,cap25,14,2025-03-01,2025-03-30,30,-0.11747123270490079,-0.010965176527292009,-0.10650605617760878
rolling_30d,30d,cap25,14,2025-03-02,2025-03-31,30,-0.1419342589602992,-0.03982852689009875,-0.10210573207020046
rolling_30d,30d,cap25,14,2025-03-03,2025-04-01,30,-0.26559257152804117,-0.1133534937768601,-0.15223907775118106
rolling_30d,30d,cap25,14,2025-03-04,2025-04-02,30,-0.24443476504094397,-0.05405384585756201,-0.19038091918338196
rolling_30d,30d,cap25,14,2025-03-05,2025-04-03,30,-0.25322641091844467,-0.053784401909462765,-0.1994420090089819
rolling_30d,30d,cap25,14,2025-03-06,2025-04-04,30,-0.27042363725056695,-0.08797959636282293,-0.18244404088774402
rolling_30d,30d,cap25,14,2025-03-07,2025-04-05,30,-0.2628811989746257,-0.07851329232654247,-0.18436790664808322
rolling_30d,30d,cap25,14,2025-03-08,2025-04-06,30,-0.2877381164721543,-0.09211034695926867,-0.19562776951288563
rolling_30d,30d,cap25,14,2025-03-09,2025-04-07,30,-0.27635410142664907,-0.08183755366141476,-0.1945165477652343
rolling_30d,30d,cap25,14,2025-03-10,2025-04-08,30,-0.23949400472831928,-0.05391574220812689,-0.18557826252019238
rolling_30d,30d,cap25,14,2025-03-11,2025-04-09,30,-0.11985508274930035,0.03165722920717795,-0.1515123119564783
rolling_30d,30d,cap25,14,2025-03-12,2025-04-10,30,-0.163942933765458,-0.044286513075253,-0.11965642069020499
rolling_30d,30d,cap25,14,2025-03-13,2025-04-11,30,-0.1591123189305551,-0.019768135571349266,-0.13934418335920584
rolling_30d,30d,cap25,14,2025-03-14,2025-04-12,30,-0.13042145759407708,0.029278117145766336,-0.15969957473984342
rolling_30d,30d,cap25,14,2025-03-15,2025-04-13,30,-0.1558612514124167,-0.019354838709668143,-0.13650641270274855
rolling_30d,30d,cap25,14,2025-03-16,2025-04-14,30,-0.17177144902756003,-0.009933054595537727,-0.1618383944320223
rolling_30d,30d,cap25,14,2025-03-17,2025-04-15,30,-0.13493324438476517,0.0036753823384374495,-0.13860862672320262
rolling_30d,30d,cap25,14,2025-03-18,2025-04-16,30,-0.10289700474007935,-0.008482302757963467,-0.09441470198211588
rolling_30d,30d,cap25,14,2025-03-19,2025-04-17,30,-0.1199893314609003,0.01258473667717852,-0.13257406813807882
rolling_30d,30d,cap25,14,2025-03-20,2025-04-18,30,-0.14838891427165113,-0.04169540950708106,-0.10669350476457007
rolling_30d,30d,cap25,14,2025-03-21,2025-04-19,30,-0.14298839563091847,-0.011372233400395282,-0.1316161622305232
rolling_30d,30d,cap25,14,2025-03-22,2025-04-20,30,-0.1474385401153383,-0.01334939759035425,-0.13408914252498405
rolling_30d,30d,cap25,14,2025-03-23,2025-04-21,30,-0.14073334953649197,0.01646604130601892,-0.1571993908425109
rolling_30d,30d,cap25,14,2025-03-24,2025-04-22,30,-0.10969441737595442,0.056606597145652415,-0.16630101452160684
rolling_30d,30d,cap25,14,2025-03-25,2025-04-23,30,-0.12201993483279716,0.0429669902912706,-0.16498692512406776
rolling_30d,30d,cap25,14,2025-03-26,2025-04-24,30,-0.098068136584744,0.04448667726797462,-0.14255481385271862
rolling_30d,30d,cap25,14,2025-03-27,2025-04-25,30,-0.06992935633292285,0.06192439327941024,-0.1318537496123331
rolling_30d,30d,cap25,14,2025-03-28,2025-04-26,30,-0.073740039724143,0.0612121212121326,-0.1349521609362756
rolling_30d,30d,cap25,14,2025-03-29,2025-04-27,30,-0.07043766321181355,0.07506900748542966,-0.1455066706972432
rolling_30d,30d,cap25,14,2025-03-30,2025-04-28,30,-0.031978420080983616,0.10917579166633784,-0.14115421174732146
rolling_30d,30d,cap25,14,2025-03-31,2025-04-29,30,0.0061245362725634855,0.10737491877843497,-0.10125038250587148
rolling_30d,30d,cap25,14,2025-04-01,2025-04-30,30,0.03607380313050457,0.1048542901209617,-0.06878048699045713
rolling_30d,30d,cap25,14,2025-04-02,2025-05-01,30,0.09689604728293943,0.10034659445291783,-0.0034505471699783907
rolling_30d,30d,cap25,14,2025-04-03,2025-05-02,30,0.21932234850559085,0.1290900503265613,0.09023229817902956
rolling_30d,30d,cap25,14,2025-04-04,2025-05-03,30,0.23612766213078884,0.11489171871198511,0.12123594341880373
rolling_30d,30d,cap25,14,2025-04-05,2025-05-04,30,0.21753476493195167,0.09946583015182386,0.11806893478012781
rolling_30d,30d,cap25,14,2025-04-06,2025-05-05,30,0.19929220156461347,0.09405161646147264,0.10524058510314083
rolling_30d,30d,cap25,14,2025-04-07,2025-05-06,30,0.2198144163204545,0.16988679887650093,0.049927617443953576
rolling_30d,30d,cap25,14,2025-04-08,2025-05-07,30,0.20091721891300218,0.1672017008156832,0.033715518097318986
rolling_30d,30d,cap25,14,2025-04-09,2025-05-08,30,0.2693903940091651,0.26301692549293887,0.006373468516226222
rolling_30d,30d,cap25,14,2025-04-10,2025-05-09,30,0.15402940486855932,0.1826665130593641,-0.028637108190804783
rolling_30d,30d,cap25,14,2025-04-11,2025-05-10,30,0.21573979785073005,0.2292768959435627,-0.013537098092832656
rolling_30d,30d,cap25,14,2025-04-12,2025-05-11,30,0.21320435140265692,0.19649466221440104,0.016709689188255883
rolling_30d,30d,cap25,14,2025-04-13,2025-05-12,30,0.20150368696400078,0.17165011805038888,0.029853568913611905
rolling_30d,30d,cap25,14,2025-04-14,2025-05-13,30,0.22439265471454006,0.1994243421052626,0.024968312609277454
rolling_30d,30d,cap25,14,2025-04-15,2025-05-14,30,0.21733629800582088,0.18623574020732936,0.031100557798491524
rolling_30d,30d,cap25,14,2025-04-16,2025-05-15,30,0.1442445670375725,0.1966051430771678,-0.05236057603959532
rolling_30d,30d,cap25,14,2025-04-17,2025-05-16,30,0.10520347381519368,0.20300159274889085,-0.09779811893369716
rolling_30d,30d,cap25,14,2025-04-18,2025-05-17,30,0.11277161432694238,0.19425983841543037,-0.08148822408848799
rolling_30d,30d,cap25,14,2025-04-19,2025-05-18,30,0.13642826562560773,0.23183011721977853,-0.0954018515941708
rolling_30d,30d,cap25,14,2025-04-20,2025-05-19,30,0.12604468519421275,0.20953784283236931,-0.08349315763815657
rolling_30d,30d,cap25,14,2025-04-21,2025-05-20,30,0.1437785597682737,0.2241325974047108,-0.08035403763643711
rolling_30d,30d,cap25,14,2025-04-22,2025-05-21,30,0.1383984385267043,0.20775506970848978,-0.06935663118178548
rolling_30d,30d,cap25,14,2025-04-23,2025-05-22,30,0.13601967393187087,0.15443045523328092,-0.01841078130141005
rolling_30d,30d,cap25,14,2025-04-24,2025-05-23,30,0.085441052100105,0.11570426416049506,-0.030263212060390066
rolling_30d,30d,cap25,14,2025-04-25,2025-05-24,30,0.05313446643001418,0.11793538804307158,-0.0648009216130574
rolling_30d,30d,cap25,14,2025-04-26,2025-05-25,30,0.02528781011081671,0.11585763362412549,-0.09056982351330878
rolling_30d,30d,cap25,14,2025-04-27,2025-05-26,30,0.024794922591936386,0.11491601868528911,-0.09012109609335273
rolling_30d,30d,cap25,14,2025-04-28,2025-05-27,30,0.05070831196784131,0.11909166247372793,-0.06838335050588662
rolling_30d,30d,cap25,14,2025-04-29,2025-05-28,30,0.02956604130264573,0.09845888534077463,-0.0688928440381289
rolling_30d,30d,cap25,14,2025-04-30,2025-05-29,30,-0.013995103082100169,0.08088602024350755,-0.09488112332560772
rolling_30d,30d,cap25,14,2025-05-01,2025-05-30,30,-0.06406176450014578,0.0814947063707181,-0.14555647087086387
rolling_30d,30d,cap25,14,2025-05-02,2025-05-31,30,-0.051790563942572865,0.06130400154981808,-0.11309456549239094
rolling_30d,30d,cap25,14,2025-05-03,2025-06-01,30,-0.07302646576885297,0.07539848539487459,-0.14842495116372756
rolling_30d,30d,cap25,14,2025-05-04,2025-06-02,30,0.0009233324984712077,0.07722527372593846,-0.07630194122746725
rolling_30d,30d,cap25,14,2025-05-05,2025-06-03,30,-0.006793480329132517,0.08562370982010625,-0.09241719014923877
rolling_30d,30d,cap25,14,2025-05-06,2025-06-04,30,-0.010497110852118685,0.07655867744087042,-0.0870557882929891
rolling_30d,30d,cap25,14,2025-05-07,2025-06-05,30,-0.027315304495100667,0.03067297198981067,-0.05798827648491134
rolling_30d,30d,cap25,14,2025-05-08,2025-06-06,30,-0.038263341607363444,0.05393284518979824,-0.09219618679716168
rolling_30d,30d,cap25,14,2025-05-09,2025-06-07,30,-0.07690246302816395,0.012309435161321103,-0.08921189818948505
rolling_30d,30d,cap25,14,2025-05-10,2025-06-08,30,-0.0881819471730595,0.013762872251594338,-0.10194481942465383
rolling_30d,30d,cap25,14,2025-05-11,2025-06-09,30,-0.08931098196897802,0.038102858404143625,-0.12741384037312165
rolling_30d,30d,cap25,14,2025-05-12,2025-06-10,30,-0.08069070747734108,0.03551076802517872,-0.1162014755025198
rolling_30d,30d,cap25,14,2025-05-13,2025-06-11,30,-0.09615749613516256,0.032697284427724904,-0.12885478056288746
rolling_30d,30d,cap25,14,2025-05-14,2025-06-12,30,-0.12771060146570645,-0.0023380185121750774,-0.12537258295353138
rolling_30d,30d,cap25,14,2025-05-15,2025-06-13,30,-0.1224495650613402,0.009774601127672033,-0.13222416618901223
rolling_30d,30d,cap25,14,2025-05-16,2025-06-14,30,-0.09986263668768214,0.0023071762080120184,-0.10216981289569416
rolling_30d,30d,cap25,14,2025-05-17,2025-06-15,30,-0.1159368465155367,-0.004217623935361403,-0.1117192225801753
rolling_30d,30d,cap25,14,2025-05-18,2025-06-16,30,-0.10258061419712883,-0.0003068823481349181,-0.10227373184899391
rolling_30d,30d,cap25,14,2025-05-19,2025-06-17,30,-0.12542047565393732,-0.03395975828408804,-0.09146071736984929
rolling_30d,30d,cap25,14,2025-05-20,2025-06-18,30,-0.11040164545833264,-0.021208001292271184,-0.08919364416606146
rolling_30d,30d,cap25,14,2025-05-21,2025-06-19,30,-0.10845635838958756,-0.03585156613686691,-0.07260479225272065
rolling_30d,30d,cap25,14,2025-05-22,2025-06-20,30,-0.11062257149185939,-0.055539887319882686,-0.055082684171976704
rolling_30d,30d,cap25,14,2025-05-23,2025-06-21,30,-0.15326082150900466,-0.07696877340703456,-0.0762920481019701
rolling_30d,30d,cap25,14,2025-05-24,2025-06-22,30,-0.15266348685382047,-0.05959190756846944,-0.09307157928535104
rolling_30d,30d,cap25,14,2025-05-25,2025-06-23,30,-0.11623339575584557,-0.028944396465822808,-0.08728899929002276
rolling_30d,30d,cap25,14,2025-05-26,2025-06-24,30,-0.11145912233214905,-0.044033661988474915,-0.06742546034367414
rolling_30d,30d,cap25,14,2025-05-27,2025-06-25,30,-0.09583185103121705,-0.03194919650890582,-0.06388265452231123
rolling_30d,30d,cap25,14,2025-05-28,2025-06-26,30,-0.12488271494464176,-0.02937656618819129,-0.09550614875645047
rolling_30d,30d,cap25,14,2025-05-29,2025-06-27,30,-0.12243672132513894,-0.02247826347265769,-0.09995845785248125
rolling_30d,30d,cap25,14,2025-05-30,2025-06-28,30,-0.10600730791880675,-0.0013164323326653182,-0.10469087558614143
rolling_30d,30d,cap25,14,2025-05-31,2025-06-29,30,-0.061185520485879,0.005631831737981097,-0.0668173522238601
rolling_30d,30d,cap25,14,2025-06-01,2025-06-30,30,-0.07013016752350809,-0.015502146503063918,-0.05462802102044417
rolling_30d,30d,cap25,14,2025-06-02,2025-07-01,30,-0.08429688313636996,-0.026927513681727855,-0.057369369454642105
rolling_30d,30d,cap25,14,2025-06-03,2025-07-02,30,-0.02723318480927306,-0.00409265887755772,-0.02314052593171534
rolling_30d,30d,cap25,14,2025-06-04,2025-07-03,30,-0.004413585863812353,0.011008189930325152,-0.015421775794137504
rolling_30d,30d,cap25,14,2025-06-05,2025-07-04,30,-0.025027041581214937,0.017766514939708822,-0.04279355652092376
rolling_30d,30d,cap25,14,2025-06-06,2025-07-05,30,0.027755280647278058,0.04613668770205703,-0.018381407054778975
rolling_30d,30d,cap25,14,2025-06-07,2025-07-06,30,0.03767598643710102,0.021551575743803175,0.01612441069329784
rolling_30d,30d,cap25,14,2025-06-08,2025-07-07,30,0.02365409352487302,0.010583490846061805,0.013070602678811216
rolling_30d,30d,cap25,14,2025-06-09,2025-07-08,30,0.058104692925105894,0.01788631278397701,0.040218380141128884
rolling_30d,30d,cap25,14,2025-06-10,2025-07-09,30,0.05897928735753544,0.002930232558140844,0.05604905479939459
rolling_30d,30d,cap25,14,2025-06-11,2025-07-10,30,0.07770090306015787,0.0391455294968901,0.03855537356326777
rolling_30d,30d,cap25,14,2025-06-12,2025-07-11,30,0.13136397790665222,0.05720280935292643,0.07416116855372579
rolling_30d,30d,cap25,14,2025-06-13,2025-07-12,30,0.20647419024811398,0.09780151055948494,0.10867267968862904
rolling_30d,30d,cap25,14,2025-06-14,2025-07-13,30,0.2576355713805778,0.09820597645556339,0.1594295949250144
rolling_30d,30d,cap25,14,2025-06-15,2025-07-14,30,0.27876232379026766,0.11917105523793614,0.15959126855233152
rolling_30d,30d,cap25,14,2025-06-16,2025-07-15,30,0.28688448190422133,0.1021931327530643,0.18469134915115704
rolling_30d,30d,cap25,14,2025-06-17,2025-07-16,30,0.2965108332354174,0.09965823277009012,0.19685260046532727
rolling_30d,30d,cap25,14,2025-06-18,2025-07-17,30,0.3898956752686067,0.11608100305205094,0.27381467221655575
rolling_30d,30d,cap25,14,2025-06-19,2025-07-18,30,0.37675713227548724,0.10800756403644685,0.2687495682390404
rolling_30d,30d,cap25,14,2025-06-20,2025-07-19,30,0.36956514259738893,0.11351299153670658,0.25605215106068235
rolling_30d,30d,cap25,14,2025-06-21,2025-07-20,30,0.4141942929589182,0.11063965721984514,0.30355463573907304
rolling_30d,30d,cap25,14,2025-06-22,2025-07-21,30,0.48144196718504606,0.11971486134818865,0.3617271058368574
rolling_30d,30d,cap25,14,2025-06-23,2025-07-22,30,0.568582195526051,0.15360101071041,0.41498118481564106
rolling_30d,30d,cap25,14,2025-06-24,2025-07-23,30,0.4628528589281353,0.1082689689614349,0.3545838899667004
rolling_30d,30d,cap25,14,2025-06-25,2025-07-24,30,0.432879589227938,0.10587790977134004,0.32700167945659797
rolling_30d,30d,cap25,14,2025-06-26,2025-07-25,30,0.39115624896640466,0.08677955063497711,0.30437669833142755
rolling_30d,30d,cap25,14,2025-06-27,2025-07-26,30,0.45377502791382684,0.09643732970027896,0.3573376982135479
rolling_30d,30d,cap25,14,2025-06-28,2025-07-27,30,0.47326208442445417,0.10644871515680032,0.36681336926765384
rolling_30d,30d,cap25,14,2025-06-29,2025-07-28,30,0.44584285657478695,0.1040197317460978,0.34182312482868915
rolling_30d,30d,cap25,14,2025-06-30,2025-07-29,30,0.42352949487402447,0.10289945145513402,0.32063004341889045
rolling_30d,30d,cap25,14,2025-07-01,2025-07-30,30,0.43483904735466905,0.12016728241612085,0.3146717649385482
rolling_30d,30d,cap25,14,2025-07-02,2025-07-31,30,0.41960359901455413,0.11044255594842012,0.309161043066134
rolling_30d,30d,cap25,14,2025-07-03,2025-08-01,30,0.2013033987454942,0.07165138610101773,0.12965201264447646
rolling_30d,30d,cap25,14,2025-07-04,2025-08-02,30,0.18961122127388497,0.05724265323257649,0.13236856804130848
rolling_30d,30d,cap25,14,2025-07-05,2025-08-03,30,0.2752710011354711,0.0846228272563061,0.190648173879165
rolling_30d,30d,cap25,14,2025-07-06,2025-08-04,30,0.3569147340507055,0.08196920419427878,0.27494552985642673
rolling_30d,30d,cap25,14,2025-07-07,2025-08-05,30,0.35571288230891485,0.07844947864360075,0.2772634036653141
rolling_30d,30d,cap25,14,2025-07-08,2025-08-06,30,0.34505665310387346,0.08035111411209206,0.2647055389917814
rolling_30d,30d,cap25,14,2025-07-09,2025-08-07,30,0.38946566521808257,0.09152821232064201,0.29793745289744056
rolling_30d,30d,cap25,14,2025-07-10,2025-08-08,30,0.3673173106383678,0.060063203503356144,0.30725410713501167
rolling_30d,30d,cap25,14,2025-07-11,2025-08-09,30,0.3527821245546665,0.02300370512329364,0.32977841943137287
rolling_30d,30d,cap25,14,2025-07-12,2025-08-10,30,0.2891033332114812,0.035757855413617756,0.2533454777978634
rolling_30d,30d,cap25,14,2025-07-13,2025-08-11,30,0.21568871329810313,0.02851508701640615,0.18717362628169698
rolling_30d,30d,cap25,14,2025-07-14,2025-08-12,30,0.20671806070006693,0.01652769874063198,0.19019036195943495
rolling_30d,30d,cap25,14,2025-07-15,2025-08-13,30,0.2338978889106227,0.026072627403116888,0.2078252615075058
rolling_30d,30d,cap25,14,2025-07-16,2025-08-14,30,0.21695567284882067,0.02342977596210094,0.19352589688671973
rolling_30d,30d,cap25,14,2025-07-17,2025-08-15,30,0.2388152720190453,0.016172456575686223,0.22264281544335907
rolling_30d,30d,cap25,14,2025-07-18,2025-08-16,30,0.17074487187370657,0.00426821381719189,0.16647665805651468
rolling_30d,30d,cap25,14,2025-07-19,2025-08-17,30,0.17452967862507207,0.012641809199913645,0.16188786942515843
rolling_30d,30d,cap25,14,2025-07-20,2025-08-18,30,0.14851815112463118,0.00047696920142037413,0.1480411819232108
rolling_30d,30d,cap25,14,2025-07-21,2025-08-19,30,0.09178421766156375,-0.016619667231491775,0.10840388489305552
rolling_30d,30d,cap25,14,2025-07-22,2025-08-20,30,0.08825523937138291,-0.005060570657434038,0.09331581002881695
rolling_30d,30d,cap25,14,2025-07-23,2025-08-21,30,0.047913952225088874,-0.029114266729006855,0.07702821895409573
rolling_30d,30d,cap25,14,2025-07-24,2025-08-22,30,0.1101954352183041,-0.005222254458351561,0.11541768967665567
rolling_30d,30d,cap25,14,2025-07-25,2025-08-23,30,0.12135428755200528,-0.008283193313830317,0.1296374808658356
rolling_30d,30d,cap25,14,2025-07-26,2025-08-24,30,0.12838050188331573,-0.01622347066166885,0.14460397254498458
rolling_30d,30d,cap25,14,2025-07-27,2025-08-25,30,0.0916732882461988,-0.03188429207800236,0.12355758032420117
rolling_30d,30d,cap25,14,2025-07-28,2025-08-26,30,0.09292126364096576,-0.0364299509182755,0.12935121455924126
rolling_30d,30d,cap25,14,2025-07-29,2025-08-27,30,0.09885073154625079,-0.042305964316259215,0.14115669586251
rolling_30d,30d,cap25,14,2025-07-30,2025-08-28,30,0.12267350781332187,-0.04033443586915486,0.16300794368247673
rolling_30d,30d,cap25,14,2025-07-31,2025-08-29,30,0.09011711497615948,-0.06756334254938623,0.15768045752554571
rolling_30d,30d,cap25,14,2025-08-01,2025-08-30,30,0.10532499046927946,-0.05804621600987159,0.16337120647915104
rolling_30d,30d,cap25,14,2025-08-02,2025-08-31,30,0.14013105108833956,-0.0457318230715591,0.18586287415989866
rolling_30d,30d,cap25,14,2025-08-03,2025-09-01,30,0.14097048238172927,-0.031144176826737646,0.1721146592084669
rolling_30d,30d,cap25,14,2025-08-04,2025-09-02,30,0.1354775758330855,-0.03311208703462476,0.16858966286771027
rolling_30d,30d,cap25,14,2025-08-05,2025-09-03,30,0.07095216134180293,-0.033913314624251734,0.10486547596605467
rolling_30d,30d,cap25,14,2025-08-06,2025-09-04,30,0.057966282917024436,-0.028274646566913253,0.08624092948393769
rolling_30d,30d,cap25,14,2025-08-07,2025-09-05,30,0.07236673903825586,-0.03148124999999491,0.10384798903825077
rolling_30d,30d,cap25,14,2025-08-08,2025-09-06,30,-0.0007519882392965638,-0.046658594744183546,0.04590660650488698
rolling_30d,30d,cap25,14,2025-08-09,2025-09-07,30,-0.0024217607007922526,-0.031186135606557475,0.028764374905765222
rolling_30d,30d,cap25,14,2025-08-10,2025-09-08,30,-0.009730249987077055,-0.025427591934600202,0.015697341947523147
rolling_30d,30d,cap25,14,2025-08-11,2025-09-09,30,-0.0005541053487649883,-0.05162333699499211,0.05106923164622712
rolling_30d,30d,cap25,14,2025-08-12,2025-09-10,30,0.0334861460076179,-0.03420676222647612,0.06769290823409402
rolling_30d,30d,cap25,14,2025-08-13,2025-09-11,30,0.014871765971860018,-0.02281854691492624,0.03769031288678626
rolling_30d,30d,cap25,14,2025-08-14,2025-09-12,30,0.0017887981003823494,-0.04195762600967956,0.04374642411006191
rolling_30d,30d,cap25,14,2025-08-15,2025-09-13,30,0.022399613685611497,-0.02423612756623872,0.046635741251850216
rolling_30d,30d,cap25,14,2025-08-16,2025-09-14,30,-0.004144783896542936,-0.02165353128986902,0.017508747393326085
rolling_30d,30d,cap25,14,2025-08-17,2025-09-15,30,-0.026825484082834583,-0.014921254047687404,-0.011904230035147179
rolling_30d,30d,cap25,14,2025-08-18,2025-09-16,30,-0.017578049097151327,-0.005338023766764288,-0.012240025330387039
rolling_30d,30d,cap25,14,2025-08-19,2025-09-17,30,-0.0011363701346697175,-0.0005758050435550333,-0.0005605650911146842
rolling_30d,30d,cap25,14,2025-08-20,2025-09-18,30,0.03532999076751331,0.033120751813727534,0.002209238953785775
rolling_30d,30d,cap25,14,2025-08-21,2025-09-19,30,0.0022542718632505565,0.018222805508284035,-0.015968533645033478
rolling_30d,30d,cap25,14,2025-08-22,2025-09-20,30,0.023904304011002075,0.027705956907475793,-0.0038016528964737173
rolling_30d,30d,cap25,14,2025-08-23,2025-09-21,30,-0.01985028609936812,0.002004306466523831,-0.02185459256589195
rolling_30d,30d,cap25,14,2025-08-24,2025-09-22,30,-0.046423894880247785,0.006292458441597981,-0.052716353321845766
rolling_30d,30d,cap25,14,2025-08-25,2025-09-23,30,-0.03849612132059488,0.012861593517805137,-0.051357714838400015
rolling_30d,30d,cap25,14,2025-08-26,2025-09-24,30,-0.01026995049141477,0.031535376223322586,-0.041805326714737356
rolling_30d,30d,cap25,14,2025-08-27,2025-09-25,30,-0.04279265709938884,0.009491711508133882,-0.052284368607522724
rolling_30d,30d,cap25,14,2025-08-28,2025-09-26,30,-0.037447707355283355,0.0161944360544648,-0.053642143409748155
rolling_30d,30d,cap25,14,2025-08-29,2025-09-27,30,-0.051099181280017336,0.007761289293119811,-0.05886047057313715
rolling_30d,30d,cap25,14,2025-08-30,2025-09-28,30,-0.01247964230843046,0.05702169625246101,-0.06950133856089147
rolling_30d,30d,cap25,14,2025-08-31,2025-09-29,30,-0.019228691389731267,0.07411653850461497,-0.09334522989434624
rolling_30d,30d,cap25,14,2025-09-01,2025-09-30,30,-0.015615859277734456,0.07973979297493305,-0.09535565225266751
rolling_30d,30d,cap25,14,2025-09-02,2025-10-01,30,0.03221339275492863,0.1049542607954288,-0.07274086804050017
rolling_30d,30d,cap25,14,2025-09-03,2025-10-02,30,0.023352041591233386,0.10168004335595149,-0.0783280017647181
rolling_30d,30d,cap25,14,2025-09-04,2025-10-03,30,0.027964531393949388,0.1199067857880538,-0.09194225439410442
rolling_30d,30d,cap25,14,2025-09-05,2025-10-04,30,0.03126694464054047,0.12549042308236058,-0.09422347844182011
rolling_30d,30d,cap25,14,2025-09-06,2025-10-05,30,0.030763241080455916,0.14240818776094333,-0.11164494668048741
rolling_30d,30d,cap25,14,2025-09-07,2025-10-06,30,0.04361695287486245,0.1514790215454349,-0.10786206867057246
rolling_30d,30d,cap25,14,2025-09-08,2025-10-07,30,0.014960985470748644,0.13297251269215038,-0.11801152722140174
rolling_30d,30d,cap25,14,2025-09-09,2025-10-08,30,0.013002541126236888,0.14079669889599522,-0.12779415776975833
rolling_30d,30d,cap25,14,2025-09-10,2025-10-09,30,0.020421783681005445,0.14460653406348478,-0.12418475038247934
rolling_30d,30d,cap25,14,2025-09-11,2025-10-10,30,-0.08798475191905686,0.08366157239640026,-0.17164632431545712
rolling_30d,30d,cap25,14,2025-09-12,2025-10-11,30,-0.11059013440347543,0.06103742449716232,-0.17162755890063774
rolling_30d,30d,cap25,14,2025-09-13,2025-10-12,30,-0.09559625398729565,0.07922740705788534,-0.174823661045181
rolling_30d,30d,cap25,14,2025-09-14,2025-10-13,30,-0.08941956020649966,0.06908468244084354,-0.1585042426473432
rolling_30d,30d,cap25,14,2025-09-15,2025-10-14,30,-0.09951947896567781,0.06133782603269311,-0.16085730499837092
rolling_30d,30d,cap25,14,2025-09-16,2025-10-15,30,-0.09410304381505952,0.049911905517886046,-0.14401494933294556
rolling_30d,30d,cap25,14,2025-09-17,2025-10-16,30,-0.12040863890370757,0.01849683914773581,-0.13890547805144338
rolling_30d,30d,cap25,14,2025-09-18,2025-10-17,30,-0.13710763860545183,0.013746747614915122,-0.15085438622036695
rolling_30d,30d,cap25,14,2025-09-19,2025-10-18,30,-0.14157134865457277,0.007243879322011093,-0.14881522797658386
rolling_30d,30d,cap25,14,2025-09-20,2025-10-19,30,-0.124133634810072,0.01678044809531687,-0.14091408290538887
rolling_30d,30d,cap25,14,2025-09-21,2025-10-20,30,-0.12802539368450339,0.02336408257898559,-0.15138947626348898
rolling_30d,30d,cap25,14,2025-09-22,2025-10-21,30,-0.13637451218414753,0.01006341499665031,-0.14643792718079784
rolling_30d,30d,cap25,14,2025-09-23,2025-10-22,30,-0.11494782534160586,0.014441264310599333,-0.1293890896522052
rolling_30d,30d,cap25,14,2025-09-24,2025-10-23,30,-0.10551416269719094,0.038050968501762705,-0.14356513119895364
rolling_30d,30d,cap25,14,2025-09-25,2025-10-24,30,-0.10895496065126553,0.03146093978436837,-0.1404159004356339
rolling_30d,30d,cap25,14,2025-09-26,2025-10-25,30,-0.09320234197947352,0.051723047739488104,-0.14492538971896163
rolling_30d,30d,cap25,14,2025-09-27,2025-10-26,30,-0.0781705914821118,0.07240923549759914,-0.15057982697971095
rolling_30d,30d,cap25,14,2025-09-28,2025-10-27,30,-0.08298851216395176,0.06972531683249517,-0.15271382899644692
rolling_30d,30d,cap25,14,2025-09-29,2025-10-28,30,-0.09607285620570283,0.04557357267700124,-0.14164642888270407
rolling_30d,30d,cap25,14,2025-09-30,2025-10-29,30,-0.09739273136129611,0.008324693728562593,-0.10571742508985871
rolling_30d,30d,cap25,14,2025-10-01,2025-10-30,30,-0.11399260532751576,0.008782273319079659,-0.12277487864659542
rolling_30d,30d,cap25,14,2025-10-02,2025-10-31,30,-0.13733244016947121,-0.02474777448071752,-0.1125846656887537
rolling_30d,30d,cap25,14,2025-10-03,2025-11-01,30,-0.14955484125655194,-0.03957694019536917,-0.10997790106118277
rolling_30d,30d,cap25,14,2025-10-04,2025-11-02,30,-0.16207014556669108,-0.05464386380536057,-0.10742628176133051
rolling_30d,30d,cap25,14,2025-10-05,2025-11-03,30,-0.22147945665575786,-0.09413734577601929,-0.12734211087973857
rolling_30d,30d,cap25,14,2025-10-06,2025-11-04,30,-0.2529723707185777,-0.13489727787788663,-0.11807509284069106
rolling_30d,30d,cap25,14,2025-10-07,2025-11-05,30,-0.24690485341323776,-0.12211455132750548,-0.12479030208573227
rolling_30d,30d,cap25,14,2025-10-08,2025-11-06,30,-0.2197559377488656,-0.13792062859420662,-0.08183530915465898
rolling_30d,30d,cap25,14,2025-10-09,2025-11-07,30,-0.18614810726651243,-0.1352145268277889,-0.050933580438723536
rolling_30d,30d,cap25,14,2025-10-10,2025-11-08,30,-0.1942205876556774,-0.14239935234690082,-0.05182123530877658
rolling_30d,30d,cap25,14,2025-10-11,2025-11-09,30,-0.09595284612858057,-0.09653969177086541,0.0005868456422848389
rolling_30d,30d,cap25,14,2025-10-12,2025-11-10,30,-0.07951179510331696,-0.07874782853655238,-0.0007639665667645845
rolling_30d,30d,cap25,14,2025-10-13,2025-11-11,30,-0.10426025617415646,-0.11131054081885206,0.0070502846446955925
rolling_30d,30d,cap25,14,2025-10-14,2025-11-12,30,-0.1091091300008048,-0.10713183261015158,-0.001977297390653221
rolling_30d,30d,cap25,14,2025-10-15,2025-11-13,30,-0.14458999253860905,-0.11082368158033695,-0.033766310958272094
rolling_30d,30d,cap25,14,2025-10-16,2025-11-14,30,-0.16576666212206814,-0.14667338709677324,-0.019093275025294898
rolling_30d,30d,cap25,14,2025-10-17,2025-11-15,30,-0.14325355879020651,-0.1272534785238968,-0.016000080266309724
rolling_30d,30d,cap25,14,2025-10-18,2025-11-16,30,-0.1629954776225152,-0.1424721490598202,-0.02052332856269501
rolling_30d,30d,cap25,14,2025-10-19,2025-11-17,30,-0.1722311186328862,-0.15812757013057532,-0.01410354850231088
rolling_30d,30d,cap25,14,2025-10-20,2025-11-18,30,-0.17655117206875892,-0.16464087727598098,-0.011910294792777942
rolling_30d,30d,cap25,14,2025-10-21,2025-11-19,30,-0.18927630621862457,-0.1769873645012957,-0.01228894171732886
rolling_30d,30d,cap25,14,2025-10-22,2025-11-20,30,-0.19815236253602064,-0.20211402750442542,0.003961664968404777
rolling_30d,30d,cap25,14,2025-10-23,2025-11-21,30,-0.21420636731636933,-0.2145779282511735,0.0003715609348041715
rolling_30d,30d,cap25,14,2025-10-24,2025-11-22,30,-0.21655370094700133,-0.23159044549854124,0.015036744551539916
rolling_30d,30d,cap25,14,2025-10-25,2025-11-23,30,-0.19772393032200797,-0.20431132234794291,0.006587392025934946
rolling_30d,30d,cap25,14,2025-10-26,2025-11-24,30,-0.18974781359550064,-0.20337882522695716,0.013631011631456524
rolling_30d,30d,cap25,14,2025-10-27,2025-11-25,30,-0.1836266466326465,-0.2292500840316266,0.045623437398980116
rolling_30d,30d,cap25,14,2025-10-28,2025-11-26,30,-0.17307373345587407,-0.19808170515097456,0.025007971695100495
rolling_30d,30d,cap25,14,2025-10-29,2025-11-27,30,-0.15149864397535517,-0.18507436049969916,0.03357571652434399
rolling_30d,30d,cap25,14,2025-10-30,2025-11-28,30,-0.1461299990029704,-0.17077132740347079,0.024641328400500373
rolling_30d,30d,cap25,14,2025-10-31,2025-11-29,30,-0.09477719944314444,-0.1720525027700247,0.07727530332688026
rolling_30d,30d,cap25,14,2025-11-01,2025-11-30,30,-0.13079898065493667,-0.1736140692508905,0.04281508859595384
rolling_30d,30d,cap25,14,2025-11-02,2025-12-01,30,-0.1872839735799391,-0.2123318577055765,0.02504788412563741
rolling_30d,30d,cap25,14,2025-11-03,2025-12-02,30,-0.15125288835144624,-0.17113293944770036,0.019880051096254125
rolling_30d,30d,cap25,14,2025-11-04,2025-12-03,30,-0.06934937970749677,-0.12381715410431404,0.05446777439681727
rolling_30d,30d,cap25,14,2025-11-05,2025-12-04,30,-0.0498604776275019,-0.10270976167155588,0.05284928404405398
rolling_30d,30d,cap25,14,2025-11-06,2025-12-05,30,-0.08091943939274948,-0.14298534634170645,0.06206590694895697
rolling_30d,30d,cap25,14,2025-11-07,2025-12-06,30,-0.08904948250622458,-0.11757052183848171,0.028521039332257137
rolling_30d,30d,cap25,14,2025-11-08,2025-12-07,30,-0.13766247857169522,-0.12262208626411253,-0.015040392307582695
rolling_30d,30d,cap25,14,2025-11-09,2025-12-08,30,-0.1350642738552439,-0.11500943989930434,-0.020054833955939544
rolling_30d,30d,cap25,14,2025-11-10,2025-12-09,30,-0.14008151752751385,-0.11736723527517834,-0.022714282252335516
rolling_30d,30d,cap25,14,2025-11-11,2025-12-10,30,-0.1479636518898919,-0.12916151719392543,-0.018802134695966477
rolling_30d,30d,cap25,14,2025-11-12,2025-12-11,30,-0.1707441152090714,-0.10959347488347693,-0.061150640325594474
rolling_30d,30d,cap25,14,2025-11-13,2025-12-12,30,-0.18601628548717042,-0.12055368197206673,-0.06546260351510369
rolling_30d,30d,cap25,14,2025-11-14,2025-12-13,30,-0.12897670163597497,-0.10907828616768012,-0.01989841546829485
rolling_30d,30d,cap25,14,2025-11-15,2025-12-14,30,-0.11698996761825009,-0.08397901393280294,-0.03301095368544715
rolling_30d,30d,cap25,14,2025-11-16,2025-12-15,30,-0.15765635685021717,-0.1051190517450511,-0.05253730510516608
rolling_30d,30d,cap25,14,2025-11-17,2025-12-16,30,-0.12193542926521683,-0.06985925530019454,-0.05207617396502229
rolling_30d,30d,cap25,14,2025-11-18,2025-12-17,30,-0.11970083470266268,-0.06605457976483875,-0.053646254937823934
rolling_30d,30d,cap25,14,2025-11-19,2025-12-18,30,-0.14394536222784782,-0.0762076251188899,-0.06773773710895792
rolling_30d,30d,cap25,14,2025-11-20,2025-12-19,30,-0.10168318591802328,-0.038985855272787084,-0.0626973306452362
rolling_30d,30d,cap25,14,2025-11-21,2025-12-20,30,-0.06866262312162108,0.011326612159589633,-0.07998923528121071
rolling_30d,30d,cap25,14,2025-11-22,2025-12-21,30,-0.050007345853106955,0.030978634347477385,-0.08098598020058434
rolling_30d,30d,cap25,14,2025-11-23,2025-12-22,30,-0.04970358679215936,0.037399765956947606,-0.08710335274910697
rolling_30d,30d,cap25,14,2025-11-24,2025-12-23,30,-0.07436592826646271,-0.011309713315441838,-0.06305621495102087
rolling_30d,30d,cap25,14,2025-11-25,2025-12-24,30,-0.0928923206313026,-0.02479207861013344,-0.06810024202116916
rolling_30d,30d,cap25,14,2025-11-26,2025-12-25,30,-0.12439323816577952,-0.01674789408047528,-0.10764534408530424
rolling_30d,30d,cap25,14,2025-11-27,2025-12-26,30,-0.12712989028652633,-0.053845131567289206,-0.07328475871923712
rolling_30d,30d,cap25,14,2025-11-28,2025-12-27,30,-0.1315395929613694,-0.06293936009460566,-0.06860023286676376
rolling_30d,30d,cap25,14,2025-11-29,2025-12-28,30,-0.13011265451382192,-0.06137332443120613,-0.06873933008261579
rolling_30d,30d,cap25,14,2025-11-30,2025-12-29,30,-0.16580142479699667,-0.06505290557879939,-0.10074851921819727
rolling_30d,30d,cap25,14,2025-12-01,2025-12-30,30,-0.12514754604751788,-0.05374815905743735,-0.07139938699008053
rolling_30d,30d,cap25,14,2025-12-02,2025-12-31,30,-0.07863030498229118,-0.00887161701863659,-0.06975868796365459
rolling_30d,30d,cap25,14,2025-12-03,2026-01-01,30,-0.09670203612098571,-0.05247903486832195,-0.04422300125266376
rolling_30d,30d,cap25,14,2025-12-04,2026-01-02,30,-0.09189189056880853,-0.06288474969219893,-0.029007140876609605
rolling_30d,30d,cap25,14,2025-12-05,2026-01-03,30,-0.07134994888609492,-0.04613593363411583,-0.025214015251979083
rolling_30d,30d,cap25,14,2025-12-06,2026-01-04,30,-0.04392711587422682,-0.009042903303014382,-0.034884212571212436
rolling_30d,30d,cap25,14,2025-12-07,2026-01-05,30,-0.023571430227906198,0.019258117150426468,-0.042829547378332666
rolling_30d,30d,cap25,14,2025-12-08,2026-01-06,30,-0.012887079159698,0.00776525105671233,-0.02065233021641033
rolling_30d,30d,cap25,14,2025-12-09,2026-01-07,30,-0.008304543907659778,-0.015111111111107856,0.006806567203448077
rolling_30d,30d,cap25,14,2025-12-10,2026-01-08,30,-0.01838922658626896,-0.028566844373783207,0.010177617787514248
rolling_30d,30d,cap25,14,2025-12-11,2026-01-09,30,-0.01351862735750431,-0.023036013430967506,0.009517386073463197
rolling_30d,30d,cap25,14,2025-12-12,2026-01-10,30,0.0025989403402142397,-0.029218466012358335,0.031817406352572575
rolling_30d,30d,cap25,14,2025-12-13,2026-01-11,30,0.00013783522774213353,-0.007639816051026815,0.007777651278768949
rolling_30d,30d,cap25,14,2025-12-14,2026-01-12,30,-0.021188373565572127,-0.0010538580853881596,-0.020134515480183968
rolling_30d,30d,cap25,14,2025-12-15,2026-01-13,30,0.03874142390571067,0.062023972083146806,-0.023282548177436135
rolling_30d,30d,cap25,14,2025-12-16,2026-01-14,30,0.08957333321683336,0.10015491866770665,-0.010581585450873288
rolling_30d,30d,cap25,14,2025-12-17,2026-01-15,30,0.06175599691441236,0.07954214615160904,-0.01778614923719668
rolling_30d,30d,cap25,14,2025-12-18,2026-01-16,30,0.07557231674015497,0.09574988925932315,-0.020177572519168185
rolling_30d,30d,cap25,14,2025-12-19,2026-01-17,30,0.10135980151387369,0.10427326243977686,-0.0029134609259031663
rolling_30d,30d,cap25,14,2025-12-20,2026-01-18,30,0.04581179530788093,0.055925889245254545,-0.010114093937373614
rolling_30d,30d,cap25,14,2025-12-21,2026-01-19,30,0.01663868187609019,0.041326646911328035,-0.024687965035237847
rolling_30d,30d,cap25,14,2025-12-22,2026-01-20,30,-0.007227847652875763,-0.0013255266127856213,-0.005902321040090142
rolling_30d,30d,cap25,14,2025-12-23,2026-01-21,30,-0.004791185253718133,0.0031342503917839437,-0.007925435645502077
rolling_30d,30d,cap25,14,2025-12-24,2026-01-22,30,-0.00777281525759943,0.018906693245423378,-0.02667950850302281
rolling_30d,30d,cap25,14,2025-12-25,2026-01-23,30,0.003997758206118585,0.02139037433155422,-0.017392616125435634
rolling_30d,30d,cap25,14,2025-12-26,2026-01-24,30,0.016959424454635386,0.024697698305246263,-0.007738273850610877
rolling_30d,30d,cap25,14,2025-12-27,2026-01-25,30,-0.009251819004538198,0.0025672839072694575,-0.011819102911807655
rolling_30d,30d,cap25,14,2025-12-28,2026-01-26,30,-0.015332774897658052,0.009192393683738809,-0.02452516858139686
rolling_30d,30d,cap25,14,2025-12-29,2026-01-27,30,-0.008794601912254119,0.013679142044213055,-0.022473743956467174
rolling_30d,30d,cap25,14,2025-12-30,2026-01-28,30,-0.012432555155063363,0.015178922532444128,-0.02761147768750749
rolling_30d,30d,cap25,14,2025-12-31,2026-01-29,30,-0.06536140330909523,-0.03313592890327466,-0.032225474405820576
rolling_30d,30d,cap25,14,2026-01-01,2026-01-30,30,-0.06527164748032976,-0.022768101226277482,-0.04250354625405228
rolling_30d,30d,cap25,14,2026-01-02,2026-01-31,30,-0.07762505696652766,-0.08688259863670733,0.00925754167017967
rolling_30d,30d,cap25,14,2026-01-03,2026-02-01,30,-0.13239071312450423,-0.1281856248319283,-0.004205088292575931
rolling_30d,30d,cap25,14,2026-01-04,2026-02-02,30,-0.12056011575339853,-0.10793408605431365,-0.012626029699084884
rolling_30d,30d,cap25,14,2026-01-05,2026-02-03,30,-0.1517402010537917,-0.15535863896080293,0.0036184379070112183
rolling_30d,30d,cap25,14,2026-01-06,2026-02-04,30,-0.18362877015216372,-0.2072933418515287,0.023664571699364978
rolling_30d,30d,cap25,14,2026-01-07,2026-02-05,30,-0.30089593103946444,-0.3160910252831668,0.015195094243702356
rolling_30d,30d,cap25,14,2026-01-08,2026-02-06,30,-0.21960411618509446,-0.21322202166064708,-0.006382094524447379
rolling_30d,30d,cap25,14,2026-01-09,2026-02-07,30,-0.22403200126116207,-0.23055555555555185,0.006523554294389777
rolling_30d,30d,cap25,14,2026-01-10,2026-02-08,30,-0.2142839553116923,-0.21675028079370584,0.0024663254820135316
rolling_30d,30d,cap25,14,2026-01-11,2026-02-09,30,-0.2238366515729403,-0.22430746418434322,0.0004708126114029154
rolling_30d,30d,cap25,14,2026-01-12,2026-02-10,30,-0.22475894640967775,-0.23656476567755103,0.011805819267873274
rolling_30d,30d,cap25,14,2026-01-13,2026-02-11,30,-0.23104801437544698,-0.2632892771970481,0.03224126282160111
rolling_30d,30d,cap25,14,2026-01-14,2026-02-12,30,-0.24721657138259057,-0.3057730220863424,0.05855645070375182
rolling_30d,30d,cap25,14,2026-01-15,2026-02-13,30,-0.21851314593668747,-0.29033302823347107,0.0718198822967836
rolling_30d,30d,cap25,14,2026-01-16,2026-02-14,30,-0.17119486790422467,-0.2701413728495946,0.09894650494536994
rolling_30d,30d,cap25,14,2026-01-17,2026-02-15,30,-0.190133064528325,-0.27659574468085046,0.08646268015252545
rolling_30d,30d,cap25,14,2026-01-18,2026-02-16,30,-0.1836704973478427,-0.27467615658362443,0.09100565923578174
rolling_30d,30d,cap25,14,2026-01-19,2026-02-17,30,-0.19048547489418044,-0.27846959683702666,0.08798412194284622
rolling_30d,30d,cap25,14,2026-01-20,2026-02-18,30,-0.18205267005815085,-0.28039606272208717,0.09834339266393632
rolling_30d,30d,cap25,14,2026-01-21,2026-02-19,30,-0.18019935955847066,-0.2510921667374547,0.07089280717898405
rolling_30d,30d,cap25,14,2026-01-22,2026-02-20,30,-0.1848921230725873,-0.24450767152441788,0.05961554845183059
rolling_30d,30d,cap25,14,2026-01-23,2026-02-21,30,-0.1846770537711091,-0.24764477486154213,0.06296772109043303
rolling_30d,30d,cap25,14,2026-01-24,2026-02-22,30,-0.20018151114498262,-0.24589903092111565,0.04571751977613303
rolling_30d,30d,cap25,14,2026-01-25,2026-02-23,30,-0.23466034331464491,-0.27556041552760524,0.040900072212960326
rolling_30d,30d,cap25,14,2026-01-26,2026-02-24,30,-0.22507681387338208,-0.2695983810709801,0.04452156719759803
rolling_30d,30d,cap25,14,2026-01-27,2026-02-25,30,-0.20564252337641242,-0.2453318100766464,0.03968928670023397
rolling_30d,30d,cap25,14,2026-01-28,2026-02-26,30,-0.20488237927457653,-0.24832282043767906,0.04344044116310253
rolling_30d,30d,cap25,14,2026-01-29,2026-02-27,30,-0.20178206274119803,-0.2548884412767237,0.05310637853552569
rolling_30d,30d,cap25,14,2026-01-30,2026-02-28,30,-0.1629145534761488,-0.21357340051350482,0.050658847037356014
rolling_30d,30d,cap25,14,2026-01-31,2026-03-01,30,-0.16069569810122875,-0.2323382488110881,0.07164255070985937
rolling_30d,30d,cap25,14,2026-02-01,2026-03-02,30,-0.13985238932405597,-0.1433660672533229,0.003513677929266934
rolling_30d,30d,cap25,14,2026-02-02,2026-03-03,30,-0.10201709390874214,-0.11611777458557393,0.01410068067683179
rolling_30d,30d,cap25,14,2026-02-03,2026-03-04,30,-0.10210465070007302,-0.09834775767112158,-0.0037568930289514357
rolling_30d,30d,cap25,14,2026-02-04,2026-03-05,30,-0.07851208126208198,-0.07174899914211919,-0.006763082119962793
rolling_30d,30d,cap25,14,2026-02-05,2026-03-06,30,-0.08208860488157632,-0.06609541454376988,-0.01599319033780644
rolling_30d,30d,cap25,14,2026-02-06,2026-03-07,30,0.054844756202398814,0.06749296500762925,-0.012648208805230432
rolling_30d,30d,cap25,14,2026-02-07,2026-03-08,30,-0.0790464559281916,-0.06465921040053313,-0.014387245527658465
rolling_30d,30d,cap25,14,2026-02-08,2026-03-09,30,-0.05901815989914472,-0.01985559566786721,-0.03916256423127751
rolling_30d,30d,cap25,14,2026-02-09,2026-03-10,30,-0.05131019126876679,-0.021376059960038885,-0.029934131308727907
rolling_30d,30d,cap25,14,2026-02-10,2026-03-11,30,-0.04284281756234565,-0.007298776779071647,-0.035544040783274
rolling_30d,30d,cap25,14,2026-02-11,2026-03-12,30,-0.01889607079026856,0.010368122185238526,-0.029264192975507086
rolling_30d,30d,cap25,14,2026-02-12,2026-03-13,30,0.0028251502122214056,0.05265121720013988,-0.04982606698791847
rolling_30d,30d,cap25,14,2026-02-13,2026-03-14,30,0.013702744937084566,0.08222123902911016,-0.0685184940920256
rolling_30d,30d,cap25,14,2026-02-14,2026-03-15,30,-0.013870065345075622,0.06256324781237121,-0.07643331315744684
rolling_30d,30d,cap25,14,2026-02-15,2026-03-16,30,-0.016194140151105985,0.06801828082458061,-0.0842124209756866
rolling_30d,30d,cap25,14,2026-02-16,2026-03-17,30,0.0020381244354066297,0.06967647058823978,-0.06763834615283315
rolling_30d,30d,cap25,14,2026-02-17,2026-03-18,30,-0.03915456582207244,0.03904502099933005,-0.07819958682140249
rolling_30d,30d,cap25,14,2026-02-18,2026-03-19,30,-0.027364483189358246,0.04071714979951513,-0.06808163298887338
rolling_30d,30d,cap25,14,2026-02-19,2026-03-20,30,-0.007816855899391517,0.06873789558004861,-0.07655475147944013
rolling_30d,30d,cap25,14,2026-02-20,2026-03-21,30,0.013903152760373683,0.049128030625271046,-0.035224877864897364
rolling_30d,30d,cap25,14,2026-02-21,2026-03-22,30,-0.010497237794926395,0.02004894860396833,-0.030546186398894726
rolling_30d,30d,cap25,14,2026-02-22,2026-03-23,30,-0.0014582089619504801,0.05640846126918886,-0.05786667023113934
rolling_30d,30d,cap25,14,2026-02-23,2026-03-24,30,0.026218460477150263,0.056969465572157985,-0.030751005095007722
rolling_30d,30d,cap25,14,2026-02-24,2026-03-25,30,0.08056947142801762,0.11642557651991203,-0.03585610509189441
rolling_30d,30d,cap25,14,2026-02-25,2026-03-26,30,0.06217648595536529,0.10505956821039453,-0.04288308225502924
rolling_30d,30d,cap25,14,2026-02-26,2026-03-27,30,0.019006332815287186,0.03323275200736053,-0.014226419192073347
rolling_30d,30d,cap25,14,2026-02-27,2026-03-28,30,0.01256780839688032,0.03501266939545733,-0.02244486099857701
rolling_30d,30d,cap25,14,2026-02-28,2026-03-29,30,0.01067457188040688,0.045093003670240606,-0.034418431789833726
rolling_30d,30d,cap25,14,2026-03-01,2026-03-30,30,0.016876439124638543,0.03860482253244313,-0.021728383407804586
rolling_60d,60d,cap25,14,2025-03-01,2025-04-29,60,-0.11206615325802116,0.09523235731213342,-0.20729851057015458
rolling_60d,60d,cap25,14,2025-03-02,2025-04-30,60,-0.11098056434500214,0.060849571317237894,-0.17183013566224004
rolling_60d,60d,cap25,14,2025-03-03,2025-05-01,60,-0.19443139461388081,-0.02438153639379015,-0.17004985822009067
rolling_60d,60d,cap25,14,2025-03-04,2025-05-02,60,-0.07872242326054513,0.06805839078690257,-0.1467808140474477
rolling_60d,60d,cap25,14,2025-03-05,2025-05-03,60,-0.07689250918759871,0.05492793442724797,-0.13182044361484668
rolling_60d,60d,cap25,14,2025-03-06,2025-05-04,60,-0.11171541467996093,0.0027352702003509144,-0.11445068488031185
rolling_60d,60d,cap25,14,2025-03-07,2025-05-05,60,-0.11597917030361027,0.00815402207790683,-0.1241331923815171
rolling_60d,60d,cap25,14,2025-03-08,2025-05-06,60,-0.1311726862771737,0.06212811992891809,-0.1933008062060918
rolling_60d,60d,cap25,14,2025-03-09,2025-05-07,60,-0.13096118000749113,0.07168076899148468,-0.2026419489989758
rolling_60d,60d,cap25,14,2025-03-10,2025-05-08,60,-0.034620995015749,0.19492043053355967,-0.22954142554930868
rolling_60d,60d,cap25,14,2025-03-11,2025-05-09,60,0.015713115052913285,0.22010645793893913,-0.20439334288602584
rolling_60d,60d,cap25,14,2025-03-12,2025-05-10,60,0.016427848695657055,0.17483650861825217,-0.15840865992259512
rolling_60d,60d,cap25,14,2025-03-13,2025-05-11,60,0.020168593714339877,0.17284219352135066,-0.15267359980701078
rolling_60d,60d,cap25,14,2025-03-14,2025-05-12,60,0.04480182480549866,0.2059538274605186,-0.16115200265501994
rolling_60d,60d,cap25,14,2025-03-15,2025-05-13,60,0.033557283330561294,0.17620967741936533,-0.14265239408880404
rolling_60d,60d,cap25,14,2025-03-16,2025-05-14,60,0.008232678143515582,0.17445279583667173,-0.16622011769315614
rolling_60d,60d,cap25,14,2025-03-17,2025-05-15,60,-0.010152064762448343,0.201003124486117,-0.21115518924856536
rolling_60d,60d,cap25,14,2025-03-18,2025-05-16,60,-0.008518653268720255,0.19279736902088218,-0.20131602228960244
rolling_60d,60d,cap25,14,2025-03-19,2025-05-17,60,-0.020749107744814643,0.20928928400601698,-0.23003839175083163
rolling_60d,60d,cap25,14,2025-03-20,2025-05-18,60,-0.032205090858192564,0.18046845603914408,-0.21267354689733664
rolling_60d,60d,cap25,14,2025-03-21,2025-05-19,60,-0.034966637750430074,0.19578269617706834,-0.2307493339274984
rolling_60d,60d,cap25,14,2025-03-22,2025-05-20,60,-0.02485848129918422,0.20779116465864167,-0.2326496459578259
rolling_60d,60d,cap25,14,2025-03-23,2025-05-21,60,-0.021812186834270664,0.22764201457386313,-0.2494542014081338
rolling_60d,60d,cap25,14,2025-03-24,2025-05-22,60,0.011404657672292373,0.21977883494534312,-0.20837417727305074
rolling_60d,60d,cap25,14,2025-03-25,2025-05-23,60,-0.047004394341993105,0.1636427184466085,-0.2106471127886016
rolling_60d,60d,cap25,14,2025-03-26,2025-05-24,60,-0.050144468265945985,0.16766861885739193,-0.2178130871233379
rolling_60d,60d,cap25,14,2025-03-27,2025-05-25,60,-0.04640990650622445,0.18495644057249705,-0.2313663470787215
rolling_60d,60d,cap25,14,2025-03-28,2025-05-26,60,-0.05077349570909284,0.1831623931624018,-0.23393588887149463
rolling_60d,60d,cap25,14,2025-03-29,2025-05-27,60,-0.02330112624440328,0.20310076286085077,-0.22640188910525405
rolling_60d,60d,cap25,14,2025-03-30,2025-05-28,60,-0.00335785406724598,0.2183840037607765,-0.22174185782802247
rolling_60d,60d,cap25,14,2025-03-31,2025-05-29,60,-0.007956280326001708,0.19694606887589927,-0.20490234920190098
rolling_60d,60d,cap25,14,2025-04-01,2025-05-30,60,-0.030298912850412307,0.19489406607679816,-0.22519297892721046
rolling_60d,60d,cap25,14,2025-04-02,2025-05-31,60,0.04008718240777642,0.16780224378459652,-0.1277150613768201
rolling_60d,60d,cap25,14,2025-04-03,2025-06-01,60,0.13027954676124942,0.2142217299956064,-0.08394218323435698
rolling_60d,60d,cap25,14,2025-04-04,2025-06-02,60,0.23726901897349384,0.20098953686430043,0.036279482109193406
rolling_60d,60d,cap25,14,2025-04-05,2025-06-03,60,0.20926346645635197,0.1936061733498664,0.01565729310648556
rolling_60d,60d,cap25,14,2025-04-06,2025-06-04,60,0.1867030983807081,0.17781076126980966,0.00889233711089843
rolling_60d,60d,cap25,14,2025-04-07,2025-06-05,60,0.1864948141111471,0.2057707038896901,-0.019275889778543
rolling_60d,60d,cap25,14,2025-04-08,2025-06-06,60,0.15496611312356912,0.2301522094510442,-0.07518609632747508
rolling_60d,60d,cap25,14,2025-04-09,2025-06-07,60,0.17177114616556866,0.27856395044494575,-0.1067928042793771
rolling_60d,60d,cap25,14,2025-04-10,2025-06-08,60,0.05226484485228289,0.19894340119483922,-0.14667855634255633
rolling_60d,60d,cap25,14,2025-04-11,2025-06-09,60,0.10716088268591428,0.27611585944918615,-0.16895497676327187
rolling_60d,60d,cap25,14,2025-04-12,2025-06-10,60,0.11531003397338813,0.2389831066076611,-0.12367307263427296
rolling_60d,60d,cap25,14,2025-04-13,2025-06-11,60,0.0859701008283762,0.2099598952100601,-0.1239897943816839
rolling_60d,60d,cap25,14,2025-04-14,2025-06-12,60,0.06802473235075412,0.19662006578946767,-0.12859533343871354
rolling_60d,60d,cap25,14,2025-04-15,2025-06-13,60,0.06827399778162602,0.1978307214112447,-0.12955672362961868
rolling_60d,60d,cap25,14,2025-04-16,2025-06-14,60,0.029977287557645615,0.19936592199365988,-0.16938863443601426
rolling_60d,60d,cap25,14,2025-04-17,2025-06-15,60,-0.022930331696956574,0.1979277844370353,-0.22085811613399187
rolling_60d,60d,cap25,14,2025-04-18,2025-06-16,60,-0.0013771813318459447,0.19389334115193413,-0.19527052248378007
rolling_60d,60d,cap25,14,2025-04-19,2025-06-17,60,-0.006103107995735102,0.18999746419193486,-0.19610057218766996
rolling_60d,60d,cap25,14,2025-04-20,2025-06-18,60,0.0017274990891618103,0.18388596269852941,-0.1821584636093676
rolling_60d,60d,cap25,14,2025-04-21,2025-06-19,60,0.01972850237171997,0.18024552662856075,-0.16051702425684078
rolling_60d,60d,cap25,14,2025-04-22,2025-06-20,60,0.012465875874561272,0.1406764892268635,-0.12821061335230222
rolling_60d,60d,cap25,14,2025-04-23,2025-06-21,60,-0.03808763454531916,0.06557535911024992,-0.10366299365556908
rolling_60d,60d,cap25,14,2025-04-24,2025-06-22,60,-0.08026616368777628,0.04921731877689561,-0.1294834824646719
rolling_60d,60d,cap25,14,2025-04-25,2025-06-23,60,-0.06927492879066721,0.08557742294837967,-0.15485235173904688
rolling_60d,60d,cap25,14,2025-04-26,2025-06-24,60,-0.08898986934198627,0.06672233575786168,-0.15571220509984796
rolling_60d,60d,cap25,14,2025-04-27,2025-06-25,60,-0.0734130717674416,0.07929534771338509,-0.1527084194808267
rolling_60d,60d,cap25,14,2025-04-28,2025-06-26,60,-0.08050699464560385,0.08621659218041566,-0.1667235868260195
rolling_60d,60d,cap25,14,2025-04-29,2025-06-27,60,-0.09649064918215344,0.07376743710220279,-0.17025808628435624
rolling_60d,60d,cap25,14,2025-04-30,2025-06-28,60,-0.11851882779912715,0.07946310693853231,-0.19798193473765946
rolling_60d,60d,cap25,14,2025-05-01,2025-06-29,60,-0.12132763258183943,0.0875855025825154,-0.20891313516435484
rolling_60d,60d,cap25,14,2025-05-02,2025-06-30,60,-0.1182886505406513,0.044851511433504854,-0.16314016197415615
rolling_60d,60d,cap25,14,2025-05-03,2025-07-01,60,-0.15116744545444405,0.0464406779660953,-0.19760812342053935
rolling_60d,60d,cap25,14,2025-05-04,2025-07-02,60,-0.026334997595372833,0.07281655814629473,-0.09915155574166756
rolling_60d,60d,cap25,14,2025-05-05,2025-07-03,60,-0.011177082584198028,0.0975744618106702,-0.10875154439486823
rolling_60d,60d,cap25,14,2025-05-06,2025-07-04,60,-0.03526144080355509,0.09568537326709659,-0.13094681407065167
rolling_60d,60d,cap25,14,2025-05-07,2025-07-05,60,-0.0003181677900503388,0.07822480902145568,-0.07854297681150602
rolling_60d,60d,cap25,14,2025-05-08,2025-07-06,60,-0.0020289643096996768,0.07664675873178828,-0.07867572304148795
rolling_60d,60d,cap25,14,2025-05-09,2025-07-07,60,-0.05506742755605187,0.023023202801732534,-0.07809063035778441
rolling_60d,60d,cap25,14,2025-05-10,2025-07-08,60,-0.03520103920998241,0.03189535207346905,-0.06709639128345146
rolling_60d,60d,cap25,14,2025-05-11,2025-07-09,60,-0.03559919268117484,0.04114474119853906,-0.0767439338797139
rolling_60d,60d,cap25,14,2025-05-12,2025-07-10,60,-0.009259545256735335,0.07604638533925456,-0.0853059305959899
rolling_60d,60d,cap25,14,2025-05-13,2025-07-11,60,0.022574850573630956,0.09177047030812857,-0.06919561973449762
rolling_60d,60d,cap25,14,2025-05-14,2025-07-12,60,0.05239464575867636,0.09523483030510338,-0.04284018454642702
rolling_60d,60d,cap25,14,2025-05-15,2025-07-13,60,0.1036386426593563,0.10894050183144266,-0.005301859172086365
rolling_60d,60d,cap25,14,2025-05-16,2025-07-14,60,0.15106174643970327,0.12175318006927727,0.029308566370426004
rolling_60d,60d,cap25,14,2025-05-17,2025-07-15,60,0.13768715324246572,0.09754449661497411,0.04014265662749161
rolling_60d,60d,cap25,14,2025-05-18,2025-07-16,60,0.16351395564889826,0.09932076706947224,0.06419318857942602
rolling_60d,60d,cap25,14,2025-05-19,2025-07-17,60,0.2155742985670681,0.07817916196294084,0.13739513660412728
rolling_60d,60d,cap25,14,2025-05-20,2025-07-18,60,0.22476087947577827,0.08450893818651606,0.14025194128926222
rolling_60d,60d,cap25,14,2025-05-21,2025-07-19,60,0.22102709465396098,0.0735918068763679,0.14743528777759307
rolling_60d,60d,cap25,14,2025-05-22,2025-07-20,60,0.25775248368269077,0.04895485580486225,0.20879762787782852
rolling_60d,60d,cap25,14,2025-05-23,2025-07-21,60,0.25439495427635017,0.03353178190459083,0.22086317237175934
rolling_60d,60d,cap25,14,2025-05-24,2025-07-22,60,0.32911696814022284,0.08485572590926171,0.24426124223096113
rolling_60d,60d,cap25,14,2025-05-25,2025-07-23,60,0.2928205036437703,0.07619079253304561,0.2166297111107247
rolling_60d,60d,cap25,14,2025-05-26,2025-07-24,60,0.27317208780494173,0.057182055691947564,0.21599003211299417
rolling_60d,60d,cap25,14,2025-05-27,2025-07-25,60,0.2578391705543095,0.05205781720987934,0.20578135334443015
rolling_60d,60d,cap25,14,2025-05-28,2025-07-26,60,0.2722236555092261,0.0642277659131345,0.2079958895960916
rolling_60d,60d,cap25,14,2025-05-29,2025-07-27,60,0.29288070515488385,0.08157766941852218,0.21130303573636167
rolling_60d,60d,cap25,14,2025-05-30,2025-07-28,60,0.292572947675656,0.10256636447532674,0.19000658320032926
rolling_60d,60d,cap25,14,2025-05-31,2025-07-29,60,0.33643010180315724,0.10911079558964087,0.22731930621351637
rolling_60d,60d,cap25,14,2025-06-01,2025-07-30,60,0.3342135445944163,0.1028022850961674,0.23141125949824892
rolling_60d,60d,cap25,14,2025-06-02,2025-07-31,60,0.29993544032845376,0.0805410988303461,0.21939434149810766
rolling_60d,60d,cap25,14,2025-06-03,2025-08-01,60,0.168588081275451,0.06726548254204445,0.10132259873340654
rolling_60d,60d,cap25,14,2025-06-04,2025-08-02,60,0.18436077000423823,0.06888098116180164,0.11547978884243659
rolling_60d,60d,cap25,14,2025-06-05,2025-08-03,60,0.2433547407627359,0.10389279492070513,0.13946194584203075
rolling_60d,60d,cap25,14,2025-06-06,2025-08-04,60,0.39457628330870986,0.13188767947143298,0.2626886038372769
rolling_60d,60d,cap25,14,2025-06-07,2025-08-05,60,0.40679070247538807,0.10169176426845383,0.30509893820693423
rolling_60d,60d,cap25,14,2025-06-08,2025-08-06,60,0.376872748972646,0.09178500023882963,0.28508774873381637
rolling_60d,60d,cap25,14,2025-06-09,2025-08-07,60,0.4702001410255576,0.11105162733874452,0.3591485136868131
rolling_60d,60d,cap25,14,2025-06-10,2025-08-08,60,0.4479607112114412,0.06316943521594953,0.3847912759954917
rolling_60d,60d,cap25,14,2025-06-11,2025-08-09,60,0.457894517276203,0.06304972683762555,0.39484479043857745
rolling_60d,60d,cap25,14,2025-06-12,2025-08-10,60,0.45844507499486653,0.09500611455263908,0.36343896044222745
rolling_60d,60d,cap25,14,2025-06-13,2025-08-11,60,0.4666970559701009,0.12910541615983062,0.3375916398102703
rolling_60d,60d,cap25,14,2025-06-14,2025-08-12,60,0.5176115577637912,0.11635679398958243,0.40125476377420877
rolling_60d,60d,cap25,14,2025-06-15,2025-08-13,60,0.5778621317432537,0.14835078516150868,0.42951134658174506
rolling_60d,60d,cap25,14,2025-06-16,2025-08-14,60,0.566081370554457,0.12801727092043436,0.4380640996340226
rolling_60d,60d,cap25,14,2025-06-17,2025-08-15,60,0.606137420550172,0.11744240778765991,0.48869501276251204
rolling_60d,60d,cap25,14,2025-06-18,2025-08-16,60,0.627213234260164,0.1208446754103829,0.506368558849781
rolling_60d,60d,cap25,14,2025-06-19,2025-08-17,60,0.6170421121163026,0.12201478425305634,0.4950273278632462
rolling_60d,60d,cap25,14,2025-06-20,2025-08-18,60,0.5729704254206947,0.11404410293905087,0.4589263224816438
rolling_60d,60d,cap25,14,2025-06-21,2025-08-19,60,0.5439950097596011,0.09218119570275363,0.4518138140568475
rolling_60d,60d,cap25,14,2025-06-22,2025-08-20,60,0.6121869826137751,0.1140484651761573,0.49813851743761783
rolling_60d,60d,cap25,14,2025-06-23,2025-08-21,60,0.6437391679036113,0.12001476318573556,0.5237244047178757
rolling_60d,60d,cap25,14,2025-06-24,2025-08-22,60,0.624052566378061,0.10248130639722297,0.521571259980838
rolling_60d,60d,cap25,14,2025-06-25,2025-08-23,60,0.6067656709265041,0.09671770926320922,0.5100479616632949
rolling_60d,60d,cap25,14,2025-06-26,2025-08-24,60,0.5697535864068226,0.06914821447954855,0.5006053719272741
rolling_60d,60d,cap25,14,2025-06-27,2025-08-25,60,0.5870473650928965,0.06147820163489093,0.5255691634580055
rolling_60d,60d,cap25,14,2025-06-28,2025-08-26,60,0.6101594589834973,0.06614084277004828,0.544018616213449
rolling_60d,60d,cap25,14,2025-06-29,2025-08-27,60,0.5887654806481253,0.057313112370401376,0.5314523682777239
rolling_60d,60d,cap25,14,2025-06-30,2025-08-28,60,0.5981588514859473,0.05841462426029076,0.5397442272256565
rolling_60d,60d,cap25,14,2025-07-01,2025-08-29,60,0.5641426027574139,0.04448503660162495,0.519657566155789
rolling_60d,60d,cap25,14,2025-07-02,2025-08-30,60,0.5691233345509166,0.04598556747928506,0.5231377670716315
rolling_60d,60d,cap25,14,2025-07-03,2025-08-31,60,0.3696433066876952,0.022642814517454868,0.3470004921702403
rolling_60d,60d,cap25,14,2025-07-04,2025-09-01,60,0.35731128898358255,0.024315701091531805,0.33299558789205075
rolling_60d,60d,cap25,14,2025-07-05,2025-09-02,60,0.44804162489953714,0.04870870180045461,0.3993329230990825
rolling_60d,60d,cap25,14,2025-07-06,2025-09-03,60,0.453190767188141,0.04527604215868686,0.40791472502945414
rolling_60d,60d,cap25,14,2025-07-07,2025-09-04,60,0.4342985187990891,0.04795670079468195,0.38634181800440714
rolling_60d,60d,cap25,14,2025-07-08,2025-09-05,60,0.44239401691071145,0.046340310600956114,0.39605370630975534
rolling_60d,60d,cap25,14,2025-07-09,2025-09-06,60,0.3884208033789327,0.04059903981012991,0.3478217635688028
rolling_60d,60d,cap25,14,2025-07-10,2025-09-07,60,0.36400599530995215,0.027003928687378664,0.3370020666225735
rolling_60d,60d,cap25,14,2025-07-11,2025-09-08,60,0.3396192163046994,-0.003008815638165685,0.34262803194286506
rolling_60d,60d,cap25,14,2025-07-12,2025-09-09,60,0.28838903415943884,-0.01771142140160953,0.30610045556104837
rolling_60d,60d,cap25,14,2025-07-13,2025-09-10,60,0.2563974430514162,-0.006667084011507396,0.2630645270629236
rolling_60d,60d,cap25,14,2025-07-14,2025-09-11,60,0.22466408929281578,-0.0066679862434029236,0.2313320755362187
rolling_60d,60d,cap25,14,2025-07-15,2025-09-12,60,0.2361050831103717,-0.016978944156231912,0.2530840272666036
rolling_60d,60d,cap25,14,2025-07-16,2025-09-13,60,0.24421500979314748,-0.0013741986432039832,0.24558920843635146
rolling_60d,60d,cap25,14,2025-07-17,2025-09-14,60,0.23368065042878872,-0.005831265508678851,0.23951191593746757
rolling_60d,60d,cap25,14,2025-07-18,2025-09-15,60,0.13933907394819878,-0.010716727333191955,0.15005580128139073
rolling_60d,60d,cap25,14,2025-07-19,2025-09-16,60,0.15388373826813861,0.0072363031551854196,0.1466474351129532
rolling_60d,60d,cap25,14,2025-07-20,2025-09-17,60,0.14721300939856685,-9.911048340638384e-05,0.14731211988197324
rolling_60d,60d,cap25,14,2025-07-21,2025-09-18,60,0.13035694399166298,0.015950628708635284,0.11440631528302769
rolling_60d,60d,cap25,14,2025-07-22,2025-09-19,60,0.09070846253753295,0.01307001705599875,0.0776384454815342
rolling_60d,60d,cap25,14,2025-07-23,2025-09-20,60,0.07296360591644824,-0.00221494844091763,0.07517855435736587
rolling_60d,60d,cap25,14,2025-07-24,2025-09-21,60,0.08815773820300743,-0.003228414990208206,0.09138615319321564
rolling_60d,60d,cap25,14,2025-07-25,2025-09-22,60,0.0692966539831763,-0.002042856521922487,0.07133951050509879
rolling_60d,60d,cap25,14,2025-07-26,2025-09-23,60,0.08494222918702232,-0.0035705368289622452,0.08851276601598457
rolling_60d,60d,cap25,14,2025-07-27,2025-09-24,60,0.08046185762310931,-0.0013543990009740048,0.08181625662408332
rolling_60d,60d,cap25,14,2025-07-28,2025-09-25,60,0.04615225876934659,-0.027284021994513408,0.07343628076386
rolling_60d,60d,cap25,14,2025-07-29,2025-09-26,60,0.05770129092416765,-0.026796649495636093,0.08449794041980374
rolling_60d,60d,cap25,14,2025-07-30,2025-09-27,60,0.06530581071929586,-0.032886193801290875,0.09819200452058674
rolling_60d,60d,cap25,14,2025-07-31,2025-09-28,60,0.07651284330695818,-0.014394222693577596,0.09090706600053577
rolling_60d,60d,cap25,14,2025-08-01,2025-09-29,60,0.08407103734218802,0.011768137890800334,0.07230289945138768
rolling_60d,60d,cap25,14,2025-08-02,2025-09-30,60,0.1223269250363681,0.030361323799281914,0.09196560123708619
rolling_60d,60d,cap25,14,2025-08-03,2025-10-01,60,0.17772501265247165,0.07054136991175874,0.1071836427407129
rolling_60d,60d,cap25,14,2025-08-04,2025-10-02,60,0.1619932954098524,0.06520111787603966,0.09679217753381275
rolling_60d,60d,cap25,14,2025-08-05,2025-10-03,60,0.10090083667906335,0.08192703461178996,0.018973802067273393
rolling_60d,60d,cap25,14,2025-08-06,2025-10-04,60,0.09104565611654958,0.09366757915526125,-0.002621923038711671
rolling_60d,60d,cap25,14,2025-08-07,2025-10-05,60,0.10535621555795238,0.10644374999999973,-0.0010875344420473443
rolling_60d,60d,cap25,14,2025-08-08,2025-10-06,60,0.04283216519997013,0.09775262852271682,-0.05492046332274669
rolling_60d,60d,cap25,14,2025-08-09,2025-10-07,60,0.012502992843297811,0.0976394782728307,-0.0851364854295329
rolling_60d,60d,cap25,14,2025-08-10,2025-10-08,60,0.00314577316353426,0.11178898595612918,-0.10864321279259492
rolling_60d,60d,cap25,14,2025-08-11,2025-10-09,60,0.0198563625126722,0.08551812522885549,-0.06566176271618329
rolling_60d,60d,cap25,14,2025-08-12,2025-10-10,60,-0.05744487616064442,0.04659301865546728,-0.1040378948161117
rolling_60d,60d,cap25,14,2025-08-13,2025-10-11,60,-0.09736303902926069,0.03682609224778166,-0.13418913127704235
rolling_60d,60d,cap25,14,2025-08-14,2025-10-12,60,-0.09397845828444962,0.03394558713315421,-0.12792404541760383
rolling_60d,60d,cap25,14,2025-08-15,2025-10-13,60,-0.06902291012545048,0.043174209698095156,-0.11219711982354563
rolling_60d,60d,cap25,14,2025-08-16,2025-10-14,60,-0.10325177612841152,0.0383561142075719,-0.14160789033598342
rolling_60d,60d,cap25,14,2025-08-17,2025-10-15,60,-0.11840416819388666,0.034245903247962284,-0.15265007144184894
rolling_60d,60d,cap25,14,2025-08-18,2025-10-16,60,-0.1358701390344882,0.013060078813990739,-0.14893021784847893
rolling_60d,60d,cap25,14,2025-08-19,2025-10-17,60,-0.13808820371437547,0.013163027124751814,-0.15125123083912728
rolling_60d,60d,cap25,14,2025-08-20,2025-10-18,60,-0.1112430723279697,0.040604553864931336,-0.15184762619290104
rolling_60d,60d,cap25,14,2025-08-21,2025-10-19,60,-0.1221591939070571,0.03530904044558314,-0.15746823435264024
rolling_60d,60d,cap25,14,2025-08-22,2025-10-20,60,-0.10718144760526382,0.05171736375157776,-0.15889881135684158
rolling_60d,60d,cap25,14,2025-08-23,2025-10-21,60,-0.15351772519999873,0.012087891630927272,-0.165605616830926
rolling_60d,60d,cap25,14,2025-08-24,2025-10-22,60,-0.15603539446148185,0.02082459380771562,-0.17685998826919747
rolling_60d,60d,cap25,14,2025-08-25,2025-10-23,60,-0.13994839800955394,0.05140195810939585,-0.1913503561189498
rolling_60d,60d,cap25,14,2025-08-26,2025-10-24,60,-0.11810594909099814,0.06398844858013097,-0.18209439767112912
rolling_60d,60d,cap25,14,2025-08-27,2025-10-25,60,-0.13200662321767476,0.06170569949508553,-0.1937123227127603
rolling_60d,60d,cap25,14,2025-08-28,2025-10-26,60,-0.11269098940378386,0.08977629828608191,-0.20246728768986577
rolling_60d,60d,cap25,14,2025-08-29,2025-10-27,60,-0.12984704841674455,0.07802776448060578,-0.20787481289735033
rolling_60d,60d,cap25,14,2025-08-30,2025-10-28,60,-0.10735354363313632,0.1051939513477902,-0.2125474949809265
rolling_60d,60d,cap25,14,2025-08-31,2025-10-29,60,-0.11474868797607829,0.08305822971644927,-0.19780691769252756
rolling_60d,60d,cap25,14,2025-09-01,2025-10-30,60,-0.12782837212175358,0.0892223629503246,-0.21705073507207817
rolling_60d,60d,cap25,14,2025-09-02,2025-10-31,60,-0.1095429912477145,0.07760910193775539,-0.18715209318546988
rolling_60d,60d,cap25,14,2025-09-03,2025-11-01,60,-0.12969521053851207,0.058078918165620275,-0.18777412870413235
rolling_60d,60d,cap25,14,2025-09-04,2025-11-02,60,-0.13863782984646345,0.058710751910753034,-0.19734858175721648
rolling_60d,60d,cap25,14,2025-09-05,2025-11-03,60,-0.1971374979254893,0.019539741957058654,-0.21667723988254795
rolling_60d,60d,cap25,14,2025-09-06,2025-11-04,60,-0.2299913796652323,-0.011699566993418009,-0.2182918126718143
rolling_60d,60d,cap25,14,2025-09-07,2025-11-05,60,-0.21405713789427527,0.010866677466379038,-0.2249238153606543
rolling_60d,60d,cap25,14,2025-09-08,2025-11-06,60,-0.2080827176698884,-0.02328776843830871,-0.18479494923157969
rolling_60d,60d,cap25,14,2025-09-09,2025-11-07,60,-0.17556596456057938,-0.013455586951930387,-0.162110377608649
rolling_60d,60d,cap25,14,2025-09-10,2025-11-08,60,-0.17776513480217415,-0.018384695079186275,-0.15938043972298788
rolling_60d,60d,cap25,14,2025-09-11,2025-11-09,60,-0.17549521068508633,-0.020954781786678978,-0.15454042889840736
rolling_60d,60d,cap25,14,2025-09-12,2025-11-10,60,-0.18130870939965493,-0.022516968678005567,-0.15879174072164937
rolling_60d,60d,cap25,14,2025-09-13,2025-11-11,60,-0.1898896202314464,-0.04090197928825523,-0.14898764094319117
rolling_60d,60d,cap25,14,2025-09-14,2025-11-12,60,-0.18877219978811866,-0.045448318804485965,-0.1433238809836327
rolling_60d,60d,cap25,14,2025-09-15,2025-11-13,60,-0.2297199507831934,-0.05628353924872154,-0.17343641153447187
rolling_60d,60d,cap25,14,2025-09-16,2025-11-14,60,-0.24427055846837864,-0.1040822298176497,-0.14018832865072894
rolling_60d,60d,cap25,14,2025-09-17,2025-11-15,60,-0.24641323166187334,-0.11111042649940717,-0.13530280516246618
rolling_60d,60d,cap25,14,2025-09-18,2025-11-16,60,-0.27775519118777614,-0.1306839301201853,-0.14707126106759083
rolling_60d,60d,cap25,14,2025-09-19,2025-11-17,60,-0.28941947554231573,-0.15202914784407318,-0.13739032769824255
rolling_60d,60d,cap25,14,2025-09-20,2025-11-18,60,-0.2787688681599574,-0.1506231768761609,-0.1281456912837965
rolling_60d,60d,cap25,14,2025-09-21,2025-11-19,60,-0.29306952628434035,-0.15775842932195538,-0.13531109696238497
rolling_60d,60d,cap25,14,2025-09-22,2025-11-20,60,-0.3075039429411821,-0.19408456984319644,-0.11341937309798567
rolling_60d,60d,cap25,14,2025-09-23,2025-11-21,60,-0.3045316365606333,-0.20323544051766973,-0.10129619604296358
rolling_60d,60d,cap25,14,2025-09-24,2025-11-22,60,-0.2992183812097917,-0.2023517177437526,-0.09686666346603912
rolling_60d,60d,cap25,14,2025-09-25,2025-11-23,60,-0.2851358879252256,-0.17927820877322798,-0.10585767915199762
rolling_60d,60d,cap25,14,2025-09-26,2025-11-24,60,-0.2652652149623891,-0.16217515017388362,-0.10309006478850546
rolling_60d,60d,cap25,14,2025-09-27,2025-11-25,60,-0.2474430345356078,-0.17344067185651812,-0.07400236267908966
rolling_60d,60d,cap25,14,2025-09-28,2025-11-26,60,-0.24169911398566213,-0.1421676979688522,-0.09953141601680993
rolling_60d,60d,cap25,14,2025-09-29,2025-11-27,60,-0.23301659274305475,-0.14793528764158015,-0.0850813051014746
rolling_60d,60d,cap25,14,2025-09-30,2025-11-28,60,-0.2292907306275439,-0.16386825267316174,-0.06542247795438216
rolling_60d,60d,cap25,14,2025-10-01,2025-11-29,60,-0.19796590488049026,-0.16478124155550267,-0.033184663324987596
rolling_60d,60d,cap25,14,2025-10-02,2025-11-30,60,-0.2501684776393862,-0.19406528189910688,-0.05610319574027933
rolling_60d,60d,cap25,14,2025-10-03,2025-12-01,60,-0.30882958989784715,-0.24350535266696027,-0.06532423723088687
rolling_60d,60d,cap25,14,2025-10-04,2025-12-02,60,-0.2888094562856359,-0.21642543821726945,-0.07238401806836647
rolling_60d,60d,cap25,14,2025-10-05,2025-12-03,60,-0.2754693734262246,-0.20629868163141285,-0.06917069179481172
rolling_60d,60d,cap25,14,2025-10-06,2025-12-04,60,-0.29021952511548976,-0.2237517722884631,-0.06646775282702666
rolling_60d,60d,cap25,14,2025-10-07,2025-12-05,60,-0.30784489048443897,-0.24763930625428632,-0.06020558423015265
rolling_60d,60d,cap25,14,2025-10-08,2025-12-06,60,-0.2892362677208833,-0.23927575015657576,-0.04996051756430753
rolling_60d,60d,cap25,14,2025-10-09,2025-12-07,60,-0.2981849760104699,-0.2412563257190633,-0.05692865029140659
rolling_60d,60d,cap25,14,2025-10-10,2025-12-08,60,-0.30305259887146874,-0.24103152249076398,-0.062021076380704754
rolling_60d,60d,cap25,14,2025-10-11,2025-12-09,60,-0.22259314335931846,-0.20257633032857958,-0.020016813030738878
rolling_60d,60d,cap25,14,2025-10-12,2025-12-10,60,-0.21571059142140114,-0.1977381567209695,-0.01797243470043164
rolling_60d,60d,cap25,14,2025-10-13,2025-12-11,60,-0.25720254619130056,-0.2087051067428316,-0.04849743944846896
rolling_60d,60d,cap25,14,2025-10-14,2025-12-12,60,-0.27482934041248896,-0.21477037770464935,-0.060058962707839614
rolling_60d,60d,cap25,14,2025-10-15,2025-12-13,60,-0.2549179538473839,-0.20781351049444108,-0.04710444335294284
rolling_60d,60d,cap25,14,2025-10-16,2025-12-14,60,-0.2633635933064722,-0.21833491461100507,-0.04502867869546712
rolling_60d,60d,cap25,14,2025-10-17,2025-12-15,60,-0.2783250814557314,-0.21899576527525666,-0.05932931618047477
rolling_60d,60d,cap25,14,2025-10-18,2025-12-16,60,-0.2650559833555415,-0.20237840612567748,-0.062677577229864
rolling_60d,60d,cap25,14,2025-10-19,2025-12-17,60,-0.2713157446734191,-0.21373709970120403,-0.0575786449722151
rolling_60d,60d,cap25,14,2025-10-20,2025-12-18,60,-0.29508281188141805,-0.22830161214017786,-0.0667811997412402
rolling_60d,60d,cap25,14,2025-10-21,2025-12-19,60,-0.2717132743015429,-0.20907321599652362,-0.06264005830501929
rolling_60d,60d,cap25,14,2025-10-22,2025-12-20,60,-0.25320932466817225,-0.1930766825463911,-0.060132642121781155
rolling_60d,60d,cap25,14,2025-10-23,2025-12-21,60,-0.2535018212751493,-0.19024662508202883,-0.06325519619312048
rolling_60d,60d,cap25,14,2025-10-24,2025-12-22,60,-0.2554937920689777,-0.20285210800110443,-0.052641684067873284
rolling_60d,60d,cap25,14,2025-10-25,2025-12-23,60,-0.25738593496958084,-0.2133103331805304,-0.044075601789050456
rolling_60d,60d,cap25,14,2025-10-26,2025-12-24,60,-0.26501401948720127,-0.2231287200144274,-0.04188529947277386
rolling_60d,60d,cap25,14,2025-10-27,2025-12-25,60,-0.2851779716102677,-0.24215852198679988,-0.04301944962346782
rolling_60d,60d,cap25,14,2025-10-28,2025-12-26,60,-0.2782007789966757,-0.24126110124333655,-0.03693967775333917
rolling_60d,60d,cap25,14,2025-10-29,2025-12-27,60,-0.2631101669740069,-0.23636525877453518,-0.02674490819947173
rolling_60d,60d,cap25,14,2025-10-30,2025-12-28,60,-0.257229291442414,-0.22166384775439596,-0.03556544368801806
rolling_60d,60d,cap25,14,2025-10-31,2025-12-29,60,-0.2448644295341984,-0.22591289313152918,-0.018951536402669222
rolling_60d,60d,cap25,14,2025-11-01,2025-12-30,60,-0.2395773552479724,-0.2180307916996218,-0.021546563548350606
rolling_60d,60d,cap25,14,2025-11-02,2025-12-31,60,-0.2511880826013445,-0.21931974780179364,-0.03186833479955087
rolling_60d,60d,cap25,14,2025-11-03,2026-01-01,60,-0.23332846219966696,-0.21463108281962795,-0.018697379380039014
rolling_60d,60d,cap25,14,2025-11-04,2026-01-02,60,-0.15486862466520934,-0.17891569305306287,0.024047068387853532
rolling_60d,60d,cap25,14,2025-11-05,2026-01-03,60,-0.1176528839834382,-0.14410708455761723,0.02645420057417902
rolling_60d,60d,cap25,14,2025-11-06,2026-01-04,60,-0.12129199767629317,-0.15073524698400453,0.02944324930771136
rolling_60d,60d,cap25,14,2025-11-07,2026-01-05,60,-0.11052188907040372,-0.10057659157105714,-0.009945297499346584
rolling_60d,60d,cap25,14,2025-11-08,2026-01-06,60,-0.1487754904727192,-0.11580902649233882,-0.03296646398038039
rolling_60d,60d,cap25,14,2025-11-09,2026-01-07,60,-0.14224717057031688,-0.12838263058526744,-0.01386453998504944
rolling_60d,60d,cap25,14,2025-11-10,2026-01-08,60,-0.1558947533474212,-0.1425812681042743,-0.013313485243146905
rolling_60d,60d,cap25,14,2025-11-11,2026-01-09,60,-0.15948201377504134,-0.14922216418004974,-0.010259849594991599
rolling_60d,60d,cap25,14,2025-11-12,2026-01-10,60,-0.16858892863772812,-0.13560978767477672,-0.0329791409629514
rolling_60d,60d,cap25,14,2025-11-13,2026-01-11,60,-0.18590408985650209,-0.12727249006855312,-0.05863159978794896
rolling_60d,60d,cap25,14,2025-11-14,2026-01-12,60,-0.14743226866602865,-0.11001719121925013,-0.03741507744677852
rolling_60d,60d,cap25,14,2025-11-15,2026-01-13,60,-0.0827809016407538,-0.027163753865394602,-0.0556171477753592
rolling_60d,60d,cap25,14,2025-11-16,2026-01-14,60,-0.08220482901928061,-0.015492323155297139,-0.06671250586398347
rolling_60d,60d,cap25,14,2025-11-17,2026-01-15,60,-0.06770967634426461,0.004126135756283844,-0.07183581210054846
rolling_60d,60d,cap25,14,2025-11-18,2026-01-16,60,-0.05317458735671776,0.023370590796929713,-0.07654517815364748
rolling_60d,60d,cap25,14,2025-11-19,2026-01-17,60,-0.05717583405823157,0.02011921962695329,-0.07729505368518486
rolling_60d,60d,cap25,14,2025-11-20,2026-01-18,60,-0.0605296799096714,0.014759715348350744,-0.07528939525802214
rolling_60d,60d,cap25,14,2025-11-21,2026-01-19,60,-0.05316639678842949,0.05312134997233886,-0.10628774676076835
rolling_60d,60d,cap25,14,2025-11-22,2026-01-20,60,-0.05687374802863154,0.029612044730435994,-0.08648579275906754
rolling_60d,60d,cap25,14,2025-11-23,2026-01-21,60,-0.054256632953781914,0.040651236579834826,-0.09490786953361674
rolling_60d,60d,cap25,14,2025-11-24,2026-01-22,60,-0.08156071090218708,0.007383150649632464,-0.08894386155181955
rolling_60d,60d,cap25,14,2025-11-25,2026-01-23,60,-0.08926592346227336,-0.003932016120507753,-0.0853339073417656
rolling_60d,60d,cap25,14,2025-11-26,2026-01-24,60,-0.10954345143648447,0.007536169789522873,-0.11707962122600735
rolling_60d,60d,cap25,14,2025-11-27,2026-01-25,60,-0.1352055265560671,-0.05141608339977777,-0.08378944315628933
rolling_60d,60d,cap25,14,2025-11-28,2026-01-26,60,-0.14485550089002186,-0.05432552978705929,-0.09052997110296257
rolling_60d,60d,cap25,14,2025-11-29,2026-01-27,60,-0.13776296742588046,-0.04853371680961294,-0.08922925061626752
rolling_60d,60d,cap25,14,2025-11-30,2026-01-28,60,-0.17617264459348325,-0.050861416060645426,-0.12531122853283783
rolling_60d,60d,cap25,14,2025-12-01,2026-01-29,60,-0.18232913012625795,-0.08510309278350325,-0.0972260373427547
rolling_60d,60d,cap25,14,2025-12-02,2026-01-30,60,-0.13876962291454564,-0.03143772837059311,-0.10733189454395253
rolling_60d,60d,cap25,14,2025-12-03,2026-01-31,60,-0.16682059202484256,-0.1348021185817233,-0.032018473443119255
rolling_60d,60d,cap25,14,2025-12-04,2026-02-01,60,-0.21211697077054903,-0.1830094535924328,-0.029107517178116216
rolling_60d,60d,cap25,14,2025-12-05,2026-02-02,60,-0.1833081065427874,-0.1490903798573684,-0.034217726685419
rolling_60d,60d,cap25,14,2025-12-06,2026-02-03,60,-0.18900180753355023,-0.1629966491144067,-0.026005158419143526
rolling_60d,60d,cap25,14,2025-12-07,2026-02-04,60,-0.20287180763659207,-0.19202730416298264,-0.010844503473609435
rolling_60d,60d,cap25,14,2025-12-08,2026-02-05,60,-0.3099053405170258,-0.31078030039455184,0.0008749598775260603
rolling_60d,60d,cap25,14,2025-12-09,2026-02-06,60,-0.22608494806759216,-0.22511111111110638,-0.0009738369564857852
rolling_60d,60d,cap25,14,2025-12-10,2026-02-07,60,-0.2383014526136642,-0.25253615525426854,0.014234702640604335
rolling_60d,60d,cap25,14,2025-12-11,2026-02-08,60,-0.22490575772864585,-0.23479323184514345,0.009887474116497597
rolling_60d,60d,cap25,14,2025-12-12,2026-02-09,60,-0.2218194493361173,-0.24697201017811332,0.02515256084199602
rolling_60d,60d,cap25,14,2025-12-13,2026-02-10,60,-0.2246520908825015,-0.24239727043464665,0.017745179552145163
rolling_60d,60d,cap25,14,2025-12-14,2026-02-11,60,-0.24734085630084834,-0.26406566574886614,0.016724809448017797
rolling_60d,60d,cap25,14,2025-12-15,2026-02-12,60,-0.2180526694653293,-0.2627143073888588,0.04466163792352951
rolling_60d,60d,cap25,14,2025-12-16,2026-02-13,60,-0.14851276355310006,-0.21925639039503697,0.07074362684193691
rolling_60d,60d,cap25,14,2025-12-17,2026-02-14,60,-0.12001118072386907,-0.21208685125878424,0.09207567053491517
rolling_60d,60d,cap25,14,2025-12-18,2026-02-15,60,-0.12892954396348077,-0.20732986734431902,0.07840032338083824
rolling_60d,60d,cap25,14,2025-12-19,2026-02-16,60,-0.10092750098910086,-0.1990442731052412,0.09811677211614034
rolling_60d,60d,cap25,14,2025-12-20,2026-02-17,60,-0.15340016117127608,-0.2381173674226501,0.08471720625137402
rolling_60d,60d,cap25,14,2025-12-21,2026-02-18,60,-0.16844310464385082,-0.25065724489020147,0.08221414024635065
rolling_60d,60d,cap25,14,2025-12-22,2026-02-19,60,-0.18612475369331183,-0.2520848640009681,0.06596011030765625
rolling_60d,60d,cap25,14,2025-12-23,2026-02-20,60,-0.18879745591271146,-0.24213976939790338,0.05334231348519192
rolling_60d,60d,cap25,14,2025-12-24,2026-02-21,60,-0.19101440840742756,-0.2334202254082579,0.04240581700083035
rolling_60d,60d,cap25,14,2025-12-25,2026-02-22,60,-0.196984030217757,-0.22976852890873045,0.03278449869097344
rolling_60d,60d,cap25,14,2025-12-26,2026-02-23,60,-0.2216806232249532,-0.2576684252299284,0.0359878020049752
rolling_60d,60d,cap25,14,2025-12-27,2026-02-24,60,-0.23224626293384576,-0.2677232327488599,0.03547696981501414
rolling_60d,60d,cap25,14,2025-12-28,2026-02-25,60,-0.21782222775375348,-0.23839460297427606,0.020572375220522576
rolling_60d,60d,cap25,14,2025-12-29,2026-02-26,60,-0.21187512222227567,-0.23804052152705235,0.026165399304776682
rolling_60d,60d,cap25,14,2025-12-30,2026-02-27,60,-0.21170595127192882,-0.24357845064883432,0.031872499376905505
rolling_60d,60d,cap25,14,2025-12-31,2026-02-28,60,-0.21762763295056797,-0.23963237640173352,0.022004743451165543
rolling_60d,60d,cap25,14,2026-01-01,2026-03-01,60,-0.21547847262349007,-0.2498164492696986,0.03433797664620852
rolling_60d,60d,cap25,14,2026-01-02,2026-03-02,60,-0.20662139660239875,-0.21779264941073695,0.011171252808338195
rolling_60d,60d,cap25,14,2026-01-03,2026-03-03,60,-0.22090169121977843,-0.22941876992815768,0.008517078708379255
rolling_60d,60d,cap25,14,2026-01-04,2026-03-04,60,-0.21035501794611067,-0.19566676838571162,-0.014688249560399047
rolling_60d,60d,cap25,14,2026-01-05,2026-03-05,60,-0.2183388433200133,-0.21596081124940258,-0.002378032070610714
rolling_60d,60d,cap25,14,2026-01-06,2026-03-06,60,-0.25064354547582923,-0.25968761703345866,0.00904407155762943
rolling_60d,60d,cap25,14,2026-01-07,2026-03-07,60,-0.2625537388172189,-0.2699319807842002,0.007378241966981336
rolling_60d,60d,cap25,14,2026-01-08,2026-03-08,60,-0.2812916450216115,-0.2640944645005976,-0.017197180521013933
rolling_60d,60d,cap25,14,2026-01-09,2026-03-09,60,-0.26982820468735025,-0.2458333333333278,-0.02399487135402245
rolling_60d,60d,cap25,14,2026-01-10,2026-03-10,60,-0.2545991958475886,-0.23349307375514317,-0.021106122092445445
rolling_60d,60d,cap25,14,2026-01-11,2026-03-11,60,-0.25708967630818036,-0.22996907085245366,-0.0271206054557267
rolling_60d,60d,cap25,14,2026-01-12,2026-03-12,60,-0.23940795623784306,-0.22864937588757983,-0.010758580350263225
rolling_60d,60d,cap25,14,2026-01-13,2026-03-13,60,-0.22887560951007146,-0.22450056091707826,-0.004375048592993203
rolling_60d,60d,cap25,14,2026-01-14,2026-03-14,60,-0.23690137206738193,-0.2486928197948468,0.011791447727464877
rolling_60d,60d,cap25,14,2026-01-15,2026-03-15,60,-0.229352419668863,-0.24593395761458625,0.016581537945723257
rolling_60d,60d,cap25,14,2026-01-16,2026-03-16,60,-0.1846166543713399,-0.22049764378583558,0.03588098941449569
rolling_60d,60d,cap25,14,2026-01-17,2026-03-17,60,-0.18848245493771232,-0.22619148936169797,0.037709034423985655
rolling_60d,60d,cap25,14,2026-01-18,2026-03-18,60,-0.21563352459193652,-0.24635587188611752,0.030722347294180996
rolling_60d,60d,cap25,14,2026-01-19,2026-03-19,60,-0.2126374215079797,-0.24909093532653526,0.03645351381855555
rolling_60d,60d,cap25,14,2026-01-20,2026-03-20,60,-0.1884464464695983,-0.23093200242248668,0.04248555595288839
rolling_60d,60d,cap25,14,2026-01-21,2026-03-21,60,-0.16880154602136,-0.21429979976942726,0.04549825374806726
rolling_60d,60d,cap25,14,2026-01-22,2026-03-22,60,-0.19344850428521176,-0.22936084466011852,0.03591234037490676
rolling_60d,60d,cap25,14,2026-01-23,2026-03-23,60,-0.1858659649981843,-0.20520557428364772,0.01933960928546341
rolling_60d,60d,cap25,14,2026-01-24,2026-03-24,60,-0.17921150170604339,-0.20293830172524574,0.023726800019202354
rolling_60d,60d,cap25,14,2026-01-25,2026-03-25,60,-0.17299733171260545,-0.19121711925156115,0.0182197875389557
rolling_60d,60d,cap25,14,2026-01-26,2026-03-26,60,-0.17689481327469392,-0.19286270236612446,0.015967889091430543
rolling_60d,60d,cap25,14,2026-01-27,2026-03-27,60,-0.19054470080139307,-0.22025210927307926,0.02970740847168618
rolling_60d,60d,cap25,14,2026-01-28,2026-03-28,60,-0.1948894933643166,-0.22200459585755372,0.02711510249323712
rolling_60d,60d,cap25,14,2026-01-29,2026-03-29,60,-0.19326142799369883,-0.22128912302447634,0.02802769503077751
rolling_60d,60d,cap25,14,2026-01-30,2026-03-30,60,-0.14878753189576832,-0.1832135412055359,0.03442600930976758
rolling_90d,90d,cap25,14,2025-03-01,2025-05-29,90,-0.124492878973261,0.18382134393702776,-0.30831422291028876
rolling_90d,90d,cap25,14,2025-03-02,2025-05-30,90,-0.16793271806798538,0.1473031956352382,-0.31523591370322357
rolling_90d,90d,cap25,14,2025-03-03,2025-05-31,90,-0.23615224698126025,0.03542777941115527,-0.2715800263924155
rolling_90d,90d,cap25,14,2025-03-04,2025-06-01,90,-0.14600006868192106,0.1485883757655222,-0.29458844444744325
rolling_90d,90d,cap25,14,2025-03-05,2025-06-02,90,-0.07604017404174934,0.1363950329245316,-0.21243520696628093
rolling_90d,90d,cap25,14,2025-03-06,2025-06-03,90,-0.11774995853700432,0.0885931840023717,-0.20634314253937602
rolling_90d,90d,cap25,14,2025-03-07,2025-06-04,90,-0.1252588349485152,0.08533696066488572,-0.21059579561340092
rolling_90d,90d,cap25,14,2025-03-08,2025-06-05,90,-0.15490496890517347,0.09470674600108886,-0.24961171490626233
rolling_90d,90d,cap25,14,2025-03-09,2025-06-06,90,-0.16421350924692446,0.12947956199838617,-0.29369307124531063
rolling_90d,90d,cap25,14,2025-03-10,2025-06-07,90,-0.10886101825471617,0.20962922609614965,-0.3184902443508658
rolling_90d,90d,cap25,14,2025-03-11,2025-06-08,90,-0.07385444520166695,0.23689862725289812,-0.31075307245456507
rolling_90d,90d,cap25,14,2025-03-12,2025-06-09,90,-0.07435032057196755,0.21960113775415202,-0.2939514583261196
rolling_90d,90d,cap25,14,2025-03-13,2025-06-10,90,-0.062149531858634255,0.2144907205856279,-0.27664025244426216
rolling_90d,90d,cap25,14,2025-03-14,2025-06-11,90,-0.05566370262524711,0.24538524276369889,-0.301048945388946
rolling_90d,90d,cap25,14,2025-03-15,2025-06-12,90,-0.09843893897284584,0.1734596774193593,-0.27189861639220514
rolling_90d,90d,cap25,14,2025-03-16,2025-06-13,90,-0.11522497477578797,0.18593260345925455,-0.3011575782350425
rolling_90d,90d,cap25,14,2025-03-17,2025-06-14,90,-0.1090008894951281,0.20377405032067863,-0.31277493981580673
rolling_90d,90d,cap25,14,2025-03-18,2025-06-15,90,-0.1234678739877223,0.18776659828726316,-0.31123447227498546
rolling_90d,90d,cap25,14,2025-03-19,2025-06-16,90,-0.1212012657254381,0.20891817447096672,-0.3301194401964048
rolling_90d,90d,cap25,14,2025-03-20,2025-06-17,90,-0.1535863886982174,0.14038003261006415,-0.29396642130828154
rolling_90d,90d,cap25,14,2025-03-21,2025-06-18,90,-0.14150790886496944,0.17042253521126893,-0.3119304440762384
rolling_90d,90d,cap25,14,2025-03-22,2025-06-19,90,-0.13061877933196675,0.16448995983935832,-0.2951087391713251
rolling_90d,90d,cap25,14,2025-03-23,2025-06-20,90,-0.13002183812866241,0.1594589154152768,-0.2894807535439392
rolling_90d,90d,cap25,14,2025-03-24,2025-06-21,90,-0.1436040510405966,0.12589395419173854,-0.26949800523233514
rolling_90d,90d,cap25,14,2025-03-25,2025-06-22,90,-0.19249202645811325,0.0942990291262158,-0.28679105558432905
rolling_90d,90d,cap25,14,2025-03-26,2025-06-23,90,-0.1605494021968693,0.13387115541248407,-0.2944205576093534
rolling_90d,90d,cap25,14,2025-03-27,2025-06-24,90,-0.15269622139167294,0.13277846919726133,-0.28547469058893427
rolling_90d,90d,cap25,14,2025-03-28,2025-06-25,90,-0.1417396286631819,0.14536130536130898,-0.2871009340244909
rolling_90d,90d,cap25,14,2025-03-29,2025-06-26,90,-0.1452739332823756,0.16775779366960597,-0.31303172695198156
rolling_90d,90d,cap25,14,2025-03-30,2025-06-27,90,-0.12538345074970347,0.19099684711337028,-0.31638029786307376
rolling_90d,90d,cap25,14,2025-03-31,2025-06-28,90,-0.11312016438640127,0.19537037037037397,-0.30849053475677524
rolling_90d,90d,cap25,14,2025-04-01,2025-06-29,90,-0.08963057858338275,0.20162350840165488,-0.29125408698503763
rolling_90d,90d,cap25,14,2025-04-02,2025-06-30,90,-0.03285430593353389,0.1496988023148409,-0.18255310824837478
rolling_90d,90d,cap25,14,2025-04-03,2025-07-01,90,0.0350005038964869,0.18152575774849833,-0.14652525385201143
rolling_90d,90d,cap25,14,2025-04-04,2025-07-02,90,0.20357424312100192,0.19607429637439866,0.007499946746603259
rolling_90d,90d,cap25,14,2025-04-05,2025-07-03,90,0.2039262783151754,0.20674561680810988,-0.0028193384929344756
rolling_90d,90d,cap25,14,2025-04-06,2025-07-04,90,0.15700343059297794,0.19873635375605936,-0.041732923163081415
rolling_90d,90d,cap25,14,2025-04-07,2025-07-05,90,0.2194263106633414,0.2614009702953386,-0.0419746596319972
rolling_90d,90d,cap25,14,2025-04-08,2025-07-06,90,0.19848060073692464,0.25666392796943516,-0.05818332723251052
rolling_90d,90d,cap25,14,2025-04-09,2025-07-07,90,0.199488330446717,0.2920956203105842,-0.09260728986386724
rolling_90d,90d,cap25,14,2025-04-10,2025-07-08,90,0.11340637053830904,0.2203880778788947,-0.10698170734058565
rolling_90d,90d,cap25,14,2025-04-11,2025-07-09,90,0.17246044253686987,0.27985517568850504,-0.10739473315163517
rolling_90d,90d,cap25,14,2025-04-12,2025-07-10,90,0.20197063080517585,0.2874837563535193,-0.08551312554834345
rolling_90d,90d,cap25,14,2025-04-13,2025-07-11,90,0.22862745316087985,0.279173000420448,-0.05054554725956817
rolling_90d,90d,cap25,14,2025-04-14,2025-07-12,90,0.28854427412783545,0.3136513157894676,-0.025107041661632135
rolling_90d,90d,cap25,14,2025-04-15,2025-07-13,90,0.3434993795911101,0.31546485703590776,0.028034522555202335
rolling_90d,90d,cap25,14,2025-04-16,2025-07-14,90,0.3170961496884104,0.3422956245340656,-0.025199474845655212
rolling_90d,90d,cap25,14,2025-04-17,2025-07-15,90,0.25737579387849174,0.3203477775405936,-0.06297198366210188
rolling_90d,90d,cap25,14,2025-04-18,2025-07-16,90,0.2947253027193506,0.31287464164711487,-0.01814933892776427
rolling_90d,90d,cap25,14,2025-04-19,2025-07-17,90,0.38141299185963695,0.32813356346473155,0.053279428394905404
rolling_90d,90d,cap25,14,2025-04-20,2025-07-18,90,0.3791354789674908,0.31175460162654156,0.06738087734094922
rolling_90d,90d,cap25,14,2025-04-21,2025-07-19,90,0.3965846117613474,0.31421872710398424,0.08236588465736316
rolling_90d,90d,cap25,14,2025-04-22,2025-07-20,90,0.43182346347745626,0.2668805449936602,0.16494291848379605
rolling_90d,90d,cap25,14,2025-04-23,2025-07-21,90,0.42501734693880366,0.1931405654821794,0.23187678145662427
rolling_90d,90d,cap25,14,2025-04-24,2025-07-22,90,0.44267812026222497,0.21037815939589288,0.2322999608663321
rolling_90d,90d,cap25,14,2025-04-25,2025-07-23,90,0.3615138312946644,0.20311177125881152,0.1584020600358529
rolling_90d,90d,cap25,14,2025-04-26,2025-07-24,90,0.30536782179974464,0.1796646669743056,0.12570315482543903
rolling_90d,90d,cap25,14,2025-04-27,2025-07-25,90,0.2890271954213097,0.17295611299037406,0.11607108243093567
rolling_90d,90d,cap25,14,2025-04-28,2025-07-26,90,0.336735969525656,0.1909684198064321,0.1457675497192239
rolling_90d,90d,cap25,14,2025-04-29,2025-07-27,90,0.33110606948288646,0.18806860115894297,0.14303746832394348
rolling_90d,90d,cap25,14,2025-04-30,2025-07-28,90,0.2744832560318009,0.19174856975208754,0.08273468627971337
rolling_90d,90d,cap25,14,2025-05-01,2025-07-29,90,0.25081603135053765,0.19949745420881215,0.0513185771417255
rolling_90d,90d,cap25,14,2025-05-02,2025-07-30,90,0.2651138727000515,0.17040847809084458,0.0947053946092069
rolling_90d,90d,cap25,14,2025-05-03,2025-07-31,90,0.20500574939358884,0.16201226108906797,0.04299348830452088
rolling_90d,90d,cap25,14,2025-05-04,2025-08-01,90,0.1696670766282189,0.14968535156959972,0.01998172505861917
rolling_90d,90d,cap25,14,2025-05-05,2025-08-02,90,0.17631483841061835,0.16040253612503075,0.0159123022855876
rolling_90d,90d,cap25,14,2025-05-06,2025-08-03,90,0.23030310822044187,0.18840536733633972,0.04189774088410214
rolling_90d,90d,cap25,14,2025-05-07,2025-08-04,90,0.3564830074884857,0.16660603855947254,0.18987696892901318
rolling_90d,90d,cap25,14,2025-05-08,2025-08-05,90,0.3529621892565096,0.16110913563761997,0.1918530536188896
rolling_90d,90d,cap25,14,2025-05-09,2025-08-06,90,0.2709878433002906,0.10522425690937154,0.16576358639091904
rolling_90d,90d,cap25,14,2025-05-10,2025-08-07,90,0.3405550298558171,0.1263428889507332,0.2142121409050839
rolling_90d,90d,cap25,14,2025-05-11,2025-08-08,90,0.318641918240647,0.1036792296655964,0.21496268857505063
rolling_90d,90d,cap25,14,2025-05-12,2025-08-09,90,0.340255977249849,0.10079943908658517,0.23945653816326384
rolling_90d,90d,cap25,14,2025-05-13,2025-08-10,90,0.3182046483327008,0.1308098409302636,0.1873948074024372
rolling_90d,90d,cap25,14,2025-05-14,2025-08-11,90,0.2793842927841783,0.12646554679465227,0.15291874598952604
rolling_90d,90d,cap25,14,2025-05-15,2025-08-12,90,0.3317806825835532,0.12726873636699731,0.20451194621655588
rolling_90d,90d,cap25,14,2025-05-16,2025-08-13,90,0.4202926589377247,0.15100023277148544,0.2692924261662393
rolling_90d,90d,cap25,14,2025-05-17,2025-08-14,90,0.3845148350656442,0.12325971827909954,0.26125511678654467
rolling_90d,90d,cap25,14,2025-05-18,2025-08-15,90,0.4413788574651445,0.11709948443765295,0.32427937302749155
rolling_90d,90d,cap25,14,2025-05-19,2025-08-16,90,0.42312737642887344,0.0827810611594384,0.34034631526943504
rolling_90d,90d,cap25,14,2025-05-20,2025-08-17,90,0.43851800216324577,0.09821909325867084,0.3402989089045749
rolling_90d,90d,cap25,14,2025-05-21,2025-08-18,90,0.4023717812250469,0.07410387710314503,0.3282679041219019
rolling_90d,90d,cap25,14,2025-05-22,2025-08-19,90,0.37319431140939563,0.03152157516052845,0.3416727362488672
rolling_90d,90d,cap25,14,2025-05-23,2025-08-20,90,0.3651018812322644,0.028301521295559073,0.3368003599367053
rolling_90d,90d,cap25,14,2025-05-24,2025-08-21,90,0.3928002150532488,0.05327094694265,0.3395292681105988
rolling_90d,90d,cap25,14,2025-05-25,2025-08-22,90,0.4352834217019421,0.07057065036870314,0.364712771333239
rolling_90d,90d,cap25,14,2025-05-26,2025-08-23,90,0.4276769794516093,0.048425212356738134,0.3792517670948712
rolling_90d,90d,cap25,14,2025-05-27,2025-08-24,90,0.4193211945585651,0.0349897880779948,0.3843314064805703
rolling_90d,90d,cap25,14,2025-05-28,2025-08-25,90,0.38885258139435575,0.03029561698724037,0.3585569644071154
rolling_90d,90d,cap25,14,2025-05-29,2025-08-26,90,0.4130168140148982,0.04217584800730245,0.37084096600759575
rolling_90d,90d,cap25,14,2025-05-30,2025-08-27,90,0.4203447291302882,0.05592123120352621,0.364423497926762
rolling_90d,90d,cap25,14,2025-05-31,2025-08-28,90,0.5003746703386662,0.06437543733314288,0.43599923300552335
rolling_90d,90d,cap25,14,2025-06-01,2025-08-29,90,0.45444901999538123,0.028293276543969403,0.42615574345141183
rolling_90d,90d,cap25,14,2025-06-02,2025-08-30,90,0.436851128191726,0.017819776800095832,0.41903135139163017
rolling_90d,90d,cap25,14,2025-06-03,2025-08-31,90,0.33234355739388577,0.018457486324049865,0.3138860710698359
rolling_90d,90d,cap25,14,2025-06-04,2025-09-01,90,0.3513206790657326,0.035591562877761884,0.3157291161879707
rolling_90d,90d,cap25,14,2025-06-05,2025-09-02,90,0.4118014269418455,0.06734060061839564,0.3444608263234499
rolling_90d,90d,cap25,14,2025-06-06,2025-09-03,90,0.4935244847654816,0.09350161647820388,0.40002286828727773
rolling_90d,90d,cap25,14,2025-06-07,2025-09-04,90,0.48833713034011694,0.07054181900808487,0.41779531133203207
rolling_90d,90d,cap25,14,2025-06-08,2025-09-05,90,0.47651253988643605,0.05741424370006731,0.41909829618636874
rolling_90d,90d,cap25,14,2025-06-09,2025-09-06,90,0.46909456781009506,0.05921151971888117,0.4098830480912139
rolling_90d,90d,cap25,14,2025-06-10,2025-09-07,90,0.444454096864739,0.03001328903655831,0.4144408078281807
rolling_90d,90d,cap25,14,2025-06-11,2025-09-08,90,0.4437088391683164,0.03601893217741048,0.4076899069909059
rolling_90d,90d,cap25,14,2025-06-12,2025-09-09,90,0.4576369427779323,0.038478244889511126,0.4191586978884212
rolling_90d,90d,cap25,14,2025-06-13,2025-09-10,90,0.5158110877352591,0.09048237566062456,0.4253287120746345
rolling_90d,90d,cap25,14,2025-06-14,2025-09-11,90,0.5401811216870451,0.09088315411213466,0.4492979675749105
rolling_90d,90d,cap25,14,2025-06-15,2025-09-12,90,0.5806846085271813,0.10016871238978009,0.4805158961374012
rolling_90d,90d,cap25,14,2025-06-16,2025-09-13,90,0.6011609882551092,0.10067850044548621,0.500482487809623
rolling_90d,90d,cap25,14,2025-06-17,2025-09-14,90,0.5994803280338399,0.09324583364600247,0.5062344943878374
rolling_90d,90d,cap25,14,2025-06-18,2025-09-15,90,0.5835624515451403,0.10412026726058743,0.4794421842845529
rolling_90d,90d,cap25,14,2025-06-19,2025-09-16,90,0.588617666477361,0.11602544266805292,0.4725922238093081
rolling_90d,90d,cap25,14,2025-06-20,2025-09-17,90,0.5711829488065276,0.11340263072583578,0.45778031808069186
rolling_90d,90d,cap25,14,2025-06-21,2025-09-18,90,0.5985443391994947,0.1283550580212447,0.47018928117825
rolling_90d,90d,cap25,14,2025-06-22,2025-09-19,90,0.6158212903669806,0.13434955368386525,0.4814717366831154
rolling_90d,90d,cap25,14,2025-06-23,2025-09-20,90,0.6830316086879706,0.1510458439502962,0.5319857647376744
rolling_90d,90d,cap25,14,2025-06-24,2025-09-21,90,0.5918146582950432,0.10469101680885662,0.4871236414861866
rolling_90d,90d,cap25,14,2025-06-25,2025-09-22,90,0.532173350322221,0.10361875987091307,0.42855459045130795
rolling_90d,90d,cap25,14,2025-06-26,2025-09-23,90,0.5093241619010671,0.08289916422447186,0.42642499767659525
rolling_90d,90d,cap25,14,2025-06-27,2025-09-24,90,0.5707484672258609,0.09495231607630261,0.4757961511495583
rolling_90d,90d,cap25,14,2025-06-28,2025-09-25,90,0.5412564573798786,0.07626034407666027,0.46499611330321833
rolling_90d,90d,cap25,14,2025-06-29,2025-09-26,90,0.5292698558726383,0.07443570195823113,0.4548341539144072
rolling_90d,90d,cap25,14,2025-06-30,2025-09-27,90,0.5164942426196026,0.06662928635124388,0.44986495626835876
rolling_90d,90d,cap25,14,2025-07-01,2025-09-28,90,0.5446226625556241,0.10404334509896263,0.44057931745666146
rolling_90d,90d,cap25,14,2025-07-02,2025-09-29,90,0.5389511461984109,0.12351039706663447,0.4154407491317764
rolling_90d,90d,cap25,14,2025-07-03,2025-09-30,90,0.34825514954976855,0.10418814083437966,0.2440670087153889
rolling_90d,90d,cap25,14,2025-07-04,2025-10-01,90,0.40103489062630904,0.13182199832074493,0.2692128923055641
rolling_90d,90d,cap25,14,2025-07-05,2025-10-02,90,0.48185635315002795,0.1553414480672881,0.32651490508273984
rolling_90d,90d,cap25,14,2025-07-06,2025-10-03,90,0.49382856601857017,0.1706117326351939,0.32321683338337626
rolling_90d,90d,cap25,14,2025-07-07,2025-10-04,90,0.47914465118438865,0.1794652305494009,0.29967942063498776
rolling_90d,90d,cap25,14,2025-07-08,2025-10-05,90,0.4867667317859432,0.19534773801486027,0.29141899377108293
rolling_90d,90d,cap25,14,2025-07-09,2025-10-06,90,0.4489794881303899,0.19822796418168687,0.25075152394870304
rolling_90d,90d,cap25,14,2025-07-10,2025-10-07,90,0.3844128691877975,0.16356722162964976,0.22084564755814773
rolling_90d,90d,cap25,14,2025-07-11,2025-10-08,90,0.35703767025819855,0.13736425194838842,0.21967341830981013
rolling_90d,90d,cap25,14,2025-07-12,2025-10-09,90,0.3147002363120224,0.12433392539965094,0.19036631091237144
rolling_90d,90d,cap25,14,2025-07-13,2025-10-10,90,0.14585362571280003,0.07643670965319083,0.0694169160596092
rolling_90d,90d,cap25,14,2025-07-14,2025-10-11,90,0.08922832305881268,0.05396244154688001,0.03526588151193266
rolling_90d,90d,cap25,14,2025-07-15,2025-10-12,90,0.1179380676303654,0.06090326518157485,0.057034802448790556
rolling_90d,90d,cap25,14,2025-07-16,2025-10-13,90,0.13295785081511902,0.06761554772076295,0.06534230309435607
rolling_90d,90d,cap25,14,2025-07-17,2025-10-14,90,0.11090539488807694,0.05514888337469204,0.0557565115133849
rolling_90d,90d,cap25,14,2025-07-18,2025-10-15,90,0.03212379915224162,0.03866028590257886,-0.006536486750337245
rolling_90d,90d,cap25,14,2025-07-19,2025-10-16,90,0.014946167890149908,0.025866991038407727,-0.010920823148257819
rolling_90d,90d,cap25,14,2025-07-20,2025-10-17,90,-0.010078657297524996,0.013646274684707471,-0.023724931982232467
rolling_90d,90d,cap25,14,2025-07-21,2025-10-18,90,-0.029669213030298236,0.02331005246012241,-0.052979265490420646
rolling_90d,90d,cap25,14,2025-07-22,2025-10-19,90,-0.0446851434353559,0.030069785894128787,-0.07475492932948469
rolling_90d,90d,cap25,14,2025-07-23,2025-10-20,90,-0.06440298214014906,0.021097383899786992,-0.08550036603993605
rolling_90d,90d,cap25,14,2025-07-24,2025-10-21,90,-0.06023924252383317,0.006802511126614563,-0.06704175365044773
rolling_90d,90d,cap25,14,2025-07-25,2025-10-22,90,-0.05361667103724577,0.012368906357695053,-0.06598557739494082
rolling_90d,90d,cap25,14,2025-07-26,2025-10-23,90,-0.029534541700470318,0.034344569288387694,-0.06387911098885801
rolling_90d,90d,cap25,14,2025-07-27,2025-10-24,90,-0.03725982155941021,0.030063930117980586,-0.0673237516773908
rolling_90d,90d,cap25,14,2025-07-28,2025-10-25,90,-0.05135158181507271,0.023027812972827633,-0.07437939478790034
rolling_90d,90d,cap25,14,2025-07-29,2025-10-26,90,-0.02497984459876801,0.04367226109808642,-0.06865210569685443
rolling_90d,90d,cap25,14,2025-07-30,2025-10-27,90,-0.023102333511911044,0.03454612274899471,-0.057648456260905756
rolling_90d,90d,cap25,14,2025-07-31,2025-10-28,90,-0.026910820291662696,0.03052335382936877,-0.05743417412103147
rolling_90d,90d,cap25,14,2025-08-01,2025-10-29,90,-0.0215096019742419,0.0201907977630591,-0.041700399737301
rolling_90d,90d,cap25,14,2025-08-02,2025-10-30,90,-0.005610045177746215,0.0394102385622952,-0.04502028374004141
rolling_90d,90d,cap25,14,2025-08-03,2025-10-31,90,0.015985162816286813,0.04404785351690421,-0.0280626907006174
rolling_90d,90d,cap25,14,2025-08-04,2025-11-01,90,-0.01178842742634545,0.023043716937818814,-0.034832144364164264
rolling_90d,90d,cap25,14,2025-08-05,2025-11-02,90,-0.07752232217600441,0.022806361085125904,-0.10032868326113031
rolling_90d,90d,cap25,14,2025-08-06,2025-11-03,90,-0.1505985429867681,-0.009287383907698787,-0.14131115907906933
rolling_90d,90d,cap25,14,2025-08-07,2025-11-04,90,-0.17426836678025848,-0.04281250000000181,-0.13145586678025667
rolling_90d,90d,cap25,14,2025-08-08,2025-11-05,90,-0.214648157683338,-0.03629894117792476,-0.17834921650541324
rolling_90d,90d,cap25,14,2025-08-09,2025-11-06,90,-0.2100005518225142,-0.05374764854037539,-0.1562529032821388
rolling_90d,90d,cap25,14,2025-08-10,2025-11-07,90,-0.18358791382325967,-0.03854103571227563,-0.14504687811098405
rolling_90d,90d,cap25,14,2025-08-11,2025-11-08,90,-0.1782207395389208,-0.06905895276455565,-0.10916178677436517
rolling_90d,90d,cap25,14,2025-08-12,2025-11-09,90,-0.14788572292610724,-0.05444474877507044,-0.0934409741510368
rolling_90d,90d,cap25,14,2025-08-13,2025-11-10,90,-0.1691333241226467,-0.04482171108677058,-0.12431161303587612
rolling_90d,90d,cap25,14,2025-08-14,2025-11-11,90,-0.18844049632301696,-0.08114345534790268,-0.10729704097511428
rolling_90d,90d,cap25,14,2025-08-15,2025-11-12,90,-0.17060101045234355,-0.0685829551185082,-0.10201805533383534
rolling_90d,90d,cap25,14,2025-08-16,2025-11-13,90,-0.23291259512701556,-0.07671833316036436,-0.1561942619666512
rolling_90d,90d,cap25,14,2025-08-17,2025-11-14,90,-0.2645433665731146,-0.11745044647237801,-0.1470929201007366
rolling_90d,90d,cap25,14,2025-08-18,2025-11-15,90,-0.2596598168746842,-0.11585534016878274,-0.14380447670590146
rolling_90d,90d,cap25,14,2025-08-19,2025-11-16,90,-0.27857592861843106,-0.1311844866976637,-0.14739144192076736
rolling_90d,90d,cap25,14,2025-08-20,2025-11-17,90,-0.2643146721736507,-0.12394371570454166,-0.14037095646910902
rolling_90d,90d,cap25,14,2025-08-21,2025-11-18,90,-0.27714301711255074,-0.13514514822513157,-0.14199786888741917
rolling_90d,90d,cap25,14,2025-08-22,2025-11-19,90,-0.2761708453259992,-0.1344233206590646,-0.14174752466693463
rolling_90d,90d,cap25,14,2025-08-23,2025-11-20,90,-0.32125018779648395,-0.19246926833506228,-0.12878091946142167
rolling_90d,90d,cap25,14,2025-08-24,2025-11-21,90,-0.33681798675748087,-0.1982218326393893,-0.13859615411809156
rolling_90d,90d,cap25,14,2025-08-25,2025-11-22,90,-0.32619575542598245,-0.1920926897671973,-0.13410306565878516
rolling_90d,90d,cap25,14,2025-08-26,2025-11-23,90,-0.29247750696432306,-0.15339643831221195,-0.13908106865211112
rolling_90d,90d,cap25,14,2025-08-27,2025-11-24,90,-0.2967064686774966,-0.154222758404989,-0.1424837102725076
rolling_90d,90d,cap25,14,2025-08-28,2025-11-25,90,-0.27562456754649844,-0.16005500967167718,-0.11556955787482126
rolling_90d,90d,cap25,14,2025-08-29,2025-11-26,90,-0.28044766842490665,-0.1355098133078061,-0.14493785511710056
rolling_90d,90d,cap25,14,2025-08-30,2025-11-27,90,-0.24258827132212268,-0.09934911242603728,-0.1432391588960854
rolling_90d,90d,cap25,14,2025-08-31,2025-11-28,90,-0.2441104613195122,-0.10189706182748148,-0.1422133994920307
rolling_90d,90d,cap25,14,2025-09-01,2025-11-29,90,-0.2104903564458218,-0.09818107066835868,-0.11230928577746313
rolling_90d,90d,cap25,14,2025-09-02,2025-11-30,90,-0.2260138603095575,-0.10947899931145588,-0.11653486099810162
rolling_90d,90d,cap25,14,2025-09-03,2025-12-01,90,-0.2926893497345119,-0.16658494412759273,-0.12610440560691916
rolling_90d,90d,cap25,14,2025-09-04,2025-12-02,90,-0.26892134599885564,-0.12246953108861902,-0.14645181491023662
rolling_90d,90d,cap25,14,2025-09-05,2025-12-03,90,-0.2528155144347656,-0.10669676738831091,-0.14611874704645467
rolling_90d,90d,cap25,14,2025-09-06,2025-12-04,90,-0.26838437725241815,-0.11320766892741974,-0.1551767083249984
rolling_90d,90d,cap25,14,2025-09-07,2025-12-05,90,-0.2776551936906033,-0.13367244451644122,-0.1439827491741621
rolling_90d,90d,cap25,14,2025-09-08,2025-12-06,90,-0.2786025418491206,-0.13812033518904443,-0.14048220666007616
rolling_90d,90d,cap25,14,2025-09-09,2025-12-07,90,-0.289059597298035,-0.1344277210720891,-0.15463187622594587
rolling_90d,90d,cap25,14,2025-09-10,2025-12-08,90,-0.2888196898085833,-0.13127972149471356,-0.15753996831386974
rolling_90d,90d,cap25,14,2025-09-11,2025-12-09,90,-0.29099309278102214,-0.13586261225776008,-0.15513048052326206
rolling_90d,90d,cap25,14,2025-09-12,2025-12-10,90,-0.30244526252733084,-0.14877016003487153,-0.1536751024924593
rolling_90d,90d,cap25,14,2025-09-13,2025-12-11,90,-0.3282112002467128,-0.14601286413191994,-0.18219833611479286
rolling_90d,90d,cap25,14,2025-09-14,2025-12-12,90,-0.3396737818674612,-0.16052303860523165,-0.17915074326222957
rolling_90d,90d,cap25,14,2025-09-15,2025-12-13,90,-0.32906813086717346,-0.1592225134156996,-0.16984561745147386
rolling_90d,90d,cap25,14,2025-09-16,2025-12-14,90,-0.33268332136132106,-0.17932052072243887,-0.1533628006388822
rolling_90d,90d,cap25,14,2025-09-17,2025-12-15,90,-0.36522097612859106,-0.20454965557185245,-0.1606713205567386
rolling_90d,90d,cap25,14,2025-09-18,2025-12-16,90,-0.36582242198486914,-0.19141370338248076,-0.17440871860238838
rolling_90d,90d,cap25,14,2025-09-19,2025-12-17,90,-0.3744765574433564,-0.2080415061360651,-0.1664350513072913
rolling_90d,90d,cap25,14,2025-09-20,2025-12-18,90,-0.3825867446826732,-0.2153521673974561,-0.16723457728521707
rolling_90d,90d,cap25,14,2025-09-21,2025-12-19,90,-0.36495246907428625,-0.19059393730113472,-0.17435853177315153
rolling_90d,90d,cap25,14,2025-09-22,2025-12-20,90,-0.3550525387202206,-0.18495627833238137,-0.1700962603878392
rolling_90d,90d,cap25,14,2025-09-23,2025-12-21,90,-0.3393101635410405,-0.17855276256843855,-0.16075740097260194
rolling_90d,90d,cap25,14,2025-09-24,2025-12-22,90,-0.33404974122168063,-0.17251985867140796,-0.16152988255027267
rolling_90d,90d,cap25,14,2025-09-25,2025-12-23,90,-0.3382974212040466,-0.18856033694373853,-0.14973708426030807
rolling_90d,90d,cap25,14,2025-09-26,2025-12-24,90,-0.333516434193074,-0.18294656971229573,-0.15056986448077825
rolling_90d,90d,cap25,14,2025-09-27,2025-12-25,90,-0.3410560323739361,-0.18728379993549427,-0.15377223243844185
rolling_90d,90d,cap25,14,2025-09-28,2025-12-26,90,-0.33810182242884057,-0.18835779113438955,-0.14974403129445102
rolling_90d,90d,cap25,14,2025-09-29,2025-12-27,90,-0.3339052779417574,-0.20156369539661334,-0.13234158254514405
rolling_90d,90d,cap25,14,2025-09-30,2025-12-28,90,-0.32956975952400225,-0.2151844376690829,-0.11438532185491934
rolling_90d,90d,cap25,14,2025-10-01,2025-12-29,90,-0.3309443005870748,-0.21911464858623453,-0.11182965200084027
rolling_90d,90d,cap25,14,2025-10-02,2025-12-30,90,-0.3440080526118915,-0.23738278931750445,-0.10662526329438704
rolling_90d,90d,cap25,14,2025-10-03,2025-12-31,90,-0.3631765300389148,-0.25021668345474757,-0.11295984658416724
rolling_90d,90d,cap25,14,2025-10-04,2026-01-01,90,-0.3575830299328059,-0.25754667496699524,-0.10003635496581065
rolling_90d,90d,cap25,14,2025-10-05,2026-01-02,90,-0.3420478624770924,-0.2562103903673899,-0.0858374721097025
rolling_90d,90d,cap25,14,2025-10-06,2026-01-03,90,-0.34086232571884767,-0.25956470900576256,-0.08129761671308511
rolling_90d,90d,cap25,14,2025-10-07,2026-01-04,90,-0.33824926818306744,-0.2544428312568171,-0.08380643692625034
rolling_90d,90d,cap25,14,2025-10-08,2026-01-05,90,-0.3059899854448269,-0.22462563343392106,-0.08136435201090586
rolling_90d,90d,cap25,14,2025-10-09,2026-01-06,90,-0.3072293217800882,-0.23536449060057918,-0.07186483117950904
rolling_90d,90d,cap25,14,2025-10-10,2026-01-07,90,-0.3088404291654703,-0.25250037948423465,-0.05634004968123563
rolling_90d,90d,cap25,14,2025-10-11,2026-01-08,90,-0.2368890541958032,-0.22535620820005442,-0.011532845995748775
rolling_90d,90d,cap25,14,2025-10-12,2026-01-09,90,-0.22631310767641277,-0.21621907131789808,-0.01009403635851469
rolling_90d,90d,cap25,14,2025-10-13,2026-01-10,90,-0.25527205992398916,-0.23182552968721915,-0.023446530236770013
rolling_90d,90d,cap25,14,2025-10-14,2026-01-11,90,-0.27472938634947264,-0.2207693875768031,-0.05395999877266955
rolling_90d,90d,cap25,14,2025-10-15,2026-01-12,90,-0.2707050305782658,-0.20864836263154218,-0.0620566679467236
rolling_90d,90d,cap25,14,2025-10-16,2026-01-13,90,-0.2348252500103789,-0.1698529411764672,-0.0649723088339117
rolling_90d,90d,cap25,14,2025-10-17,2026-01-14,90,-0.2136822535027345,-0.1407743496672662,-0.0729079038354683
rolling_90d,90d,cap25,14,2025-10-18,2026-01-15,90,-0.21966878293138048,-0.1389338727320466,-0.08073491019933388
rolling_90d,90d,cap25,14,2025-10-19,2026-01-16,90,-0.21624738732631454,-0.13845251406887982,-0.07779487325743473
rolling_90d,90d,cap25,14,2025-10-20,2026-01-17,90,-0.2236325456100008,-0.14783410361851756,-0.07579844199148322
rolling_90d,90d,cap25,14,2025-10-21,2026-01-18,90,-0.23834915189839834,-0.16483993227323968,-0.07350921962515866
rolling_90d,90d,cap25,14,2025-10-22,2026-01-19,90,-0.24078371219329553,-0.15972924752146822,-0.08105446467182731
rolling_90d,90d,cap25,14,2025-10-23,2026-01-20,90,-0.25889739638412157,-0.19131997473027607,-0.0675774216538455
rolling_90d,90d,cap25,14,2025-10-24,2026-01-21,90,-0.2590608592337187,-0.20035364690829682,-0.058707212325421865
rolling_90d,90d,cap25,14,2025-10-25,2026-01-22,90,-0.2631581369047573,-0.19843663297063052,-0.06472150393412679
rolling_90d,90d,cap25,14,2025-10-26,2026-01-23,90,-0.2620757232522244,-0.20651115252810226,-0.05556457072412213
rolling_90d,90d,cap25,14,2025-10-27,2026-01-24,90,-0.27305500142128314,-0.22344158179962847,-0.049613419621654664
rolling_90d,90d,cap25,14,2025-10-28,2026-01-25,90,-0.2848787347470152,-0.2393132030787395,-0.045565531668275705
rolling_90d,90d,cap25,14,2025-10-29,2026-01-26,90,-0.2744087329081679,-0.22934562760261112,-0.045063105305556794
rolling_90d,90d,cap25,14,2025-10-30,2026-01-27,90,-0.2637616641362611,-0.21101687696968208,-0.052744787166579044
rolling_90d,90d,cap25,14,2025-10-31,2026-01-28,90,-0.2542526941635649,-0.21416308490300817,-0.04008960926055671
rolling_90d,90d,cap25,14,2025-11-01,2026-01-29,90,-0.2892796464169788,-0.24394206779041294,-0.045337578626565844
rolling_90d,90d,cap25,14,2025-11-02,2026-01-30,90,-0.3000642701028591,-0.23709435480919838,-0.0629699152936607
rolling_90d,90d,cap25,14,2025-11-03,2026-01-31,90,-0.2928413839960333,-0.2828659752327558,-0.009975408763277516
rolling_90d,90d,cap25,14,2025-11-04,2026-02-01,90,-0.26675617012967534,-0.2841668979787463,0.01741072784907094
rolling_90d,90d,cap25,14,2025-11-05,2026-02-02,90,-0.22402875442507264,-0.23648710414625262,0.012458349721179984
rolling_90d,90d,cap25,14,2025-11-06,2026-02-03,90,-0.25462732661646814,-0.28267586312995185,0.028048536513483713
rolling_90d,90d,cap25,14,2025-11-07,2026-02-04,90,-0.27385566065767564,-0.28702107564378543,0.013165414986109791
rolling_90d,90d,cap25,14,2025-11-08,2026-02-05,90,-0.40490548179054187,-0.3952938578544968,-0.009611623936045088
rolling_90d,90d,cap25,14,2025-11-09,2026-02-06,90,-0.33061322258248627,-0.3142306482064121,-0.016382574376074155
rolling_90d,90d,cap25,14,2025-11-10,2026-02-07,90,-0.345001341030045,-0.34026392018023033,-0.004737420849814655
rolling_90d,90d,cap25,14,2025-11-11,2026-02-08,90,-0.3395915323739437,-0.33362849898708546,-0.005963033386858219
rolling_90d,90d,cap25,14,2025-11-12,2026-02-09,90,-0.3546891989321297,-0.3294989642672136,-0.0251902346649161
rolling_90d,90d,cap25,14,2025-11-13,2026-02-10,90,-0.3688794288967827,-0.33372906895583854,-0.035150359940944176
rolling_90d,90d,cap25,14,2025-11-14,2026-02-11,90,-0.3444163501113222,-0.34434012166093264,-7.622845038957049e-05
rolling_90d,90d,cap25,14,2025-11-15,2026-02-12,90,-0.30953266234375776,-0.32463083284110594,0.015098170497348185
rolling_90d,90d,cap25,14,2025-11-16,2026-02-13,90,-0.2827551391557779,-0.30132741829271925,0.018572279136941372
rolling_90d,90d,cap25,14,2025-11-17,2026-02-14,90,-0.22731299515089487,-0.2671298770710774,0.03981688192018251
rolling_90d,90d,cap25,14,2025-11-18,2026-02-15,90,-0.2331974046358808,-0.2596893598490291,0.02649195521314829
rolling_90d,90d,cap25,14,2025-11-19,2026-02-16,90,-0.23034481752832137,-0.2600832068772643,0.029738389348942906
rolling_90d,90d,cap25,14,2025-11-20,2026-02-17,90,-0.23948512998106508,-0.267820013471161,0.02833488349009594
rolling_90d,90d,cap25,14,2025-11-21,2026-02-18,90,-0.22553998235387585,-0.24216973012847487,0.016629747774599024
rolling_90d,90d,cap25,14,2025-11-22,2026-02-19,90,-0.22682449461665322,-0.22891547447991056,0.0020909798632573473
rolling_90d,90d,cap25,14,2025-11-23,2026-02-20,90,-0.22911713196877448,-0.2137959741453065,-0.01532115782346799
rolling_90d,90d,cap25,14,2025-11-24,2026-02-21,90,-0.2511753728804028,-0.24209002289230674,-0.00908534998809607
rolling_90d,90d,cap25,14,2025-11-25,2026-02-22,90,-0.2715780471548257,-0.24886416808802458,-0.022713879066801113
rolling_90d,90d,cap25,14,2025-11-26,2026-02-23,90,-0.3184982908291727,-0.2701009158167702,-0.04839737501240249
rolling_90d,90d,cap25,14,2025-11-27,2026-02-24,90,-0.3298507112941368,-0.3071527716251673,-0.02269793966896949
rolling_90d,90d,cap25,14,2025-11-28,2026-02-25,90,-0.32070957353845586,-0.28632955930767345,-0.03438001423078241
rolling_90d,90d,cap25,14,2025-11-29,2026-02-26,90,-0.31442014215831693,-0.2848045078028053,-0.029615634355511622
rolling_90d,90d,cap25,14,2025-11-30,2026-02-27,90,-0.34240622771003615,-0.29278587027654457,-0.04962035743349158
rolling_90d,90d,cap25,14,2025-12-01,2026-02-28,90,-0.3155396147821925,-0.280500736377019,-0.0350388784051735
rolling_90d,90d,cap25,14,2025-12-02,2026-03-01,90,-0.2771656395862775,-0.2564717904254592,-0.02069384916081829
rolling_90d,90d,cap25,14,2025-12-03,2026-03-02,90,-0.2833427229657707,-0.2588421362365686,-0.02450058672920208
rolling_90d,90d,cap25,14,2025-12-04,2026-03-03,90,-0.29249450775255437,-0.27787657769873175,-0.014617930053822614
rolling_90d,90d,cap25,14,2025-12-05,2026-03-04,90,-0.26669614705381717,-0.23277543297918213,-0.03392071407463504
rolling_90d,90d,cap25,14,2025-12-06,2026-03-05,90,-0.2526749635238772,-0.2230508018190479,-0.029624161704829288
rolling_90d,90d,cap25,14,2025-12-07,2026-03-06,90,-0.2683069488594768,-0.24543059443437798,-0.022876354425098833
rolling_90d,90d,cap25,14,2025-12-08,2026-03-07,90,-0.27205726716110434,-0.26426281932651297,-0.007794447834591378
rolling_90d,90d,cap25,14,2025-12-09,2026-03-08,90,-0.28726019011233095,-0.2752148148148086,-0.012045375297522365
rolling_90d,90d,cap25,14,2025-12-10,2026-03-09,90,-0.28325549927825733,-0.26737749513188946,-0.015878004146367863
rolling_90d,90d,cap25,14,2025-12-11,2026-03-10,90,-0.26467599155090915,-0.25115033760304917,-0.013525653947859984
rolling_90d,90d,cap25,14,2025-12-12,2026-03-11,90,-0.25515889669877556,-0.25246819338421655,-0.0026907033145590065
rolling_90d,90d,cap25,14,2025-12-13,2026-03-12,90,-0.2393031198602723,-0.23454235276664248,-0.004760767093629825
rolling_90d,90d,cap25,14,2025-12-14,2026-03-13,90,-0.2452144811612963,-0.22531782727116934,-0.01989665389012696
rolling_90d,90d,cap25,14,2025-12-15,2026-03-14,90,-0.2073378446407782,-0.20209376422393532,-0.005244080416842878
rolling_90d,90d,cap25,14,2025-12-16,2026-03-15,90,-0.16032294716311624,-0.17041053446939658,0.010087587306280343
rolling_90d,90d,cap25,14,2025-12-17,2026-03-16,90,-0.13426184299463306,-0.15849435344232488,0.024232510447691813
rolling_90d,90d,cap25,14,2025-12-18,2026-03-17,90,-0.12715419398207195,-0.15209941016015927,0.024945216178087315
rolling_90d,90d,cap25,14,2025-12-19,2026-03-18,90,-0.13613029433043855,-0.16777093992910175,0.0316406455986632
rolling_90d,90d,cap25,14,2025-12-20,2026-03-19,90,-0.17656692822901776,-0.2070956781423492,0.030528749913331432
rolling_90d,90d,cap25,14,2025-12-21,2026-03-20,90,-0.1749432650669952,-0.19914900083579834,0.024205735768803138
rolling_90d,90d,cap25,14,2025-12-22,2026-03-21,90,-0.17480932181602293,-0.21534126629450412,0.040531944478481186
rolling_90d,90d,cap25,14,2025-12-23,2026-03-22,90,-0.19731284191784493,-0.22694546858557074,0.029632626667725814
rolling_90d,90d,cap25,14,2025-12-24,2026-03-23,90,-0.19219407844717662,-0.19017863988345607,-0.0020154385637205507
rolling_90d,90d,cap25,14,2025-12-25,2026-03-24,90,-0.17593018775150082,-0.18588885363380392,0.009958665882303097
rolling_90d,90d,cap25,14,2025-12-26,2026-03-25,90,-0.15897184243600382,-0.17124204366838858,0.012270201232384759
rolling_90d,90d,cap25,14,2025-12-27,2026-03-26,90,-0.1845100334839731,-0.19079055177095194,0.006280518286978842
rolling_90d,90d,cap25,14,2025-12-28,2026-03-27,90,-0.20295589669372138,-0.2130843596874521,0.010128462993730714
rolling_90d,90d,cap25,14,2025-12-29,2026-03-28,90,-0.2019701197655508,-0.21136228621454378,0.009392166448992989
rolling_90d,90d,cap25,14,2025-12-30,2026-03-29,90,-0.20329124978588442,-0.20946913094769337,0.006177881161808951
rolling_90d,90d,cap25,14,2025-12-31,2026-03-30,90,-0.20442397332525875,-0.21027851923330687,0.0058545459080481255
calendar_month,2025-03,uncapped,7,2025-03-01,2025-03-31,31,-0.04021247025187025,-0.010402859782302154,-0.029809610469568093
calendar_month,2025-04,uncapped,7,2025-04-01,2025-04-30,30,-0.1284902347736785,0.1048542901209617,-0.2333445248946402
calendar_month,2025-05,uncapped,7,2025-05-01,2025-05-31,31,0.030915950016448424,0.08675527342458045,-0.055839323408132024
calendar_month,2025-06,uncapped,7,2025-06-01,2025-06-30,30,-0.03354021979090671,-0.015502146503063918,-0.018038073287842793
calendar_month,2025-07,uncapped,7,2025-07-01,2025-07-31,31,0.1303712613743797,0.10637815714658894,0.023993104227790774
calendar_month,2025-08,uncapped,7,2025-08-01,2025-08-31,31,-0.06416570496901741,-0.06399235319309149,-0.00017335177592592288
calendar_month,2025-09,uncapped,7,2025-09-01,2025-09-30,30,0.04060054201309837,0.07973979297493305,-0.03913925096183468
calendar_month,2025-10,uncapped,7,2025-10-01,2025-10-31,31,-0.033137238425466786,0.009224457709970935,-0.04236169613543772
calendar_month,2025-11,uncapped,7,2025-11-01,2025-11-30,30,-0.15202632950981465,-0.1736140692508905,0.021587739741075862
calendar_month,2025-12,uncapped,7,2025-12-01,2025-12-31,31,-0.11830624873095552,-0.05721649484535696,-0.06108975388559856
calendar_month,2026-01,uncapped,7,2026-01-01,2026-01-31,31,-0.05960050943895001,-0.0813481215340146,0.021747612095064595
calendar_month,2026-02,uncapped,7,2026-02-01,2026-02-28,28,-0.1653530619405903,-0.1692556221570346,0.0039025602164443063
calendar_month,2026-03,uncapped,7,2026-03-01,2026-03-30,30,0.027368275402727793,0.03860482253244313,-0.011236547129715335
rolling_7d,7d,uncapped,7,2025-03-01,2025-03-07,7,0.03091448264514085,0.0395629995581781,-0.008648516913037252
rolling_7d,7d,uncapped,7,2025-03-02,2025-03-08,7,-0.0010996601209463108,0.0022135619641483473,-0.003313222085094658
rolling_7d,7d,uncapped,7,2025-03-03,2025-03-09,7,-0.12540383673171185,-0.15191734218152797,0.02651350544981612
rolling_7d,7d,uncapped,7,2025-03-04,2025-03-10,7,-0.05744451183891108,-0.09260871239841206,0.03516420055950098
rolling_7d,7d,uncapped,7,2025-03-05,2025-03-11,7,-0.04314247636249868,-0.052932508557303026,0.009790032194804343
rolling_7d,7d,uncapped,7,2025-03-06,2025-03-12,7,-0.06619645524847184,-0.08303393213572574,0.0168374768872539
rolling_7d,7d,uncapped,7,2025-03-07,2025-03-13,7,-0.07185899437022392,-0.10195143461460676,0.030092440244382845
rolling_7d,7d,uncapped,7,2025-03-08,2025-03-14,7,-0.03334956772263109,-0.04180511552430355,0.008455547801672458
rolling_7d,7d,uncapped,7,2025-03-09,2025-03-15,7,-0.026222170213826113,-0.034631058296524686,0.008408888082698573
rolling_7d,7d,uncapped,7,2025-03-10,2025-03-16,7,-0.005966096569226198,0.003862916006341477,-0.009829012575567675
rolling_7d,7d,uncapped,7,2025-03-11,2025-03-17,7,0.01221575168618827,0.042880306979195204,-0.030664555293006934
rolling_7d,7d,uncapped,7,2025-03-12,2025-03-18,7,-0.010108821244173671,-0.01736614776217571,0.0072573265180020385
rolling_7d,7d,uncapped,7,2025-03-13,2025-03-19,7,0.006259886731645015,0.028459020622712883,-0.022199133891067868
rolling_7d,7d,uncapped,7,2025-03-14,2025-03-20,7,0.014790780512727864,0.03405516070507364,-0.019264380192345776
rolling_7d,7d,uncapped,7,2025-03-15,2025-03-21,7,0.008213770978923174,0.004032258064520899,0.0041815129144022745
rolling_7d,7d,uncapped,7,2025-03-16,2025-03-22,7,-0.001474587352229162,0.0005155843423521045,-0.0019901716945812664
rolling_7d,7d,uncapped,7,2025-03-17,2025-03-23,7,0.019738429914625932,0.043940141424110735,-0.024201711509484802
rolling_7d,7d,uncapped,7,2025-03-18,2025-03-24,7,0.03165632535429075,0.04807723616945103,-0.016420910815160283
rolling_7d,7d,uncapped,7,2025-03-19,2025-03-25,7,0.04212393966049843,0.06314634910686645,-0.021022409446368018
rolling_7d,7d,uncapped,7,2025-03-20,2025-03-26,7,0.013943992270203598,0.0077762448262916894,0.0061677474439119084
rolling_7d,7d,uncapped,7,2025-03-21,2025-03-27,7,0.023375725012625637,0.035814889336015066,-0.012439164323389429
rolling_7d,7d,uncapped,7,2025-03-22,2025-03-28,7,0.0019217827928053044,0.009726907630523085,-0.007805124837717781
rolling_7d,7d,uncapped,7,2025-03-23,2025-03-29,7,-0.005772232622469731,-0.006570312814527246,0.0007980801920575153
rolling_7d,7d,uncapped,7,2025-03-24,2025-03-30,7,-0.013866784896542028,-0.030276298793360357,0.01640951389681833
rolling_7d,7d,uncapped,7,2025-03-25,2025-03-31,7,-0.05919013051863875,-0.04318446601941761,-0.01600566449922114
rolling_7d,7d,uncapped,7,2025-03-26,2025-04-01,7,-0.19272990936375,-0.01748438893844817,-0.17524552042530184
rolling_7d,7d,uncapped,7,2025-03-27,2025-04-02,7,-0.2635350042471275,-0.044819539514624473,-0.21871546473250303
rolling_7d,7d,uncapped,7,2025-03-28,2025-04-03,7,-0.26517985332673366,-0.04203574203573879,-0.22314411129099487
rolling_7d,7d,uncapped,7,2025-03-29,2025-04-04,7,-0.26260942004636934,-0.018630032375844374,-0.24397938767052496
rolling_7d,7d,uncapped,7,2025-03-30,2025-04-05,7,-0.25324235882641577,-0.0006889340973695868,-0.2525534247290462
rolling_7d,7d,uncapped,7,2025-03-31,2025-04-06,7,-0.2879631068528876,-0.045727745289142585,-0.24223536156374503
rolling_7d,7d,uncapped,7,2025-04-01,2025-04-07,7,-0.2540149945341934,-0.041634872960463754,-0.21238012157372965
rolling_7d,7d,uncapped,7,2025-04-02,2025-04-08,7,-0.14829006260790423,-0.09506477921380208,-0.05322528339410215
rolling_7d,7d,uncapped,7,2025-04-03,2025-04-09,7,0.003975946933342245,-0.010391048714143203,0.014366995647485448
rolling_7d,7d,uncapped,7,2025-04-04,2025-04-10,7,-0.026479350429781667,-0.043426068618700575,0.016946718188918908
rolling_7d,7d,uncapped,7,2025-04-05,2025-04-11,7,0.0015311882260149456,-0.014452577227663133,0.015983765453678078
rolling_7d,7d,uncapped,7,2025-04-06,2025-04-12,7,0.018279330787649206,0.0030982853991297077,0.015181045388519498
rolling_7d,7d,uncapped,7,2025-04-07,2025-04-13,7,0.057219537493424344,0.03498170057026129,0.022237836923163057
rolling_7d,7d,uncapped,7,2025-04-08,2025-04-14,7,0.04562813290891654,0.040970345838171385,0.004657787070745156
rolling_7d,7d,uncapped,7,2025-04-09,2025-04-15,7,0.08284463506682616,0.06497120921305011,0.017873425853776048
rolling_7d,7d,uncapped,7,2025-04-10,2025-04-16,7,0.02019121818857128,0.002304109543950439,0.01788710864462084
rolling_7d,7d,uncapped,7,2025-04-11,2025-04-17,7,0.046725113885990766,0.04110704110704355,0.005618072778947214
rolling_7d,7d,uncapped,7,2025-04-12,2025-04-18,7,0.020036605870666246,0.005452930436067316,0.01458367543459893
rolling_7d,7d,uncapped,7,2025-04-13,2025-04-19,7,0.009038790650280015,-0.006783854587792959,0.015822645238072974
rolling_7d,7d,uncapped,7,2025-04-14,2025-04-20,7,0.015089036457779814,0.010180921052634018,0.0049081154051457965
rolling_7d,7d,uncapped,7,2025-04-15,2025-04-21,7,0.03091529319623043,0.027193282234049265,0.003722010962181166
rolling_7d,7d,uncapped,7,2025-04-16,2025-04-22,7,0.06383240168717874,0.09899481432328283,-0.03516241263610409
rolling_7d,7d,uncapped,7,2025-04-17,2025-04-23,7,0.05813726901400185,0.10246137173445669,-0.04432410272045484
rolling_7d,7d,uncapped,7,2025-04-18,2025-04-24,7,0.08348357345340118,0.09664125618973118,-0.01315768273633
rolling_7d,7d,uncapped,7,2025-04-19,2025-04-25,7,0.11519287048652416,0.11674533125015851,-0.0015524607636343557
rolling_7d,7d,uncapped,7,2025-04-20,2025-04-26,7,0.10195462226752094,0.1118636892792928,-0.009909067011771855
rolling_7d,7d,uncapped,7,2025-04-21,2025-04-27,7,0.08911573844254894,0.10021328904736304,-0.0110975506048141
rolling_7d,7d,uncapped,7,2025-04-22,2025-04-28,7,0.08462858314392063,0.08403833967046692,0.000590243473453711
rolling_7d,7d,uncapped,7,2025-04-23,2025-04-29,7,0.031278221893424885,0.01631743334004243,0.014960788553382454
rolling_7d,7d,uncapped,7,2025-04-24,2025-04-30,7,0.02627740791406019,0.013590801447701084,0.012686606466359107
rolling_7d,7d,uncapped,7,2025-04-25,2025-05-01,7,0.022665160759916203,0.03506126995915326,-0.01239610919923706
rolling_7d,7d,uncapped,7,2025-04-26,2025-05-02,7,0.0011590469994833263,0.015594670417004908,-0.014435623417521581
rolling_7d,7d,uncapped,7,2025-04-27,2025-05-03,7,0.0050483397780047845,0.00642123914539372,-0.0013728993673889356
rolling_7d,7d,uncapped,7,2025-04-28,2025-05-04,7,0.006236239122931364,0.0036404534288316803,0.0025957856940996837
rolling_7d,7d,uncapped,7,2025-04-29,2025-05-05,7,-0.018105874454220072,-0.014315047972580097,-0.003790826481639975
rolling_7d,7d,uncapped,7,2025-04-30,2025-05-06,7,-0.01676205834913791,0.00814141117793743,-0.02490346952707534
rolling_7d,7d,uncapped,7,2025-05-01,2025-05-07,7,-0.011773886359503494,0.01244609020843579,-0.024219976567939283
rolling_7d,7d,uncapped,7,2025-05-02,2025-05-08,7,0.025859173184479056,0.03871680622224383,-0.01285763303776477
rolling_7d,7d,uncapped,7,2025-05-03,2025-05-09,7,0.026755062828297316,0.03656689505950017,-0.009811832231202855
rolling_7d,7d,uncapped,7,2025-05-04,2025-05-10,7,0.04538026702184483,0.054716088901821,-0.00933582187997617
rolling_7d,7d,uncapped,7,2025-05-05,2025-05-11,7,0.06425733994772864,0.0725228546151595,-0.008265514667430862
rolling_7d,7d,uncapped,7,2025-05-06,2025-05-12,7,0.0773372282235083,0.07424568166653822,0.0030915465569700817
rolling_7d,7d,uncapped,7,2025-05-07,2025-05-13,7,0.08319998034502096,0.061113132048016494,0.02208684829700447
rolling_7d,7d,uncapped,7,2025-05-08,2025-05-14,7,0.0714993039595504,0.057945878476937995,0.013553425482612402
rolling_7d,7d,uncapped,7,2025-05-09,2025-05-15,7,0.005001984428196549,0.008973039435781427,-0.003971055007584878
rolling_7d,7d,uncapped,7,2025-05-10,2025-05-16,7,0.011367117076369393,0.01953799053715799,-0.008170873460788597
rolling_7d,7d,uncapped,7,2025-05-11,2025-05-17,7,-0.0057157579559606875,0.011450171062798997,-0.017165929018759685
rolling_7d,7d,uncapped,7,2025-05-12,2025-05-18,7,0.013177515651761063,0.03514644926689581,-0.021968933615134745
rolling_7d,7d,uncapped,7,2025-05-13,2025-05-19,7,-0.004095918856555358,0.02533383941202838,-0.02942975826858374
rolling_7d,7d,uncapped,7,2025-05-14,2025-05-20,7,-0.0006972755214339488,0.030990743914982577,-0.031688019436416526
rolling_7d,7d,uncapped,7,2025-05-15,2025-05-21,7,0.014901406910858173,0.04582744570808983,-0.03092603879723166
rolling_7d,7d,uncapped,7,2025-05-16,2025-05-22,7,0.04782224326588547,0.06026043021647376,-0.012438186950588292
rolling_7d,7d,uncapped,7,2025-05-17,2025-05-23,7,0.006738870870889757,0.022459871150902755,-0.015721000280012998
rolling_7d,7d,uncapped,7,2025-05-18,2025-05-24,7,0.014309472416395908,0.026555552524615056,-0.012246080108219148
rolling_7d,7d,uncapped,7,2025-05-19,2025-05-25,7,0.0015252164864294482,0.011607676472536133,-0.010082459986106684
rolling_7d,7d,uncapped,7,2025-05-20,2025-05-26,7,0.015036400744899758,0.02488288821882567,-0.009846487473925913
rolling_7d,7d,uncapped,7,2025-05-21,2025-05-27,7,-0.0015806806518844363,0.005805679324330626,-0.007386359976215062
rolling_7d,7d,uncapped,7,2025-05-22,2025-05-28,7,-0.01661279217340761,-0.014062059330874233,-0.0025507328425333764
rolling_7d,7d,uncapped,7,2025-05-23,2025-05-29,7,-0.05017920193875358,-0.048428338972544505,-0.0017508629662090769
rolling_7d,7d,uncapped,7,2025-05-24,2025-05-30,7,-0.028581167942557162,-0.017487768574079965,-0.011093399368477197
rolling_7d,7d,uncapped,7,2025-05-25,2025-05-31,7,-0.030390837937376403,-0.017371952434730886,-0.013018885502645516
rolling_7d,7d,uncapped,7,2025-05-26,2025-06-01,7,-0.03336646372475194,-0.021229108955086673,-0.012137354769665265
rolling_7d,7d,uncapped,7,2025-05-27,2025-06-02,7,-0.01424827593712541,-0.027601741608827224,0.013353465671701814
rolling_7d,7d,uncapped,7,2025-05-28,2025-06-03,7,-0.022638172710263915,-0.026374774369726017,0.003736601659462102
rolling_7d,7d,uncapped,7,2025-05-29,2025-06-04,7,-0.03172374482108453,-0.03396685803237154,0.0022431132112870067
rolling_7d,7d,uncapped,7,2025-05-30,2025-06-05,7,-0.04597020531956597,-0.03869225340643967,-0.0072779519131263015
rolling_7d,7d,uncapped,7,2025-05-31,2025-06-06,7,-0.015944257124170913,-0.013356068995037162,-0.0025881881291337505
rolling_7d,7d,uncapped,7,2025-06-01,2025-06-07,7,-0.008655542059449295,-0.009235033634183876,0.0005794915747345808
rolling_7d,7d,uncapped,7,2025-06-02,2025-06-08,7,-0.020330210710952867,-0.02284311621418955,0.0025129055032366843
rolling_7d,7d,uncapped,7,2025-06-03,2025-06-09,7,-0.007641382626947024,0.016411156885257183,-0.024052539512204207
rolling_7d,7d,uncapped,7,2025-06-04,2025-06-10,7,0.01184684278561976,0.02301465494994992,-0.01116781216433016
rolling_7d,7d,uncapped,7,2025-06-05,2025-06-11,7,0.02034835659591061,0.030478525241533383,-0.010130168645622772
rolling_7d,7d,uncapped,7,2025-06-06,2025-06-12,7,0.024682802887545208,0.027127186480874865,-0.0024443835933296576
rolling_7d,7d,uncapped,7,2025-06-07,2025-06-13,7,0.010418009612731094,0.013619494192091075,-0.003201484579359981
rolling_7d,7d,uncapped,7,2025-06-08,2025-06-14,7,-0.003517425287198672,-0.0009962538127165077,-0.0025211714744821645
rolling_7d,7d,uncapped,7,2025-06-09,2025-06-15,7,-0.002208550708747592,0.001455064585653476,-0.003663615294401068
rolling_7d,7d,uncapped,7,2025-06-10,2025-06-16,7,-0.02885846555567384,-0.025973421926909546,-0.0028850436287642944
rolling_7d,7d,uncapped,7,2025-06-11,2025-06-17,7,-0.04368255524519038,-0.034299635562220376,-0.009382919682970003
rolling_7d,7d,uncapped,7,2025-06-12,2025-06-18,7,-0.03681840701064232,-0.028187085262925682,-0.008631321747716636
rolling_7d,7d,uncapped,7,2025-06-13,2025-06-19,7,-0.010291315912500543,-0.0036423863815967517,-0.006648929530903791
rolling_7d,7d,uncapped,7,2025-06-14,2025-06-20,7,-0.01964981210663952,-0.02181902167636751,0.0021692095697279923
rolling_7d,7d,uncapped,7,2025-06-15,2025-06-21,7,-0.02874181366476114,-0.023599243184911578,-0.005142570479849562
rolling_7d,7d,uncapped,7,2025-06-16,2025-06-22,7,-0.04537037043909353,-0.03439791652388702,-0.010972453915206515
rolling_7d,7d,uncapped,7,2025-06-17,2025-06-23,7,-0.00980727833957884,-0.002851471099861169,-0.006955807239717671
rolling_7d,7d,uncapped,7,2025-06-18,2025-06-24,7,-0.0007409640159260489,0.0010585938574048104,-0.0017995578733308593
rolling_7d,7d,uncapped,7,2025-06-19,2025-06-25,7,0.015134710612999092,0.013635894791130143,0.0014988158218689485
rolling_7d,7d,uncapped,7,2025-06-20,2025-06-26,7,4.252130233406426e-05,0.012560439787829614,-0.01251791848549555
rolling_7d,7d,uncapped,7,2025-06-21,2025-06-27,7,0.003420017651863283,0.020451530913408122,-0.01703151326154484
rolling_7d,7d,uncapped,7,2025-06-22,2025-06-28,7,0.020239646192156346,0.029563197806197872,-0.009323551614041525
rolling_7d,7d,uncapped,7,2025-06-23,2025-06-29,7,0.04760743079792218,0.05065618101936642,-0.003048750221444241
rolling_7d,7d,uncapped,7,2025-06-24,2025-06-30,7,-0.010276210141440978,-0.0037695059963221977,-0.00650670414511878
rolling_7d,7d,uncapped,7,2025-06-25,2025-07-01,7,-0.011609785931753214,-0.0037148939092224165,-0.007894892022530797
rolling_7d,7d,uncapped,7,2025-06-26,2025-07-02,7,0.008833029400105108,0.0003798979702576144,0.008453131429847494
rolling_7d,7d,uncapped,7,2025-06-27,2025-07-03,7,0.02742319158476092,0.014134877384197608,0.013288314200563311
rolling_7d,7d,uncapped,7,2025-06-28,2025-07-04,7,0.012608377547931093,0.005804932491287884,0.006803445056643209
rolling_7d,7d,uncapped,7,2025-06-29,2025-07-05,7,0.010323950769091317,0.006984929403289097,0.0033390213658022194
rolling_7d,7d,uncapped,7,2025-06-30,2025-07-06,7,0.006965984903775979,0.0022630853622302993,0.00470289954154568
rolling_7d,7d,uncapped,7,2025-07-01,2025-07-07,7,0.022744529319819184,0.01701665957066867,0.005727869749150516
rolling_7d,7d,uncapped,7,2025-07-02,2025-07-08,7,0.026750818825914235,0.022158812866583055,0.00459200595933118
rolling_7d,7d,uncapped,7,2025-07-03,2025-07-09,7,0.007667125066939562,0.02357863614170408,-0.015911511074764517
rolling_7d,7d,uncapped,7,2025-07-04,2025-07-10,7,0.040414206994378477,0.051486146095716334,-0.011071939101337858
rolling_7d,7d,uncapped,7,2025-07-05,2025-07-11,7,0.0667196117348543,0.07040738309979266,-0.0036877713649383637
rolling_7d,7d,uncapped,7,2025-07-06,2025-07-12,7,0.08696563365898458,0.07785320036166898,0.009112433297315592
rolling_7d,7d,uncapped,7,2025-07-07,2025-07-13,7,0.09323319558209886,0.0896786934747893,0.003554502107309565
rolling_7d,7d,uncapped,7,2025-07-08,2025-07-14,7,0.10796978095564769,0.10634706279541128,0.0016227181602364027
rolling_7d,7d,uncapped,7,2025-07-09,2025-07-15,7,0.09426611907505178,0.08440096018988275,0.009865158885169034
rolling_7d,7d,uncapped,7,2025-07-10,2025-07-16,7,0.07771407287560517,0.06796695397539598,0.009747118900209184
rolling_7d,7d,uncapped,7,2025-07-11,2025-07-17,7,0.0467606386844297,0.03719816021464584,0.009562478469783864
rolling_7d,7d,uncapped,7,2025-07-12,2025-07-18,7,0.03160436436119585,0.018514187468002374,0.013090176893193473
rolling_7d,7d,uncapped,7,2025-07-13,2025-07-19,7,0.015575924784479112,0.010617253036186103,0.004958671748293009
rolling_7d,7d,uncapped,7,2025-07-14,2025-07-20,7,0.011568080312496676,-0.010744241284602829,0.022312321597099505
rolling_7d,7d,uncapped,7,2025-07-15,2025-07-21,7,0.010035449817447084,-0.023124809276774072,0.033160259094221156
rolling_7d,7d,uncapped,7,2025-07-16,2025-07-22,7,0.04568696340939016,0.010639157821429768,0.03504780558796039
rolling_7d,7d,uncapped,7,2025-07-17,2025-07-23,7,0.0333210424990491,0.004956575682380393,0.02836446681666871
rolling_7d,7d,uncapped,7,2025-07-18,2025-07-24,7,0.012747806437984899,-0.008092976848174227,0.020840783286159126
rolling_7d,7d,uncapped,7,2025-07-19,2025-07-25,7,-0.00030084536275110096,-0.005784077650618946,0.005483232287867845
rolling_7d,7d,uncapped,7,2025-07-20,2025-07-26,7,0.0017864958339719461,-0.0029671200971254086,0.004753615931097355
rolling_7d,7d,uncapped,7,2025-07-21,2025-07-27,7,0.00905408548063047,0.01660090914206802,-0.007546823661437552
rolling_7d,7d,uncapped,7,2025-07-22,2025-07-28,7,-0.0005581835991891326,0.01513173102754406,-0.015689914626733192
rolling_7d,7d,uncapped,7,2025-07-23,2025-07-29,7,-0.022749996603193545,0.004479117958308354,-0.0272291145615019
rolling_7d,7d,uncapped,7,2025-07-24,2025-07-30,7,-0.013650191991715577,0.00692596867881945,-0.020576160670535026
rolling_7d,7d,uncapped,7,2025-07-25,2025-07-31,7,-0.01169169468801834,0.000397394581773014,-0.012089089269791353
rolling_7d,7d,uncapped,7,2025-07-26,2025-08-01,7,-0.01649382904117025,-0.013545568039952327,-0.0029482610012179222
rolling_7d,7d,uncapped,7,2025-07-27,2025-08-02,7,-0.02831307335032862,-0.02211770845630079,-0.006195364894027833
rolling_7d,7d,uncapped,7,2025-07-28,2025-08-03,7,-0.02041011987140995,-0.014035648825856284,-0.006374471045553665
rolling_7d,7d,uncapped,7,2025-07-29,2025-08-04,7,-0.016660737744034315,-0.013127527187459687,-0.0035332105565746286
rolling_7d,7d,uncapped,7,2025-07-30,2025-08-05,7,-0.02039314851304952,-0.019955898566701658,-0.00043724994634786185
rolling_7d,7d,uncapped,7,2025-07-31,2025-08-06,7,-0.020196391358976884,-0.01913303621238016,-0.0010633551465967228
rolling_7d,7d,uncapped,7,2025-08-01,2025-08-07,7,0.006105412661806087,0.004748220193279584,0.0013571924685265024
rolling_7d,7d,uncapped,7,2025-08-02,2025-08-08,7,0.018366230309981857,0.01251028285768463,0.005855947452297228
rolling_7d,7d,uncapped,7,2025-08-03,2025-08-09,7,0.02650226086050056,0.017433623258387154,0.009068637602113405
rolling_7d,7d,uncapped,7,2025-08-04,2025-08-10,7,0.028227387978249974,0.022182852580099555,0.006044535398150419
rolling_7d,7d,uncapped,7,2025-08-05,2025-08-11,7,0.024392319575949895,0.02460243217960878,-0.00021011260365888518
rolling_7d,7d,uncapped,7,2025-08-06,2025-08-12,7,0.02836017819745118,0.02711216109798653,0.001248017099464649
rolling_7d,7d,uncapped,7,2025-08-07,2025-08-13,7,0.05108178565190835,0.05076250000000182,0.00031928565190653124
rolling_7d,7d,uncapped,7,2025-08-08,2025-08-14,7,0.01705504538007041,0.01674717997504871,0.0003078654050217011
rolling_7d,7d,uncapped,7,2025-08-09,2025-08-15,7,0.022178706253239033,0.02374896098296153,-0.0015702547297224978
rolling_7d,7d,uncapped,7,2025-08-10,2025-08-16,7,0.015577101922848557,0.01820270886282005,-0.002625606939971492
rolling_7d,7d,uncapped,7,2025-08-11,2025-08-17,7,-0.0050110235280868,-0.004217014524592444,-0.0007940090034943559
rolling_7d,7d,uncapped,7,2025-08-12,2025-08-18,7,-0.0158875882506625,-0.016932955963357976,0.0010453677126954775
rolling_7d,7d,uncapped,7,2025-08-13,2025-08-19,7,-0.042508243058583806,-0.04300231227941653,0.0004940692208327269
rolling_7d,7d,uncapped,7,2025-08-14,2025-08-20,7,-0.05147451872972886,-0.05276525380378294,0.0012907350740540835
rolling_7d,7d,uncapped,7,2025-08-15,2025-08-21,7,-0.04330175772841116,-0.04124820006197116,-0.002053557666439998
rolling_7d,7d,uncapped,7,2025-08-16,2025-08-22,7,-0.017464555314079644,-0.016201993809784376,-0.0012625615042952676
rolling_7d,7d,uncapped,7,2025-08-17,2025-08-23,7,-0.02274823756138078,-0.02048989304288007,-0.00225834451850071
rolling_7d,7d,uncapped,7,2025-08-18,2025-08-24,7,-0.036157309834259244,-0.034124128970573264,-0.0020331808636859794
rolling_7d,7d,uncapped,7,2025-08-19,2025-08-25,7,-0.03620670782536661,-0.035216979438181695,-0.0009897283871849183
rolling_7d,7d,uncapped,7,2025-08-20,2025-08-26,7,-0.0023637649278289707,-0.0038786059908503256,0.001514841063021355
rolling_7d,7d,uncapped,7,2025-08-21,2025-08-27,7,-0.02214017864086859,-0.02286955811894087,0.0007293794780722784
rolling_7d,7d,uncapped,7,2025-08-22,2025-08-28,7,-0.007076070949638247,-0.007129277566536918,5.320661689867112e-05
rolling_7d,7d,uncapped,7,2025-08-23,2025-08-29,7,-0.05585875145571184,-0.056176428611318774,0.00031767715560693244
rolling_7d,7d,uncapped,7,2025-08-24,2025-08-30,7,-0.04971184430988895,-0.04980120840246238,8.936409257342959e-05
rolling_7d,7d,uncapped,7,2025-08-25,2025-08-31,7,-0.04239254461842101,-0.043134244072051686,0.0007416994536306731
rolling_7d,7d,uncapped,7,2025-08-26,2025-09-01,7,-0.02799625478601664,-0.021370126744744367,-0.006626128041272272
rolling_7d,7d,uncapped,7,2025-08-27,2025-09-02,7,-0.01967882457544845,-0.010640674568981212,-0.009038150006467238
rolling_7d,7d,uncapped,7,2025-08-28,2025-09-03,7,-0.011531703109858182,-0.004479175369034416,-0.007052527740823766
rolling_7d,7d,uncapped,7,2025-08-29,2025-09-04,7,-0.016551812757031437,-0.007640019147921784,-0.008911793609109653
rolling_7d,7d,uncapped,7,2025-08-30,2025-09-05,7,0.01198324434145781,0.01882314266929419,-0.00683989832783638
rolling_7d,7d,uncapped,7,2025-08-31,2025-09-06,7,0.007981553801217345,0.016894986195394646,-0.0089134323941773
rolling_7d,7d,uncapped,7,2025-09-01,2025-09-07,7,0.018785084672845453,0.02794374117225673,-0.009158656499411277
rolling_7d,7d,uncapped,7,2025-09-02,2025-09-08,7,0.023689263594337984,0.023436833994554096,0.0002524295997838877
rolling_7d,7d,uncapped,7,2025-09-03,2025-09-09,7,0.006255721957991511,0.0026129706573028155,0.003642751300688696
rolling_7d,7d,uncapped,7,2025-09-04,2025-09-10,7,0.022161806612161383,0.024291210493699866,-0.002129403881538483
rolling_7d,7d,uncapped,7,2025-09-05,2025-09-11,7,0.03130123014162489,0.03287924979740042,-0.001578019655775531
rolling_7d,7d,uncapped,7,2025-09-06,2025-09-12,7,0.04641414765451013,0.03939650110026327,0.007017646554246859
rolling_7d,7d,uncapped,7,2025-09-07,2025-09-13,7,0.05453726195541764,0.04066094281548782,0.013876319139929816
rolling_7d,7d,uncapped,7,2025-09-08,2025-09-14,7,0.048314993260637484,0.033822096931301004,0.01449289632933648
rolling_7d,7d,uncapped,7,2025-09-09,2025-09-15,7,0.03036704186563899,0.029179401418602646,0.0011876404470363422
rolling_7d,7d,uncapped,7,2025-09-10,2025-09-16,7,0.039274062727602255,0.04438195378408438,-0.005107891056482128
rolling_7d,7d,uncapped,7,2025-09-11,2025-09-17,7,0.021399357384595863,0.017299511580269877,0.0040998458043259856
rolling_7d,7d,uncapped,7,2025-09-12,2025-09-18,7,0.018319198522089408,0.011781555514042363,0.006537643008047045
rolling_7d,7d,uncapped,7,2025-09-13,2025-09-19,7,-0.00290009826197668,0.006736285295648514,-0.009636383557625194
rolling_7d,7d,uncapped,7,2025-09-14,2025-09-20,7,-0.002351947227718587,0.009788293897880163,-0.01214024112559875
rolling_7d,7d,uncapped,7,2025-09-15,2025-09-21,7,-0.007034836828363145,0.0075876700361909855,-0.01462250686455413
rolling_7d,7d,uncapped,7,2025-09-16,2025-09-22,7,-0.019639984639182595,0.0006038985699421406,-0.020243883209124736
rolling_7d,7d,uncapped,7,2025-09-17,2025-09-23,7,-0.03254155300336514,-0.016451219361918734,-0.016090333641446408
rolling_7d,7d,uncapped,7,2025-09-18,2025-09-24,7,-0.026609483588054372,-0.004218808078305658,-0.022390675509748714
rolling_7d,7d,uncapped,7,2025-09-19,2025-09-25,7,-0.04408297977577347,-0.02666141480287454,-0.01742156497289893
rolling_7d,7d,uncapped,7,2025-09-20,2025-09-26,7,-0.04204976124043236,-0.024816068774552114,-0.017233692465880246
rolling_7d,7d,uncapped,7,2025-09-21,2025-09-27,7,-0.04477704737096766,-0.026397898527487196,-0.018379148843480464
rolling_7d,7d,uncapped,7,2025-09-22,2025-09-28,7,-0.02459702207572878,-0.0043535881493241835,-0.020243433926404597
rolling_7d,7d,uncapped,7,2025-09-23,2025-09-29,7,0.0042086580385185535,0.014242160278743698,-0.010033502240225145
rolling_7d,7d,uncapped,7,2025-09-24,2025-09-30,7,0.0072348673996722734,0.02004660836444727,-0.012811740964774998
rolling_7d,7d,uncapped,7,2025-09-25,2025-10-01,7,0.03656939591941466,0.04828324177704224,-0.01171384585762758
rolling_7d,7d,uncapped,7,2025-09-26,2025-10-02,7,0.06278445821518641,0.07970913689535264,-0.016924678680166227
rolling_7d,7d,uncapped,7,2025-09-27,2025-10-03,7,0.08298560528120702,0.09712323482726015,-0.014137629546053132
rolling_7d,7d,uncapped,7,2025-09-28,2025-10-04,7,0.0879711635630418,0.10828989619420404,-0.02031873263116224
rolling_7d,7d,uncapped,7,2025-09-29,2025-10-05,7,0.08078375118435033,0.10112394494100019,-0.02034019375664986
rolling_7d,7d,uncapped,7,2025-09-30,2025-10-06,7,0.0775025931300215,0.09013612745308319,-0.01263353432306169
rolling_7d,7d,uncapped,7,2025-10-01,2025-10-07,7,0.06236264609056996,0.07862284128036978,-0.01626019518979982
rolling_7d,7d,uncapped,7,2025-10-02,2025-10-08,7,0.039228053349193104,0.05663501483679356,-0.01740696148760046
rolling_7d,7d,uncapped,7,2025-10-03,2025-10-09,7,0.03071015537778843,0.041679355337439494,-0.010969199959651066
rolling_7d,7d,uncapped,7,2025-10-04,2025-10-10,7,-0.04502582439198122,-0.008859453446080634,-0.03616637094590058
rolling_7d,7d,uncapped,7,2025-10-05,2025-10-11,7,-0.059210059675185556,-0.02627022269971102,-0.032939836975474535
rolling_7d,7d,uncapped,7,2025-10-06,2025-10-12,7,-0.041102014937756004,-0.018087227660689154,-0.02301478727706685
rolling_7d,7d,uncapped,7,2025-10-07,2025-10-13,7,-0.046499949664074225,-0.03380378386286942,-0.012696165801204806
rolling_7d,7d,uncapped,7,2025-10-08,2025-10-14,7,-0.03832293656495411,-0.031543585947732655,-0.006779350617221458
rolling_7d,7d,uncapped,7,2025-10-09,2025-10-15,7,-0.06072287606648097,-0.05281308447959121,-0.007909791586889758
rolling_7d,7d,uncapped,7,2025-10-10,2025-10-16,7,-0.08612006949371953,-0.07068526420535914,-0.015434805288360387
rolling_7d,7d,uncapped,7,2025-10-11,2025-10-17,7,-0.03952028442679523,-0.048333817970339865,0.008813533543544638
rolling_7d,7d,uncapped,7,2025-10-12,2025-10-18,7,-0.026488400941163892,-0.03951476595145442,0.01302636501029053
rolling_7d,7d,uncapped,7,2025-10-13,2025-10-19,7,-0.04612383144444354,-0.051516145177157635,0.0053923137327140935
rolling_7d,7d,uncapped,7,2025-10-14,2025-10-20,7,-0.04055248394786226,-0.03339642971548762,-0.007156054232374642
rolling_7d,7d,uncapped,7,2025-10-15,2025-10-21,7,-0.04990466433264884,-0.04109001117055833,-0.008814653162090513
rolling_7d,7d,uncapped,7,2025-10-16,2025-10-22,7,-0.04100874159215806,-0.03320090132827369,-0.007807840263884369
rolling_7d,7d,uncapped,7,2025-10-17,2025-10-23,7,-0.004803086581124161,0.0024319419237714968,-0.0072350285048956575
rolling_7d,7d,uncapped,7,2025-10-18,2025-10-24,7,0.008141602700329154,0.013181454298790696,-0.005039851598461542
rolling_7d,7d,uncapped,7,2025-10-19,2025-10-25,7,0.007605830481004938,0.01632052010583207,-0.008714689624827132
rolling_7d,7d,uncapped,7,2025-10-20,2025-10-26,7,0.019191746080249317,0.028536943362810208,-0.009345197282560891
rolling_7d,7d,uncapped,7,2025-10-21,2025-10-27,7,0.008350047136256089,0.01770897982056363,-0.009358932684307542
rolling_7d,7d,uncapped,7,2025-10-22,2025-10-28,7,0.020729426307589227,0.030649720112079004,-0.009920293804489777
rolling_7d,7d,uncapped,7,2025-10-23,2025-10-29,7,0.006331993913998968,0.008126790193873967,-0.0017947962798749995
rolling_7d,7d,uncapped,7,2025-10-24,2025-10-30,7,-0.0183434158350535,-0.008714439173940769,-0.009628976661112731
rolling_7d,7d,uncapped,7,2025-10-25,2025-10-31,7,-0.01580732311652111,-0.008842191608968153,-0.006965131507552957
rolling_7d,7d,uncapped,7,2025-10-26,2025-11-01,7,-0.018157563590668557,-0.014020321048521356,-0.0041372425421472014
rolling_7d,7d,uncapped,7,2025-10-27,2025-11-02,7,-0.039546953810472574,-0.032857842067711696,-0.006689111742760878
rolling_7d,7d,uncapped,7,2025-10-28,2025-11-03,7,-0.0886529166545158,-0.06148016577856774,-0.02717275087594806
rolling_7d,7d,uncapped,7,2025-10-29,2025-11-04,7,-0.116773431373414,-0.08893515764426108,-0.02783827372915293
rolling_7d,7d,uncapped,7,2025-10-30,2025-11-05,7,-0.0881076569588145,-0.05088643636761858,-0.037221220591195925
rolling_7d,7d,uncapped,7,2025-10-31,2025-11-06,7,-0.08150177118860402,-0.07823667644802523,-0.003265094740578789
rolling_7d,7d,uncapped,7,2025-11-01,2025-11-07,7,-0.052209745476574976,-0.06304996044544176,0.01084021496886678
rolling_7d,7d,uncapped,7,2025-11-02,2025-11-08,7,-0.060205279873247974,-0.06984231515018458,0.0096370352769366
rolling_7d,7d,uncapped,7,2025-11-03,2025-11-09,7,-0.04041708097469121,-0.05278433237605695,0.012367251401365742
rolling_7d,7d,uncapped,7,2025-11-04,2025-11-10,7,0.025354275806994675,-0.009727724646093616,0.03508200045308829
rolling_7d,7d,uncapped,7,2025-11-05,2025-11-11,7,0.056193766379756926,0.008684296441400452,0.047509469938356474
rolling_7d,7d,uncapped,7,2025-11-06,2025-11-12,7,0.03738524963262568,-0.017313880591269815,0.0546991302238955
rolling_7d,7d,uncapped,7,2025-11-07,2025-11-13,7,0.018184808979937683,-0.0011029873123389322,0.019287796292276616
rolling_7d,7d,uncapped,7,2025-11-08,2025-11-14,7,-0.06206138359460567,-0.06536380700010846,0.0033024234055027968
rolling_7d,7d,uncapped,7,2025-11-09,2025-11-15,7,-0.05092083011979798,-0.05427286553387678,0.0033520354140788022
rolling_7d,7d,uncapped,7,2025-11-10,2025-11-16,7,-0.09371530420156671,-0.09671709044093679,0.0030017862393700856
rolling_7d,7d,uncapped,7,2025-11-11,2025-11-17,7,-0.11530683698144839,-0.1222750264374981,0.0069681894560497115
rolling_7d,7d,uncapped,7,2025-11-12,2025-11-18,7,-0.10965763021336972,-0.10843474883480075,-0.001222881378568963
rolling_7d,7d,uncapped,7,2025-11-13,2025-11-19,7,-0.11569203206515766,-0.10902081525887031,-0.00667121680628735
rolling_7d,7d,uncapped,7,2025-11-14,2025-11-20,7,-0.13466982321747245,-0.13953980428458035,0.004869981067107898
rolling_7d,7d,uncapped,7,2025-11-15,2025-11-21,7,-0.1103137260515561,-0.1101351586115823,-0.00017856743997379798
rolling_7d,7d,uncapped,7,2025-11-16,2025-11-22,7,-0.11106579663183758,-0.11740893494610305,0.006343138314265473
rolling_7d,7d,uncapped,7,2025-11-17,2025-11-23,7,-0.05666424669946157,-0.059882415820415535,0.003218169120953962
rolling_7d,7d,uncapped,7,2025-11-18,2025-11-24,7,-0.03605575316400933,-0.03830744665408348,0.002251693490074147
rolling_7d,7d,uncapped,7,2025-11-19,2025-11-25,7,-0.03087226267239418,-0.05101322161635691,0.020140958943962728
rolling_7d,7d,uncapped,7,2025-11-20,2025-11-26,7,-0.0013334703048781815,-0.008375552757194149,0.0070420824523159675
rolling_7d,7d,uncapped,7,2025-11-21,2025-11-27,7,0.05942510565585368,0.052660293846438,0.006764811809415683
rolling_7d,7d,uncapped,7,2025-11-22,2025-11-28,7,0.07478627903893198,0.06435465733741674,0.010431621701515237
rolling_7d,7d,uncapped,7,2025-11-23,2025-11-29,7,0.09525148241596493,0.06809239202997186,0.027159090385993068
rolling_7d,7d,uncapped,7,2025-11-24,2025-11-30,7,0.03893909064785106,0.029396158335988964,0.009542932311862096
rolling_7d,7d,uncapped,7,2025-11-25,2025-12-01,7,-0.02699356972252709,-0.02510150790176624,-0.0018920618207608486
rolling_7d,7d,uncapped,7,2025-11-26,2025-12-02,7,0.01216906937150064,0.04006794029211136,-0.02789887092061072
rolling_7d,7d,uncapped,7,2025-11-27,2025-12-03,7,0.007941652850331327,0.02543486607011025,-0.017493213219778925
rolling_7d,7d,uncapped,7,2025-11-28,2025-12-04,7,-0.0212132850892649,0.003146238019113401,-0.0243595231083783
rolling_7d,7d,uncapped,7,2025-11-29,2025-12-05,7,-0.03729434486126748,-0.01908332538500468,-0.018211019476262802
rolling_7d,7d,uncapped,7,2025-11-30,2025-12-06,7,-0.05401375416761789,-0.01758127017507749,-0.0364324839925404
rolling_7d,7d,uncapped,7,2025-12-01,2025-12-07,7,-0.032702326560646866,-0.005235640648010853,-0.027466685912636013
rolling_7d,7d,uncapped,7,2025-12-02,2025-12-08,7,0.025905360693304402,0.04508577444726369,-0.01918041375395929
rolling_7d,7d,uncapped,7,2025-12-03,2025-12-09,7,-0.008560030045634326,0.008658231572752584,-0.01721826161838691
rolling_7d,7d,uncapped,7,2025-12-04,2025-12-10,7,-0.029634098824358857,-0.01576798738560936,-0.013866111438749495
rolling_7d,7d,uncapped,7,2025-12-05,2025-12-11,7,-0.025336254126898328,0.0009460049483316357,-0.026282259075229963
rolling_7d,7d,uncapped,7,2025-12-06,2025-12-12,7,-0.017294347926340548,0.008407132599326905,-0.025701480525667453
rolling_7d,7d,uncapped,7,2025-12-07,2025-12-13,7,-0.005067305382235321,0.008510096851934934,-0.013577402234170255
rolling_7d,7d,uncapped,7,2025-12-08,2025-12-14,7,-0.02892147334885975,-0.024198861491316892,-0.004722611857542858
rolling_7d,7d,uncapped,7,2025-12-09,2025-12-15,7,-0.0663605213023093,-0.0437037037037048,-0.022656817598604495
rolling_7d,7d,uncapped,7,2025-12-10,2025-12-16,7,-0.0747212627309286,-0.04809761007023439,-0.02662365266069422
rolling_7d,7d,uncapped,7,2025-12-11,2025-12-17,7,-0.08222889240547648,-0.05866904659141614,-0.023559845814060343
rolling_7d,7d,uncapped,7,2025-12-12,2025-12-18,7,-0.09176290354756,-0.07500545256270508,-0.016757450984854927
rolling_7d,7d,uncapped,7,2025-12-13,2025-12-19,7,-0.048617702698910636,-0.026383325916034317,-0.02223437678287632
rolling_7d,7d,uncapped,7,2025-12-14,2025-12-20,7,-0.0581684543732649,-0.023251671700938892,-0.03491678267232601
rolling_7d,7d,uncapped,7,2025-12-15,2025-12-21,7,-0.04061294963962758,0.0015399787589194247,-0.04215292839854701
rolling_7d,7d,uncapped,7,2025-12-16,2025-12-22,7,0.002856267277401958,0.023152594887688283,-0.020296327610286324
rolling_7d,7d,uncapped,7,2025-12-17,2025-12-23,7,-0.0037533680323712515,-0.0007048620155968299,-0.0030485060167744216
rolling_7d,7d,uncapped,7,2025-12-18,2025-12-24,7,0.0005068534144054837,0.0041809463859676654,-0.0036740929715621817
rolling_7d,7d,uncapped,7,2025-12-19,2025-12-25,7,0.012124159440221716,0.010068142698828275,0.0020560167413934405
rolling_7d,7d,uncapped,7,2025-12-20,2025-12-26,7,-0.020887108414202826,-0.0237081279568504,0.0028210195426475737
rolling_7d,7d,uncapped,7,2025-12-21,2025-12-27,7,-0.016591979035981086,-0.024640984727606008,0.008049005691624922
rolling_7d,7d,uncapped,7,2025-12-22,2025-12-28,7,-0.010179008669697787,-0.03098702498807293,0.020808016318375144
rolling_7d,7d,uncapped,7,2025-12-23,2025-12-29,7,-0.017099790520123226,-0.03739145576088798,0.020291665240764756
rolling_7d,7d,uncapped,7,2025-12-24,2025-12-30,7,-0.003179664635179491,-0.014789542283216606,0.011609877648037115
rolling_7d,7d,uncapped,7,2025-12-25,2025-12-31,7,-0.010682885039881795,-0.009186097804463667,-0.0014967872354181289
rolling_7d,7d,uncapped,7,2025-12-26,2026-01-01,7,0.010691593800291832,0.0022721259940599037,0.008419467806231928
rolling_7d,7d,uncapped,7,2025-12-27,2026-01-02,7,0.0282300651236842,0.01563780228012357,0.012592262843560631
rolling_7d,7d,uncapped,7,2025-12-28,2026-01-03,7,0.024015994762408788,0.021134715308452012,0.0028812794539567754
rolling_7d,7d,uncapped,7,2025-12-29,2026-01-04,7,0.03374174188821355,0.035604852577934665,-0.0018631106897211147
rolling_7d,7d,uncapped,7,2025-12-30,2026-01-05,7,0.0623318774216024,0.07101061738104453,-0.008678739959442128
rolling_7d,7d,uncapped,7,2025-12-31,2026-01-06,7,0.05936726039777063,0.05943144411327772,-6.418371550709345e-05
rolling_7d,7d,uncapped,7,2026-01-01,2026-01-07,7,0.07584272767102207,0.03850660001561801,0.03733612765540406
rolling_7d,7d,uncapped,7,2026-01-02,2026-01-08,7,0.060717968563943625,0.034113317702588075,0.02660465086135555
rolling_7d,7d,uncapped,7,2026-01-03,2026-01-09,7,0.043228079603204295,0.0260842841227773,0.017143795480426993
rolling_7d,7d,uncapped,7,2026-01-04,2026-01-10,7,0.04043845098711141,0.018698504729936172,0.021739946257175236
rolling_7d,7d,uncapped,7,2026-01-05,2026-01-11,7,0.016993520414282814,0.009834927200404353,0.007158593213878461
rolling_7d,7d,uncapped,7,2026-01-06,2026-01-12,7,-0.010173576589014077,-0.011587689731895057,0.0014141131428809794
rolling_7d,7d,uncapped,7,2026-01-07,2026-01-13,7,0.01702161802985258,0.028338891418999035,-0.011317273389146454
rolling_7d,7d,uncapped,7,2026-01-08,2026-01-14,7,0.026776081478745883,0.06821600481347945,-0.041439923334733564
rolling_7d,7d,uncapped,7,2026-01-09,2026-01-15,7,0.009144342670351024,0.05783783783783769,-0.04869349516748667
rolling_7d,7d,uncapped,7,2026-01-10,2026-01-16,7,0.012925251361848078,0.05578435043055263,-0.042859099068704554
rolling_7d,7d,uncapped,7,2026-01-11,2026-01-17,7,0.007037310492385762,0.05219012813504009,-0.04515281764265433
rolling_7d,7d,uncapped,7,2026-01-12,2026-01-18,7,0.0037466333826527976,0.03598176246355922,-0.03223512908090642
rolling_7d,7d,uncapped,7,2026-01-13,2026-01-19,7,-0.010759815580893228,0.018187086277217546,-0.028946901858110774
rolling_7d,7d,uncapped,7,2026-01-14,2026-01-20,7,-0.0727392612226877,-0.05820166290465045,-0.014537598318037248
rolling_7d,7d,uncapped,7,2026-01-15,2026-01-21,7,-0.0743120851079575,-0.06707737801872726,-0.007234707089230241
rolling_7d,7d,uncapped,7,2026-01-16,2026-01-22,7,-0.05702045307738546,-0.05683302106398325,-0.00018743201340221116
rolling_7d,7d,uncapped,7,2026-01-17,2026-01-23,7,-0.06244396284298781,-0.06396453900709242,0.0015205761641046145
rolling_7d,7d,uncapped,7,2026-01-18,2026-01-24,7,-0.059007869071957875,-0.06271886120996284,0.003710992138004965
rolling_7d,7d,uncapped,7,2026-01-19,2026-01-25,7,-0.06342724926920873,-0.07304262503246306,0.00961537576325433
rolling_7d,7d,uncapped,7,2026-01-20,2026-01-26,7,-0.04377407575453829,-0.05473954570992645,0.010965469955388163
rolling_7d,7d,uncapped,7,2026-01-21,2026-01-27,7,-0.011169268891430328,-0.016428008009224948,0.00525873911779462
rolling_7d,7d,uncapped,7,2026-01-22,2026-01-28,7,-0.02599970449065192,-0.02583337735749358,-0.00016632713315833936
rolling_7d,7d,uncapped,7,2026-01-23,2026-01-29,7,-0.062445342172898766,-0.06511106429087488,0.0026657221179761104
rolling_7d,7d,uncapped,7,2026-01-24,2026-01-30,7,-0.06764598029617241,-0.05202263962237064,-0.015623340673801778
rolling_7d,7d,uncapped,7,2026-01-25,2026-01-31,7,-0.07897861827136754,-0.10686622926917833,0.027887610997810786
rolling_7d,7d,uncapped,7,2026-01-26,2026-02-01,7,-0.10355313767652452,-0.11681973848069649,0.013266600804171969
rolling_7d,7d,uncapped,7,2026-01-27,2026-02-02,7,-0.08879060610221312,-0.09737778566852007,0.008587179566306946
rolling_7d,7d,uncapped,7,2026-01-28,2026-02-03,7,-0.12157650397340292,-0.13708918739686138,0.015512683423458462
rolling_7d,7d,uncapped,7,2026-01-29,2026-02-04,7,-0.13482638182574447,-0.1636969321351086,0.02887055030936414
rolling_7d,7d,uncapped,7,2026-01-30,2026-02-05,7,-0.22528919417873017,-0.2506137166681405,0.025324522489410306
rolling_7d,7d,uncapped,7,2026-01-31,2026-02-06,7,-0.12444651778232785,-0.16388922191583544,0.03944270413350759
rolling_7d,7d,uncapped,7,2026-02-01,2026-02-07,7,-0.12191378782006124,-0.1285975428304219,0.00668375501036067
rolling_7d,7d,uncapped,7,2026-02-02,2026-02-08,7,-0.06476690275597008,-0.07815212697517215,0.013385224219202074
rolling_7d,7d,uncapped,7,2026-02-03,2026-02-09,7,-0.08854279591025993,-0.11419457462456872,0.025651778714308793
rolling_7d,7d,uncapped,7,2026-02-04,2026-02-10,7,-0.06633325149731695,-0.0872533600228742,0.020920108525557257
rolling_7d,7d,uncapped,7,2026-02-05,2026-02-11,7,-0.05963314835807987,-0.08140805928670902,0.021774910928629154
rolling_7d,7d,uncapped,7,2026-02-06,2026-02-12,7,0.08438979202264774,0.04385324254075895,0.040536549481888784
rolling_7d,7d,uncapped,7,2026-02-07,2026-02-13,7,0.007781493440250475,-0.03647834815027329,0.04425984159052376
rolling_7d,7d,uncapped,7,2026-02-08,2026-02-14,7,0.05081092874831117,0.0034149673138863523,0.047395961434424816
rolling_7d,7d,uncapped,7,2026-02-09,2026-02-15,7,0.018958984350482933,-0.024884563540245486,0.04384354789072842
rolling_7d,7d,uncapped,7,2026-02-10,2026-02-16,7,0.02860128943796858,-0.016132613753749636,0.044733903191718216
rolling_7d,7d,uncapped,7,2026-02-11,2026-02-17,7,0.013161903804623565,-0.020883101625220446,0.03404500542984401
rolling_7d,7d,uncapped,7,2026-02-12,2026-02-18,7,0.01910243219121499,-0.005455718924584296,0.024558151115799287
rolling_7d,7d,uncapped,7,2026-02-13,2026-02-19,7,-0.002333146827162569,0.015979174597949397,-0.018312321425111966
rolling_7d,7d,uncapped,7,2026-02-14,2026-02-20,7,-0.03706723219454067,-0.006835724348670191,-0.030231507845870476
rolling_7d,7d,uncapped,7,2026-02-15,2026-02-21,7,-0.06905640636221444,-0.027761571373004723,-0.04129483498920972
rolling_7d,7d,uncapped,7,2026-02-16,2026-02-22,7,-0.06888207892742015,-0.024245098039214485,-0.04463698088820567
rolling_7d,7d,uncapped,7,2026-02-17,2026-02-23,7,-0.10989409442953901,-0.06386152215723861,-0.0460325722723004
rolling_7d,7d,uncapped,7,2026-02-18,2026-02-24,7,-0.0963627613230934,-0.06164568480206267,-0.03471707652103073
rolling_7d,7d,uncapped,7,2026-02-19,2026-02-25,7,-0.053645303772806296,-0.008679692965998242,-0.044965610806808054
rolling_7d,7d,uncapped,7,2026-02-20,2026-02-26,7,-0.02285514134996347,-0.012790909643306536,-0.010064231706656934
rolling_7d,7d,uncapped,7,2026-02-21,2026-02-27,7,-0.03636623887342827,-0.03921882023874501,0.002852581365316742
rolling_7d,7d,uncapped,7,2026-02-22,2026-02-28,7,-0.02833245253912653,-0.02277341601240146,-0.00555903652672507
rolling_7d,7d,uncapped,7,2026-02-23,2026-03-01,7,-0.02587903674166958,-0.03497543380187884,0.00909639706020926
rolling_7d,7d,uncapped,7,2026-02-24,2026-03-02,7,0.049515907367766454,0.05611111111111122,-0.0065952037433447686
rolling_7d,7d,uncapped,7,2026-02-25,2026-03-03,7,0.060376991942107994,0.06876451908527037,-0.008387527143162377
rolling_7d,7d,uncapped,7,2026-02-26,2026-03-04,7,0.05071883467208016,0.07842274842734986,-0.027703913755269705
rolling_7d,7d,uncapped,7,2026-02-27,2026-03-05,7,0.043683343995921886,0.06561413227463908,-0.021930788278717195
rolling_7d,7d,uncapped,7,2026-02-28,2026-03-06,7,0.02978781206212444,0.04820179041162498,-0.018413978349500537
rolling_7d,7d,uncapped,7,2026-03-01,2026-03-07,7,0.017412663772034875,0.01721455766160296,0.00019810611043191706
rolling_7d,7d,uncapped,7,2026-03-02,2026-03-08,7,0.007563114366388346,0.018741019927948965,-0.01117790556156062
rolling_7d,7d,uncapped,7,2026-03-03,2026-03-09,7,-0.010958386463752134,-0.002957728305858942,-0.008000658157893192
rolling_7d,7d,uncapped,7,2026-03-04,2026-03-10,7,0.007028828634169093,0.02065905578543248,-0.013630227151263385
rolling_7d,7d,uncapped,7,2026-03-05,2026-03-11,7,-0.01807344073253281,-0.024745807724409263,0.006672366991876455
rolling_7d,7d,uncapped,7,2026-03-06,2026-03-12,7,-0.008809867557737161,-0.0065078219013210425,-0.0023020456564161185
rolling_7d,7d,uncapped,7,2026-03-07,2026-03-13,7,0.02152240682360329,0.03539155879581379,-0.013869151972210503
rolling_7d,7d,uncapped,7,2026-03-08,2026-03-14,7,0.04902953608300997,0.058255357681856745,-0.009225821598846773
rolling_7d,7d,uncapped,7,2026-03-09,2026-03-15,7,0.08784908810289505,0.09457719273143272,-0.006728104628537679
rolling_7d,7d,uncapped,7,2026-03-10,2026-03-16,7,0.10823138879489802,0.09337514309889827,0.014856245695999748
rolling_7d,7d,uncapped,7,2026-03-11,2026-03-17,7,0.08963350832559747,0.06584153096212764,0.02379197736346983
rolling_7d,7d,uncapped,7,2026-03-12,2026-03-18,7,0.049820548253386,0.02979878042849915,0.02002176782488685
rolling_7d,7d,uncapped,7,2026-03-13,2026-03-19,7,0.0262583240824521,0.008527214410990691,0.01773110967146141
rolling_7d,7d,uncapped,7,2026-03-14,2026-03-20,7,0.025346149521541017,0.009742965808608561,0.015603183712932456
rolling_7d,7d,uncapped,7,2026-03-15,2026-03-21,7,-0.007134161943522677,-0.015088419851678858,0.007954257908156182
rolling_7d,7d,uncapped,7,2026-03-16,2026-03-22,7,-0.039379090277704254,-0.04657329598505866,0.007194205707354406
rolling_7d,7d,uncapped,7,2026-03-17,2026-03-23,7,-0.059528601691208216,-0.03833022260663543,-0.021198379084572783
rolling_7d,7d,uncapped,7,2026-03-18,2026-03-24,7,-0.053971297747088864,-0.035836380800500334,-0.01813491694658853
rolling_7d,7d,uncapped,7,2026-03-19,2026-03-25,7,-0.011314961916236155,0.0058552985730073726,-0.017170260489243527
rolling_7d,7d,uncapped,7,2026-03-20,2026-03-26,7,-0.023051740702849988,-0.0036318565704915873,-0.0194198841323584
rolling_7d,7d,uncapped,7,2026-03-21,2026-03-27,7,-0.04083680137268386,-0.04161290322580613,0.0007761018531222685
rolling_7d,7d,uncapped,7,2026-03-22,2026-03-28,7,-0.03228471589040849,-0.026073190273474545,-0.006211525616933944
rolling_7d,7d,uncapped,7,2026-03-23,2026-03-29,7,-0.022145665778968704,-0.015629896584139935,-0.006515769194828769
rolling_7d,7d,uncapped,7,2026-03-24,2026-03-30,7,-0.023085245979729274,-0.03924260355029463,0.016157357570565356
rolling_14d,14d,uncapped,7,2025-03-01,2025-03-14,14,-0.0034660697100744597,-0.0038960517331431133,0.0004299820230686535
rolling_14d,14d,uncapped,7,2025-03-02,2025-03-15,14,-0.027292994859903663,-0.03249415432579994,0.005201159465896277
rolling_14d,14d,uncapped,7,2025-03-03,2025-03-16,14,-0.1306217619008453,-0.1486412701079407,0.018019508207095414
rolling_14d,14d,uncapped,7,2025-03-04,2025-03-17,14,-0.04593048804508115,-0.053699495435808875,0.007769007390727722
rolling_14d,14d,uncapped,7,2025-03-05,2025-03-18,14,-0.052815178025092724,-0.06937942255445018,0.016564244529357453
rolling_14d,14d,uncapped,7,2025-03-06,2025-03-19,14,-0.060350950828718664,-0.056937975900048454,-0.0034129749286702094
rolling_14d,14d,uncapped,7,2025-03-07,2025-03-20,14,-0.05813106447109151,-0.07136824639944617,0.013237181928354658
rolling_14d,14d,uncapped,7,2025-03-08,2025-03-21,14,-0.02540972245522788,-0.03794142647399379,0.01253170401876591
rolling_14d,14d,uncapped,7,2025-03-09,2025-03-22,14,-0.02765809068550995,-0.03413332918558931,0.006475238500079361
rolling_14d,14d,uncapped,7,2025-03-10,2025-03-23,14,0.01365457196640385,0.04797279450607972,-0.03431822253967587
rolling_14d,14d,uncapped,7,2025-03-11,2025-03-24,14,0.04425878285030427,0.09301910979430361,-0.048760326943999344
rolling_14d,14d,uncapped,7,2025-03-12,2025-03-25,14,0.03158929504019681,0.044683592515458725,-0.013094297475261918
rolling_14d,14d,uncapped,7,2025-03-13,2025-03-26,14,0.02029116681404708,0.03645656976088274,-0.01616540294683566
rolling_14d,14d,uncapped,7,2025-03-14,2025-03-27,14,0.03851225074334108,0.07108973185306122,-0.03257748110972014
rolling_14d,14d,uncapped,7,2025-03-15,2025-03-28,14,0.010151338855459935,0.01379838709677994,-0.0036470482413200056
rolling_14d,14d,uncapped,7,2025-03-16,2025-03-29,14,-0.00723830831347938,-0.006058116022586324,-0.0011801922908930562
rolling_14d,14d,uncapped,7,2025-03-17,2025-03-30,14,0.005597936456262609,0.012333497779971392,-0.006735561323708783
rolling_14d,14d,uncapped,7,2025-03-18,2025-03-31,14,-0.029407547193809225,0.0028165803783661847,-0.03222412757217541
rolling_14d,14d,uncapped,7,2025-03-19,2025-04-01,14,-0.15872451277606348,0.044557884840590534,-0.203282397616654
rolling_14d,14d,uncapped,7,2025-03-20,2025-04-02,14,-0.2532657420390739,-0.03739182240060024,-0.2158739196384737
rolling_14d,14d,uncapped,7,2025-03-21,2025-04-03,14,-0.24800289964436217,-0.007726358148890999,-0.24027654149547117
rolling_14d,14d,uncapped,7,2025-03-22,2025-04-04,14,-0.2611923155182376,-0.009084337349394955,-0.2521079781688427
rolling_14d,14d,uncapped,7,2025-03-23,2025-04-05,14,-0.2575528176438765,-0.007254720399368586,-0.2502980972445079
rolling_14d,14d,uncapped,7,2025-03-24,2025-04-06,14,-0.29783676928856073,-0.07461957720298218,-0.22321719208557855
rolling_14d,14d,uncapped,7,2025-03-25,2025-04-07,14,-0.2981699443726621,-0.08302135922329734,-0.21514858514936475
rolling_14d,14d,uncapped,7,2025-03-26,2025-04-08,14,-0.31244004164568806,-0.11088701857812833,-0.20155302306755973
rolling_14d,14d,uncapped,7,2025-03-27,2025-04-09,14,-0.26060685850574994,-0.054744866210325815,-0.20586199229542412
rolling_14d,14d,uncapped,7,2025-03-28,2025-04-10,14,-0.2846374134933587,-0.08363636363635751,-0.20100104985700118
rolling_14d,14d,uncapped,7,2025-03-29,2025-04-11,14,-0.26148033627237,-0.032813357621841566,-0.22866697865052843
rolling_14d,14d,uncapped,7,2025-03-30,2025-04-12,14,-0.2395921288851992,0.0024072167873050443,-0.24199934567250425
rolling_14d,14d,uncapped,7,2025-03-31,2025-04-13,14,-0.24722068514875506,-0.012345679012339184,-0.23487500613641588
rolling_14d,14d,uncapped,7,2025-04-01,2025-04-14,14,-0.21997709155674072,-0.0023703222664108736,-0.21760676929032985
rolling_14d,14d,uncapped,7,2025-04-02,2025-04-15,14,-0.07773046366186653,-0.0362700436598441,-0.041460420002022436
rolling_14d,14d,uncapped,7,2025-04-03,2025-04-16,14,0.024247444333951096,-0.008110881284706495,0.03235832561865759
rolling_14d,14d,uncapped,7,2025-04-04,2025-04-17,14,0.019008512791750753,-0.00410414469948317,0.023112657491233923
rolling_14d,14d,uncapped,7,2025-04-05,2025-04-18,14,0.021598473911679683,-0.009078455689840115,0.030676929601519798
rolling_14d,14d,uncapped,7,2025-04-06,2025-04-19,14,0.027483344482146066,-0.0037065875062823883,0.031189931988428454
rolling_14d,14d,uncapped,7,2025-04-07,2025-04-20,14,0.07317196163853956,0.0455187675546882,0.027653194083851362
rolling_14d,14d,uncapped,7,2025-04-08,2025-04-21,14,0.07795403321202254,0.06927774624982463,0.00867628696219791
rolling_14d,14d,uncapped,7,2025-04-09,2025-04-22,14,0.1519652087772183,0.17039783632873817,-0.018432627551519865
rolling_14d,14d,uncapped,7,2025-04-10,2025-04-23,14,0.07950234948612223,0.10500156350290668,-0.025499214016784455
rolling_14d,14d,uncapped,7,2025-04-11,2025-04-24,14,0.1341094668166114,0.1417209333876024,-0.007611466570990988
rolling_14d,14d,uncapped,7,2025-04-12,2025-04-25,14,0.1375375505022396,0.12283486585626835,0.014702684645971242
rolling_14d,14d,uncapped,7,2025-04-13,2025-04-26,14,0.11191495940430518,0.10432096768977472,0.007593991714530457
rolling_14d,14d,uncapped,7,2025-04-14,2025-04-27,14,0.10554944552665013,0.11141447368421287,-0.005865028157562735
rolling_14d,14d,uncapped,7,2025-04-15,2025-04-28,14,0.11816019380082698,0.11351690019365623,0.004643293607170751
rolling_14d,14d,uncapped,7,2025-04-16,2025-04-29,14,0.09710718760456594,0.11692758894705557,-0.019820401342489635
rolling_14d,14d,uncapped,7,2025-04-17,2025-04-30,14,0.08594237366095259,0.11744470534145979,-0.0315023316805072
rolling_14d,14d,uncapped,7,2025-04-18,2025-05-01,14,0.10804090282645129,0.13509089132134489,-0.027049988494893595
rolling_14d,14d,uncapped,7,2025-04-19,2025-05-02,14,0.1164854314369066,0.1341606066307337,-0.01767517519382711
rolling_14d,14d,uncapped,7,2025-04-20,2025-05-03,14,0.10751766362067028,0.11900323192523499,-0.011485568304564708
rolling_14d,14d,uncapped,7,2025-04-21,2025-05-04,14,0.09590772462002461,0.10421856428792209,-0.008310839667897474
rolling_14d,14d,uncapped,7,2025-04-22,2025-05-05,14,0.0649904341880585,0.06852027883396805,-0.0035298446459095523
rolling_14d,14d,uncapped,7,2025-04-23,2025-05-06,14,0.013991876163852002,0.024591691452169773,-0.010599815288317771
rolling_14d,14d,uncapped,7,2025-04-24,2025-05-07,14,0.014194134339954312,0.026206043996959805,-0.012011909657005493
rolling_14d,14d,uncapped,7,2025-04-25,2025-05-08,14,0.04911043626173983,0.07513553657631156,-0.026025100314571725
rolling_14d,14d,uncapped,7,2025-04-26,2025-05-09,14,0.027945120203072715,0.05273181415313122,-0.024786693950058503
rolling_14d,14d,uncapped,7,2025-04-27,2025-05-10,14,0.05065770180699225,0.06148867313915396,-0.01083097133216171
rolling_14d,14d,uncapped,7,2025-04-28,2025-05-11,14,0.07089430320797763,0.07642732411874364,-0.005533020910766018
rolling_14d,14d,uncapped,7,2025-04-29,2025-05-12,14,0.057831095624436335,0.058867803199144975,-0.0010367075747086396
rolling_14d,14d,uncapped,7,2025-04-30,2025-05-13,14,0.0650433190706925,0.06975209036232899,-0.004708771291636493
rolling_14d,14d,uncapped,7,2025-05-01,2025-05-14,14,0.05888359292044343,0.07111316831610459,-0.012229575395661163
rolling_14d,14d,uncapped,7,2025-05-02,2025-05-15,14,0.03099050479427068,0.048037253087085174,-0.017046748292814495
rolling_14d,14d,uncapped,7,2025-05-03,2025-05-16,14,0.038426307836221474,0.05681932924630373,-0.018393021410082255
rolling_14d,14d,uncapped,7,2025-05-04,2025-05-17,14,0.03940512644361016,0.06679276854243343,-0.027387642098823273
rolling_14d,14d,uncapped,7,2025-05-05,2025-05-18,14,0.07828160770239134,0.11021822471247722,-0.03193661701008588
rolling_14d,14d,uncapped,7,2025-05-06,2025-05-19,14,0.07292454235555867,0.10146044925494313,-0.028535906899384456
rolling_14d,14d,uncapped,7,2025-05-07,2025-05-20,14,0.08244469151390876,0.09399781738814172,-0.011553125874232961
rolling_14d,14d,uncapped,7,2025-05-08,2025-05-21,14,0.08746615109255274,0.10642883578493723,-0.01896268469238449
rolling_14d,14d,uncapped,7,2025-05-09,2025-05-22,14,0.053063433810219385,0.06977418886900466,-0.016710755058785276
rolling_14d,14d,uncapped,7,2025-05-10,2025-05-23,14,0.01818258948141116,0.04243668243807308,-0.02425409295666192
rolling_14d,14d,uncapped,7,2025-05-11,2025-05-24,14,0.008511924979625718,0.03830978920648809,-0.02979786422686237
rolling_14d,14d,uncapped,7,2025-05-12,2025-05-25,14,0.014722830702312617,0.047162094351680395,-0.03243926364936778
rolling_14d,14d,uncapped,7,2025-05-13,2025-05-26,14,0.010878894010998508,0.05084710672509729,-0.03996821271409878
rolling_14d,14d,uncapped,7,2025-05-14,2025-05-27,14,-0.0022768540033923923,0.036976345560505886,-0.03925319956389828
rolling_14d,14d,uncapped,7,2025-05-15,2025-05-28,14,-0.0019589392386509807,0.031120958116686248,-0.03307989735533723
rolling_14d,14d,uncapped,7,2025-05-16,2025-05-29,14,-0.0047566406748708046,0.008913778702774655,-0.01367041937764546
rolling_14d,14d,uncapped,7,2025-05-17,2025-05-30,14,-0.022034901871771484,0.004579329547932165,-0.02661423141970365
rolling_14d,14d,uncapped,7,2025-05-18,2025-05-31,14,-0.016516242378156853,0.008722278294548635,-0.02523852067270549
rolling_14d,14d,uncapped,7,2025-05-19,2025-06-01,14,-0.03189213831888904,-0.009867853111101277,-0.022024285207787764
rolling_14d,14d,uncapped,7,2025-05-20,2025-06-02,14,0.0005738820208598394,-0.003405664441098688,0.0039795464619585275
rolling_14d,14d,uncapped,7,2025-05-21,2025-06-03,14,-0.02418306964055128,-0.02072221852763756,-0.003460851112913721
rolling_14d,14d,uncapped,7,2025-05-22,2025-06-04,14,-0.04780951701481717,-0.04755127339031129,-0.0002582436245058828
rolling_14d,14d,uncapped,7,2025-05-23,2025-06-05,14,-0.09384265904242328,-0.08524679081540565,-0.008595868227017633
rolling_14d,14d,uncapped,7,2025-05-24,2025-06-06,14,-0.044069719576142585,-0.030610269725472206,-0.01345944985067038
rolling_14d,14d,uncapped,7,2025-05-25,2025-06-07,14,-0.03878333082083674,-0.026446555503888636,-0.012336775316948101
rolling_14d,14d,uncapped,7,2025-05-26,2025-06-08,14,-0.053018327197501325,-0.04358728616629137,-0.009431041031209952
rolling_14d,14d,uncapped,7,2025-05-27,2025-06-09,14,-0.021780782035862645,-0.011643561235418765,-0.01013722080044388
rolling_14d,14d,uncapped,7,2025-05-28,2025-06-10,14,-0.011059520797696565,-0.003967125751278222,-0.007092395046418343
rolling_14d,14d,uncapped,7,2025-05-29,2025-06-11,14,-0.01202091429735097,-0.004523592530752962,-0.0074973217665980085
rolling_14d,14d,uncapped,7,2025-05-30,2025-06-12,14,-0.022422075948623776,-0.012614678899086629,-0.009807397049537148
rolling_14d,14d,uncapped,7,2025-05-31,2025-06-13,14,-0.00569235493542708,8.152229294688951e-05,-0.005773877228373969
rolling_14d,14d,uncapped,7,2025-06-01,2025-06-14,14,-0.012142522124133914,-0.010222087009431613,-0.0019204351147023013
rolling_14d,14d,uncapped,7,2025-06-02,2025-06-15,14,-0.022493861118425662,-0.02142128983796543,-0.0010725712804602328
rolling_14d,14d,uncapped,7,2025-06-03,2025-06-16,14,-0.03627932960528324,-0.009988518943741642,-0.026290810661541597
rolling_14d,14d,uncapped,7,2025-06-04,2025-06-17,14,-0.03235321282403447,-0.012074374889644135,-0.020278837934390337
rolling_14d,14d,uncapped,7,2025-06-05,2025-06-18,14,-0.01721924448987744,0.0014323391889363712,-0.01865158367881381
rolling_14d,14d,uncapped,7,2025-06-06,2025-06-19,14,0.014137468452922963,0.023385992404668876,-0.009248523951745913
rolling_14d,14d,uncapped,7,2025-06-07,2025-06-20,14,-0.009436514425323783,-0.008496691523275035,-0.0009398229020487481
rolling_14d,14d,uncapped,7,2025-06-08,2025-06-21,14,-0.032158141769775384,-0.0245719861616277,-0.007586155608147682
rolling_14d,14d,uncapped,7,2025-06-09,2025-06-22,14,-0.04747871838405171,-0.032992903128387874,-0.014485815255663836
rolling_14d,14d,uncapped,7,2025-06-10,2025-06-23,14,-0.03838272089109507,-0.028750830564781338,-0.00963189032631373
rolling_14d,14d,uncapped,7,2025-06-11,2025-06-24,14,-0.04439115205955613,-0.033277351088333185,-0.011113800971222942
rolling_14d,14d,uncapped,7,2025-06-12,2025-06-25,14,-0.022240932332980856,-0.014935546600909455,-0.007305385732071401
rolling_14d,14d,uncapped,7,2025-06-13,2025-06-26,14,-0.010249232210322035,0.008872303431402662,-0.019121535641724696
rolling_14d,14d,uncapped,7,2025-06-14,2025-06-27,14,-0.016296997159036763,-0.0018137231592740832,-0.01448327399976268
rolling_14d,14d,uncapped,7,2025-06-15,2025-06-28,14,-0.009083891612100548,0.005266285526934311,-0.014350177139034859
rolling_14d,14d,uncapped,7,2025-06-16,2025-06-29,14,7.709358787355569e-05,0.014515797409356157,-0.014438703821482601
rolling_14d,14d,uncapped,7,2025-06-17,2025-06-30,14,-0.0199827068278865,-0.006610228458774348,-0.01337247836911215
rolling_14d,14d,uncapped,7,2025-06-18,2025-07-01,14,-0.012342147514071145,-0.0026602326156908163,-0.009681914898380328
rolling_14d,14d,uncapped,7,2025-06-19,2025-07-02,14,0.024101425356911177,0.014020973010141491,0.010080452346769686
rolling_14d,14d,uncapped,7,2025-06-20,2025-07-03,14,0.02746687895691524,0.02687285744831991,0.0005940215085953326
rolling_14d,14d,uncapped,7,2025-06-21,2025-07-04,14,0.016071516073569603,0.026375183160991744,-0.010303667087422141
rolling_14d,14d,uncapped,7,2025-06-22,2025-07-05,14,0.03077255007211943,0.03675462405909857,-0.005982073986979142
rolling_14d,14d,uncapped,7,2025-06-23,2025-07-06,14,0.054905048345943896,0.053033905643368406,0.00187114270257549
rolling_14d,14d,uncapped,7,2025-06-24,2025-07-07,14,0.012234591615519763,0.013183009174057458,-0.0009484175585376953
rolling_14d,14d,uncapped,7,2025-06-25,2025-07-08,14,0.014830461614093293,0.01836160131840736,-0.003531139704314068
rolling_14d,14d,uncapped,7,2025-06-26,2025-07-09,14,0.016567878408175085,0.02396749158797329,-0.007399613179798203
rolling_14d,14d,uncapped,7,2025-06-27,2025-07-10,14,0.06894568512029253,0.06634877384196192,0.002596911278330616
rolling_14d,14d,uncapped,7,2025-06-28,2025-07-11,14,0.08016921533738985,0.07662102569686313,0.003548189640526722
rolling_14d,14d,uncapped,7,2025-06-29,2025-07-12,14,0.09818741334857406,0.0853819288733042,0.012805484475269857
rolling_14d,14d,uncapped,7,2025-06-30,2025-07-13,14,0.10084864151883055,0.09214472937552642,0.008703912143304127
rolling_14d,14d,uncapped,7,2025-07-01,2025-07-14,14,0.1331700321240672,0.12517339413000994,0.007996637994057254
rolling_14d,14d,uncapped,7,2025-07-02,2025-07-15,14,0.12353863377376473,0.1084299981390735,0.015108635634691225
rolling_14d,14d,uncapped,7,2025-07-03,2025-07-16,14,0.08597704145874308,0.09314815819454614,-0.0071711167358030625
rolling_14d,14d,uncapped,7,2025-07-04,2025-07-17,14,0.08906463980978963,0.09059949622166541,-0.0015348564118757846
rolling_14d,14d,uncapped,7,2025-07-05,2025-07-18,14,0.10043260701535628,0.09022510605763578,0.010207500957720494
rolling_14d,14d,uncapped,7,2025-07-06,2025-07-19,14,0.1038961286121709,0.08929704052577159,0.014599088086399314
rolling_14d,14d,uncapped,7,2025-07-07,2025-07-20,14,0.10587980498888006,0.07797092266940542,0.027908882319474637
rolling_14d,14d,uncapped,7,2025-07-08,2025-07-21,14,0.1190887560916758,0.08076299797434827,0.038325758117327524
rolling_14d,14d,uncapped,7,2025-07-09,2025-07-22,14,0.14425981521736886,0.09593807314705294,0.04832174207031592
rolling_14d,14d,uncapped,7,2025-07-10,2025-07-23,14,0.11362462929971628,0.07326041300905617,0.040364216290660115
rolling_14d,14d,uncapped,7,2025-07-11,2025-07-24,14,0.060104540693280084,0.028804139517059735,0.03130040117622035
rolling_14d,14d,uncapped,7,2025-07-12,2025-07-25,14,0.03129401097198392,0.012623022319430133,0.018670988652553788
rolling_14d,14d,uncapped,7,2025-07-13,2025-07-26,14,0.017390246943188803,0.007618630274200511,0.009771616668988292
rolling_14d,14d,uncapped,7,2025-07-14,2025-07-27,14,0.020726904181123107,0.005678303684099273,0.015048600497023834
rolling_14d,14d,uncapped,7,2025-07-15,2025-07-28,14,0.00947166459475901,-0.008342996643269096,0.017814661238028107
rolling_14d,14d,uncapped,7,2025-07-16,2025-07-29,14,0.02189758854382262,0.015165929822597457,0.006731658721225164
rolling_14d,14d,uncapped,7,2025-07-17,2025-07-30,14,0.019216011879857442,0.011916873449130172,0.00729913843072727
rolling_14d,14d,uncapped,7,2025-07-18,2025-07-31,14,0.00090706828915188,-0.007698798371550741,0.008605866660702621
rolling_14d,14d,uncapped,7,2025-07-19,2025-08-01,14,-0.016789712311940375,-0.01925129707320672,0.0024615847612663444
rolling_14d,14d,uncapped,7,2025-07-20,2025-08-02,14,-0.02657715870394406,-0.025019202656163086,-0.0015579560477809729
rolling_14d,14d,uncapped,7,2025-07-21,2025-08-03,14,-0.01154082936076506,0.0023322557853038273,-0.013873085146068886
rolling_14d,14d,uncapped,7,2025-07-22,2025-08-04,14,-0.017209621592664148,0.0018055616296268617,-0.01901518322229101
rolling_14d,14d,uncapped,7,2025-07-23,2025-08-05,14,-0.04267920105684275,-0.015566165432037371,-0.02711303562480538
rolling_14d,14d,uncapped,7,2025-07-24,2025-08-06,14,-0.03357089873110253,-0.01233958234309851,-0.021231316388004018
rolling_14d,14d,uncapped,7,2025-07-25,2025-08-07,14,-0.0056576646469983505,0.005147501692030598,-0.010805166339028949
rolling_14d,14d,uncapped,7,2025-07-26,2025-08-08,14,0.0015694718059480195,-0.0012047440699154421,0.0027742158758634616
rolling_14d,14d,uncapped,7,2025-07-27,2025-08-09,14,-0.0025611729455208287,-0.005069676994479688,0.0025085040489588595
rolling_14d,14d,uncapped,7,2025-07-28,2025-08-10,14,0.007241143734547206,0.007835853025473405,-0.0005947092909261986
rolling_14d,14d,uncapped,7,2025-07-29,2025-08-11,14,0.007325187792492249,0.011151935894833764,-0.003826748102341515
rolling_14d,14d,uncapped,7,2025-07-30,2025-08-12,14,0.007388676358564661,0.00661521499448936,0.0007734613640753008
rolling_14d,14d,uncapped,7,2025-07-31,2025-08-13,14,0.029853726558590088,0.03065822303689103,-0.0008044964783009423
rolling_14d,14d,uncapped,7,2025-08-01,2025-08-14,14,0.0232645861318872,0.02157491946646628,0.0016896666654209191
rolling_14d,14d,uncapped,7,2025-08-02,2025-08-15,14,0.040952275790245185,0.036556350060118925,0.00439592573012626
rolling_14d,14d,uncapped,7,2025-08-03,2025-08-16,14,0.04249219120195891,0.035953671289803646,0.006538519912155261
rolling_14d,14d,uncapped,7,2025-08-04,2025-08-17,14,0.023074916344867802,0.017872292643980048,0.005202623700887754
rolling_14d,14d,uncapped,7,2025-08-05,2025-08-18,14,0.00811719619538609,0.007252884315561925,0.0008643118798241645
rolling_14d,14d,uncapped,7,2025-08-06,2025-08-19,14,-0.01535360620913484,-0.017056036799535712,0.0017024305904008719
rolling_14d,14d,uncapped,7,2025-08-07,2025-08-20,14,-0.003022143410107536,-0.004681249999995973,0.0016591065898884372
rolling_14d,14d,uncapped,7,2025-08-08,2025-08-21,14,-0.026985225791435696,-0.02519181111700719,-0.0017934146744285062
rolling_14d,14d,uncapped,7,2025-08-09,2025-08-22,14,0.004326809697005052,0.007162186654342539,-0.0028353769573374876
rolling_14d,14d,uncapped,7,2025-08-10,2025-08-23,14,-0.0075254872535911455,-0.002660155737750025,-0.00486533151584112
rolling_14d,14d,uncapped,7,2025-08-11,2025-08-24,14,-0.040987148232054293,-0.03819724154765758,-0.0027899066843967146
rolling_14d,14d,uncapped,7,2025-08-12,2025-08-25,14,-0.05151905881018781,-0.05155360783955032,3.4549029362507255e-05
rolling_14d,14d,uncapped,7,2025-08-13,2025-08-26,14,-0.04477152849232724,-0.046714129244239455,0.0019426007519122157
rolling_14d,14d,uncapped,7,2025-08-14,2025-08-27,14,-0.07247504233046853,-0.07442809388419747,0.001953051553728935
rolling_14d,14d,uncapped,7,2025-08-15,2025-08-28,14,-0.05007142236811912,-0.04808340776114606,-0.0019880146069730653
rolling_14d,14d,uncapped,7,2025-08-16,2025-08-29,14,-0.07234775851521791,-0.07146825227248677,-0.0008795062427311429
rolling_14d,14d,uncapped,7,2025-08-17,2025-08-30,14,-0.07132922502729389,-0.06927068001176973,-0.0020585450155241602
rolling_14d,14d,uncapped,7,2025-08-18,2025-08-31,14,-0.07701705408224913,-0.07578645453486199,-0.0012305995473871345
rolling_14d,14d,uncapped,7,2025-08-19,2025-09-01,14,-0.06318931039414144,-0.055834514868765006,-0.007354795525376434
rolling_14d,14d,uncapped,7,2025-08-20,2025-09-02,14,-0.021996073387924975,-0.014478009575701556,-0.007518063812223419
rolling_14d,14d,uncapped,7,2025-08-21,2025-09-03,14,-0.03341656778384128,-0.027246296726548103,-0.006170271057293175
rolling_14d,14d,uncapped,7,2025-08-22,2025-09-04,14,-0.023510761905255695,-0.014714828897339327,-0.008795933007916368
rolling_14d,14d,uncapped,7,2025-08-23,2025-09-05,14,-0.04454487618155678,-0.03841070287242676,-0.00613417330913002
rolling_14d,14d,uncapped,7,2025-08-24,2025-09-06,14,-0.04212706826858892,-0.03374761293554118,-0.008379455333047736
rolling_14d,14d,uncapped,7,2025-08-25,2025-09-07,14,-0.02440380748572979,-0.016395835051805197,-0.008007972433924593
rolling_14d,14d,uncapped,7,2025-08-26,2025-09-08,14,-0.004970201850958755,0.0015658591368508112,-0.006536060987809567
rolling_14d,14d,uncapped,7,2025-08-27,2025-09-09,14,-0.01354620787246108,-0.00805550768210106,-0.0054907001903600205
rolling_14d,14d,uncapped,7,2025-08-28,2025-09-10,14,0.010374540128073484,0.0197032305329381,-0.009328690404864615
rolling_14d,14d,uncapped,7,2025-08-29,2025-09-11,14,0.01423132528422455,0.024988032551457096,-0.010756707267232546
rolling_14d,14d,uncapped,7,2025-08-30,2025-09-12,14,0.05895358406821227,0.05896120973043861,-7.625662226340424e-06
rolling_14d,14d,uncapped,7,2025-08-31,2025-09-13,14,0.0629541078471032,0.058242895078441714,0.004711212768661488
rolling_14d,14d,uncapped,7,2025-09-01,2025-09-14,14,0.06800767917285166,0.06271095402610882,0.005296725146742842
rolling_14d,14d,uncapped,7,2025-09-02,2025-09-15,14,0.054775678319312515,0.05330010820026487,0.0014755701190476422
rolling_14d,14d,uncapped,7,2025-09-03,2025-09-16,14,0.045775472302178155,0.0471108931843387,-0.0013354208821605429
rolling_14d,14d,uncapped,7,2025-09-04,2025-09-17,14,0.04403541241673947,0.0420109481512041,0.002024464265535375
rolling_14d,14d,uncapped,7,2025-09-05,2025-09-18,14,0.05019384211266442,0.045048174018190945,0.005145668094473477
rolling_14d,14d,uncapped,7,2025-09-06,2025-09-19,14,0.04337944380358949,0.04639817246697331,-0.0030187286633838184
rolling_14d,14d,uncapped,7,2025-09-07,2025-09-20,14,0.05205704596563576,0.05084723797181101,0.001209807993824752
rolling_14d,14d,uncapped,7,2025-09-08,2025-09-21,14,0.04094026833832243,0.04166639787893889,-0.0007261295406164603
rolling_14d,14d,uncapped,7,2025-09-09,2025-09-22,14,0.010130648990677615,0.029800921387333146,-0.01967027239665553
rolling_14d,14d,uncapped,7,2025-09-10,2025-09-23,14,0.005454470730329453,0.027200597164753093,-0.02174612643442364
rolling_14d,14d,uncapped,7,2025-09-11,2025-09-24,14,-0.005779552052578407,0.013007720182758309,-0.018787272235336716
rolling_14d,14d,uncapped,7,2025-09-12,2025-09-25,14,-0.02657134611164147,-0.015193972227415031,-0.011377373884226438
rolling_14d,14d,uncapped,7,2025-09-13,2025-09-26,14,-0.04482791106291906,-0.018246951598085315,-0.026580959464833742
rolling_14d,14d,uncapped,7,2025-09-14,2025-09-27,14,-0.047023681346256674,-0.016867995018680526,-0.030155686327576148
rolling_14d,14d,uncapped,7,2025-09-15,2025-09-28,14,-0.03145882286732549,0.003201048296516351,-0.03465987116384184
rolling_14d,14d,uncapped,7,2025-09-16,2025-09-29,14,-0.01551398457989217,0.014854659668910974,-0.030368644248803145
rolling_14d,14d,uncapped,7,2025-09-17,2025-09-30,14,-0.025542119424651788,0.003265597850862667,-0.028807717275514455
rolling_14d,14d,uncapped,7,2025-09-18,2025-10-01,14,0.008986819590817596,0.04386073596828077,-0.03487391637746318
rolling_14d,14d,uncapped,7,2025-09-19,2025-10-02,14,0.015933752437679916,0.05092256373013204,-0.03498881129245213
rolling_14d,14d,uncapped,7,2025-09-20,2025-10-03,14,0.037446319152306895,0.06989694917762801,-0.032450630025321114
rolling_14d,14d,uncapped,7,2025-09-21,2025-10-04,14,0.03925502723393248,0.07903337197543014,-0.03977834474149766
rolling_14d,14d,uncapped,7,2025-09-22,2025-10-05,14,0.05419968939737996,0.09633010478336779,-0.04213041538598783
rolling_14d,14d,uncapped,7,2025-09-23,2025-10-06,14,0.08203743308012323,0.10566202090591892,-0.023624587825795684
rolling_14d,14d,uncapped,7,2025-09-24,2025-10-07,14,0.07004869896540011,0.10024557095246456,-0.030196871987064444
rolling_14d,14d,uncapped,7,2025-09-25,2025-10-08,14,0.07723199548268234,0.10765277872824708,-0.030420783245564742
rolling_14d,14d,uncapped,7,2025-09-26,2025-10-09,14,0.09542273406007373,0.12471071767309416,-0.02928798361302043
rolling_14d,14d,uncapped,7,2025-09-27,2025-10-10,14,0.03422328559877186,0.08740332260369454,-0.05318003700492269
rolling_14d,14d,uncapped,7,2025-09-28,2025-10-11,14,0.02355232604359303,0.07917487380534305,-0.05562254776175002
rolling_14d,14d,uncapped,7,2025-09-29,2025-10-12,14,0.03636136129868728,0.08120766546621594,-0.04484630416752866
rolling_14d,14d,uncapped,7,2025-09-30,2025-10-13,14,0.027398776786566437,0.053285401419553624,-0.025886624632987187
rolling_14d,14d,uncapped,7,2025-10-01,2025-10-14,14,0.021649789795463947,0.04459920898125458,-0.02294941918579063
rolling_14d,14d,uncapped,7,2025-10-02,2025-10-15,14,-0.023876862939140264,0.0008308605341238451,-0.02470772347326411
rolling_14d,14d,uncapped,7,2025-10-03,2025-10-16,14,-0.05805467483122917,-0.03195202511185535,-0.026102649719373816
rolling_14d,14d,uncapped,7,2025-10-04,2025-10-17,14,-0.08276667543225447,-0.05676506020624117,-0.026001615226013297
rolling_14d,14d,uncapped,7,2025-10-05,2025-10-18,14,-0.08413008081592277,-0.06474692694969397,-0.019383153866228797
rolling_14d,14d,uncapped,7,2025-10-06,2025-10-19,14,-0.08533006397318332,-0.06867158859182654,-0.016658475381356785
rolling_14d,14d,uncapped,7,2025-10-07,2025-10-20,14,-0.08516674514960765,-0.06607128788646333,-0.019095457263144322
rolling_14d,14d,uncapped,7,2025-10-08,2025-10-21,14,-0.0863151076120875,-0.07133747081933917,-0.014977636792748328
rolling_14d,14d,uncapped,7,2025-10-09,2025-10-22,14,-0.09924144892529618,-0.08426054380121617,-0.014980905124080013
rolling_14d,14d,uncapped,7,2025-10-10,2025-10-23,14,-0.09050951392469297,-0.06842522473900148,-0.022084289185691497
rolling_14d,14d,uncapped,7,2025-10-11,2025-10-24,14,-0.031700440180873146,-0.03578947368421104,0.004089033503337891
rolling_14d,14d,uncapped,7,2025-10-12,2025-10-25,14,-0.0190840367474302,-0.023839147377810344,0.004755110630380144
rolling_14d,14d,uncapped,7,2025-10-13,2025-10-26,14,-0.02781728222552393,-0.024449315131538252,-0.00336796709398568
rolling_14d,14d,uncapped,7,2025-10-14,2025-10-27,14,-0.032541051964063095,-0.016278866594834573,-0.01626218536922852
rolling_14d,14d,uncapped,7,2025-10-15,2025-10-28,14,-0.030209733086748347,-0.011699688400259367,-0.01851004468648898
rolling_14d,14d,uncapped,7,2025-10-16,2025-10-29,14,-0.03493641478034115,-0.025343927893741847,-0.009592486886599305
rolling_14d,14d,uncapped,7,2025-10-17,2025-10-30,14,-0.023058397401728103,-0.006303690260138439,-0.016754707141589664
rolling_14d,14d,uncapped,7,2025-10-18,2025-10-31,14,-0.007794417360761918,0.004222709745227871,-0.012017127105989789
rolling_14d,14d,uncapped,7,2025-10-19,2025-11-01,14,-0.01068983646028232,0.0020713801257481457,-0.012761216586030466
rolling_14d,14d,uncapped,7,2025-10-20,2025-11-02,14,-0.021114182826001304,-0.005258561083012037,-0.015855621742989268
rolling_14d,14d,uncapped,7,2025-10-21,2025-11-03,14,-0.08104312555109161,-0.04485993697314172,-0.03618318857794989
rolling_14d,14d,uncapped,7,2025-10-22,2025-11-04,14,-0.09846465130616433,-0.061011275222102146,-0.037453376084062184
rolling_14d,14d,uncapped,7,2025-10-23,2025-11-05,14,-0.08233356019245563,-0.04317318956581806,-0.039160370626637575
rolling_14d,14d,uncapped,7,2025-10-24,2025-11-06,14,-0.09835016614345138,-0.08626932686388833,-0.01208083927956305
rolling_14d,14d,uncapped,7,2025-10-25,2025-11-07,14,-0.0671917722765164,-0.07133465222321322,0.00414287994669682
rolling_14d,14d,uncapped,7,2025-10-26,2025-11-08,14,-0.07726966226612386,-0.08288342451752839,0.0056137622514045304
rolling_14d,14d,uncapped,7,2025-10-27,2025-11-09,14,-0.07836566235070352,-0.08390779518690661,0.005542132836203084
rolling_14d,14d,uncapped,7,2025-10-28,2025-11-10,14,-0.06554637134747432,-0.07060982830077123,0.005063456953296908
rolling_14d,14d,uncapped,7,2025-10-29,2025-11-11,14,-0.06714160391561752,-0.08102320047590617,0.013881596560288645
rolling_14d,14d,uncapped,7,2025-10-30,2025-11-12,14,-0.05401633407614004,-0.0673192752759042,0.013302941199764162
rolling_14d,14d,uncapped,7,2025-10-31,2025-11-13,14,-0.06479905634925764,-0.07925336969888219,0.014454313349624548
rolling_14d,14d,uncapped,7,2025-11-01,2025-11-14,14,-0.11103092002978221,-0.12429258199963,0.013261661969847793
rolling_14d,14d,uncapped,7,2025-11-02,2025-11-15,14,-0.10806040716430543,-0.12032463810534089,0.012264230941035459
rolling_14d,14d,uncapped,7,2025-11-03,2025-11-16,14,-0.1303446861377754,-0.1443962757687144,0.014051589630938999
rolling_14d,14d,uncapped,7,2025-11-04,2025-11-17,14,-0.09287608252171364,-0.13081329329531366,0.037937210773600016
rolling_14d,14d,uncapped,7,2025-11-05,2025-11-18,14,-0.059625939087580515,-0.10069213189683024,0.041066192809249724
rolling_14d,14d,uncapped,7,2025-11-06,2025-11-19,14,-0.08263195793179379,-0.12444712247278533,0.041815164540991545
rolling_14d,14d,uncapped,7,2025-11-07,2025-11-20,14,-0.11893395924810657,-0.1404888809632272,0.021554921715120634
rolling_14d,14d,uncapped,7,2025-11-08,2025-11-21,14,-0.16552888717792602,-0.1683001123602771,0.002771225182351067
rolling_14d,14d,uncapped,7,2025-11-09,2025-11-22,14,-0.1563310641892257,-0.1653096811411744,0.008978616951948681
rolling_14d,14d,uncapped,7,2025-11-10,2025-11-23,14,-0.1450692437842357,-0.1508078532346272,0.0057386094503915075
rolling_14d,14d,uncapped,7,2025-11-11,2025-11-24,14,-0.14720511529313185,-0.15589842903920048,0.008693313746068632
rolling_14d,14d,uncapped,7,2025-11-12,2025-11-25,14,-0.1371445137217846,-0.1539163645779339,0.016771850856149295
rolling_14d,14d,uncapped,7,2025-11-13,2025-11-26,14,-0.11687123048076598,-0.11648325842623153,-0.0003879720545344467
rolling_14d,14d,uncapped,7,2025-11-14,2025-11-27,14,-0.08324748603497223,-0.094227717535043,0.01098023150007077
rolling_14d,14d,uncapped,7,2025-11-15,2025-11-28,14,-0.04377740011093989,-0.052868211667415954,0.009090811556476064
rolling_14d,14d,uncapped,7,2025-11-16,2025-11-29,14,-0.026393495990765015,-0.057311198142302566,0.03091770215153755
rolling_14d,14d,uncapped,7,2025-11-17,2025-11-30,14,-0.019931610290333412,-0.03224657046142487,0.01231496017109146
rolling_14d,14d,uncapped,7,2025-11-18,2025-12-01,14,-0.06207604939960576,-0.062447379880965825,0.00037133048136006597
rolling_14d,14d,uncapped,7,2025-11-19,2025-12-02,14,-0.01907888000700919,-0.01298927604207778,-0.0060896039649314115
rolling_14d,14d,uncapped,7,2025-11-20,2025-12-03,14,0.006597592587205492,0.01684628225027396,-0.010248689663068467
rolling_14d,14d,uncapped,7,2025-11-21,2025-12-04,14,0.03695121885885122,0.05597221368414895,-0.019020994825297732
rolling_14d,14d,uncapped,7,2025-11-22,2025-12-05,14,0.034702828896295834,0.044043231086401846,-0.009340402190106012
rolling_14d,14d,uncapped,7,2025-11-23,2025-12-06,14,0.0360928380930301,0.04931397111374869,-0.01322113302071859
rolling_14d,14d,uncapped,7,2025-11-24,2025-12-07,14,0.004963365228863648,0.02400660996649906,-0.019043244737635412
rolling_14d,14d,uncapped,7,2025-11-25,2025-12-08,14,-0.0017874871892842314,0.018852545621952155,-0.020640032811236386
rolling_14d,14d,uncapped,7,2025-11-26,2025-12-09,14,0.003504871726418557,0.04907308937055643,-0.045568217644137876
rolling_14d,14d,uncapped,7,2025-11-27,2025-12-10,14,-0.021927789699422995,0.009265822037152649,-0.031193611736575644
rolling_14d,14d,uncapped,7,2025-11-28,2025-12-11,14,-0.04601207403427521,0.004095219324179888,-0.050107293358455096
rolling_14d,14d,uncapped,7,2025-11-29,2025-12-12,14,-0.05394371141189214,-0.010836628832625261,-0.043107082579266875
rolling_14d,14d,uncapped,7,2025-11-30,2025-12-13,14,-0.05880735536264492,-0.00922079163511269,-0.04958656372753223
rolling_14d,14d,uncapped,7,2025-12-01,2025-12-14,14,-0.060678000443437186,-0.029307805596468617,-0.03137019484696857
rolling_14d,14d,uncapped,7,2025-12-02,2025-12-15,14,-0.04217425384913698,-0.0005883445841360357,-0.04158590926500094
rolling_14d,14d,uncapped,7,2025-12-03,2025-12-16,14,-0.08264167652253851,-0.03985581874356603,-0.04278585777897248
rolling_14d,14d,uncapped,7,2025-12-04,2025-12-17,14,-0.10942621210607384,-0.07351194119044635,-0.03591427091562749
rolling_14d,14d,uncapped,7,2025-12-05,2025-12-18,14,-0.11477422943075555,-0.0741304031436496,-0.040643826287105944
rolling_14d,14d,uncapped,7,2025-12-06,2025-12-19,14,-0.06507123915939683,-0.018198001436094957,-0.046873237723301875
rolling_14d,14d,uncapped,7,2025-12-07,2025-12-20,14,-0.06294100243357825,-0.014939448827148483,-0.04800155360642977
rolling_14d,14d,uncapped,7,2025-12-08,2025-12-21,14,-0.06835983664786638,-0.022696148465084165,-0.045663688182782214
rolling_14d,14d,uncapped,7,2025-12-09,2025-12-22,14,-0.06369379741041448,-0.02156296296296001,-0.04213083444745447
rolling_14d,14d,uncapped,7,2025-12-10,2025-12-23,14,-0.07819417436442733,-0.04876856990745149,-0.02942560445697584
rolling_14d,14d,uncapped,7,2025-12-11,2025-12-24,14,-0.08176371698594964,-0.05473339234376284,-0.027030324642186798
rolling_14d,14d,uncapped,7,2025-12-12,2025-12-25,14,-0.08075129218064658,-0.06569247546346835,-0.015058816717178236
rolling_14d,14d,uncapped,7,2025-12-13,2025-12-26,14,-0.06848932788599182,-0.049465954606139895,-0.01902337327985193
rolling_14d,14d,uncapped,7,2025-12-14,2025-12-27,14,-0.07379530363372944,-0.04731971234127064,-0.0264755912924588
rolling_14d,14d,uncapped,7,2025-12-15,2025-12-28,14,-0.050378558742841584,-0.0294947655894372,-0.020883793153404384
rolling_14d,14d,uncapped,7,2025-12-16,2025-12-29,14,-0.014292364814834535,-0.015104570100692327,0.0008122052858577922
rolling_14d,14d,uncapped,7,2025-12-17,2025-12-30,14,-0.006921098215955324,-0.015483979712229923,0.0085628814962746
rolling_14d,14d,uncapped,7,2025-12-18,2025-12-31,14,-0.010181446282234607,-0.005043558000912829,-0.0051378882813217785
rolling_14d,14d,uncapped,7,2025-12-19,2026-01-01,14,0.022945379828418266,0.012363144781625701,0.010582235046792565
rolling_14d,14d,uncapped,7,2025-12-20,2026-01-02,14,0.0067533122787033495,-0.00844106869414829,0.01519438097285164
rolling_14d,14d,uncapped,7,2025-12-21,2026-01-03,14,0.007025542844801835,-0.004027049616292078,0.011052592461093913
rolling_14d,14d,uncapped,7,2025-12-22,2026-01-04,14,0.023219275735304468,0.0035145391333326614,0.019704736601971806
rolling_14d,14d,uncapped,7,2025-12-23,2026-01-05,14,0.04416622485484378,0.03096397126179995,0.013202253593043833
rolling_14d,14d,uncapped,7,2025-12-24,2026-01-06,14,0.05599882778421672,0.04376293797439512,0.012235889809821598
rolling_14d,14d,uncapped,7,2025-12-25,2026-01-07,14,0.06434962349032025,0.02896677681729365,0.0353828466730266
rolling_14d,14d,uncapped,7,2025-12-26,2026-01-08,14,0.07205873422050013,0.03646295345254402,0.03559578076795611
rolling_14d,14d,uncapped,7,2025-12-27,2026-01-09,14,0.07267847622925871,0.04212998728063155,0.03054848894862716
rolling_14d,14d,uncapped,7,2025-12-28,2026-01-10,14,0.06542561537662639,0.0402284076125492,0.02519720776407719
rolling_14d,14d,uncapped,7,2025-12-29,2026-01-11,14,0.05130865328208767,0.04578995091142413,0.005518702370663542
rolling_14d,14d,uncapped,7,2025-12-30,2026-01-12,14,0.051524162703702636,0.05860007864726735,-0.0070759159435647145
rolling_14d,14d,uncapped,7,2025-12-31,2026-01-13,14,0.07739940525759281,0.08945455677387737,-0.012055151516284557
rolling_14d,14d,uncapped,7,2026-01-01,2026-01-14,14,0.10464958020545745,0.10934937124111377,-0.00469979103565632
rolling_14d,14d,uncapped,7,2026-01-02,2026-01-15,14,0.07041753714509102,0.09392419607781899,-0.023506658932727964
rolling_14d,14d,uncapped,7,2026-01-03,2026-01-16,14,0.05671206475981405,0.08332372939956456,-0.02661166463975051
rolling_14d,14d,uncapped,7,2026-01-04,2026-01-17,14,0.04776033941492486,0.07186451022276508,-0.02410417080784022
rolling_14d,14d,uncapped,7,2026-01-05,2026-01-18,14,0.020803822287808194,0.04617056767833483,-0.025366745390526635
rolling_14d,14d,uncapped,7,2026-01-06,2026-01-19,14,-0.020823926362011358,0.006388650232415083,-0.02721257659442644
rolling_14d,14d,uncapped,7,2026-01-07,2026-01-20,14,-0.056955783113141534,-0.03151214209111175,-0.025443641022029784
rolling_14d,14d,uncapped,7,2026-01-08,2026-01-21,14,-0.049525790074917864,-0.003437123947048648,-0.046088666127869216
rolling_14d,14d,uncapped,7,2026-01-09,2026-01-22,14,-0.048397524969192585,-0.002282282282278447,-0.04611524268691414
rolling_14d,14d,uncapped,7,2026-01-10,2026-01-23,14,-0.050325815396915274,-0.011748408835640434,-0.03857740656127484
rolling_14d,14d,uncapped,7,2026-01-11,2026-01-24,14,-0.05238581527572528,-0.013802038477954248,-0.03858377679777103
rolling_14d,14d,uncapped,7,2026-01-12,2026-01-25,14,-0.05991825453603783,-0.03968906495253666,-0.020229189583501173
rolling_14d,14d,uncapped,7,2026-01-13,2026-01-26,14,-0.054062890353088644,-0.03754801227331106,-0.016514878079777584
rolling_14d,14d,uncapped,7,2026-01-14,2026-01-27,14,-0.0830960857465578,-0.07367353352952755,-0.009422552217030256
rolling_14d,14d,uncapped,7,2026-01-15,2026-01-28,14,-0.0983796973457185,-0.09117792015771187,-0.007201777188006631
rolling_14d,14d,uncapped,7,2026-01-16,2026-01-29,14,-0.11590513354701337,-0.11824362686651657,0.0023384933195031987
rolling_14d,14d,uncapped,7,2026-01-17,2026-01-30,14,-0.1258658600590683,-0.11265957446808605,-0.013206285590982247
rolling_14d,14d,uncapped,7,2026-01-18,2026-01-31,14,-0.13332612737688432,-0.16288256227757558,0.029556434900691264
rolling_14d,14d,uncapped,7,2026-01-19,2026-02-01,14,-0.16041229626971565,-0.18132954315892358,0.02091724688920793
rolling_14d,14d,uncapped,7,2026-01-20,2026-02-02,14,-0.12867795513894187,-0.14678691562871304,0.018108960489771175
rolling_14d,14d,uncapped,7,2026-01-21,2026-02-03,14,-0.13138785220107418,-0.15126509313755254,0.019877240936478358
rolling_14d,14d,uncapped,7,2026-01-22,2026-02-04,14,-0.15732064023138326,-0.185301464872492,0.027980824641108737
rolling_14d,14d,uncapped,7,2026-01-23,2026-02-05,14,-0.2736662755332815,-0.2994070551408611,0.02574077960757959
rolling_14d,14d,uncapped,7,2026-01-24,2026-02-06,14,-0.18367419138866958,-0.20738591160848785,0.023711720219818266
rolling_14d,14d,uncapped,7,2026-01-25,2026-02-07,14,-0.19126382358117144,-0.2217210376040314,0.030457214022859946
rolling_14d,14d,uncapped,7,2026-01-26,2026-02-08,14,-0.16161322443452342,-0.18584215442091878,0.024228929986395364
rolling_14d,14d,uncapped,7,2026-01-27,2026-02-09,14,-0.16947163349761662,-0.20045234548078972,0.030980711983173093
rolling_14d,14d,uncapped,7,2026-01-28,2026-02-10,14,-0.17984519065648774,-0.21238105519655404,0.032535864540066295
rolling_14d,14d,uncapped,7,2026-01-29,2026-02-11,14,-0.18641940855382644,-0.2317787418655105,0.04535933331168407
rolling_14d,14d,uncapped,7,2026-01-30,2026-02-12,14,-0.1599115103977753,-0.2177506982284706,0.057839187830695304
rolling_14d,14d,uncapped,7,2026-01-31,2026-02-13,14,-0.11763340410386247,-0.19438916197098532,0.07675575786712285
rolling_14d,14d,uncapped,7,2026-02-01,2026-02-14,14,-0.07729741185811212,-0.1256217319219476,0.04832432006383547
rolling_14d,14d,uncapped,7,2026-02-02,2026-02-15,14,-0.0470358331012668,-0.10109190894589859,0.05405607584463179
rolling_14d,14d,uncapped,7,2026-02-03,2026-02-16,14,-0.06247394460576783,-0.12848493141312656,0.06601098680735873
rolling_14d,14d,uncapped,7,2026-02-04,2026-02-17,14,-0.05404441956794892,-0.10631434086359481,0.052269921295645894
rolling_14d,14d,uncapped,7,2026-02-05,2026-02-18,14,-0.0416698543397237,-0.0864196387216295,0.0447497843819058
rolling_14d,14d,uncapped,7,2026-02-06,2026-02-19,14,0.08185975141998258,0.06053315575795315,0.021326595662029435
rolling_14d,14d,uncapped,7,2026-02-07,2026-02-20,14,-0.029574177178460226,-0.043064716566293404,0.013490539387833178
rolling_14d,14d,uncapped,7,2026-02-08,2026-02-21,14,-0.02175429775718818,-0.024441408917939222,0.0026871111607510434
rolling_14d,14d,uncapped,7,2026-02-09,2026-02-22,14,-0.05122902883335112,-0.04852633289676345,-0.0027026959365876735
rolling_14d,14d,uncapped,7,2026-02-10,2026-02-23,14,-0.08443591779387316,-0.07896388264029897,-0.005472035153574195
rolling_14d,14d,uncapped,7,2026-02-11,2026-02-24,14,-0.08446917491335237,-0.08124143332680522,-0.0032277415865471504
rolling_14d,14d,uncapped,7,2026-02-12,2026-02-25,14,-0.035567627359288534,-0.01408805792540846,-0.021479569433880075
rolling_14d,14d,uncapped,7,2026-02-13,2026-02-26,14,-0.025134963776601182,0.002983876776185612,-0.028118840552786795
rolling_14d,14d,uncapped,7,2026-02-14,2026-02-27,14,-0.07208547524760534,-0.045786455542982996,-0.02629901970462234
rolling_14d,14d,uncapped,7,2026-02-15,2026-02-28,14,-0.0954323215455608,-0.04990276157137097,-0.04552955997418984
rolling_14d,14d,uncapped,7,2026-02-16,2026-03-01,14,-0.09297851381768452,-0.05837254901960276,-0.034605964798081756
rolling_14d,14d,uncapped,7,2026-02-17,2026-03-02,14,-0.06581969286181044,-0.011333752011616571,-0.05448594085019387
rolling_14d,14d,uncapped,7,2026-02-18,2026-03-03,14,-0.04180386304490913,0.0028797984141120114,-0.04468366145902114
rolling_14d,14d,uncapped,7,2026-02-19,2026-03-04,14,-0.005647296393712642,0.06906237008345295,-0.07470966647716559
rolling_14d,14d,uncapped,7,2026-02-20,2026-03-05,14,0.019829813644292704,0.05198395819408397,-0.032154144549791264
rolling_14d,14d,uncapped,7,2026-02-21,2026-03-06,14,-0.007661697500271791,0.007092552819540687,-0.014754250319812479
rolling_14d,14d,uncapped,7,2026-02-22,2026-03-07,14,-0.011413132236992474,-0.005950892633896032,-0.0054622396030964415
rolling_14d,14d,uncapped,7,2026-02-23,2026-03-08,14,-0.018511648489850874,-0.016889889175799477,-0.0016217593140513964
rolling_14d,14d,uncapped,7,2026-02-24,2026-03-09,14,0.03801490645497485,0.05298742138364587,-0.014972514928671021
rolling_14d,14d,uncapped,7,2026-02-25,2026-03-10,14,0.06783020010608487,0.090844184906544,-0.02301398480045913
rolling_14d,14d,uncapped,7,2026-02-26,2026-03-11,14,0.03172873008707877,0.051736306449137404,-0.020007576362058632
rolling_14d,14d,uncapped,7,2026-02-27,2026-03-12,14,0.0344886319631017,0.05867930528626508,-0.02419067332316338
rolling_14d,14d,uncapped,7,2026-02-28,2026-03-13,14,0.051951324295313794,0.08529928570685552,-0.03334796141154173
rolling_14d,14d,uncapped,7,2026-03-01,2026-03-14,14,0.06729593468175743,0.07647275555737165,-0.009176820875614222
rolling_14d,14d,uncapped,7,2026-03-02,2026-03-15,14,0.09607661516958843,0.11509068571309133,-0.019014070543502903
rolling_14d,14d,uncapped,7,2026-03-03,2026-03-16,14,0.09608696094522284,0.090141236489232,0.005945724455990842
rolling_14d,14d,uncapped,7,2026-03-04,2026-03-17,14,0.09729235552966675,0.08786081060870488,0.009431544920961876
rolling_14d,14d,uncapped,7,2026-03-05,2026-03-18,14,0.03084667879473324,0.004315577813184479,0.02653110098154876
rolling_14d,14d,uncapped,7,2026-03-06,2026-03-19,14,0.01721712416726029,0.001963898916968576,0.015253225250291713
rolling_14d,14d,uncapped,7,2026-03-07,2026-03-20,14,0.04741406648655877,0.045479343351683355,0.0019347231348754157
rolling_14d,14d,uncapped,7,2026-03-08,2026-03-21,14,0.04154558948905507,0.04228795653486439,-0.0007423670458093223
rolling_14d,14d,uncapped,7,2026-03-09,2026-03-22,14,0.045010580653972676,0.04359912515585718,0.0014114554981154992
rolling_14d,14d,uncapped,7,2026-03-10,2026-03-23,14,0.04225992386963218,0.051465830471355334,-0.009205906601723157
rolling_14d,14d,uncapped,7,2026-03-11,2026-03-24,14,0.030824573812551437,0.027645627985580346,0.0031789458269710913
rolling_14d,14d,uncapped,7,2026-03-12,2026-03-25,14,0.0379418687310169,0.03582855975802701,0.0021133089729898913
rolling_14d,14d,uncapped,7,2026-03-13,2026-03-26,14,0.002601283301562063,0.004864388220812588,-0.002263104919250525
rolling_14d,14d,uncapped,7,2026-03-14,2026-03-27,14,-0.016525707524716493,-0.03227537051052343,0.015749662985806934
rolling_14d,14d,uncapped,7,2026-03-15,2026-03-28,14,-0.03918855344246819,-0.04076820688343463,0.0015796534409664442
rolling_14d,14d,uncapped,7,2026-03-16,2026-03-29,14,-0.06065267988470313,-0.0614752567693696,0.0008225768846664705
rolling_14d,14d,uncapped,7,2026-03-17,2026-03-30,14,-0.08123961525806667,-0.0760686484271833,-0.005170966830883361
rolling_30d,30d,uncapped,7,2025-03-01,2025-03-30,30,-0.007484785879963596,-0.010965176527292009,0.003480390647328413
rolling_30d,30d,uncapped,7,2025-03-02,2025-03-31,30,-0.06634009054687573,-0.03982852689009875,-0.026511563656776982
rolling_30d,30d,uncapped,7,2025-03-03,2025-04-01,30,-0.2710094979165093,-0.1133534937768601,-0.1576560041396492
rolling_30d,30d,uncapped,7,2025-03-04,2025-04-02,30,-0.2744330087029626,-0.05405384585756201,-0.2203791628454006
rolling_30d,30d,uncapped,7,2025-03-05,2025-04-03,30,-0.2775113927541707,-0.053784401909462765,-0.22372699084470793
rolling_30d,30d,uncapped,7,2025-03-06,2025-04-04,30,-0.3074164344083019,-0.08797959636282293,-0.21943683804547898
rolling_30d,30d,uncapped,7,2025-03-07,2025-04-05,30,-0.30029364570990247,-0.07851329232654247,-0.22178035338336
rolling_30d,30d,uncapped,7,2025-03-08,2025-04-06,30,-0.31448489534264,-0.09211034695926867,-0.22237454838337134
rolling_30d,30d,uncapped,7,2025-03-09,2025-04-07,30,-0.30273695497898734,-0.08183755366141476,-0.22089940131757257
rolling_30d,30d,uncapped,7,2025-03-10,2025-04-08,30,-0.2900855492336515,-0.05391574220812689,-0.2361698070255246
rolling_30d,30d,uncapped,7,2025-03-11,2025-04-09,30,-0.22715233606859875,0.03165722920717795,-0.2588095652757767
rolling_30d,30d,uncapped,7,2025-03-12,2025-04-10,30,-0.2649296673142908,-0.044286513075253,-0.2206431542390378
rolling_30d,30d,uncapped,7,2025-03-13,2025-04-11,30,-0.25718418473402527,-0.019768135571349266,-0.237416049162676
rolling_30d,30d,uncapped,7,2025-03-14,2025-04-12,30,-0.232340222150908,0.029278117145766336,-0.26161833929667433
rolling_30d,30d,uncapped,7,2025-03-15,2025-04-13,30,-0.25025641360013895,-0.019354838709668143,-0.2309015748904708
rolling_30d,30d,uncapped,7,2025-03-16,2025-04-14,30,-0.25128932533635395,-0.009933054595537727,-0.24135627074081623
rolling_30d,30d,uncapped,7,2025-03-17,2025-04-15,30,-0.2266591192557964,0.0036753823384374495,-0.23033450159423385
rolling_30d,30d,uncapped,7,2025-03-18,2025-04-16,30,-0.22106290242279547,-0.008482302757963467,-0.212580599664832
rolling_30d,30d,uncapped,7,2025-03-19,2025-04-17,30,-0.2227260993862724,0.01258473667717852,-0.23531083606345093
rolling_30d,30d,uncapped,7,2025-03-20,2025-04-18,30,-0.24701428231231481,-0.04169540950708106,-0.20531887280523375
rolling_30d,30d,uncapped,7,2025-03-21,2025-04-19,30,-0.23669143556828487,-0.011372233400395282,-0.2253192021678896
rolling_30d,30d,uncapped,7,2025-03-22,2025-04-20,30,-0.24514372188143319,-0.01334939759035425,-0.23179432429107893
rolling_30d,30d,uncapped,7,2025-03-23,2025-04-21,30,-0.2270028635092015,0.01646604130601892,-0.24346890481522043
rolling_30d,30d,uncapped,7,2025-03-24,2025-04-22,30,-0.19321949398939275,0.056606597145652415,-0.24982609113504517
rolling_30d,30d,uncapped,7,2025-03-25,2025-04-23,30,-0.20106885121749962,0.0429669902912706,-0.24403584150877022
rolling_30d,30d,uncapped,7,2025-03-26,2025-04-24,30,-0.19187778791130705,0.04448667726797462,-0.23636446517928167
rolling_30d,30d,uncapped,7,2025-03-27,2025-04-25,30,-0.17182377888214828,0.06192439327941024,-0.23374817216155852
rolling_30d,30d,uncapped,7,2025-03-28,2025-04-26,30,-0.17808153913213332,0.0612121212121326,-0.2392936603442659
rolling_30d,30d,uncapped,7,2025-03-29,2025-04-27,30,-0.1794510640646385,0.07506900748542966,-0.25452007155006817
rolling_30d,30d,uncapped,7,2025-03-30,2025-04-28,30,-0.156717588829967,0.10917579166633784,-0.26589338049630484
rolling_30d,30d,uncapped,7,2025-03-31,2025-04-29,30,-0.1562852229760784,0.10737491877843497,-0.26366014175451336
rolling_30d,30d,uncapped,7,2025-04-01,2025-04-30,30,-0.1284902347736785,0.1048542901209617,-0.2333445248946402
rolling_30d,30d,uncapped,7,2025-04-02,2025-05-01,30,0.02374464448197866,0.10034659445291783,-0.07660194997093916
rolling_30d,30d,uncapped,7,2025-04-03,2025-05-02,30,0.1258323492135205,0.1290900503265613,-0.0032577011130408007
rolling_30d,30d,uncapped,7,2025-04-04,2025-05-03,30,0.1241768319336094,0.11489171871198511,0.009285113221624286
rolling_30d,30d,uncapped,7,2025-04-05,2025-05-04,30,0.119713348336836,0.09946583015182386,0.020247518185012137
rolling_30d,30d,uncapped,7,2025-04-06,2025-05-05,30,0.10881228399973586,0.09405161646147264,0.014760667538263217
rolling_30d,30d,uncapped,7,2025-04-07,2025-05-06,30,0.1650693786874049,0.16988679887650093,-0.004817420189096033
rolling_30d,30d,uncapped,7,2025-04-08,2025-05-07,30,0.1545120906975468,0.1672017008156832,-0.012689610118136407
rolling_30d,30d,uncapped,7,2025-04-09,2025-05-08,30,0.23306983802026449,0.26301692549293887,-0.029947087472674383
rolling_30d,30d,uncapped,7,2025-04-10,2025-05-09,30,0.15137625356636675,0.1826665130593641,-0.03129025949299735
rolling_30d,30d,uncapped,7,2025-04-11,2025-05-10,30,0.207157010244561,0.2292768959435627,-0.022119885699001696
rolling_30d,30d,uncapped,7,2025-04-12,2025-05-11,30,0.18984127864823308,0.19649466221440104,-0.0066533835661679586
rolling_30d,30d,uncapped,7,2025-04-13,2025-05-12,30,0.17312088790061608,0.17165011805038888,0.0014707698502272049
rolling_30d,30d,uncapped,7,2025-04-14,2025-05-13,30,0.19370015719429734,0.1994243421052626,-0.005724184910965269
rolling_30d,30d,uncapped,7,2025-04-15,2025-05-14,30,0.18307729360134295,0.18623574020732936,-0.003158446605986409
rolling_30d,30d,uncapped,7,2025-04-16,2025-05-15,30,0.14442792069837718,0.1966051430771678,-0.05217722237879063
rolling_30d,30d,uncapped,7,2025-04-17,2025-05-16,30,0.14141747299805552,0.20300159274889085,-0.06158411975083533
rolling_30d,30d,uncapped,7,2025-04-18,2025-05-17,30,0.1466785090339331,0.19425983841543037,-0.047581329381497284
rolling_30d,30d,uncapped,7,2025-04-19,2025-05-18,30,0.18184036120129532,0.23183011721977853,-0.04998975601848321
rolling_30d,30d,uncapped,7,2025-04-20,2025-05-19,30,0.15785031334813082,0.20953784283236931,-0.05168752948423849
rolling_30d,30d,uncapped,7,2025-04-21,2025-05-20,30,0.17513614712788672,0.2241325974047108,-0.04899645027682409
rolling_30d,30d,uncapped,7,2025-04-22,2025-05-21,30,0.1646997747386647,0.20775506970848978,-0.043055294969825075
rolling_30d,30d,uncapped,7,2025-04-23,2025-05-22,30,0.12720483905217583,0.15443045523328092,-0.027225616181105083
rolling_30d,30d,uncapped,7,2025-04-24,2025-05-23,30,0.08597378771956032,0.11570426416049506,-0.02973047644093474
rolling_30d,30d,uncapped,7,2025-04-25,2025-05-24,30,0.07346978027761564,0.11793538804307158,-0.04446560776545594
rolling_30d,30d,uncapped,7,2025-04-26,2025-05-25,30,0.06137956485333396,0.11585763362412549,-0.05447806877079153
rolling_30d,30d,uncapped,7,2025-04-27,2025-05-26,30,0.06652324053405856,0.11491601868528911,-0.04839277815123055
rolling_30d,30d,uncapped,7,2025-04-28,2025-05-27,30,0.07727635433365121,0.11909166247372793,-0.041815308140076723
rolling_30d,30d,uncapped,7,2025-04-29,2025-05-28,30,0.055984396166829375,0.09845888534077463,-0.04247448917394525
rolling_30d,30d,uncapped,7,2025-04-30,2025-05-29,30,0.0381704733775321,0.08088602024350755,-0.04271554686597545
rolling_30d,30d,uncapped,7,2025-05-01,2025-05-30,30,0.027924204875288572,0.0814947063707181,-0.05357050149542952
rolling_30d,30d,uncapped,7,2025-05-02,2025-05-31,30,0.017778031453717702,0.06130400154981808,-0.043525970096100375
rolling_30d,30d,uncapped,7,2025-05-03,2025-06-01,30,0.02477731703001962,0.07539848539487459,-0.050621168364854974
rolling_30d,30d,uncapped,7,2025-05-04,2025-06-02,30,0.046046325833232205,0.07722527372593846,-0.031178947892706255
rolling_30d,30d,uncapped,7,2025-05-05,2025-06-03,30,0.04636341371017938,0.08562370982010625,-0.03926029610992687
rolling_30d,30d,uncapped,7,2025-05-06,2025-06-04,30,0.04133896929003744,0.07655867744087042,-0.03521970815083297
rolling_30d,30d,uncapped,7,2025-05-07,2025-06-05,30,0.007330496112357476,0.03067297198981067,-0.023342475877453195
rolling_30d,30d,uncapped,7,2025-05-08,2025-06-06,30,0.023586305893329884,0.05393284518979824,-0.030346539296468356
rolling_30d,30d,uncapped,7,2025-05-09,2025-06-07,30,-0.016464796270974746,0.012309435161321103,-0.02877423143229585
rolling_30d,30d,uncapped,7,2025-05-10,2025-06-08,30,-0.022217260387754956,0.013762872251594338,-0.035980132639349294
rolling_30d,30d,uncapped,7,2025-05-11,2025-06-09,30,-0.0070091062945834,0.038102858404143625,-0.045111964698727025
rolling_30d,30d,uncapped,7,2025-05-12,2025-06-10,30,-0.005165877812006392,0.03551076802517872,-0.04067664583718511
rolling_30d,30d,uncapped,7,2025-05-13,2025-06-11,30,-0.013745670214662775,0.032697284427724904,-0.04644295464238768
rolling_30d,30d,uncapped,7,2025-05-14,2025-06-12,30,-0.047088021676535474,-0.0023380185121750774,-0.0447500031643604
rolling_30d,30d,uncapped,7,2025-05-15,2025-06-13,30,-0.034763686690522766,0.009774601127672033,-0.0445382878181948
rolling_30d,30d,uncapped,7,2025-05-16,2025-06-14,30,-0.024802231917780748,0.0023071762080120184,-0.027109408125792767
rolling_30d,30d,uncapped,7,2025-05-17,2025-06-15,30,-0.03534212218607968,-0.004217623935361403,-0.03112449825071828
rolling_30d,30d,uncapped,7,2025-05-18,2025-06-16,30,-0.030121710246708178,-0.0003068823481349181,-0.02981482789857326
rolling_30d,30d,uncapped,7,2025-05-19,2025-06-17,30,-0.06099650753332175,-0.03395975828408804,-0.027036749249233716
rolling_30d,30d,uncapped,7,2025-05-20,2025-06-18,30,-0.04615109583182009,-0.021208001292271184,-0.024943094539548905
rolling_30d,30d,uncapped,7,2025-05-21,2025-06-19,30,-0.05623667681898692,-0.03585156613686691,-0.02038511068212001
rolling_30d,30d,uncapped,7,2025-05-22,2025-06-20,30,-0.06762411139552749,-0.055539887319882686,-0.0120842240756448
rolling_30d,30d,uncapped,7,2025-05-23,2025-06-21,30,-0.09605964023674163,-0.07696877340703456,-0.019090866829707065
rolling_30d,30d,uncapped,7,2025-05-24,2025-06-22,30,-0.08527323301434997,-0.05959190756846944,-0.025681325445880532
rolling_30d,30d,uncapped,7,2025-05-25,2025-06-23,30,-0.05318204204257293,-0.028944396465822808,-0.024237645576750122
rolling_30d,30d,uncapped,7,2025-05-26,2025-06-24,30,-0.06312121829571005,-0.044033661988474915,-0.019087556307235132
rolling_30d,30d,uncapped,7,2025-05-27,2025-06-25,30,-0.046058712189335105,-0.03194919650890582,-0.014109515680429285
rolling_30d,30d,uncapped,7,2025-05-28,2025-06-26,30,-0.05470233304095673,-0.02937656618819129,-0.02532576685276544
rolling_30d,30d,uncapped,7,2025-05-29,2025-06-27,30,-0.04863046503382451,-0.02247826347265769,-0.02615220156116682
rolling_30d,30d,uncapped,7,2025-05-30,2025-06-28,30,-0.029042325977568506,-0.0013164323326653182,-0.027725893644903188
rolling_30d,30d,uncapped,7,2025-05-31,2025-06-29,30,-0.013531005761620918,0.005631831737981097,-0.019162837499602015
rolling_30d,30d,uncapped,7,2025-06-01,2025-06-30,30,-0.03354021979090671,-0.015502146503063918,-0.018038073287842793
rolling_30d,30d,uncapped,7,2025-06-02,2025-07-01,30,-0.04203425098110447,-0.026927513681727855,-0.015106737299376616
rolling_30d,30d,uncapped,7,2025-06-03,2025-07-02,30,-0.023722245916672935,-0.00409265887755772,-0.019629587039115215
rolling_30d,30d,uncapped,7,2025-06-04,2025-07-03,30,-0.006283324285415448,0.011008189930325152,-0.0172915142157406
rolling_30d,30d,uncapped,7,2025-06-05,2025-07-04,30,-0.005072409761178509,0.017766514939708822,-0.02283892470088733
rolling_30d,30d,uncapped,7,2025-06-06,2025-07-05,30,0.028250688519119826,0.04613668770205703,-0.017885999182937207
rolling_30d,30d,uncapped,7,2025-06-07,2025-07-06,30,0.00943542025101407,0.021551575743803175,-0.012116155492789105
rolling_30d,30d,uncapped,7,2025-06-08,2025-07-07,30,-0.0029283513927097493,0.010583490846061805,-0.013511842238771554
rolling_30d,30d,uncapped,7,2025-06-09,2025-07-08,30,0.004003724485706517,0.01788631278397701,-0.013882588298270493
rolling_30d,30d,uncapped,7,2025-06-10,2025-07-09,30,-0.008661807837022417,0.002930232558140844,-0.011592040395163261
rolling_30d,30d,uncapped,7,2025-06-11,2025-07-10,30,0.021772172846249216,0.0391455294968901,-0.01737335665064088
rolling_30d,30d,uncapped,7,2025-06-12,2025-07-11,30,0.040143560680189205,0.05720280935292643,-0.017059248672737226
rolling_30d,30d,uncapped,7,2025-06-13,2025-07-12,30,0.09075038446715444,0.09780151055948494,-0.007051126092330495
rolling_30d,30d,uncapped,7,2025-06-14,2025-07-13,30,0.09217007190691162,0.09820597645556339,-0.0060359045486517715
rolling_30d,30d,uncapped,7,2025-06-15,2025-07-14,30,0.10862476087241335,0.11917105523793614,-0.01054629436552279
rolling_30d,30d,uncapped,7,2025-06-16,2025-07-15,30,0.10107904804181178,0.1021931327530643,-0.0011140847112525165
rolling_30d,30d,uncapped,7,2025-06-17,2025-07-16,30,0.10012710071597763,0.09965823277009012,0.0004688679458875189
rolling_30d,30d,uncapped,7,2025-06-18,2025-07-17,30,0.11840571151845825,0.11608100305205094,0.0023247084664073103
rolling_30d,30d,uncapped,7,2025-06-19,2025-07-18,30,0.11403357847572004,0.10800756403644685,0.006026014439273197
rolling_30d,30d,uncapped,7,2025-06-20,2025-07-19,30,0.11925847294709913,0.11351299153670658,0.00574548141039255
rolling_30d,30d,uncapped,7,2025-06-21,2025-07-20,30,0.12694871348748493,0.11063965721984514,0.016309056267639788
rolling_30d,30d,uncapped,7,2025-06-22,2025-07-21,30,0.15288635378362248,0.11971486134818865,0.033171492435433825
rolling_30d,30d,uncapped,7,2025-06-23,2025-07-22,30,0.20610545762144117,0.15360101071041,0.05250444691103118
rolling_30d,30d,uncapped,7,2025-06-24,2025-07-23,30,0.14804366637542454,0.1082689689614349,0.039774697413989646
rolling_30d,30d,uncapped,7,2025-06-25,2025-07-24,30,0.1335028158465259,0.10587790977134004,0.027624906075185862
rolling_30d,30d,uncapped,7,2025-06-26,2025-07-25,30,0.0970942230585019,0.08677955063497711,0.010314672423524796
rolling_30d,30d,uncapped,7,2025-06-27,2025-07-26,30,0.1212103482219602,0.09643732970027896,0.024773018521681234
rolling_30d,30d,uncapped,7,2025-06-28,2025-07-27,30,0.1332763782536197,0.10644871515680032,0.026827663096819387
rolling_30d,30d,uncapped,7,2025-06-29,2025-07-28,30,0.12938448905581268,0.1040197317460978,0.02536475730971488
rolling_30d,30d,uncapped,7,2025-06-30,2025-07-29,30,0.12510328574102947,0.10289945145513402,0.022203834285895452
rolling_30d,30d,uncapped,7,2025-07-01,2025-07-30,30,0.144129969914488,0.12016728241612085,0.023962687498367163
rolling_30d,30d,uncapped,7,2025-07-02,2025-07-31,30,0.1334088814828016,0.11044255594842012,0.022966325534381493
rolling_30d,30d,uncapped,7,2025-07-03,2025-08-01,30,0.06955155814331127,0.07165138610101773,-0.0020998279577064682
rolling_30d,30d,uncapped,7,2025-07-04,2025-08-02,30,0.06038626178093698,0.05724265323257649,0.003143608548360488
rolling_30d,30d,uncapped,7,2025-07-05,2025-08-03,30,0.09632321452276149,0.0846228272563061,0.011700387266455392
rolling_30d,30d,uncapped,7,2025-07-06,2025-08-04,30,0.09921981897595655,0.08196920419427878,0.017250614781677776
rolling_30d,30d,uncapped,7,2025-07-07,2025-08-05,30,0.09453437739281023,0.07844947864360075,0.016084898749209486
rolling_30d,30d,uncapped,7,2025-07-08,2025-08-06,30,0.09609256382148779,0.08035111411209206,0.015741449709395727
rolling_30d,30d,uncapped,7,2025-07-09,2025-08-07,30,0.11061884686176571,0.09152821232064201,0.019090634541123697
rolling_30d,30d,uncapped,7,2025-07-10,2025-08-08,30,0.0809077336091677,0.060063203503356144,0.020844530105811554
rolling_30d,30d,uncapped,7,2025-07-11,2025-08-09,30,0.046207258403410334,0.02300370512329364,0.023203553280116695
rolling_30d,30d,uncapped,7,2025-07-12,2025-08-10,30,0.056762754568024265,0.035757855413617756,0.02100489915440651
rolling_30d,30d,uncapped,7,2025-07-13,2025-08-11,30,0.035941068618833505,0.02851508701640615,0.007425981602427356
rolling_30d,30d,uncapped,7,2025-07-14,2025-08-12,30,0.029584147213520318,0.01652769874063198,0.013056448472888338
rolling_30d,30d,uncapped,7,2025-07-15,2025-08-13,30,0.039814396587216416,0.026072627403116888,0.013741769184099528
rolling_30d,30d,uncapped,7,2025-07-16,2025-08-14,30,0.032253929829917594,0.02342977596210094,0.008824153867816653
rolling_30d,30d,uncapped,7,2025-07-17,2025-08-15,30,0.025207795395718824,0.016172456575686223,0.009035338820032601
rolling_30d,30d,uncapped,7,2025-07-18,2025-08-16,30,0.015040207124467964,0.00426821381719189,0.010771993307276073
rolling_30d,30d,uncapped,7,2025-07-19,2025-08-17,30,0.019254403981105783,0.012641809199913645,0.006612594781192138
rolling_30d,30d,uncapped,7,2025-07-20,2025-08-18,30,0.0038466239587306994,0.00047696920142037413,0.0033696547573103253
rolling_30d,30d,uncapped,7,2025-07-21,2025-08-19,30,-0.025455277582541624,-0.016619667231491775,-0.00883561035104985
rolling_30d,30d,uncapped,7,2025-07-22,2025-08-20,30,-0.023509074723161882,-0.005060570657434038,-0.018448504065727844
rolling_30d,30d,uncapped,7,2025-07-23,2025-08-21,30,-0.05559163038012305,-0.029114266729006855,-0.026477363651116193
rolling_30d,30d,uncapped,7,2025-07-24,2025-08-22,30,-0.025179053057432066,-0.005222254458351561,-0.019956798599080505
rolling_30d,30d,uncapped,7,2025-07-25,2025-08-23,30,-0.020536183783688267,-0.008283193313830317,-0.01225299046985795
rolling_30d,30d,uncapped,7,2025-07-26,2025-08-24,30,-0.01730345360459762,-0.01622347066166885,-0.00107998294292877
rolling_30d,30d,uncapped,7,2025-07-27,2025-08-25,30,-0.034224710986798246,-0.03188429207800236,-0.0023404189087958827
rolling_30d,30d,uncapped,7,2025-07-28,2025-08-26,30,-0.03648264075070773,-0.0364299509182755,-5.268983243222891e-05
rolling_30d,30d,uncapped,7,2025-07-29,2025-08-27,30,-0.044595467109126874,-0.042305964316259215,-0.0022895027928676592
rolling_30d,30d,uncapped,7,2025-07-30,2025-08-28,30,-0.04044444540128911,-0.04033443586915486,-0.00011000953213424758
rolling_30d,30d,uncapped,7,2025-07-31,2025-08-29,30,-0.06689426156835532,-0.06756334254938623,0.0006690809810309117
rolling_30d,30d,uncapped,7,2025-08-01,2025-08-30,30,-0.058216086544393364,-0.05804621600987159,-0.00016987053452177658
rolling_30d,30d,uncapped,7,2025-08-02,2025-08-31,30,-0.04318084929905397,-0.0457318230715591,0.0025509737725051274
rolling_30d,30d,uncapped,7,2025-08-03,2025-09-01,30,-0.033909819912192884,-0.031144176826737646,-0.0027656430854552383
rolling_30d,30d,uncapped,7,2025-08-04,2025-09-02,30,-0.03576334410760251,-0.03311208703462476,-0.002651257072977753
rolling_30d,30d,uncapped,7,2025-08-05,2025-09-03,30,-0.03961213823481402,-0.033913314624251734,-0.005698823610562287
rolling_30d,30d,uncapped,7,2025-08-06,2025-09-04,30,-0.03668173686554288,-0.028274646566913253,-0.008407090298629627
rolling_30d,30d,uncapped,7,2025-08-07,2025-09-05,30,-0.03624832143514589,-0.03148124999999491,-0.004767071435150982
rolling_30d,30d,uncapped,7,2025-08-08,2025-09-06,30,-0.056459889308762445,-0.046658594744183546,-0.0098012945645789
rolling_30d,30d,uncapped,7,2025-08-09,2025-09-07,30,-0.042787309270118756,-0.031186135606557475,-0.011601173663561282
rolling_30d,30d,uncapped,7,2025-08-10,2025-09-08,30,-0.036557265650086324,-0.025427591934600202,-0.011129673715486121
rolling_30d,30d,uncapped,7,2025-08-11,2025-09-09,30,-0.056367624848864595,-0.05162333699499211,-0.004744287853872486
rolling_30d,30d,uncapped,7,2025-08-12,2025-09-10,30,-0.041703287821741375,-0.03420676222647612,-0.007496525595265258
rolling_30d,30d,uncapped,7,2025-08-13,2025-09-11,30,-0.03392670111958873,-0.02281854691492624,-0.01110815420466249
rolling_30d,30d,uncapped,7,2025-08-14,2025-09-12,30,-0.040528144391202225,-0.04195762600967956,0.0014294816184773351
rolling_30d,30d,uncapped,7,2025-08-15,2025-09-13,30,-0.021686968278475716,-0.02423612756623872,0.002549159287763003
rolling_30d,30d,uncapped,7,2025-08-16,2025-09-14,30,-0.018312151003769706,-0.02165353128986902,0.003341380286099316
rolling_30d,30d,uncapped,7,2025-08-17,2025-09-15,30,-0.02252656315357071,-0.014921254047687404,-0.007605309105883307
rolling_30d,30d,uncapped,7,2025-08-18,2025-09-16,30,-0.014368324238112296,-0.005338023766764288,-0.009030300471348007
rolling_30d,30d,uncapped,7,2025-08-19,2025-09-17,30,-0.005394470878846258,-0.0005758050435550333,-0.004818665835291225
rolling_30d,30d,uncapped,7,2025-08-20,2025-09-18,30,0.027445907808147485,0.033120751813727534,-0.005674844005580049
rolling_30d,30d,uncapped,7,2025-08-21,2025-09-19,30,0.008606844875402642,0.018222805508284035,-0.009615960632881393
rolling_30d,30d,uncapped,7,2025-08-22,2025-09-20,30,0.02018802583067192,0.027705956907475793,-0.007517931076803874
rolling_30d,30d,uncapped,7,2025-08-23,2025-09-21,30,-0.007891429836654695,0.002004306466523831,-0.009895736303178526
rolling_30d,30d,uncapped,7,2025-08-24,2025-09-22,30,-0.019417605172397878,0.006292458441597981,-0.02571006361399586
rolling_30d,30d,uncapped,7,2025-08-25,2025-09-23,30,-0.010670828266265975,0.012861593517805137,-0.02353242178407111
rolling_30d,30d,uncapped,7,2025-08-26,2025-09-24,30,0.00450957428119958,0.031535376223322586,-0.027025801942123007
rolling_30d,30d,uncapped,7,2025-08-27,2025-09-25,30,-0.015519889809847753,0.009491711508133882,-0.025011601317981635
rolling_30d,30d,uncapped,7,2025-08-28,2025-09-26,30,-0.011928758336744227,0.0161944360544648,-0.028123194391209028
rolling_30d,30d,uncapped,7,2025-08-29,2025-09-27,30,-0.018548158867736975,0.007761289293119811,-0.026309448160856785
rolling_30d,30d,uncapped,7,2025-08-30,2025-09-28,30,0.024958559170634942,0.05702169625246101,-0.032063137081826065
rolling_30d,30d,uncapped,7,2025-08-31,2025-09-29,30,0.036221829041861,0.07411653850461497,-0.03789470946275397
rolling_30d,30d,uncapped,7,2025-09-01,2025-09-30,30,0.04060054201309837,0.07973979297493305,-0.03913925096183468
rolling_30d,30d,uncapped,7,2025-09-02,2025-10-01,30,0.07123443477957414,0.1049542607954288,-0.03371982601585466
rolling_30d,30d,uncapped,7,2025-09-03,2025-10-02,30,0.06729323691181821,0.10168004335595149,-0.03438680644413328
rolling_30d,30d,uncapped,7,2025-09-04,2025-10-03,30,0.08255058364564105,0.1199067857880538,-0.03735620214241275
rolling_30d,30d,uncapped,7,2025-09-05,2025-10-04,30,0.08576264151875646,0.12549042308236058,-0.039727781563604125
rolling_30d,30d,uncapped,7,2025-09-06,2025-10-05,30,0.09464120338258497,0.14240818776094333,-0.04776698437835836
rolling_30d,30d,uncapped,7,2025-09-07,2025-10-06,30,0.10769061560696902,0.1514790215454349,-0.04378840593846589
rolling_30d,30d,uncapped,7,2025-09-08,2025-10-07,30,0.08511123883533833,0.13297251269215038,-0.04786127385681205
rolling_30d,30d,uncapped,7,2025-09-09,2025-10-08,30,0.08749492246091917,0.14079669889599522,-0.053301776435076054
rolling_30d,30d,uncapped,7,2025-09-10,2025-10-09,30,0.09323102869964983,0.14460653406348478,-0.05137550536383495
rolling_30d,30d,uncapped,7,2025-09-11,2025-10-10,30,0.01139354306087137,0.08366157239640026,-0.0722680293355289
rolling_30d,30d,uncapped,7,2025-09-12,2025-10-11,30,-0.009528408512546327,0.06103742449716232,-0.07056583300970865
rolling_30d,30d,uncapped,7,2025-09-13,2025-10-12,30,0.00309160253845131,0.07922740705788534,-0.07613580451943402
rolling_30d,30d,uncapped,7,2025-09-14,2025-10-13,30,0.0015606805390717682,0.06908468244084354,-0.06752400190177177
rolling_30d,30d,uncapped,7,2025-09-15,2025-10-14,30,-0.004567714501736764,0.06133782603269311,-0.06590554053442987
rolling_30d,30d,uncapped,7,2025-09-16,2025-10-15,30,-0.008645403474971669,0.049911905517886046,-0.058557308992857715
rolling_30d,30d,uncapped,7,2025-09-17,2025-10-16,30,-0.03867330825785442,0.01849683914773581,-0.05717014740559023
rolling_30d,30d,uncapped,7,2025-09-18,2025-10-17,30,-0.048929318832630186,0.013746747614915122,-0.06267606644754531
rolling_30d,30d,uncapped,7,2025-09-19,2025-10-18,30,-0.0531106707496839,0.007243879322011093,-0.06035455007169499
rolling_30d,30d,uncapped,7,2025-09-20,2025-10-19,30,-0.04039186758336888,0.01678044809531687,-0.05717231567868575
rolling_30d,30d,uncapped,7,2025-09-21,2025-10-20,30,-0.03678967302305558,0.02336408257898559,-0.06015375560204117
rolling_30d,30d,uncapped,7,2025-09-22,2025-10-21,30,-0.04754405642616211,0.01006341499665031,-0.05760747142281242
rolling_30d,30d,uncapped,7,2025-09-23,2025-10-22,30,-0.030253807627971918,0.014441264310599333,-0.04469507193857125
rolling_30d,30d,uncapped,7,2025-09-24,2025-10-23,30,-0.011110648339514695,0.038050968501762705,-0.0491616168412774
rolling_30d,30d,uncapped,7,2025-09-25,2025-10-24,30,-0.014975074620935724,0.03146093978436837,-0.046436014405304094
rolling_30d,30d,uncapped,7,2025-09-26,2025-10-25,30,-0.0019100101920269674,0.051723047739488104,-0.05363305793151507
rolling_30d,30d,uncapped,7,2025-09-27,2025-10-26,30,0.020955628443644736,0.07240923549759914,-0.05145360705395441
rolling_30d,30d,uncapped,7,2025-09-28,2025-10-27,30,0.016781659125943538,0.06972531683249517,-0.05294365770655163
rolling_30d,30d,uncapped,7,2025-09-29,2025-10-28,30,-0.003283944307521991,0.04557357267700124,-0.04885751698452323
rolling_30d,30d,uncapped,7,2025-09-30,2025-10-29,30,-0.028203340462715443,0.008324693728562593,-0.036528034191278036
rolling_30d,30d,uncapped,7,2025-10-01,2025-10-30,30,-0.0362230553294316,0.008782273319079659,-0.045005328648511256
rolling_30d,30d,uncapped,7,2025-10-02,2025-10-31,30,-0.06474730787716776,-0.02474777448071752,-0.03999953339645024
rolling_30d,30d,uncapped,7,2025-10-03,2025-11-01,30,-0.07792487952396532,-0.03957694019536917,-0.03834793932859615
rolling_30d,30d,uncapped,7,2025-10-04,2025-11-02,30,-0.09455865472152303,-0.05464386380536057,-0.03991479091616246
rolling_30d,30d,uncapped,7,2025-10-05,2025-11-03,30,-0.148285331011057,-0.09413734577601929,-0.05414798523503772
rolling_30d,30d,uncapped,7,2025-10-06,2025-11-04,30,-0.1854743367490408,-0.13489727787788663,-0.05057705887115416
rolling_30d,30d,uncapped,7,2025-10-07,2025-11-05,30,-0.17756677480393102,-0.12211455132750548,-0.05545222347642553
rolling_30d,30d,uncapped,7,2025-10-08,2025-11-06,30,-0.1667370648744485,-0.13792062859420662,-0.028816436280241886
rolling_30d,30d,uncapped,7,2025-10-09,2025-11-07,30,-0.14703670262356872,-0.1352145268277889,-0.011822175795779821
rolling_30d,30d,uncapped,7,2025-10-10,2025-11-08,30,-0.15925798803641966,-0.14239935234690082,-0.01685863568951884
rolling_30d,30d,uncapped,7,2025-10-11,2025-11-09,30,-0.09018895871677257,-0.09653969177086541,0.006350733054092839
rolling_30d,30d,uncapped,7,2025-10-12,2025-11-10,30,-0.07172766184783463,-0.07874782853655238,0.007020166688717744
rolling_30d,30d,uncapped,7,2025-10-13,2025-11-11,30,-0.10282747332485376,-0.11131054081885206,0.008483067493998298
rolling_30d,30d,uncapped,7,2025-10-14,2025-11-12,30,-0.10521232135687164,-0.10713183261015158,0.0019195112532799374
rolling_30d,30d,uncapped,7,2025-10-15,2025-11-13,30,-0.11777488026969474,-0.11082368158033695,-0.006951198689357785
rolling_30d,30d,uncapped,7,2025-10-16,2025-11-14,30,-0.1482522094912022,-0.14667338709677324,-0.0015788223944289692
rolling_30d,30d,uncapped,7,2025-10-17,2025-11-15,30,-0.1268757479379592,-0.1272534785238968,0.0003777305859375968
rolling_30d,30d,uncapped,7,2025-10-18,2025-11-16,30,-0.14152500108620802,-0.1424721490598202,0.0009471479736121724
rolling_30d,30d,uncapped,7,2025-10-19,2025-11-17,30,-0.1564186890259821,-0.15812757013057532,0.0017088811045932184
rolling_30d,30d,uncapped,7,2025-10-20,2025-11-18,30,-0.1625844739186556,-0.16464087727598098,0.002056403357325376
rolling_30d,30d,uncapped,7,2025-10-21,2025-11-19,30,-0.17528800627897945,-0.1769873645012957,0.0016993582223162607
rolling_30d,30d,uncapped,7,2025-10-22,2025-11-20,30,-0.19648482614433138,-0.20211402750442542,0.005629201360094038
rolling_30d,30d,uncapped,7,2025-10-23,2025-11-21,30,-0.20980685544547695,-0.2145779282511735,0.004771072805696552
rolling_30d,30d,uncapped,7,2025-10-24,2025-11-22,30,-0.2201040809282402,-0.23159044549854124,0.011486364570301055
rolling_30d,30d,uncapped,7,2025-10-25,2025-11-23,30,-0.1967099089841421,-0.20431132234794291,0.007601413363800824
rolling_30d,30d,uncapped,7,2025-10-26,2025-11-24,30,-0.19297276092221172,-0.20337882522695716,0.010406064304745444
rolling_30d,30d,uncapped,7,2025-10-27,2025-11-25,30,-0.20371940106909092,-0.2292500840316266,0.02553068296253569
rolling_30d,30d,uncapped,7,2025-10-28,2025-11-26,30,-0.18320798704140473,-0.19808170515097456,0.014873718109569833
rolling_30d,30d,uncapped,7,2025-10-29,2025-11-27,30,-0.16602370224839458,-0.18507436049969916,0.019050658251304586
rolling_30d,30d,uncapped,7,2025-10-30,2025-11-28,30,-0.15605510438495607,-0.17077132740347079,0.014716223018514718
rolling_30d,30d,uncapped,7,2025-10-31,2025-11-29,30,-0.12985643322494178,-0.1720525027700247,0.042196069545082926
rolling_30d,30d,uncapped,7,2025-11-01,2025-11-30,30,-0.15202632950981465,-0.1736140692508905,0.021587739741075862
rolling_30d,30d,uncapped,7,2025-11-02,2025-12-01,30,-0.200235532797449,-0.2123318577055765,0.01209632490812751
rolling_30d,30d,uncapped,7,2025-11-03,2025-12-02,30,-0.16084331662431328,-0.17113293944770036,0.010289622823387079
rolling_30d,30d,uncapped,7,2025-11-04,2025-12-03,30,-0.09663540200925069,-0.12381715410431404,0.02718175209506335
rolling_30d,30d,uncapped,7,2025-11-05,2025-12-04,30,-0.07579215822387331,-0.10270976167155588,0.02691760344768257
rolling_30d,30d,uncapped,7,2025-11-06,2025-12-05,30,-0.10902802306195569,-0.14298534634170645,0.03395732327975076
rolling_30d,30d,uncapped,7,2025-11-07,2025-12-06,30,-0.10381553251992193,-0.11757052183848171,0.013754989318559785
rolling_30d,30d,uncapped,7,2025-11-08,2025-12-07,30,-0.13457333551564554,-0.12262208626411253,-0.011951249251533014
rolling_30d,30d,uncapped,7,2025-11-09,2025-12-08,30,-0.12695545460772373,-0.11500943989930434,-0.011946014708419384
rolling_30d,30d,uncapped,7,2025-11-10,2025-12-09,30,-0.13298427842164118,-0.11736723527517834,-0.015617043146462839
rolling_30d,30d,uncapped,7,2025-11-11,2025-12-10,30,-0.14508163382890282,-0.12916151719392543,-0.015920116634977388
rolling_30d,30d,uncapped,7,2025-11-12,2025-12-11,30,-0.14713388233827862,-0.10959347488347693,-0.037540407454801694
rolling_30d,30d,uncapped,7,2025-11-13,2025-12-12,30,-0.15599031518297946,-0.12055368197206673,-0.03543663321091273
rolling_30d,30d,uncapped,7,2025-11-14,2025-12-13,30,-0.12428154570698391,-0.10907828616768012,-0.015203259539303793
rolling_30d,30d,uncapped,7,2025-11-15,2025-12-14,30,-0.10399546881558142,-0.08397901393280294,-0.02001645488277848
rolling_30d,30d,uncapped,7,2025-11-16,2025-12-15,30,-0.14115820881118435,-0.1051190517450511,-0.036039157066133254
rolling_30d,30d,uncapped,7,2025-11-17,2025-12-16,30,-0.11481324160760098,-0.06985925530019454,-0.044953986307406435
rolling_30d,30d,uncapped,7,2025-11-18,2025-12-17,30,-0.11311694424466245,-0.06605457976483875,-0.047062364479823704
rolling_30d,30d,uncapped,7,2025-11-19,2025-12-18,30,-0.12999237972536315,-0.0762076251188899,-0.05378475460647325
rolling_30d,30d,uncapped,7,2025-11-20,2025-12-19,30,-0.0919725909958663,-0.038985855272787084,-0.052986735723079215
rolling_30d,30d,uncapped,7,2025-11-21,2025-12-20,30,-0.046861778925424535,0.011326612159589633,-0.05818839108501417
rolling_30d,30d,uncapped,7,2025-11-22,2025-12-21,30,-0.03379970057584447,0.030978634347477385,-0.06477833492332186
rolling_30d,30d,uncapped,7,2025-11-23,2025-12-22,30,-0.03109266171780034,0.037399765956947606,-0.06849242767474795
rolling_30d,30d,uncapped,7,2025-11-24,2025-12-23,30,-0.06516388928829608,-0.011309713315441838,-0.053854175972854246
rolling_30d,30d,uncapped,7,2025-11-25,2025-12-24,30,-0.07947728473626126,-0.02479207861013344,-0.05468520612612782
rolling_30d,30d,uncapped,7,2025-11-26,2025-12-25,30,-0.09139353104761128,-0.01674789408047528,-0.074645636967136
rolling_30d,30d,uncapped,7,2025-11-27,2025-12-26,30,-0.10975153804282001,-0.053845131567289206,-0.0559064064755308
rolling_30d,30d,uncapped,7,2025-11-28,2025-12-27,30,-0.11525244522891542,-0.06293936009460566,-0.05231308513430977
rolling_30d,30d,uncapped,7,2025-11-29,2025-12-28,30,-0.11018091982451705,-0.06137332443120613,-0.04880759539331092
rolling_30d,30d,uncapped,7,2025-11-30,2025-12-29,30,-0.13048350898969618,-0.06505290557879939,-0.06543060341089679
rolling_30d,30d,uncapped,7,2025-12-01,2025-12-30,30,-0.1030622932767854,-0.05374815905743735,-0.04931413421934805
rolling_30d,30d,uncapped,7,2025-12-02,2025-12-31,30,-0.06404639416383517,-0.00887161701863659,-0.055174777145198584
rolling_30d,30d,uncapped,7,2025-12-03,2026-01-01,30,-0.0927198350242312,-0.05247903486832195,-0.04024080015590925
rolling_30d,30d,uncapped,7,2025-12-04,2026-01-02,30,-0.09183212001814567,-0.06288474969219893,-0.028947370325946742
rolling_30d,30d,uncapped,7,2025-12-05,2026-01-03,30,-0.07436867132473546,-0.04613593363411583,-0.028232737690619625
rolling_30d,30d,uncapped,7,2025-12-06,2026-01-04,30,-0.04452298478145367,-0.009042903303014382,-0.035480081478439285
rolling_30d,30d,uncapped,7,2025-12-07,2026-01-05,30,-0.023542794185940297,0.019258117150426468,-0.042800911336366765
rolling_30d,30d,uncapped,7,2025-12-08,2026-01-06,30,-0.017689727568227398,0.00776525105671233,-0.025454978624939728
rolling_30d,30d,uncapped,7,2025-12-09,2026-01-07,30,-0.018487553670816337,-0.015111111111107856,-0.0033764425597084813
rolling_30d,30d,uncapped,7,2025-12-10,2026-01-08,30,-0.029322598769390584,-0.028566844373783207,-0.0007557543956073776
rolling_30d,30d,uncapped,7,2025-12-11,2026-01-09,30,-0.023640224534957066,-0.023036013430967506,-0.0006042111039895603
rolling_30d,30d,uncapped,7,2025-12-12,2026-01-10,30,-0.011902894849828316,-0.029218466012358335,0.01731557116253002
rolling_30d,30d,uncapped,7,2025-12-13,2026-01-11,30,-0.01118515871810044,-0.007639816051026815,-0.0035453426670736254
rolling_30d,30d,uncapped,7,2025-12-14,2026-01-12,30,-0.028554244047496735,-0.0010538580853881596,-0.027500385962108576
rolling_30d,30d,uncapped,7,2025-12-15,2026-01-13,30,0.028784753506148064,0.062023972083146806,-0.03323921857699874
rolling_30d,30d,uncapped,7,2025-12-16,2026-01-14,30,0.07942468860704333,0.10015491866770665,-0.020730230060663324
rolling_30d,30d,uncapped,7,2025-12-17,2026-01-15,30,0.05865786011785734,0.07954214615160904,-0.020884286033751698
rolling_30d,30d,uncapped,7,2025-12-18,2026-01-16,30,0.07758836903750477,0.09574988925932315,-0.018161520221818384
rolling_30d,30d,uncapped,7,2025-12-19,2026-01-17,30,0.09558468285692445,0.10427326243977686,-0.008688579582852407
rolling_30d,30d,uncapped,7,2025-12-20,2026-01-18,30,0.04323947459514299,0.055925889245254545,-0.012686414650111555
rolling_30d,30d,uncapped,7,2025-12-21,2026-01-19,30,0.02034507469393243,0.041326646911328035,-0.020981572217395605
rolling_30d,30d,uncapped,7,2025-12-22,2026-01-20,30,-0.0056654295879692285,-0.0013255266127856213,-0.004339902975183607
rolling_30d,30d,uncapped,7,2025-12-23,2026-01-21,30,-0.00363549405504926,0.0031342503917839437,-0.0067697444468332035
rolling_30d,30d,uncapped,7,2025-12-24,2026-01-22,30,0.002053785926815932,0.018906693245423378,-0.016852907318607446
rolling_30d,30d,uncapped,7,2025-12-25,2026-01-23,30,0.009787666634632375,0.02139037433155422,-0.011602707696921843
rolling_30d,30d,uncapped,7,2025-12-26,2026-01-24,30,0.018587053493362093,0.024697698305246263,-0.006110644811884169
rolling_30d,30d,uncapped,7,2025-12-27,2026-01-25,30,-0.002086814718545882,0.0025672839072694575,-0.004654098625815339
rolling_30d,30d,uncapped,7,2025-12-28,2026-01-26,30,-0.007857988445054476,0.009192393683738809,-0.017050382128793284
rolling_30d,30d,uncapped,7,2025-12-29,2026-01-27,30,-0.006660205391671892,0.013679142044213055,-0.020339347435884947
rolling_30d,30d,uncapped,7,2025-12-30,2026-01-28,30,-0.012657323840690404,0.015178922532444128,-0.027836246373134532
rolling_30d,30d,uncapped,7,2025-12-31,2026-01-29,30,-0.05752304496764482,-0.03313592890327466,-0.024387116064370162
rolling_30d,30d,uncapped,7,2026-01-01,2026-01-30,30,-0.048354086068650326,-0.022768101226277482,-0.025585984842372844
rolling_30d,30d,uncapped,7,2026-01-02,2026-01-31,30,-0.07178365668219344,-0.08688259863670733,0.01509894195451389
rolling_30d,30d,uncapped,7,2026-01-03,2026-02-01,30,-0.12998445176841056,-0.1281856248319283,-0.0017988269364822562
rolling_30d,30d,uncapped,7,2026-01-04,2026-02-02,30,-0.11715332022790337,-0.10793408605431365,-0.009219234173589719
rolling_30d,30d,uncapped,7,2026-01-05,2026-02-03,30,-0.1559081153786408,-0.15535863896080293,-0.0005494764178378686
rolling_30d,30d,uncapped,7,2026-01-06,2026-02-04,30,-0.19589833114685784,-0.2072933418515287,0.01139501070467086
rolling_30d,30d,uncapped,7,2026-01-07,2026-02-05,30,-0.3107705810854139,-0.3160910252831668,0.005320444197752905
rolling_30d,30d,uncapped,7,2026-01-08,2026-02-06,30,-0.22552165632559007,-0.21322202166064708,-0.012299634664942993
rolling_30d,30d,uncapped,7,2026-01-09,2026-02-07,30,-0.23160161594046513,-0.23055555555555185,-0.0010460603849132832
rolling_30d,30d,uncapped,7,2026-01-10,2026-02-08,30,-0.22004847096085334,-0.21675028079370584,-0.0032981901671474967
rolling_30d,30d,uncapped,7,2026-01-11,2026-02-09,30,-0.22659820422673593,-0.22430746418434322,-0.0022907400423927138
rolling_30d,30d,uncapped,7,2026-01-12,2026-02-10,30,-0.22506829244016613,-0.23656476567755103,0.011496473237384897
rolling_30d,30d,uncapped,7,2026-01-13,2026-02-11,30,-0.23607762244443364,-0.2632892771970481,0.027211654752614445
rolling_30d,30d,uncapped,7,2026-01-14,2026-02-12,30,-0.2651155757332778,-0.3057730220863424,0.040657446353064564
rolling_30d,30d,uncapped,7,2026-01-15,2026-02-13,30,-0.23984892528733404,-0.29033302823347107,0.05048410294613703
rolling_30d,30d,uncapped,7,2026-01-16,2026-02-14,30,-0.19987519578647517,-0.2701413728495946,0.07026617706311944
rolling_30d,30d,uncapped,7,2026-01-17,2026-02-15,30,-0.2154025020071002,-0.27659574468085046,0.06119324267375026
rolling_30d,30d,uncapped,7,2026-01-18,2026-02-16,30,-0.21003712961036847,-0.27467615658362443,0.06463902697325596
rolling_30d,30d,uncapped,7,2026-01-19,2026-02-17,30,-0.2177993349736319,-0.27846959683702666,0.06067026186339475
rolling_30d,30d,uncapped,7,2026-01-20,2026-02-18,30,-0.21301705568165274,-0.28039606272208717,0.06737900704043442
rolling_30d,30d,uncapped,7,2026-01-21,2026-02-19,30,-0.2093164302732452,-0.2510921667374547,0.04177573646420951
rolling_30d,30d,uncapped,7,2026-01-22,2026-02-20,30,-0.20926441131217755,-0.24450767152441788,0.035243260212240335
rolling_30d,30d,uncapped,7,2026-01-23,2026-02-21,30,-0.2100877871379786,-0.24764477486154213,0.03755698772356353
rolling_30d,30d,uncapped,7,2026-01-24,2026-02-22,30,-0.22079026505425725,-0.24589903092111565,0.025108765866858396
rolling_30d,30d,uncapped,7,2026-01-25,2026-02-23,30,-0.2527561145259207,-0.27556041552760524,0.022804301001684513
rolling_30d,30d,uncapped,7,2026-01-26,2026-02-24,30,-0.245306199134938,-0.2695983810709801,0.0242921819360421
rolling_30d,30d,uncapped,7,2026-01-27,2026-02-25,30,-0.22114116933814476,-0.2453318100766464,0.024190640738501634
rolling_30d,30d,uncapped,7,2026-01-28,2026-02-26,30,-0.21866062545266263,-0.24832282043767906,0.029662194985016432
rolling_30d,30d,uncapped,7,2026-01-29,2026-02-27,30,-0.2176804125245081,-0.2548884412767237,0.03720802875221563
rolling_30d,30d,uncapped,7,2026-01-30,2026-02-28,30,-0.18134686210201123,-0.21357340051350482,0.03222653841149359
rolling_30d,30d,uncapped,7,2026-01-31,2026-03-01,30,-0.1858837721032901,-0.2323382488110881,0.04645447670779801
rolling_30d,30d,uncapped,7,2026-02-01,2026-03-02,30,-0.14850582185570704,-0.1433660672533229,-0.005139754602384139
rolling_30d,30d,uncapped,7,2026-02-02,2026-03-03,30,-0.10729796038944306,-0.11611777458557393,0.00881981419613087
rolling_30d,30d,uncapped,7,2026-02-03,2026-03-04,30,-0.10189507657898256,-0.09834775767112158,-0.0035473189078609746
rolling_30d,30d,uncapped,7,2026-02-04,2026-03-05,30,-0.07166543824033134,-0.07174899914211919,8.356090178784914e-05
rolling_30d,30d,uncapped,7,2026-02-05,2026-03-06,30,-0.06883062613512425,-0.06609541454376988,-0.0027352115913543695
rolling_30d,30d,uncapped,7,2026-02-06,2026-03-07,30,0.07512127554638037,0.06749296500762925,0.007628310538751126
rolling_30d,30d,uncapped,7,2026-02-07,2026-03-08,30,-0.06313720555576974,-0.06465921040053313,0.0015220048447633916
rolling_30d,30d,uncapped,7,2026-02-08,2026-03-09,30,-0.040910602869168256,-0.01985559566786721,-0.021055007201301046
rolling_30d,30d,uncapped,7,2026-02-09,2026-03-10,30,-0.03876724218007088,-0.021376059960038885,-0.017391182220031998
rolling_30d,30d,uncapped,7,2026-02-10,2026-03-11,30,-0.03245805358827969,-0.007298776779071647,-0.025159276809208042
rolling_30d,30d,uncapped,7,2026-02-11,2026-03-12,30,-0.014470571328639714,0.010368122185238526,-0.02483869351387824
rolling_30d,30d,uncapped,7,2026-02-12,2026-03-13,30,0.011531168171253547,0.05265121720013988,-0.04112004902888633
rolling_30d,30d,uncapped,7,2026-02-13,2026-03-14,30,0.04006325143997458,0.08222123902911016,-0.04215798758913558
rolling_30d,30d,uncapped,7,2026-02-14,2026-03-15,30,0.011295943860384794,0.06256324781237121,-0.05126730395198642
rolling_30d,30d,uncapped,7,2026-02-15,2026-03-16,30,0.011497830372628304,0.06801828082458061,-0.05652045045195231
rolling_30d,30d,uncapped,7,2026-02-16,2026-03-17,30,0.02790341741621649,0.06967647058823978,-0.04177305317202329
rolling_30d,30d,uncapped,7,2026-02-17,2026-03-18,30,-0.012498402374055306,0.03904502099933005,-0.051543423373385355
rolling_30d,30d,uncapped,7,2026-02-18,2026-03-19,30,-0.001731336320314969,0.04071714979951513,-0.0424484861198301
rolling_30d,30d,uncapped,7,2026-02-19,2026-03-20,30,0.017728498768626588,0.06873789558004861,-0.051009396811422025
rolling_30d,30d,uncapped,7,2026-02-20,2026-03-21,30,0.03505821456192937,0.049128030625271046,-0.014069816063341678
rolling_30d,30d,uncapped,7,2026-02-21,2026-03-22,30,0.008867972998396922,0.02004894860396833,-0.011180975605571408
rolling_30d,30d,uncapped,7,2026-02-22,2026-03-23,30,0.021850072784306285,0.05640846126918886,-0.034558388484882574
rolling_30d,30d,uncapped,7,2026-02-23,2026-03-24,30,0.044364106857090135,0.056969465572157985,-0.01260535871506785
rolling_30d,30d,uncapped,7,2026-02-24,2026-03-25,30,0.09686729247219783,0.11642557651991203,-0.019558284047714203
rolling_30d,30d,uncapped,7,2026-02-25,2026-03-26,30,0.07925701990847323,0.10505956821039453,-0.025802548301921302
rolling_30d,30d,uncapped,7,2026-02-26,2026-03-27,30,0.031503014783730965,0.03323275200736053,-0.0017297372236295683
rolling_30d,30d,uncapped,7,2026-02-27,2026-03-28,30,0.02506976863038557,0.03501266939545733,-0.00994290076507176
rolling_30d,30d,uncapped,7,2026-02-28,2026-03-29,30,0.02375607813899605,0.045093003670240606,-0.021336925531244555
rolling_30d,30d,uncapped,7,2026-03-01,2026-03-30,30,0.027368275402727793,0.03860482253244313,-0.011236547129715335
rolling_60d,60d,uncapped,7,2025-03-01,2025-04-29,60,-0.162600247425864,0.09523235731213342,-0.2578326047379974
rolling_60d,60d,uncapped,7,2025-03-02,2025-04-30,60,-0.1863062715112792,0.060849571317237894,-0.2471558428285171
rolling_60d,60d,uncapped,7,2025-03-03,2025-05-01,60,-0.25369987761379764,-0.02438153639379015,-0.2293183412200075
rolling_60d,60d,uncapped,7,2025-03-04,2025-05-02,60,-0.18313320967627056,0.06805839078690257,-0.2511916004631731
rolling_60d,60d,uncapped,7,2025-03-05,2025-05-03,60,-0.18779504639825828,0.05492793442724797,-0.24272298082550625
rolling_60d,60d,uncapped,7,2025-03-06,2025-05-04,60,-0.22450493676825478,0.0027352702003509144,-0.2272402069686057
rolling_60d,60d,uncapped,7,2025-03-07,2025-05-05,60,-0.22415699917046894,0.00815402207790683,-0.23231102124837577
rolling_60d,60d,uncapped,7,2025-03-08,2025-05-06,60,-0.20132734293601806,0.06212811992891809,-0.26345546286493615
rolling_60d,60d,uncapped,7,2025-03-09,2025-05-07,60,-0.19500138412665324,0.07168076899148468,-0.2666821531181379
rolling_60d,60d,uncapped,7,2025-03-10,2025-05-08,60,-0.12462590318529365,0.19492043053355967,-0.3195463337188533
rolling_60d,60d,uncapped,7,2025-03-11,2025-05-09,60,-0.11016155212514456,0.22010645793893913,-0.3302680100640837
rolling_60d,60d,uncapped,7,2025-03-12,2025-05-10,60,-0.11265469487564461,0.17483650861825217,-0.2874912034938968
rolling_60d,60d,uncapped,7,2025-03-13,2025-05-11,60,-0.11616708056380287,0.17284219352135066,-0.28900927408515353
rolling_60d,60d,uncapped,7,2025-03-14,2025-05-12,60,-0.09944227980408293,0.2059538274605186,-0.30539610726460154
rolling_60d,60d,uncapped,7,2025-03-15,2025-05-13,60,-0.10503096305906956,0.17620967741936533,-0.2812406404784349
rolling_60d,60d,uncapped,7,2025-03-16,2025-05-14,60,-0.11421740132849789,0.17445279583667173,-0.2886701971651696
rolling_60d,60d,uncapped,7,2025-03-17,2025-05-15,60,-0.11496710385885955,0.201003124486117,-0.31597022834497657
rolling_60d,60d,uncapped,7,2025-03-18,2025-05-16,60,-0.11090758645898713,0.19279736902088218,-0.3037049554798693
rolling_60d,60d,uncapped,7,2025-03-19,2025-05-17,60,-0.10871672253326126,0.20928928400601698,-0.31800600653927824
rolling_60d,60d,uncapped,7,2025-03-20,2025-05-18,60,-0.11009108742856943,0.18046845603914408,-0.2905595434677135
rolling_60d,60d,uncapped,7,2025-03-21,2025-05-19,60,-0.1162029394914268,0.19578269617706834,-0.31198563566849513
rolling_60d,60d,uncapped,7,2025-03-22,2025-05-20,60,-0.112941101696451,0.20779116465864167,-0.32073226635509267
rolling_60d,60d,uncapped,7,2025-03-23,2025-05-21,60,-0.0996904092555344,0.22764201457386313,-0.32733242382939753
rolling_60d,60d,uncapped,7,2025-03-24,2025-05-22,60,-0.09059310957188038,0.21977883494534312,-0.3103719445172235
rolling_60d,60d,uncapped,7,2025-03-25,2025-05-23,60,-0.13238171422952838,0.1636427184466085,-0.2960244326761369
rolling_60d,60d,uncapped,7,2025-03-26,2025-05-24,60,-0.13250522655169017,0.16766861885739193,-0.3001738454090821
rolling_60d,60d,uncapped,7,2025-03-27,2025-05-25,60,-0.12099068280805647,0.18495644057249705,-0.3059471233805535
rolling_60d,60d,uncapped,7,2025-03-28,2025-05-26,60,-0.1234048596604369,0.1831623931624018,-0.3065672528228387
rolling_60d,60d,uncapped,7,2025-03-29,2025-05-27,60,-0.11604203374319699,0.20310076286085077,-0.31914279660404776
rolling_60d,60d,uncapped,7,2025-03-30,2025-05-28,60,-0.10950693224250507,0.2183840037607765,-0.32789093600328156
rolling_60d,60d,uncapped,7,2025-03-31,2025-05-29,60,-0.12408023054145667,0.19694606887589927,-0.32102629941735594
rolling_60d,60d,uncapped,7,2025-04-01,2025-05-30,60,-0.10415401753868425,0.19489406607679816,-0.2990480836154824
rolling_60d,60d,uncapped,7,2025-04-02,2025-05-31,60,0.04194480897215347,0.16780224378459652,-0.12585743481244305
rolling_60d,60d,uncapped,7,2025-04-03,2025-06-01,60,0.15372745425263568,0.2142217299956064,-0.06049427574297073
rolling_60d,60d,uncapped,7,2025-04-04,2025-06-02,60,0.1759410446309957,0.20098953686430043,-0.025048492233304742
rolling_60d,60d,uncapped,7,2025-04-05,2025-06-03,60,0.17162708154258688,0.1936061733498664,-0.021979091807279527
rolling_60d,60d,uncapped,7,2025-04-06,2025-06-04,60,0.15464944095641742,0.17781076126980966,-0.023161320313392242
rolling_60d,60d,uncapped,7,2025-04-07,2025-06-05,60,0.17360991523849956,0.2057707038896901,-0.03216078865119054
rolling_60d,60d,uncapped,7,2025-04-08,2025-06-06,60,0.1817427660262867,0.2301522094510442,-0.0484094434247575
rolling_60d,60d,uncapped,7,2025-04-09,2025-06-07,60,0.21276759434937786,0.27856395044494575,-0.06579635609556789
rolling_60d,60d,uncapped,7,2025-04-10,2025-06-08,60,0.12579582753660468,0.19894340119483922,-0.07314757365823454
rolling_60d,60d,uncapped,7,2025-04-11,2025-06-09,60,0.19869591844550505,0.27611585944918615,-0.0774199410036811
rolling_60d,60d,uncapped,7,2025-04-12,2025-06-10,60,0.18369470398705445,0.2389831066076611,-0.055288402620606636
rolling_60d,60d,uncapped,7,2025-04-13,2025-06-11,60,0.15699555505360174,0.2099598952100601,-0.052964340156458345
rolling_60d,60d,uncapped,7,2025-04-14,2025-06-12,60,0.13749117831704805,0.19662006578946767,-0.05912888747241962
rolling_60d,60d,uncapped,7,2025-04-15,2025-06-13,60,0.1419491652359135,0.1978307214112447,-0.05588155617533119
rolling_60d,60d,uncapped,7,2025-04-16,2025-06-14,60,0.11604355399603228,0.19936592199365988,-0.0833223679976276
rolling_60d,60d,uncapped,7,2025-04-17,2025-06-15,60,0.10107735720203159,0.1979277844370353,-0.0968504272350037
rolling_60d,60d,uncapped,7,2025-04-18,2025-06-16,60,0.11213859123868586,0.19389334115193413,-0.08175474991324827
rolling_60d,60d,uncapped,7,2025-04-19,2025-06-17,60,0.10975222670609663,0.18999746419193486,-0.08024523748583823
rolling_60d,60d,uncapped,7,2025-04-20,2025-06-18,60,0.10441425257789816,0.18388596269852941,-0.07947171012063126
rolling_60d,60d,uncapped,7,2025-04-21,2025-06-19,60,0.109050395403546,0.18024552662856075,-0.07119513122501475
rolling_60d,60d,uncapped,7,2025-04-22,2025-06-20,60,0.08593798742939107,0.1406764892268635,-0.054738501797472416
rolling_60d,60d,uncapped,7,2025-04-23,2025-06-21,60,0.018925947739710125,0.06557535911024992,-0.046649411370539795
rolling_60d,60d,uncapped,7,2025-04-24,2025-06-22,60,-0.0066307081281260505,0.04921731877689561,-0.055848026905021664
rolling_60d,60d,uncapped,7,2025-04-25,2025-06-23,60,0.016380465291459423,0.08557742294837967,-0.06919695765692024
rolling_60d,60d,uncapped,7,2025-04-26,2025-06-24,60,-0.005616006354378644,0.06672233575786168,-0.07233834211224033
rolling_60d,60d,uncapped,7,2025-04-27,2025-06-25,60,0.01740055355506387,0.07929534771338509,-0.06189479415832122
rolling_60d,60d,uncapped,7,2025-04-28,2025-06-26,60,0.0183468244217444,0.08621659218041566,-0.06786976775867126
rolling_60d,60d,uncapped,7,2025-04-29,2025-06-27,60,0.0046313839127740675,0.07376743710220279,-0.06913605318942873
rolling_60d,60d,uncapped,7,2025-04-30,2025-06-28,60,0.008019588069414496,0.07946310693853231,-0.07144351886911782
rolling_60d,60d,uncapped,7,2025-05-01,2025-06-29,60,0.0140153565366119,0.0875855025825154,-0.0735701460459035
rolling_60d,60d,uncapped,7,2025-05-02,2025-06-30,60,-0.016358467419596234,0.044851511433504854,-0.06120997885310109
rolling_60d,60d,uncapped,7,2025-05-03,2025-07-01,60,-0.018298429913762626,0.0464406779660953,-0.06473910787985793
rolling_60d,60d,uncapped,7,2025-05-04,2025-07-02,60,0.02123175765158325,0.07281655814629473,-0.05158480049471148
rolling_60d,60d,uncapped,7,2025-05-05,2025-07-03,60,0.03978877306144457,0.0975744618106702,-0.05778568874922563
rolling_60d,60d,uncapped,7,2025-05-06,2025-07-04,60,0.036056871337516005,0.09568537326709659,-0.05962850192958058
rolling_60d,60d,uncapped,7,2025-05-07,2025-07-05,60,0.03578827619383751,0.07822480902145568,-0.04243653282761817
rolling_60d,60d,uncapped,7,2025-05-08,2025-07-06,60,0.033244272852616774,0.07664675873178828,-0.043402485879171504
rolling_60d,60d,uncapped,7,2025-05-09,2025-07-07,60,-0.019344932954594163,0.023023202801732534,-0.0423681357563267
rolling_60d,60d,uncapped,7,2025-05-10,2025-07-08,60,-0.018302487691467584,0.03189535207346905,-0.050197839764936636
rolling_60d,60d,uncapped,7,2025-05-11,2025-07-09,60,-0.015610202599772638,0.04114474119853906,-0.0567549437983117
rolling_60d,60d,uncapped,7,2025-05-12,2025-07-10,60,0.016493822649616963,0.07604638533925456,-0.0595525626896376
rolling_60d,60d,uncapped,7,2025-05-13,2025-07-11,60,0.02584609031917462,0.09177047030812857,-0.06592437998895395
rolling_60d,60d,uncapped,7,2025-05-14,2025-07-12,60,0.03938910671967588,0.09523483030510338,-0.0558457235854275
rolling_60d,60d,uncapped,7,2025-05-15,2025-07-13,60,0.0542022137143745,0.10894050183144266,-0.05473828811706816
rolling_60d,60d,uncapped,7,2025-05-16,2025-07-14,60,0.08112839244346137,0.12175318006927727,-0.040624787625815895
rolling_60d,60d,uncapped,7,2025-05-17,2025-07-15,60,0.06216457778938578,0.09754449661497411,-0.03537991882558833
rolling_60d,60d,uncapped,7,2025-05-18,2025-07-16,60,0.06698939095365941,0.09932076706947224,-0.03233137611581283
rolling_60d,60d,uncapped,7,2025-05-19,2025-07-17,60,0.05018686911051229,0.07817916196294084,-0.027992292852428546
rolling_60d,60d,uncapped,7,2025-05-20,2025-07-18,60,0.06261970803562078,0.08450893818651606,-0.021889230150895278
rolling_60d,60d,uncapped,7,2025-05-21,2025-07-19,60,0.05631509592706063,0.0735918068763679,-0.017276710949307272
rolling_60d,60d,uncapped,7,2025-05-22,2025-07-20,60,0.05073980814956092,0.04895485580486225,0.0017849523446986648
rolling_60d,60d,uncapped,7,2025-05-23,2025-07-21,60,0.04214050540531855,0.03353178190459083,0.008608723500727722
rolling_60d,60d,uncapped,7,2025-05-24,2025-07-22,60,0.1032569458938093,0.08485572590926171,0.01840121998454758
rolling_60d,60d,uncapped,7,2025-05-25,2025-07-23,60,0.08698835984353681,0.07619079253304561,0.010797567310491196
rolling_60d,60d,uncapped,7,2025-05-26,2025-07-24,60,0.06195473716867528,0.057182055691947564,0.004772681476727714
rolling_60d,60d,uncapped,7,2025-05-27,2025-07-25,60,0.046563475994068515,0.05205781720987934,-0.005494341215810827
rolling_60d,60d,uncapped,7,2025-05-28,2025-07-26,60,0.059877526344554566,0.0642277659131345,-0.004350239568579939
rolling_60d,60d,uncapped,7,2025-05-29,2025-07-27,60,0.07816462096729726,0.08157766941852218,-0.0034130484512249204
rolling_60d,60d,uncapped,7,2025-05-30,2025-07-28,60,0.09658453657064348,0.10256636447532674,-0.005981827904683268
rolling_60d,60d,uncapped,7,2025-05-31,2025-07-29,60,0.10987950669924884,0.10911079558964087,0.0007687111096079668
rolling_60d,60d,uncapped,7,2025-06-01,2025-07-30,60,0.10575559925419298,0.1028022850961674,0.0029533141580255773
rolling_60d,60d,uncapped,7,2025-06-02,2025-07-31,60,0.08576688809434141,0.0805410988303461,0.005225789263995306
rolling_60d,60d,uncapped,7,2025-06-03,2025-08-01,60,0.04417939306047525,0.06726548254204445,-0.023086089481569205
rolling_60d,60d,uncapped,7,2025-06-04,2025-08-02,60,0.05372351103036843,0.06888098116180164,-0.015157470131433204
rolling_60d,60d,uncapped,7,2025-06-05,2025-08-03,60,0.09076221394800954,0.10389279492070513,-0.013130580972695594
rolling_60d,60d,uncapped,7,2025-06-06,2025-08-04,60,0.1302735356958895,0.13188767947143298,-0.001614143775543475
rolling_60d,60d,uncapped,7,2025-06-07,2025-08-05,60,0.10486176922269408,0.10169176426845383,0.0031700049542402464
rolling_60d,60d,uncapped,7,2025-06-08,2025-08-06,60,0.09288281963568168,0.09178500023882963,0.001097819396852051
rolling_60d,60d,uncapped,7,2025-06-09,2025-08-07,60,0.11506545873323404,0.11105162733874452,0.00401383139448952
rolling_60d,60d,uncapped,7,2025-06-10,2025-08-08,60,0.07154511853109358,0.06316943521594953,0.008375683315144045
rolling_60d,60d,uncapped,7,2025-06-11,2025-08-09,60,0.0689854636663696,0.06304972683762555,0.005935736828744043
rolling_60d,60d,uncapped,7,2025-06-12,2025-08-10,60,0.0991849743305897,0.09500611455263908,0.004178859777950628
rolling_60d,60d,uncapped,7,2025-06-13,2025-08-11,60,0.1299531188813079,0.12910541615983062,0.0008477027214772725
rolling_60d,60d,uncapped,7,2025-06-14,2025-08-12,60,0.12448099209640673,0.11635679398958243,0.008124198106824299
rolling_60d,60d,uncapped,7,2025-06-15,2025-08-13,60,0.15276398676819558,0.14835078516150868,0.004413201606686901
rolling_60d,60d,uncapped,7,2025-06-16,2025-08-14,60,0.13659317439454455,0.12801727092043436,0.008575903474110191
rolling_60d,60d,uncapped,7,2025-06-17,2025-08-15,60,0.127858879580111,0.11744240778765991,0.010416471792451087
rolling_60d,60d,uncapped,7,2025-06-18,2025-08-16,60,0.1352267650688841,0.1208446754103829,0.014382089658501185
rolling_60d,60d,uncapped,7,2025-06-19,2025-08-17,60,0.13548363104420802,0.12201478425305634,0.013468846791151678
rolling_60d,60d,uncapped,7,2025-06-20,2025-08-18,60,0.12356383940515037,0.11404410293905087,0.009519736466099493
rolling_60d,60d,uncapped,7,2025-06-21,2025-08-19,60,0.09826192116437227,0.09218119570275363,0.006080725461618641
rolling_60d,60d,uncapped,7,2025-06-22,2025-08-20,60,0.12578306234520942,0.1140484651761573,0.011734597169052119
rolling_60d,60d,uncapped,7,2025-06-23,2025-08-21,60,0.13905608882190057,0.12001476318573556,0.019041325636165007
rolling_60d,60d,uncapped,7,2025-06-24,2025-08-22,60,0.11913701398750809,0.10248130639722297,0.016655707590285118
rolling_60d,60d,uncapped,7,2025-06-25,2025-08-23,60,0.1102249937009745,0.09671770926320922,0.013507284437765277
rolling_60d,60d,uncapped,7,2025-06-26,2025-08-24,60,0.0781107040699367,0.06914821447954855,0.008962489590388145
rolling_60d,60d,uncapped,7,2025-06-27,2025-08-25,60,0.08283724809865589,0.06147820163489093,0.021359046463764964
rolling_60d,60d,uncapped,7,2025-06-28,2025-08-26,60,0.09193146327452939,0.06614084277004828,0.02579062050448111
rolling_60d,60d,uncapped,7,2025-06-29,2025-08-27,60,0.07901906022056537,0.057313112370401376,0.021705947850163998
rolling_60d,60d,uncapped,7,2025-06-30,2025-08-28,60,0.07959910733006481,0.05841462426029076,0.02118448306977405
rolling_60d,60d,uncapped,7,2025-07-01,2025-08-29,60,0.06759424043883344,0.04448503660162495,0.023109203837208492
rolling_60d,60d,uncapped,7,2025-07-02,2025-08-30,60,0.06742625194821494,0.04598556747928506,0.021440684468929883
rolling_60d,60d,uncapped,7,2025-07-03,2025-08-31,60,0.023367413493557088,0.022642814517454868,0.0007245989761022198
rolling_60d,60d,uncapped,7,2025-07-04,2025-09-01,60,0.024428754606582448,0.024315701091531805,0.00011305351505064287
rolling_60d,60d,uncapped,7,2025-07-05,2025-09-02,60,0.05711503014863162,0.04870870180045461,0.008406328348177006
rolling_60d,60d,uncapped,7,2025-07-06,2025-09-03,60,0.05567737155623331,0.04527604215868686,0.010401329397546455
rolling_60d,60d,uncapped,7,2025-07-07,2025-09-04,60,0.054384955370996746,0.04795670079468195,0.006428254576314796
rolling_60d,60d,uncapped,7,2025-07-08,2025-09-05,60,0.05636104824541355,0.046340310600956114,0.010020737644457434
rolling_60d,60d,uncapped,7,2025-07-09,2025-09-06,60,0.0479134297037247,0.04059903981012991,0.007314389893594786
rolling_60d,60d,uncapped,7,2025-07-10,2025-09-07,60,0.034658600118768756,0.027003928687378664,0.007654671431390092
rolling_60d,60d,uncapped,7,2025-07-11,2025-09-08,60,0.007960781732907707,-0.003008815638165685,0.010969597371073392
rolling_60d,60d,uncapped,7,2025-07-12,2025-09-09,60,-0.002804451935718988,-0.01771142140160953,0.01490696946589054
rolling_60d,60d,uncapped,7,2025-07-13,2025-09-10,60,-0.007261079932139758,-0.006667084011507396,-0.000593995920632362
rolling_60d,60d,uncapped,7,2025-07-14,2025-09-11,60,-0.005346246426459755,-0.0066679862434029236,0.0013217398169431682
rolling_60d,60d,uncapped,7,2025-07-15,2025-09-12,60,-0.002327351417721002,-0.016978944156231912,0.01465159273851091
rolling_60d,60d,uncapped,7,2025-07-16,2025-09-13,60,0.00986747159836443,-0.0013741986432039832,0.011241670241568413
rolling_60d,60d,uncapped,7,2025-07-17,2025-09-14,60,0.006434035436190921,-0.005831265508678851,0.012265300944869773
rolling_60d,60d,uncapped,7,2025-07-18,2025-09-15,60,-0.007825160204735004,-0.010716727333191955,0.002891567128456951
rolling_60d,60d,uncapped,7,2025-07-19,2025-09-16,60,0.004609426223580959,0.0072363031551854196,-0.0026268769316044605
rolling_60d,60d,uncapped,7,2025-07-20,2025-09-17,60,-0.001568597421042539,-9.911048340638384e-05,-0.0014694869376361552
rolling_60d,60d,uncapped,7,2025-07-21,2025-09-18,60,0.0012919870238445874,0.015950628708635284,-0.014658641684790696
rolling_60d,60d,uncapped,7,2025-07-22,2025-09-19,60,-0.015104568807065677,0.01307001705599875,-0.028174585863064427
rolling_60d,60d,uncapped,7,2025-07-23,2025-09-20,60,-0.03652588981953431,-0.00221494844091763,-0.03431094137861668
rolling_60d,60d,uncapped,7,2025-07-24,2025-09-21,60,-0.03287178416353054,-0.003228414990208206,-0.02964336917332233
rolling_60d,60d,uncapped,7,2025-07-25,2025-09-22,60,-0.03955502544762646,-0.002042856521922487,-0.03751216892570397
rolling_60d,60d,uncapped,7,2025-07-26,2025-09-23,60,-0.027789639689035472,-0.0035705368289622452,-0.024219102860073227
rolling_60d,60d,uncapped,7,2025-07-27,2025-09-24,60,-0.029869475582046556,-0.0013543990009740048,-0.02851507658107255
rolling_60d,60d,uncapped,7,2025-07-28,2025-09-25,60,-0.05143632399613218,-0.027284021994513408,-0.024152302001618775
rolling_60d,60d,uncapped,7,2025-07-29,2025-09-26,60,-0.05599225689581244,-0.026796649495636093,-0.02919560740017635
rolling_60d,60d,uncapped,7,2025-07-30,2025-09-27,60,-0.05824243427040576,-0.032886193801290875,-0.025356240469114888
rolling_60d,60d,uncapped,7,2025-07-31,2025-09-28,60,-0.04360528678325015,-0.014394222693577596,-0.029211064089672556
rolling_60d,60d,uncapped,7,2025-08-01,2025-09-29,60,-0.0241029506368301,0.011768137890800334,-0.035871088527630435
rolling_60d,60d,uncapped,7,2025-08-02,2025-09-30,60,-0.004333473172082658,0.030361323799281914,-0.03469479697136457
rolling_60d,60d,uncapped,7,2025-08-03,2025-10-01,60,0.0349090680124593,0.07054136991175874,-0.035632301899299446
rolling_60d,60d,uncapped,7,2025-08-04,2025-10-02,60,0.029123261616424312,0.06520111787603966,-0.03607785625961535
rolling_60d,60d,uncapped,7,2025-08-05,2025-10-03,60,0.03966844028009042,0.08192703461178996,-0.04225859433169954
rolling_60d,60d,uncapped,7,2025-08-06,2025-10-04,60,0.04593498200412749,0.09366757915526125,-0.04773259715113376
rolling_60d,60d,uncapped,7,2025-08-07,2025-10-05,60,0.05496229718621781,0.10644374999999973,-0.051481452813781914
rolling_60d,60d,uncapped,7,2025-08-08,2025-10-06,60,0.04515052606144421,0.09775262852271682,-0.052602102461272615
rolling_60d,60d,uncapped,7,2025-08-09,2025-10-07,60,0.03868224866680858,0.0976394782728307,-0.05895722960602212
rolling_60d,60d,uncapped,7,2025-08-10,2025-10-08,60,0.047739081687395046,0.11178898595612918,-0.06404990426873414
rolling_60d,60d,uncapped,7,2025-08-11,2025-10-09,60,0.03160819220076938,0.08551812522885549,-0.05390993302808611
rolling_60d,60d,uncapped,7,2025-08-12,2025-10-10,60,-0.03078489296644682,0.04659301865546728,-0.0773779116219141
rolling_60d,60d,uncapped,7,2025-08-13,2025-10-11,60,-0.04313184216438515,0.03682609224778166,-0.07995793441216681
rolling_60d,60d,uncapped,7,2025-08-14,2025-10-12,60,-0.03756183876682928,0.03394558713315421,-0.07150742589998349
rolling_60d,60d,uncapped,7,2025-08-15,2025-10-13,60,-0.020160134168747512,0.043174209698095156,-0.06333434386684267
rolling_60d,60d,uncapped,7,2025-08-16,2025-10-14,60,-0.022796220827808522,0.0383561142075719,-0.06115233503538042
rolling_60d,60d,uncapped,7,2025-08-17,2025-10-15,60,-0.03097721540117493,0.034245903247962284,-0.06522311864913721
rolling_60d,60d,uncapped,7,2025-08-18,2025-10-16,60,-0.05248596186355736,0.013060078813990739,-0.0655460406775481
rolling_60d,60d,uncapped,7,2025-08-19,2025-10-17,60,-0.054059841925911956,0.013163027124751814,-0.06722286905066377
rolling_60d,60d,uncapped,7,2025-08-20,2025-10-18,60,-0.02712243351456123,0.040604553864931336,-0.06772698737949256
rolling_60d,60d,uncapped,7,2025-08-21,2025-10-19,60,-0.032132669246483836,0.03530904044558314,-0.06744170969206698
rolling_60d,60d,uncapped,7,2025-08-22,2025-10-20,60,-0.01734435806167489,0.05171736375157776,-0.06906172181325265
rolling_60d,60d,uncapped,7,2025-08-23,2025-10-21,60,-0.0550602956773798,0.012087891630927272,-0.06714818730830707
rolling_60d,60d,uncapped,7,2025-08-24,2025-10-22,60,-0.04908395630888862,0.02082459380771562,-0.06990855011660424
rolling_60d,60d,uncapped,7,2025-08-25,2025-10-23,60,-0.021662916785422426,0.05140195810939585,-0.07306487489481828
rolling_60d,60d,uncapped,7,2025-08-26,2025-10-24,60,-0.01053303155110541,0.06398844858013097,-0.07452148013123638
rolling_60d,60d,uncapped,7,2025-08-27,2025-10-25,60,-0.017400256854158025,0.06170569949508553,-0.07910595634924356
rolling_60d,60d,uncapped,7,2025-08-28,2025-10-26,60,0.008776895479401636,0.08977629828608191,-0.08099940280668028
rolling_60d,60d,uncapped,7,2025-08-29,2025-10-27,60,-0.002077768621325582,0.07802776448060578,-0.08010553310193136
rolling_60d,60d,uncapped,7,2025-08-30,2025-10-28,60,0.021592652344800678,0.1051939513477902,-0.08360129900298952
rolling_60d,60d,uncapped,7,2025-08-31,2025-10-29,60,0.0069969120024950815,0.08305822971644927,-0.07606131771395419
rolling_60d,60d,uncapped,7,2025-09-01,2025-10-30,60,0.00290681100392165,0.0892223629503246,-0.08631555194640295
rolling_60d,60d,uncapped,7,2025-09-02,2025-10-31,60,0.0018748890222770598,0.07760910193775539,-0.07573421291547833
rolling_60d,60d,uncapped,7,2025-09-03,2025-11-01,60,-0.015875459991277707,0.058078918165620275,-0.07395437815689798
rolling_60d,60d,uncapped,7,2025-09-04,2025-11-02,60,-0.01981394321189045,0.058710751910753034,-0.07852469512264348
rolling_60d,60d,uncapped,7,2025-09-05,2025-11-03,60,-0.07524003117829181,0.019539741957058654,-0.09477977313535046
rolling_60d,60d,uncapped,7,2025-09-06,2025-11-04,60,-0.10838664779297169,-0.011699566993418009,-0.09668708079955368
rolling_60d,60d,uncapped,7,2025-09-07,2025-11-05,60,-0.08899843448694134,0.010866677466379038,-0.09986511195332037
rolling_60d,60d,uncapped,7,2025-09-08,2025-11-06,60,-0.09581702419034299,-0.02328776843830871,-0.07252925575203428
rolling_60d,60d,uncapped,7,2025-09-09,2025-11-07,60,-0.07240674505760825,-0.013455586951930387,-0.05895115810567786
rolling_60d,60d,uncapped,7,2025-09-10,2025-11-08,60,-0.08087474539004147,-0.018384695079186275,-0.062490050310855194
rolling_60d,60d,uncapped,7,2025-09-11,2025-11-09,60,-0.0798229874406553,-0.020954781786678978,-0.058868205653976324
rolling_60d,60d,uncapped,7,2025-09-12,2025-11-10,60,-0.08057261989664499,-0.022516968678005567,-0.058055651218639426
rolling_60d,60d,uncapped,7,2025-09-13,2025-11-11,60,-0.10005377246395608,-0.04090197928825523,-0.05915179317570085
rolling_60d,60d,uncapped,7,2025-09-14,2025-11-12,60,-0.1038158436402119,-0.045448318804485965,-0.05836752483572594
rolling_60d,60d,uncapped,7,2025-09-15,2025-11-13,60,-0.12180463274288322,-0.05628353924872154,-0.06552109349416169
rolling_60d,60d,uncapped,7,2025-09-16,2025-11-14,60,-0.15561591279906672,-0.1040822298176497,-0.05153368298141703
rolling_60d,60d,uncapped,7,2025-09-17,2025-11-15,60,-0.16064235128536353,-0.11111042649940717,-0.04953192478595636
rolling_60d,60d,uncapped,7,2025-09-18,2025-11-16,60,-0.18352959801790325,-0.1306839301201853,-0.05284566789771794
rolling_60d,60d,uncapped,7,2025-09-19,2025-11-17,60,-0.20122185828370998,-0.15202914784407318,-0.0491927104396368
rolling_60d,60d,uncapped,7,2025-09-20,2025-11-18,60,-0.19640925096039064,-0.1506231768761609,-0.045786074084229744
rolling_60d,60d,uncapped,7,2025-09-21,2025-11-19,60,-0.20562889086616798,-0.15775842932195538,-0.047870461544212595
rolling_60d,60d,uncapped,7,2025-09-22,2025-11-20,60,-0.23468719690940254,-0.19408456984319644,-0.0406026270662061
rolling_60d,60d,uncapped,7,2025-09-23,2025-11-21,60,-0.2337132068297716,-0.20323544051766973,-0.03047776631210186
rolling_60d,60d,uncapped,7,2025-09-24,2025-11-22,60,-0.2287692302264689,-0.2023517177437526,-0.026417512482716288
rolling_60d,60d,uncapped,7,2025-09-25,2025-11-23,60,-0.20873923803936278,-0.17927820877322798,-0.02946102926613481
rolling_60d,60d,uncapped,7,2025-09-26,2025-11-24,60,-0.19451419117409385,-0.16217515017388362,-0.032339041000210234
rolling_60d,60d,uncapped,7,2025-09-27,2025-11-25,60,-0.18703284070101212,-0.17344067185651812,-0.01359216884449399
rolling_60d,60d,uncapped,7,2025-09-28,2025-11-26,60,-0.16950086190314073,-0.1421676979688522,-0.02733316393428853
rolling_60d,60d,uncapped,7,2025-09-29,2025-11-27,60,-0.16876243396400425,-0.14793528764158015,-0.020827146322424106
rolling_60d,60d,uncapped,7,2025-09-30,2025-11-28,60,-0.17985716960775777,-0.16386825267316174,-0.01598891693459603
rolling_60d,60d,uncapped,7,2025-10-01,2025-11-29,60,-0.16137569178878375,-0.16478124155550267,0.0034055497667189183
rolling_60d,60d,uncapped,7,2025-10-02,2025-11-30,60,-0.20693034182477466,-0.19406528189910688,-0.012865059925667777
rolling_60d,60d,uncapped,7,2025-10-03,2025-12-01,60,-0.2625570825517559,-0.24350535266696027,-0.019051729884795643
rolling_60d,60d,uncapped,7,2025-10-04,2025-12-02,60,-0.24019284370489324,-0.21642543821726945,-0.023767405487623794
rolling_60d,60d,uncapped,7,2025-10-05,2025-12-03,60,-0.23059112044597907,-0.20629868163141285,-0.02429243881456622
rolling_60d,60d,uncapped,7,2025-10-06,2025-12-04,60,-0.2472089946955628,-0.2237517722884631,-0.023457222407099687
rolling_60d,60d,uncapped,7,2025-10-07,2025-12-05,60,-0.26723504344752647,-0.24763930625428632,-0.019595737193240148
rolling_60d,60d,uncapped,7,2025-10-08,2025-12-06,60,-0.2532427002136206,-0.23927575015657576,-0.013966950057044847
rolling_60d,60d,uncapped,7,2025-10-09,2025-12-07,60,-0.2618228186239385,-0.2412563257190633,-0.020566492904875222
rolling_60d,60d,uncapped,7,2025-10-10,2025-12-08,60,-0.26599477237306846,-0.24103152249076398,-0.024963249882304472
rolling_60d,60d,uncapped,7,2025-10-11,2025-12-09,60,-0.21117952354186453,-0.20257633032857958,-0.008603193213284954
rolling_60d,60d,uncapped,7,2025-10-12,2025-12-10,60,-0.20640292930512627,-0.1977381567209695,-0.008664772584156766
rolling_60d,60d,uncapped,7,2025-10-13,2025-12-11,60,-0.23483195030181092,-0.2087051067428316,-0.026126843558979318
rolling_60d,60d,uncapped,7,2025-10-14,2025-12-12,60,-0.2447905333702598,-0.21477037770464935,-0.03002015566561045
rolling_60d,60d,uncapped,7,2025-10-15,2025-12-13,60,-0.22741918181130594,-0.20781351049444108,-0.01960567131686486
rolling_60d,60d,uncapped,7,2025-10-16,2025-12-14,60,-0.23683012027780026,-0.21833491461100507,-0.01849520566679519
rolling_60d,60d,uncapped,7,2025-10-17,2025-12-15,60,-0.25012440342864184,-0.21899576527525666,-0.03112863815338518
rolling_60d,60d,uncapped,7,2025-10-18,2025-12-16,60,-0.2400892985505818,-0.20237840612567748,-0.03771089242490433
rolling_60d,60d,uncapped,7,2025-10-19,2025-12-17,60,-0.2518420291452691,-0.21373709970120403,-0.03810492944406507
rolling_60d,60d,uncapped,7,2025-10-20,2025-12-18,60,-0.27144211097293647,-0.22830161214017786,-0.04314049883275861
rolling_60d,60d,uncapped,7,2025-10-21,2025-12-19,60,-0.25113890516686843,-0.20907321599652362,-0.04206568917034481
rolling_60d,60d,uncapped,7,2025-10-22,2025-12-20,60,-0.23413897658477945,-0.1930766825463911,-0.04106229403838835
rolling_60d,60d,uncapped,7,2025-10-23,2025-12-21,60,-0.23651514712850485,-0.19024662508202883,-0.046268522046476024
rolling_60d,60d,uncapped,7,2025-10-24,2025-12-22,60,-0.24435312091503136,-0.20285210800110443,-0.04150101291392694
rolling_60d,60d,uncapped,7,2025-10-25,2025-12-23,60,-0.24905541554148525,-0.2133103331805304,-0.03574508236095486
rolling_60d,60d,uncapped,7,2025-10-26,2025-12-24,60,-0.2571130945923159,-0.2231287200144274,-0.0339843745778885
rolling_60d,60d,uncapped,7,2025-10-27,2025-12-25,60,-0.2764942967100934,-0.24215852198679988,-0.03433577472329352
rolling_60d,60d,uncapped,7,2025-10-28,2025-12-26,60,-0.2728521667247016,-0.24126110124333655,-0.03159106548136503
rolling_60d,60d,uncapped,7,2025-10-29,2025-12-27,60,-0.26214150982722517,-0.23636525877453518,-0.02577625105268999
rolling_60d,60d,uncapped,7,2025-10-30,2025-12-28,60,-0.24904172926502754,-0.22166384775439596,-0.027377881510631585
rolling_60d,60d,uncapped,7,2025-10-31,2025-12-29,60,-0.2433958191425616,-0.22591289313152918,-0.017482926011032407
rolling_60d,60d,uncapped,7,2025-11-01,2025-12-30,60,-0.23942044062886636,-0.2180307916996218,-0.021389648929244554
rolling_60d,60d,uncapped,7,2025-11-02,2025-12-31,60,-0.25145756310213274,-0.21931974780179364,-0.0321378153003391
rolling_60d,60d,uncapped,7,2025-11-03,2026-01-01,60,-0.23864978586638808,-0.21463108281962795,-0.024018703046760126
rolling_60d,60d,uncapped,7,2025-11-04,2026-01-02,60,-0.1795932881920811,-0.17891569305306287,-0.0006775951390182167
rolling_60d,60d,uncapped,7,2025-11-05,2026-01-03,60,-0.14452426744466518,-0.14410708455761723,-0.00041718288704795103
rolling_60d,60d,uncapped,7,2025-11-06,2026-01-04,60,-0.14869675483186995,-0.15073524698400453,0.0020384921521345856
rolling_60d,60d,uncapped,7,2025-11-07,2026-01-05,60,-0.1249142189904423,-0.10057659157105714,-0.024337627419385166
rolling_60d,60d,uncapped,7,2025-11-08,2026-01-06,60,-0.14988249744065363,-0.11580902649233882,-0.03407347094831481
rolling_60d,60d,uncapped,7,2025-11-09,2026-01-07,60,-0.1430959124976765,-0.12838263058526744,-0.01471328191240906
rolling_60d,60d,uncapped,7,2025-11-10,2026-01-08,60,-0.158407432552237,-0.1425812681042743,-0.0158261644479627
rolling_60d,60d,uncapped,7,2025-11-11,2026-01-09,60,-0.165292095964246,-0.14922216418004974,-0.016069931784196245
rolling_60d,60d,uncapped,7,2025-11-12,2026-01-10,60,-0.15728545805778782,-0.13560978767477672,-0.021675670383011103
rolling_60d,60d,uncapped,7,2025-11-13,2026-01-11,60,-0.16543069746727213,-0.12727249006855312,-0.038158207398719
rolling_60d,60d,uncapped,7,2025-11-14,2026-01-12,60,-0.14928702416776296,-0.11001719121925013,-0.03926983294851283
rolling_60d,60d,uncapped,7,2025-11-15,2026-01-13,60,-0.0782041992450464,-0.027163753865394602,-0.0510404453796518
rolling_60d,60d,uncapped,7,2025-11-16,2026-01-14,60,-0.07294496698329689,-0.015492323155297139,-0.05745264382799975
rolling_60d,60d,uncapped,7,2025-11-17,2026-01-15,60,-0.06289008055563994,0.004126135756283844,-0.06701621631192378
rolling_60d,60d,uncapped,7,2025-11-18,2026-01-16,60,-0.044305134421608106,0.023370590796929713,-0.06767572521853782
rolling_60d,60d,uncapped,7,2025-11-19,2026-01-17,60,-0.04683297725830382,0.02011921962695329,-0.06695219688525711
rolling_60d,60d,uncapped,7,2025-11-20,2026-01-18,60,-0.05270996291253871,0.014759715348350744,-0.06746967826088945
rolling_60d,60d,uncapped,7,2025-11-21,2026-01-19,60,-0.027470110624020383,0.05312134997233886,-0.08059146059635924
rolling_60d,60d,uncapped,7,2025-11-22,2026-01-20,60,-0.039273640340107274,0.029612044730435994,-0.06888568507054327
rolling_60d,60d,uncapped,7,2025-11-23,2026-01-21,60,-0.034615118586018845,0.040651236579834826,-0.07526635516585367
rolling_60d,60d,uncapped,7,2025-11-24,2026-01-22,60,-0.06324393604023715,0.007383150649632464,-0.07062708668986961
rolling_60d,60d,uncapped,7,2025-11-25,2026-01-23,60,-0.07046751526965334,-0.003932016120507753,-0.06653549914914558
rolling_60d,60d,uncapped,7,2025-11-26,2026-01-24,60,-0.07450521400477816,0.007536169789522873,-0.08204138379430104
rolling_60d,60d,uncapped,7,2025-11-27,2026-01-25,60,-0.1116093216363947,-0.05141608339977777,-0.06019323823661693
rolling_60d,60d,uncapped,7,2025-11-28,2026-01-26,60,-0.12220478129109646,-0.05432552978705929,-0.06787925150403717
rolling_60d,60d,uncapped,7,2025-11-29,2026-01-27,60,-0.11610729765991468,-0.04853371680961294,-0.06757358085030174
rolling_60d,60d,uncapped,7,2025-11-30,2026-01-28,60,-0.14148926080123403,-0.050861416060645426,-0.0906278447405886
rolling_60d,60d,uncapped,7,2025-12-01,2026-01-29,60,-0.15465688131380106,-0.08510309278350325,-0.06955378853029781
rolling_60d,60d,uncapped,7,2025-12-02,2026-01-30,60,-0.10930357537670055,-0.03143772837059311,-0.07786584700610744
rolling_60d,60d,uncapped,7,2025-12-03,2026-01-31,60,-0.15784772290141547,-0.1348021185817233,-0.02304560431969216
rolling_60d,60d,uncapped,7,2025-12-04,2026-02-01,60,-0.20987982401126692,-0.1830094535924328,-0.02687037041883411
rolling_60d,60d,uncapped,7,2025-12-05,2026-02-02,60,-0.1828094547860084,-0.1490903798573684,-0.033719074928640014
rolling_60d,60d,uncapped,7,2025-12-06,2026-02-03,60,-0.1934896055117854,-0.1629966491144067,-0.0304929563973787
rolling_60d,60d,uncapped,7,2025-12-07,2026-02-04,60,-0.2148291312412386,-0.19202730416298264,-0.022801827078255954
rolling_60d,60d,uncapped,7,2025-12-08,2026-02-05,60,-0.3229628617380208,-0.31078030039455184,-0.012182561343468956
rolling_60d,60d,uncapped,7,2025-12-09,2026-02-06,60,-0.2398398662711555,-0.22511111111110638,-0.014728755160049123
rolling_60d,60d,uncapped,7,2025-12-10,2026-02-07,60,-0.2541330534512909,-0.25253615525426854,-0.0015968981970223561
rolling_60d,60d,uncapped,7,2025-12-11,2026-02-08,60,-0.23848670023372176,-0.23479323184514345,-0.0036934683885783137
rolling_60d,60d,uncapped,7,2025-12-12,2026-02-09,60,-0.23580392447849363,-0.24697201017811332,0.01116808569961969
rolling_60d,60d,uncapped,7,2025-12-13,2026-02-10,60,-0.23373602658491177,-0.24239727043464665,0.008661243849734879
rolling_60d,60d,uncapped,7,2025-12-14,2026-02-11,60,-0.257890848446499,-0.26406566574886614,0.0061748173023671304
rolling_60d,60d,uncapped,7,2025-12-15,2026-02-12,60,-0.2439621087252528,-0.2627143073888588,0.018752198663606
rolling_60d,60d,uncapped,7,2025-12-16,2026-02-13,60,-0.17947416288397133,-0.21925639039503697,0.03978222751106564
rolling_60d,60d,uncapped,7,2025-12-17,2026-02-14,60,-0.1529415869440901,-0.21208685125878424,0.059145264314694135
rolling_60d,60d,uncapped,7,2025-12-18,2026-02-15,60,-0.15452686178692432,-0.20732986734431902,0.0528030055573947
rolling_60d,60d,uncapped,7,2025-12-19,2026-02-16,60,-0.1345287791754297,-0.1990442731052412,0.06451549392981148
rolling_60d,60d,uncapped,7,2025-12-20,2026-02-17,60,-0.18397738918992035,-0.2381173674226501,0.05413997823272976
rolling_60d,60d,uncapped,7,2025-12-21,2026-02-18,60,-0.19700582889664486,-0.25065724489020147,0.053651415993556606
rolling_60d,60d,uncapped,7,2025-12-22,2026-02-19,60,-0.21379599236389624,-0.2520848640009681,0.03828887163707184
rolling_60d,60d,uncapped,7,2025-12-23,2026-02-20,60,-0.2121391258439681,-0.24213976939790338,0.03000064355393528
rolling_60d,60d,uncapped,7,2025-12-24,2026-02-21,60,-0.20846547655178327,-0.2334202254082579,0.02495474885647464
rolling_60d,60d,uncapped,7,2025-12-25,2026-02-22,60,-0.2131636199301481,-0.22976852890873045,0.016604908978582356
rolling_60d,60d,uncapped,7,2025-12-26,2026-02-23,60,-0.2388670524540265,-0.2576684252299284,0.01880137277590188
rolling_60d,60d,uncapped,7,2025-12-27,2026-02-24,60,-0.24688110526657847,-0.2677232327488599,0.020842127482281425
rolling_60d,60d,uncapped,7,2025-12-28,2026-02-25,60,-0.22726143302981416,-0.23839460297427606,0.011133169944461896
rolling_60d,60d,uncapped,7,2025-12-29,2026-02-26,60,-0.22386450616774822,-0.23804052152705235,0.014176015359304128
rolling_60d,60d,uncapped,7,2025-12-30,2026-02-27,60,-0.2275824848901009,-0.24357845064883432,0.01599596575873341
rolling_60d,60d,uncapped,7,2025-12-31,2026-02-28,60,-0.22843828336622085,-0.23963237640173352,0.011194093035512664
rolling_60d,60d,uncapped,7,2026-01-01,2026-03-01,60,-0.22524961825689238,-0.2498164492696986,0.02456683101280621
rolling_60d,60d,uncapped,7,2026-01-02,2026-03-02,60,-0.20962918760650295,-0.21779264941073695,0.008163461804233996
rolling_60d,60d,uncapped,7,2026-01-03,2026-03-03,60,-0.2233353456007634,-0.22941876992815768,0.006083424327394282
rolling_60d,60d,uncapped,7,2026-01-04,2026-03-04,60,-0.20711105027078203,-0.19566676838571162,-0.011444281885070406
rolling_60d,60d,uncapped,7,2026-01-05,2026-03-05,60,-0.21640033020513805,-0.21596081124940258,-0.00043951895573546285
rolling_60d,60d,uncapped,7,2026-01-06,2026-03-06,60,-0.25124515249031776,-0.25968761703345866,0.008442464543140904
rolling_60d,60d,uncapped,7,2026-01-07,2026-03-07,60,-0.25899478799246,-0.2699319807842002,0.010937192791740213
rolling_60d,60d,uncapped,7,2026-01-08,2026-03-08,60,-0.27442005470865294,-0.2640944645005976,-0.010325590208055346
rolling_60d,60d,uncapped,7,2026-01-09,2026-03-09,60,-0.26303725707603576,-0.2458333333333278,-0.01720392374270796
rolling_60d,60d,uncapped,7,2026-01-10,2026-03-10,60,-0.25028504077583036,-0.23349307375514317,-0.016791967020687193
rolling_60d,60d,uncapped,7,2026-01-11,2026-03-11,60,-0.25170132115921584,-0.22996907085245366,-0.02173225030676218
rolling_60d,60d,uncapped,7,2026-01-12,2026-03-12,60,-0.2362819969892348,-0.22864937588757983,-0.007632621101654968
rolling_60d,60d,uncapped,7,2026-01-13,2026-03-13,60,-0.2272687050390565,-0.22450056091707826,-0.0027681441219782332
rolling_60d,60d,uncapped,7,2026-01-14,2026-03-14,60,-0.23567371626455857,-0.2486928197948468,0.013019103530288234
rolling_60d,60d,uncapped,7,2026-01-15,2026-03-15,60,-0.2312623014219688,-0.24593395761458625,0.014671656192617455
rolling_60d,60d,uncapped,7,2026-01-16,2026-03-16,60,-0.1906754965106956,-0.22049764378583558,0.029822147275139987
rolling_60d,60d,uncapped,7,2026-01-17,2026-03-17,60,-0.19350955051688468,-0.22619148936169797,0.032681938844813296
rolling_60d,60d,uncapped,7,2026-01-18,2026-03-18,60,-0.21991040342506163,-0.24635587188611752,0.026445468461055888
rolling_60d,60d,uncapped,7,2026-01-19,2026-03-19,60,-0.21915358739476665,-0.24909093532653526,0.02993734793176861
rolling_60d,60d,uncapped,7,2026-01-20,2026-03-20,60,-0.1990650295223747,-0.23093200242248668,0.03186697290011198
rolling_60d,60d,uncapped,7,2026-01-21,2026-03-21,60,-0.18159647603517248,-0.21429979976942726,0.032703323734254774
rolling_60d,60d,uncapped,7,2026-01-22,2026-03-22,60,-0.20225218946282197,-0.22936084466011852,0.02710865519729655
rolling_60d,60d,uncapped,7,2026-01-23,2026-03-23,60,-0.19282814779373136,-0.20520557428364772,0.012377426489916354
rolling_60d,60d,uncapped,7,2026-01-24,2026-03-24,60,-0.18622132110903922,-0.20293830172524574,0.016716980616206523
rolling_60d,60d,uncapped,7,2026-01-25,2026-03-25,60,-0.18037262252364217,-0.19121711925156115,0.010844496727918984
rolling_60d,60d,uncapped,7,2026-01-26,2026-03-26,60,-0.18549141753497433,-0.19286270236612446,0.007371284831150127
rolling_60d,60d,uncapped,7,2026-01-27,2026-03-27,60,-0.19660476808136507,-0.22025210927307926,0.02364734119171419
rolling_60d,60d,uncapped,7,2026-01-28,2026-03-28,60,-0.1990726281109505,-0.22200459585755372,0.02293196774660322
rolling_60d,60d,uncapped,7,2026-01-29,2026-03-29,60,-0.19909556727477362,-0.22128912302447634,0.02219355574970272
rolling_60d,60d,uncapped,7,2026-01-30,2026-03-30,60,-0.15894173756471153,-0.1832135412055359,0.024271803640824374
rolling_90d,90d,uncapped,7,2025-03-01,2025-05-29,90,-0.1306363024638807,0.18382134393702776,-0.31445764640090845
rolling_90d,90d,uncapped,7,2025-03-02,2025-05-30,90,-0.1635845211312228,0.1473031956352382,-0.310887716766461
rolling_90d,90d,uncapped,7,2025-03-03,2025-05-31,90,-0.24043213056410273,0.03542777941115527,-0.275859909975258
rolling_90d,90d,uncapped,7,2025-03-04,2025-06-01,90,-0.16289344224112512,0.1485883757655222,-0.3114818180066473
rolling_90d,90d,uncapped,7,2025-03-05,2025-06-02,90,-0.15039599246134694,0.1363950329245316,-0.28679102538587853
rolling_90d,90d,uncapped,7,2025-03-06,2025-06-03,90,-0.18855033832143964,0.0885931840023717,-0.27714352232381134
rolling_90d,90d,uncapped,7,2025-03-07,2025-06-04,90,-0.19208444918528655,0.08533696066488572,-0.2774214098501723
rolling_90d,90d,uncapped,7,2025-03-08,2025-06-05,90,-0.1954726761283646,0.09470674600108886,-0.29017942212945347
rolling_90d,90d,uncapped,7,2025-03-09,2025-06-06,90,-0.1760144405289571,0.12947956199838617,-0.30549400252734327
rolling_90d,90d,uncapped,7,2025-03-10,2025-06-07,90,-0.13903875935023569,0.20962922609614965,-0.34866798544638533
rolling_90d,90d,uncapped,7,2025-03-11,2025-06-08,90,-0.12993132462461643,0.23689862725289812,-0.36682995187751455
rolling_90d,90d,uncapped,7,2025-03-12,2025-06-09,90,-0.11887419243926067,0.21960113775415202,-0.3384753301934127
rolling_90d,90d,uncapped,7,2025-03-13,2025-06-10,90,-0.12073285343183904,0.2144907205856279,-0.33522357401746694
rolling_90d,90d,uncapped,7,2025-03-14,2025-06-11,90,-0.11182104923516423,0.24538524276369889,-0.3572062919988631
rolling_90d,90d,uncapped,7,2025-03-15,2025-06-12,90,-0.14717328447037203,0.1734596774193593,-0.32063296188973134
rolling_90d,90d,uncapped,7,2025-03-16,2025-06-13,90,-0.1450104700646314,0.18593260345925455,-0.33094307352388597
rolling_90d,90d,uncapped,7,2025-03-17,2025-06-14,90,-0.1369178950038169,0.20377405032067863,-0.34069194532449554
rolling_90d,90d,uncapped,7,2025-03-18,2025-06-15,90,-0.1423299991730702,0.18776659828726316,-0.3300965974603334
rolling_90d,90d,uncapped,7,2025-03-19,2025-06-16,90,-0.13556369916485056,0.20891817447096672,-0.3444818736358173
rolling_90d,90d,uncapped,7,2025-03-20,2025-06-17,90,-0.16437242311820288,0.14038003261006415,-0.30475245572826704
rolling_90d,90d,uncapped,7,2025-03-21,2025-06-18,90,-0.15699114232683886,0.17042253521126893,-0.3274136775381078
rolling_90d,90d,uncapped,7,2025-03-22,2025-06-19,90,-0.16282634627975445,0.16448995983935832,-0.3273163061191128
rolling_90d,90d,uncapped,7,2025-03-23,2025-06-20,90,-0.16057304531050032,0.1594589154152768,-0.3200319607257771
rolling_90d,90d,uncapped,7,2025-03-24,2025-06-21,90,-0.17795040829521913,0.12589395419173854,-0.3038443624869577
rolling_90d,90d,uncapped,7,2025-03-25,2025-06-22,90,-0.20636633047954478,0.0942990291262158,-0.3006653596057606
rolling_90d,90d,uncapped,7,2025-03-26,2025-06-23,90,-0.1786403700649306,0.13387115541248407,-0.3125115254774147
rolling_90d,90d,uncapped,7,2025-03-27,2025-06-24,90,-0.17647482180249197,0.13277846919726133,-0.3092532909997533
rolling_90d,90d,uncapped,7,2025-03-28,2025-06-25,90,-0.16377970293590693,0.14536130536130898,-0.3091410082972159
rolling_90d,90d,uncapped,7,2025-03-29,2025-06-26,90,-0.16439659680758345,0.16775779366960597,-0.3321543904771894
rolling_90d,90d,uncapped,7,2025-03-30,2025-06-27,90,-0.15281202423694895,0.19099684711337028,-0.34380887135031923
rolling_90d,90d,uncapped,7,2025-03-31,2025-06-28,90,-0.14951897801626823,0.19537037037037397,-0.3448893483866422
rolling_90d,90d,uncapped,7,2025-04-01,2025-06-29,90,-0.11627571468889286,0.20162350840165488,-0.31789922309054774
rolling_90d,90d,uncapped,7,2025-04-02,2025-06-30,90,0.006997751069233171,0.1496988023148409,-0.14270105124560772
rolling_90d,90d,uncapped,7,2025-04-03,2025-07-01,90,0.10523138487678985,0.18152575774849833,-0.07629437287170848
rolling_90d,90d,uncapped,7,2025-04-04,2025-07-02,90,0.1480450819867496,0.19607429637439866,-0.048029214387649066
rolling_90d,90d,uncapped,7,2025-04-05,2025-07-03,90,0.16426536864768027,0.20674561680810988,-0.04248024816042961
rolling_90d,90d,uncapped,7,2025-04-06,2025-07-04,90,0.148792585861371,0.19873635375605936,-0.04994376789468835
rolling_90d,90d,uncapped,7,2025-04-07,2025-07-05,90,0.20676520339685278,0.2614009702953386,-0.054635766898485816
rolling_90d,90d,uncapped,7,2025-04-08,2025-07-06,90,0.19289300565234058,0.25666392796943516,-0.06377092231709458
rolling_90d,90d,uncapped,7,2025-04-09,2025-07-07,90,0.20921618467543124,0.2920956203105842,-0.08287943563515299
rolling_90d,90d,uncapped,7,2025-04-10,2025-07-08,90,0.1303032038572196,0.2203880778788947,-0.09008487402167509
rolling_90d,90d,uncapped,7,2025-04-11,2025-07-09,90,0.18831304474490707,0.27985517568850504,-0.09154213094359798
rolling_90d,90d,uncapped,7,2025-04-12,2025-07-10,90,0.20946630967945157,0.2874837563535193,-0.07801744667406774
rolling_90d,90d,uncapped,7,2025-04-13,2025-07-11,90,0.20344147632460508,0.279173000420448,-0.07573152409584294
rolling_90d,90d,uncapped,7,2025-04-14,2025-07-12,90,0.24071894007731753,0.3136513157894676,-0.07293237571215005
rolling_90d,90d,uncapped,7,2025-04-15,2025-07-13,90,0.24720270190974514,0.31546485703590776,-0.06826215512616263
rolling_90d,90d,uncapped,7,2025-04-16,2025-07-14,90,0.23727351817204867,0.3422956245340656,-0.10502210636201692
rolling_90d,90d,uncapped,7,2025-04-17,2025-07-15,90,0.2123732082884071,0.3203477775405936,-0.10797456925218651
rolling_90d,90d,uncapped,7,2025-04-18,2025-07-16,90,0.22349380397376684,0.31287464164711487,-0.08938083767334803
rolling_90d,90d,uncapped,7,2025-04-19,2025-07-17,90,0.24115322871842526,0.32813356346473155,-0.08698033474630629
rolling_90d,90d,uncapped,7,2025-04-20,2025-07-18,90,0.2303545619189422,0.31175460162654156,-0.08140003970759935
rolling_90d,90d,uncapped,7,2025-04-21,2025-07-19,90,0.2413140519807495,0.31421872710398424,-0.07290467512323473
rolling_90d,90d,uncapped,7,2025-04-22,2025-07-20,90,0.22379641786074056,0.2668805449936602,-0.04308412713291965
rolling_90d,90d,uncapped,7,2025-04-23,2025-07-21,90,0.17470582066515528,0.1931405654821794,-0.018434744817024118
rolling_90d,90d,uncapped,7,2025-04-24,2025-07-22,90,0.19810812436021363,0.21037815939589288,-0.01227003503567925
rolling_90d,90d,uncapped,7,2025-04-25,2025-07-23,90,0.1668491558055667,0.20311177125881152,-0.03626261545324483
rolling_90d,90d,uncapped,7,2025-04-26,2025-07-24,90,0.1271370568300254,0.1796646669743056,-0.0525276101442802
rolling_90d,90d,uncapped,7,2025-04-27,2025-07-25,90,0.1161842698417832,0.17295611299037406,-0.05677184314859085
rolling_90d,90d,uncapped,7,2025-04-28,2025-07-26,90,0.141780997620631,0.1909684198064321,-0.04918742218580108
rolling_90d,90d,uncapped,7,2025-04-29,2025-07-27,90,0.13852501624059022,0.18806860115894297,-0.04954358491835276
rolling_90d,90d,uncapped,7,2025-04-30,2025-07-28,90,0.13844168743002605,0.19174856975208754,-0.05330688232206149
rolling_90d,90d,uncapped,7,2025-05-01,2025-07-29,90,0.14087200943120393,0.19949745420881215,-0.05862544477760823
rolling_90d,90d,uncapped,7,2025-05-02,2025-07-30,90,0.12541375707785885,0.17040847809084458,-0.04499472101298574
rolling_90d,90d,uncapped,7,2025-05-03,2025-07-31,90,0.11266927850135322,0.16201226108906797,-0.049342982587714745
rolling_90d,90d,uncapped,7,2025-05-04,2025-08-01,90,0.09226001762168323,0.14968535156959972,-0.05742533394791649
rolling_90d,90d,uncapped,7,2025-05-05,2025-08-02,90,0.10257773010841231,0.16040253612503075,-0.057824806016618435
rolling_90d,90d,uncapped,7,2025-05-06,2025-08-03,90,0.13585319961314113,0.18840536733633972,-0.052552167723198595
rolling_90d,90d,uncapped,7,2025-05-07,2025-08-04,90,0.13855900145520716,0.16660603855947254,-0.02804703710426537
rolling_90d,90d,uncapped,7,2025-05-08,2025-08-05,90,0.13092137688142635,0.16110913563761997,-0.030187758756193617
rolling_90d,90d,uncapped,7,2025-05-09,2025-08-06,90,0.07488872666233193,0.10522425690937154,-0.03033553024703961
rolling_90d,90d,uncapped,7,2025-05-10,2025-08-07,90,0.09029175908716658,0.1263428889507332,-0.03605112986356662
rolling_90d,90d,uncapped,7,2025-05-11,2025-08-08,90,0.06403454489586702,0.1036792296655964,-0.03964468476972938
rolling_90d,90d,uncapped,7,2025-05-12,2025-08-09,90,0.0634632153782575,0.10079943908658517,-0.037336223708327676
rolling_90d,90d,uncapped,7,2025-05-13,2025-08-10,90,0.08407594016852893,0.1308098409302636,-0.04673390076173467
rolling_90d,90d,uncapped,7,2025-05-14,2025-08-11,90,0.07674586192595512,0.12646554679465227,-0.049719684868697156
rolling_90d,90d,uncapped,7,2025-05-15,2025-08-12,90,0.085389887197719,0.12726873636699731,-0.04187884916927831
rolling_90d,90d,uncapped,7,2025-05-16,2025-08-13,90,0.12417286702190533,0.15100023277148544,-0.026827365749580112
rolling_90d,90d,uncapped,7,2025-05-17,2025-08-14,90,0.09642355954922843,0.12325971827909954,-0.026836158729871107
rolling_90d,90d,uncapped,7,2025-05-18,2025-08-15,90,0.09388584121022192,0.11709948443765295,-0.023213643227431024
rolling_90d,90d,uncapped,7,2025-05-19,2025-08-16,90,0.06598189714133107,0.0827810611594384,-0.016799164018107327
rolling_90d,90d,uncapped,7,2025-05-20,2025-08-17,90,0.0830798171724223,0.09821909325867084,-0.015139276086248543
rolling_90d,90d,uncapped,7,2025-05-21,2025-08-18,90,0.06037834288302335,0.07410387710314503,-0.013725534220121682
rolling_90d,90d,uncapped,7,2025-05-22,2025-08-19,90,0.02399293466608654,0.03152157516052845,-0.007528640494441907
rolling_90d,90d,uncapped,7,2025-05-23,2025-08-20,90,0.017640746391710982,0.028301521295559073,-0.010660774903848091
rolling_90d,90d,uncapped,7,2025-05-24,2025-08-21,90,0.041925093543377034,0.05327094694265,-0.011345853399272965
rolling_90d,90d,uncapped,7,2025-05-25,2025-08-22,90,0.05961902225822535,0.07057065036870314,-0.010951628110477785
rolling_90d,90d,uncapped,7,2025-05-26,2025-08-23,90,0.04014623951622154,0.048425212356738134,-0.008278972840516596
rolling_90d,90d,uncapped,7,2025-05-27,2025-08-24,90,0.02845431344293803,0.0349897880779948,-0.0065354746350567705
rolling_90d,90d,uncapped,7,2025-05-28,2025-08-25,90,0.02360352432400914,0.03029561698724037,-0.0066920926632312305
rolling_90d,90d,uncapped,7,2025-05-29,2025-08-26,90,0.038830328430425,0.04217584800730245,-0.0033455195768774537
rolling_90d,90d,uncapped,7,2025-05-30,2025-08-27,90,0.047681836937629285,0.05592123120352621,-0.008239394265896927
rolling_90d,90d,uncapped,7,2025-05-31,2025-08-28,90,0.06499104558854119,0.06437543733314288,0.0006156082553983033
rolling_90d,90d,uncapped,7,2025-06-01,2025-08-29,90,0.031786894967009705,0.028293276543969403,0.003493618423040301
rolling_90d,90d,uncapped,7,2025-06-02,2025-08-30,90,0.022557788970004378,0.017819776800095832,0.004738012169908545
rolling_90d,90d,uncapped,7,2025-06-03,2025-08-31,90,-0.0009091599524465588,0.018457486324049865,-0.019366646276496424
rolling_90d,90d,uncapped,7,2025-06-04,2025-09-01,90,0.017991936534085262,0.035591562877761884,-0.017599626343676622
rolling_90d,90d,uncapped,7,2025-06-05,2025-09-02,90,0.051752909551016524,0.06734060061839564,-0.015587691067379117
rolling_90d,90d,uncapped,7,2025-06-06,2025-09-03,90,0.08550098415675111,0.09350161647820388,-0.00800063232145276
rolling_90d,90d,uncapped,7,2025-06-07,2025-09-04,90,0.0643335205312685,0.07054181900808487,-0.006208298476816365
rolling_90d,90d,uncapped,7,2025-06-08,2025-09-05,90,0.05326765189857885,0.05741424370006731,-0.004146591801488464
rolling_90d,90d,uncapped,7,2025-06-09,2025-09-06,90,0.05210898636113104,0.05921151971888117,-0.007102533357750129
rolling_90d,90d,uncapped,7,2025-06-10,2025-09-07,90,0.025696586147617495,0.03001328903655831,-0.0043167028889408154
rolling_90d,90d,uncapped,7,2025-06-11,2025-09-08,90,0.029906278095036987,0.03601893217741048,-0.006112654082373492
rolling_90d,90d,uncapped,7,2025-06-12,2025-09-09,90,0.03722652805801441,0.038478244889511126,-0.0012517168314967186
rolling_90d,90d,uncapped,7,2025-06-13,2025-09-10,90,0.08283035873952671,0.09048237566062456,-0.007652016921097848
rolling_90d,90d,uncapped,7,2025-06-14,2025-09-11,90,0.08633106156289294,0.09088315411213466,-0.004552092549241715
rolling_90d,90d,uncapped,7,2025-06-15,2025-09-12,90,0.10604460146347638,0.10016871238978009,0.005875889073696294
rolling_90d,90d,uncapped,7,2025-06-16,2025-09-13,90,0.11194391427591777,0.10067850044548621,0.011265413830431559
rolling_90d,90d,uncapped,7,2025-06-17,2025-09-14,90,0.10720535746629767,0.09324583364600247,0.013959523820295194
rolling_90d,90d,uncapped,7,2025-06-18,2025-09-15,90,0.10965400765193611,0.10412026726058743,0.005533740391348685
rolling_90d,90d,uncapped,7,2025-06-19,2025-09-16,90,0.11916863406629563,0.11602544266805292,0.003143191398242706
rolling_90d,90d,uncapped,7,2025-06-20,2025-09-17,90,0.11750280699295423,0.11340263072583578,0.004100176267118449
rolling_90d,90d,uncapped,7,2025-06-21,2025-09-18,90,0.12840471660184893,0.1283550580212447,4.965858060423933e-05
rolling_90d,90d,uncapped,7,2025-06-22,2025-09-19,90,0.13547250252617027,0.13434955368386525,0.001122948842305016
rolling_90d,90d,uncapped,7,2025-06-23,2025-09-20,90,0.1620513825656209,0.1510458439502962,0.011005538615324717
rolling_90d,90d,uncapped,7,2025-06-24,2025-09-21,90,0.11030542276402233,0.10469101680885662,0.005614405955165713
rolling_90d,90d,uncapped,7,2025-06-25,2025-09-22,90,0.0886670831207621,0.10361875987091307,-0.014951676750150966
rolling_90d,90d,uncapped,7,2025-06-26,2025-09-23,90,0.06660636989478341,0.08289916422447186,-0.016292794329688443
rolling_90d,90d,uncapped,7,2025-06-27,2025-09-24,90,0.08772038310340635,0.09495231607630261,-0.00723193297289626
rolling_90d,90d,uncapped,7,2025-06-28,2025-09-25,90,0.07498480728460222,0.07626034407666027,-0.0012755367920580518
rolling_90d,90d,uncapped,7,2025-06-29,2025-09-26,90,0.06614770261045311,0.07443570195823113,-0.008287999347778019
rolling_90d,90d,uncapped,7,2025-06-30,2025-09-27,90,0.059574531573839185,0.06662928635124388,-0.007054754777404693
rolling_90d,90d,uncapped,7,2025-07-01,2025-09-28,90,0.09423985445905547,0.10404334509896263,-0.009803490639907153
rolling_90d,90d,uncapped,7,2025-07-02,2025-09-29,90,0.10609038316107733,0.12351039706663447,-0.01742001390555714
rolling_90d,90d,uncapped,7,2025-07-03,2025-09-30,90,0.06491668515993831,0.10418814083437966,-0.03927145567444135
rolling_90d,90d,uncapped,7,2025-07-04,2025-10-01,90,0.09740335791292609,0.13182199832074493,-0.034418640407818835
rolling_90d,90d,uncapped,7,2025-07-05,2025-10-02,90,0.12825172231546778,0.1553414480672881,-0.027089725751820337
rolling_90d,90d,uncapped,7,2025-07-06,2025-10-03,90,0.14282415471969578,0.1706117326351939,-0.02778757791549813
rolling_90d,90d,uncapped,7,2025-07-07,2025-10-04,90,0.1448117943212488,0.1794652305494009,-0.03465343622815209
rolling_90d,90d,uncapped,7,2025-07-08,2025-10-05,90,0.15633632905784767,0.19534773801486027,-0.039011408957012605
rolling_90d,90d,uncapped,7,2025-07-09,2025-10-06,90,0.16076387205132825,0.19822796418168687,-0.03746409213035862
rolling_90d,90d,uncapped,7,2025-07-10,2025-10-07,90,0.12271967534651429,0.16356722162964976,-0.04084754628313547
rolling_90d,90d,uncapped,7,2025-07-11,2025-10-08,90,0.09615223217427626,0.13736425194838842,-0.04121201977411215
rolling_90d,90d,uncapped,7,2025-07-12,2025-10-09,90,0.09016511482502443,0.12433392539965094,-0.03416881057462651
rolling_90d,90d,uncapped,7,2025-07-13,2025-10-10,90,0.004049733701856129,0.07643670965319083,-0.0723869759513347
rolling_90d,90d,uncapped,7,2025-07-14,2025-10-11,90,-0.014823713719046672,0.05396244154688001,-0.06878615526592669
rolling_90d,90d,uncapped,7,2025-07-15,2025-10-12,90,0.0007570558751792689,0.06090326518157485,-0.06014620930639558
rolling_90d,90d,uncapped,7,2025-07-16,2025-10-13,90,0.011443552108329591,0.06761554772076295,-0.056171995612433356
rolling_90d,90d,uncapped,7,2025-07-17,2025-10-14,90,0.0018369320974873649,0.05514888337469204,-0.05331195127720467
rolling_90d,90d,uncapped,7,2025-07-18,2025-10-15,90,-0.016402912012480564,0.03866028590257886,-0.055063197915059425
rolling_90d,90d,uncapped,7,2025-07-19,2025-10-16,90,-0.034242143795509605,0.025866991038407727,-0.06010913483391733
rolling_90d,90d,uncapped,7,2025-07-20,2025-10-17,90,-0.0504211658503384,0.013646274684707471,-0.06406744053504587
rolling_90d,90d,uncapped,7,2025-07-21,2025-10-18,90,-0.051887302023275295,0.02331005246012241,-0.0751973544833977
rolling_90d,90d,uncapped,7,2025-07-22,2025-10-19,90,-0.05488633464727499,0.030069785894128787,-0.08495612054140378
rolling_90d,90d,uncapped,7,2025-07-23,2025-10-20,90,-0.07197178729925302,0.021097383899786992,-0.09306917119904001
rolling_90d,90d,uncapped,7,2025-07-24,2025-10-21,90,-0.07885298262859342,0.006802511126614563,-0.08565549375520798
rolling_90d,90d,uncapped,7,2025-07-25,2025-10-22,90,-0.06861214294498674,0.012368906357695053,-0.0809810493026818
rolling_90d,90d,uncapped,7,2025-07-26,2025-10-23,90,-0.03859152711448344,0.034344569288387694,-0.07293609640287113
rolling_90d,90d,uncapped,7,2025-07-27,2025-10-24,90,-0.0443972525772528,0.030063930117980586,-0.07446118269523339
rolling_90d,90d,uncapped,7,2025-07-28,2025-10-25,90,-0.05324809028508548,0.023027812972827633,-0.07627590325791311
rolling_90d,90d,uncapped,7,2025-07-29,2025-10-26,90,-0.03620998138339748,0.04367226109808642,-0.0798822424814839
rolling_90d,90d,uncapped,7,2025-07-30,2025-10-27,90,-0.0424381798230532,0.03454612274899471,-0.07698430257204791
rolling_90d,90d,uncapped,7,2025-07-31,2025-10-28,90,-0.046746033757462446,0.03052335382936877,-0.07726938758683122
rolling_90d,90d,uncapped,7,2025-08-01,2025-10-29,90,-0.05162650737657948,0.0201907977630591,-0.07181730513963858
rolling_90d,90d,uncapped,7,2025-08-02,2025-10-30,90,-0.04039955686303354,0.0394102385622952,-0.07980979542532873
rolling_90d,90d,uncapped,7,2025-08-03,2025-10-31,90,-0.03209850803901637,0.04404785351690421,-0.07614636155592058
rolling_90d,90d,uncapped,7,2025-08-04,2025-11-01,90,-0.0510710445603455,0.023043716937818814,-0.07411476149816432
rolling_90d,90d,uncapped,7,2025-08-05,2025-11-02,90,-0.058641208789218635,0.022806361085125904,-0.08144756987434454
rolling_90d,90d,uncapped,7,2025-08-06,2025-11-03,90,-0.10916183301839877,-0.009287383907698787,-0.09987444911069998
rolling_90d,90d,uncapped,7,2025-08-07,2025-11-04,90,-0.14070613517964037,-0.04281250000000181,-0.09789363517963856
rolling_90d,90d,uncapped,7,2025-08-08,2025-11-05,90,-0.14043348203591843,-0.03629894117792476,-0.10413454085799367
rolling_90d,90d,uncapped,7,2025-08-09,2025-11-06,90,-0.13450458081308725,-0.05374764854037539,-0.08075693227271186
rolling_90d,90d,uncapped,7,2025-08-10,2025-11-07,90,-0.10631701809376504,-0.03854103571227563,-0.06777598238148941
rolling_90d,90d,uncapped,7,2025-08-11,2025-11-08,90,-0.13268365293101325,-0.06905895276455565,-0.0636247001664576
rolling_90d,90d,uncapped,7,2025-08-12,2025-11-09,90,-0.11819739424236786,-0.05444474877507044,-0.06375264546729742
rolling_90d,90d,uncapped,7,2025-08-13,2025-11-10,90,-0.11176575782257847,-0.04482171108677058,-0.0669440467358079
rolling_90d,90d,uncapped,7,2025-08-14,2025-11-11,90,-0.1365269231178542,-0.08114345534790268,-0.05538346776995151
rolling_90d,90d,uncapped,7,2025-08-15,2025-11-12,90,-0.12325136101085932,-0.0685829551185082,-0.05466840589235111
rolling_90d,90d,uncapped,7,2025-08-16,2025-11-13,90,-0.1378862789189066,-0.07671833316036436,-0.06116794575854223
rolling_90d,90d,uncapped,7,2025-08-17,2025-11-14,90,-0.17463698426526808,-0.11745044647237801,-0.05718653779289007
rolling_90d,90d,uncapped,7,2025-08-18,2025-11-15,90,-0.17270251413383475,-0.11585534016878274,-0.05684717396505201
rolling_90d,90d,uncapped,7,2025-08-19,2025-11-16,90,-0.18793402382483537,-0.1311844866976637,-0.05674953712717168
rolling_90d,90d,uncapped,7,2025-08-20,2025-11-17,90,-0.17929866704700148,-0.12394371570454166,-0.055354951342459824
rolling_90d,90d,uncapped,7,2025-08-21,2025-11-18,90,-0.18949287004009796,-0.13514514822513157,-0.05434772181496639
rolling_90d,90d,uncapped,7,2025-08-22,2025-11-19,90,-0.18959210639583446,-0.1344233206590646,-0.055168785736769865
rolling_90d,90d,uncapped,7,2025-08-23,2025-11-20,90,-0.24072660919808542,-0.19246926833506228,-0.048257340863023135
rolling_90d,90d,uncapped,7,2025-08-24,2025-11-21,90,-0.2485926612283743,-0.1982218326393893,-0.050370828588985006
rolling_90d,90d,uncapped,7,2025-08-25,2025-11-22,90,-0.2369989013243825,-0.1920926897671973,-0.044906211557185216
rolling_90d,90d,uncapped,7,2025-08-26,2025-11-23,90,-0.20517098885750207,-0.15339643831221195,-0.05177455054529012
rolling_90d,90d,uncapped,7,2025-08-27,2025-11-24,90,-0.20701524217046718,-0.154222758404989,-0.05279248376547818
rolling_90d,90d,uncapped,7,2025-08-28,2025-11-25,90,-0.19673052947999936,-0.16005500967167718,-0.03667551980832218
rolling_90d,90d,uncapped,7,2025-08-29,2025-11-26,90,-0.18490509185608006,-0.1355098133078061,-0.04939527854827397
rolling_90d,90d,uncapped,7,2025-08-30,2025-11-27,90,-0.14801594198724033,-0.09934911242603728,-0.04866682956120305
rolling_90d,90d,uncapped,7,2025-08-31,2025-11-28,90,-0.15015009621538267,-0.10189706182748148,-0.048253034387901184
rolling_90d,90d,uncapped,7,2025-09-01,2025-11-29,90,-0.12732709033004874,-0.09818107066835868,-0.02914601966169006
rolling_90d,90d,uncapped,7,2025-09-02,2025-11-30,90,-0.15043647298383223,-0.10947899931145588,-0.04095747367237634
rolling_90d,90d,uncapped,7,2025-09-03,2025-12-01,90,-0.21293216159896877,-0.16658494412759273,-0.046347217471376045
rolling_90d,90d,uncapped,7,2025-09-04,2025-12-02,90,-0.17747031949459757,-0.12246953108861902,-0.05500078840597855
rolling_90d,90d,uncapped,7,2025-09-05,2025-12-03,90,-0.1646045825274397,-0.10669676738831091,-0.05790781513912879
rolling_90d,90d,uncapped,7,2025-09-06,2025-12-04,90,-0.1759639480579651,-0.11320766892741974,-0.06275627913054538
rolling_90d,90d,uncapped,7,2025-09-07,2025-12-05,90,-0.18832313418117708,-0.13367244451644122,-0.05465068966473585
rolling_90d,90d,uncapped,7,2025-09-08,2025-12-06,90,-0.18968526131947017,-0.13812033518904443,-0.05156492613042574
rolling_90d,90d,uncapped,7,2025-09-09,2025-12-07,90,-0.19723606337702038,-0.1344277210720891,-0.06280834230493126
rolling_90d,90d,uncapped,7,2025-09-10,2025-12-08,90,-0.19756270993048863,-0.13127972149471356,-0.06628298843577507
rolling_90d,90d,uncapped,7,2025-09-11,2025-12-09,90,-0.20219206347604124,-0.13586261225776008,-0.06632945121828115
rolling_90d,90d,uncapped,7,2025-09-12,2025-12-10,90,-0.21396464638906743,-0.14877016003487153,-0.06519448635419589
rolling_90d,90d,uncapped,7,2025-09-13,2025-12-11,90,-0.23246635481702205,-0.14601286413191994,-0.08645349068510211
rolling_90d,90d,uncapped,7,2025-09-14,2025-12-12,90,-0.24361189265276761,-0.16052303860523165,-0.08308885404753596
rolling_90d,90d,uncapped,7,2025-09-15,2025-12-13,90,-0.2309481104183101,-0.1592225134156996,-0.0717255970026105
rolling_90d,90d,uncapped,7,2025-09-16,2025-12-14,90,-0.24342803180794415,-0.17932052072243887,-0.06410751108550528
rolling_90d,90d,uncapped,7,2025-09-17,2025-12-15,90,-0.27912457352988873,-0.20454965557185245,-0.07457491795803628
rolling_90d,90d,uncapped,7,2025-09-18,2025-12-16,90,-0.27727121154612877,-0.19141370338248076,-0.08585750816364801
rolling_90d,90d,uncapped,7,2025-09-19,2025-12-17,90,-0.29157720080408633,-0.2080415061360651,-0.08353569466802124
rolling_90d,90d,uncapped,7,2025-09-20,2025-12-18,90,-0.30086992475333674,-0.2153521673974561,-0.08551775735588063
rolling_90d,90d,uncapped,7,2025-09-21,2025-12-19,90,-0.2786892599854667,-0.19059393730113472,-0.08809532268433196
rolling_90d,90d,uncapped,7,2025-09-22,2025-12-20,90,-0.2705511162966311,-0.18495627833238137,-0.08559483796424971
rolling_90d,90d,uncapped,7,2025-09-23,2025-12-21,90,-0.2596134709941492,-0.17855276256843855,-0.08106070842571067
rolling_90d,90d,uncapped,7,2025-09-24,2025-12-22,90,-0.25274884765739614,-0.17251985867140796,-0.08022898898598818
rolling_90d,90d,uncapped,7,2025-09-25,2025-12-23,90,-0.2603008667299388,-0.18856033694373853,-0.07174052978620027
rolling_90d,90d,uncapped,7,2025-09-26,2025-12-24,90,-0.25853201615316845,-0.18294656971229573,-0.07558544644087273
rolling_90d,90d,uncapped,7,2025-09-27,2025-12-25,90,-0.2613327800150925,-0.18728379993549427,-0.07404898007959826
rolling_90d,90d,uncapped,7,2025-09-28,2025-12-26,90,-0.26064941965250765,-0.18835779113438955,-0.0722916285181181
rolling_90d,90d,uncapped,7,2025-09-29,2025-12-27,90,-0.26456459601578497,-0.20156369539661334,-0.06300090061917163
rolling_90d,90d,uncapped,7,2025-09-30,2025-12-28,90,-0.27022126104785793,-0.2151844376690829,-0.055036823378775024
rolling_90d,90d,uncapped,7,2025-10-01,2025-12-29,90,-0.27080233424823974,-0.21911464858623453,-0.05168768566200521
rolling_90d,90d,uncapped,7,2025-10-02,2025-12-30,90,-0.2886659195245498,-0.23738278931750445,-0.051283130207045335
rolling_90d,90d,uncapped,7,2025-10-03,2025-12-31,90,-0.3097876423159741,-0.25021668345474757,-0.05957095886122654
rolling_90d,90d,uncapped,7,2025-10-04,2026-01-01,90,-0.3106420378868058,-0.25754667496699524,-0.05309536291981054
rolling_90d,90d,uncapped,7,2025-10-05,2026-01-02,90,-0.3012475690162111,-0.2562103903673899,-0.045037178648821174
rolling_90d,90d,uncapped,7,2025-10-06,2026-01-03,90,-0.3031930615452656,-0.25956470900576256,-0.043628352539503035
rolling_90d,90d,uncapped,7,2025-10-07,2026-01-04,90,-0.29985992645649473,-0.2544428312568171,-0.045417095199677626
rolling_90d,90d,uncapped,7,2025-10-08,2026-01-05,90,-0.27082345362934024,-0.22462563343392106,-0.04619782019541918
rolling_90d,90d,uncapped,7,2025-10-09,2026-01-06,90,-0.2748809718595632,-0.23536449060057918,-0.03951648125898399
rolling_90d,90d,uncapped,7,2025-10-10,2026-01-07,90,-0.27956473341348065,-0.25250037948423465,-0.027064353929246
rolling_90d,90d,uncapped,7,2025-10-11,2026-01-08,90,-0.23430978987412576,-0.22535620820005442,-0.008953581674071343
rolling_90d,90d,uncapped,7,2025-10-12,2026-01-09,90,-0.22516374224663738,-0.21621907131789808,-0.008944670928739296
rolling_90d,90d,uncapped,7,2025-10-13,2026-01-10,90,-0.2439396651398169,-0.23182552968721915,-0.012114135452597763
rolling_90d,90d,uncapped,7,2025-10-14,2026-01-11,90,-0.2532376711199257,-0.2207693875768031,-0.03246828354312259
rolling_90d,90d,uncapped,7,2025-10-15,2026-01-12,90,-0.2494796430402807,-0.20864836263154218,-0.04083128040873851
rolling_90d,90d,uncapped,7,2025-10-16,2026-01-13,90,-0.21486246340668014,-0.1698529411764672,-0.04500952223021293
rolling_90d,90d,uncapped,7,2025-10-17,2026-01-14,90,-0.19056576767694056,-0.1407743496672662,-0.04979141800967435
rolling_90d,90d,uncapped,7,2025-10-18,2026-01-15,90,-0.19551456292289893,-0.1389338727320466,-0.05658069019085232
rolling_90d,90d,uncapped,7,2025-10-19,2026-01-16,90,-0.19379367240424183,-0.13845251406887982,-0.05534115833536202
rolling_90d,90d,uncapped,7,2025-10-20,2026-01-17,90,-0.20180313620737356,-0.14783410361851756,-0.05396903258885599
rolling_90d,90d,uncapped,7,2025-10-21,2026-01-18,90,-0.21875854488154045,-0.16483993227323968,-0.053918612608300776
rolling_90d,90d,uncapped,7,2025-10-22,2026-01-19,90,-0.21855747685822502,-0.15972924752146822,-0.0588282293367568
rolling_90d,90d,uncapped,7,2025-10-23,2026-01-20,90,-0.24084061680392943,-0.19131997473027607,-0.049520642073653365
rolling_90d,90d,uncapped,7,2025-10-24,2026-01-21,90,-0.2471002706516614,-0.20035364690829682,-0.04674662374336458
rolling_90d,90d,uncapped,7,2025-10-25,2026-01-22,90,-0.24751313612210568,-0.19843663297063052,-0.04907650315147516
rolling_90d,90d,uncapped,7,2025-10-26,2026-01-23,90,-0.24984196521495217,-0.20651115252810226,-0.04333081268684991
rolling_90d,90d,uncapped,7,2025-10-27,2026-01-24,90,-0.2630464575002912,-0.22344158179962847,-0.039604875700662734
rolling_90d,90d,uncapped,7,2025-10-28,2026-01-25,90,-0.2743695895257391,-0.2393132030787395,-0.0350563864469996
rolling_90d,90d,uncapped,7,2025-10-29,2026-01-26,90,-0.26793959331708783,-0.22934562760261112,-0.03859396571447671
rolling_90d,90d,uncapped,7,2025-10-30,2026-01-27,90,-0.2540432655886976,-0.21101687696968208,-0.04302638861901553
rolling_90d,90d,uncapped,7,2025-10-31,2026-01-28,90,-0.2529724032788945,-0.21416308490300817,-0.038809318375886304
rolling_90d,90d,uncapped,7,2025-11-01,2026-01-29,90,-0.2831712928240433,-0.24394206779041294,-0.039229225033630355
rolling_90d,90d,uncapped,7,2025-11-02,2026-01-30,90,-0.28765264852192907,-0.23709435480919838,-0.050558293712730684
rolling_90d,90d,uncapped,7,2025-11-03,2026-01-31,90,-0.2933022882526696,-0.2828659752327558,-0.010436313019913768
rolling_90d,90d,uncapped,7,2025-11-04,2026-02-01,90,-0.2862334048535583,-0.2841668979787463,-0.002066506874812024
rolling_90d,90d,uncapped,7,2025-11-05,2026-02-02,90,-0.2447460898879209,-0.23648710414625262,-0.008258985741668279
rolling_90d,90d,uncapped,7,2025-11-06,2026-02-03,90,-0.2814218394017537,-0.28267586312995185,0.0012540237281981614
rolling_90d,90d,uncapped,7,2025-11-07,2026-02-04,90,-0.29634206310055944,-0.28702107564378543,-0.00932098745677401
rolling_90d,90d,uncapped,7,2025-11-08,2026-02-05,90,-0.4140740077019024,-0.3952938578544968,-0.018780149847405614
rolling_90d,90d,uncapped,7,2025-11-09,2026-02-06,90,-0.33634634162336896,-0.3142306482064121,-0.02211569341695685
rolling_90d,90d,uncapped,7,2025-11-10,2026-02-07,90,-0.35332163113662396,-0.34026392018023033,-0.013057710956393631
rolling_90d,90d,uncapped,7,2025-11-11,2026-02-08,90,-0.3489682939462524,-0.33362849898708546,-0.01533979495916693
rolling_90d,90d,uncapped,7,2025-11-12,2026-02-09,90,-0.3482430599376498,-0.3294989642672136,-0.018744095670436223
rolling_90d,90d,uncapped,7,2025-11-13,2026-02-10,90,-0.3532657853112938,-0.33372906895583854,-0.019536716355455286
rolling_90d,90d,uncapped,7,2025-11-14,2026-02-11,90,-0.35012132088486625,-0.34434012166093264,-0.0057811992239336085
rolling_90d,90d,uncapped,7,2025-11-15,2026-02-12,90,-0.3225866236707139,-0.32463083284110594,0.002044209170392053
rolling_90d,90d,uncapped,7,2025-11-16,2026-02-13,90,-0.29529812033456704,-0.30132741829271925,0.006029297958152213
rolling_90d,90d,uncapped,7,2025-11-17,2026-02-14,90,-0.25019510917802934,-0.2671298770710774,0.01693476789304804
rolling_90d,90d,uncapped,7,2025-11-18,2026-02-15,90,-0.250164199622533,-0.2596893598490291,0.009525160226496077
rolling_90d,90d,uncapped,7,2025-11-19,2026-02-16,90,-0.24703344275423056,-0.2600832068772643,0.013049764123033714
rolling_90d,90d,uncapped,7,2025-11-20,2026-02-17,90,-0.2590291030173346,-0.267820013471161,0.008790910453826406
rolling_90d,90d,uncapped,7,2025-11-21,2026-02-18,90,-0.23463556422129483,-0.24216973012847487,0.007534165907180035
rolling_90d,90d,uncapped,7,2025-11-22,2026-02-19,90,-0.24036945241352603,-0.22891547447991056,-0.011453977933615467
rolling_90d,90d,uncapped,7,2025-11-23,2026-02-20,90,-0.2366358174847919,-0.2137959741453065,-0.02283984333948541
rolling_90d,90d,uncapped,7,2025-11-24,2026-02-21,90,-0.260044944605627,-0.24209002289230674,-0.01795492171332025
rolling_90d,90d,uncapped,7,2025-11-25,2026-02-22,90,-0.27569923894980897,-0.24886416808802458,-0.026835070861784383
rolling_90d,90d,uncapped,7,2025-11-26,2026-02-23,90,-0.3084296801269292,-0.2701009158167702,-0.03832876431015897
rolling_90d,90d,uncapped,7,2025-11-27,2026-02-24,90,-0.3295370622926801,-0.3071527716251673,-0.022384290667512796
rolling_90d,90d,uncapped,7,2025-11-28,2026-02-25,90,-0.31632144239581594,-0.28632955930767345,-0.02999188308814249
rolling_90d,90d,uncapped,7,2025-11-29,2026-02-26,90,-0.30937982878664183,-0.2848045078028053,-0.024575320983836524
rolling_90d,90d,uncapped,7,2025-11-30,2026-02-27,90,-0.3283702326667419,-0.29278587027654457,-0.035584362390197355
rolling_90d,90d,uncapped,7,2025-12-01,2026-02-28,90,-0.30795720328707143,-0.280500736377019,-0.027456466910052435
rolling_90d,90d,uncapped,7,2025-12-02,2026-03-01,90,-0.27486958658459315,-0.2564717904254592,-0.01839779615913395
rolling_90d,90d,uncapped,7,2025-12-03,2026-03-02,90,-0.2829122389395956,-0.2588421362365686,-0.024070102703027008
rolling_90d,90d,uncapped,7,2025-12-04,2026-03-03,90,-0.29465810735740616,-0.27787657769873175,-0.01678152965867441
rolling_90d,90d,uncapped,7,2025-12-05,2026-03-04,90,-0.26607714797020854,-0.23277543297918213,-0.03330171499102641
rolling_90d,90d,uncapped,7,2025-12-06,2026-03-05,90,-0.25128852637816557,-0.2230508018190479,-0.02823772455911766
rolling_90d,90d,uncapped,7,2025-12-07,2026-03-06,90,-0.26887293376096333,-0.24543059443437798,-0.02344233932658535
rolling_90d,90d,uncapped,7,2025-12-08,2026-03-07,90,-0.27210296831951,-0.26426281932651297,-0.00784014899299701
rolling_90d,90d,uncapped,7,2025-12-09,2026-03-08,90,-0.2878342528896949,-0.2752148148148086,-0.012619438074886302
rolling_90d,90d,uncapped,7,2025-12-10,2026-03-09,90,-0.2846469198947845,-0.26737749513188946,-0.017269424762895058
rolling_90d,90d,uncapped,7,2025-12-11,2026-03-10,90,-0.26800847074910594,-0.25115033760304917,-0.016858133146056775
rolling_90d,90d,uncapped,7,2025-12-12,2026-03-11,90,-0.2606082416497235,-0.25246819338421655,-0.00814004826550696
rolling_90d,90d,uncapped,7,2025-12-13,2026-03-12,90,-0.2448243040687813,-0.23454235276664248,-0.010281951302138825
rolling_90d,90d,uncapped,7,2025-12-14,2026-03-13,90,-0.24933346301850912,-0.22531782727116934,-0.02401563574733978
rolling_90d,90d,uncapped,7,2025-12-15,2026-03-14,90,-0.2136727725889641,-0.20209376422393532,-0.011579008365028787
rolling_90d,90d,uncapped,7,2025-12-16,2026-03-15,90,-0.17020554909191365,-0.17041053446939658,0.00020498537748292467
rolling_90d,90d,uncapped,7,2025-12-17,2026-03-16,90,-0.1432022529950655,-0.15849435344232488,0.015292100447259371
rolling_90d,90d,uncapped,7,2025-12-18,2026-03-17,90,-0.13093527189716614,-0.15209941016015927,0.021164138262993126
rolling_90d,90d,uncapped,7,2025-12-19,2026-03-18,90,-0.14534578673645993,-0.16777093992910175,0.022425153192641822
rolling_90d,90d,uncapped,7,2025-12-20,2026-03-19,90,-0.18539019877421448,-0.2070956781423492,0.021705479368134717
rolling_90d,90d,uncapped,7,2025-12-21,2026-03-20,90,-0.18276994772302468,-0.19914900083579834,0.016379053112773656
rolling_90d,90d,uncapped,7,2025-12-22,2026-03-21,90,-0.186233083574741,-0.21534126629450412,0.02910818271976312
rolling_90d,90d,uncapped,7,2025-12-23,2026-03-22,90,-0.20515239688545872,-0.22694546858557074,0.02179307170011202
rolling_90d,90d,uncapped,7,2025-12-24,2026-03-23,90,-0.19117038960314903,-0.19017863988345607,-0.0009917497196929581
rolling_90d,90d,uncapped,7,2025-12-25,2026-03-24,90,-0.17825632668568303,-0.18588885363380392,0.007632526948120888
rolling_90d,90d,uncapped,7,2025-12-26,2026-03-25,90,-0.16513816461386477,-0.17124204366838858,0.006103879054523809
rolling_90d,90d,uncapped,7,2025-12-27,2026-03-26,90,-0.18719114603324416,-0.19079055177095194,0.0035994057377077837
rolling_90d,90d,uncapped,7,2025-12-28,2026-03-27,90,-0.2029178385305931,-0.2130843596874521,0.01016652115685901
rolling_90d,90d,uncapped,7,2025-12-29,2026-03-28,90,-0.20440696891154342,-0.21136228621454378,0.0069553173030003634
rolling_90d,90d,uncapped,7,2025-12-30,2026-03-29,90,-0.20923287404522095,-0.20946913094769337,0.00023625690247242037
rolling_90d,90d,uncapped,7,2025-12-31,2026-03-30,90,-0.2073219698151858,-0.21027851923330687,0.0029565494181210683
calendar_month,2025-03,uncapped,14,2025-03-01,2025-03-31,31,-0.04596648588033947,-0.010402859782302154,-0.035563626098037315
calendar_month,2025-04,uncapped,14,2025-04-01,2025-04-30,30,-0.1570786605283121,0.1048542901209617,-0.2619329506492738
calendar_month,2025-05,uncapped,14,2025-05-01,2025-05-31,31,0.017206203466477277,0.08675527342458045,-0.06954906995810317
calendar_month,2025-06,uncapped,14,2025-06-01,2025-06-30,30,-0.027555401780722133,-0.015502146503063918,-0.012053255277658215
calendar_month,2025-07,uncapped,14,2025-07-01,2025-07-31,31,0.1581167429802195,0.10637815714658894,0.05173858583363056
calendar_month,2025-08,uncapped,14,2025-08-01,2025-08-31,31,-0.06646948287158205,-0.06399235319309149,-0.002477129678490564
calendar_month,2025-09,uncapped,14,2025-09-01,2025-09-30,30,0.03216984772930509,0.07973979297493305,-0.047569945245627965
calendar_month,2025-10,uncapped,14,2025-10-01,2025-10-31,31,-0.02692643957955998,0.009224457709970935,-0.036150897289530914
calendar_month,2025-11,uncapped,14,2025-11-01,2025-11-30,30,-0.15153250658166928,-0.1736140692508905,0.022081562669221233
calendar_month,2025-12,uncapped,14,2025-12-01,2025-12-31,31,-0.11352004921165737,-0.05721649484535696,-0.05630355436630041
calendar_month,2026-01,uncapped,14,2026-01-01,2026-01-31,31,-0.05213819268095554,-0.0813481215340146,0.029209928853059064
calendar_month,2026-02,uncapped,14,2026-02-01,2026-02-28,28,-0.18025074208644243,-0.1692556221570346,-0.010995119929407826
calendar_month,2026-03,uncapped,14,2026-03-01,2026-03-30,30,0.026081397491718672,0.03860482253244313,-0.012523425040724456
rolling_7d,7d,uncapped,14,2025-03-01,2025-03-07,7,0.03091448264514085,0.0395629995581781,-0.008648516913037252
rolling_7d,7d,uncapped,14,2025-03-02,2025-03-08,7,-0.00246300278378897,0.0022135619641483473,-0.004676564747937317
rolling_7d,7d,uncapped,14,2025-03-03,2025-03-09,7,-0.1421442391456189,-0.15191734218152797,0.009773103035909059
rolling_7d,7d,uncapped,14,2025-03-04,2025-03-10,7,-0.0832703631052013,-0.09260871239841206,0.009338349293210757
rolling_7d,7d,uncapped,14,2025-03-05,2025-03-11,7,-0.04958020614187475,-0.052932508557303026,0.0033523024154282766
rolling_7d,7d,uncapped,14,2025-03-06,2025-03-12,7,-0.0751771639036557,-0.08303393213572574,0.007856768232070044
rolling_7d,7d,uncapped,14,2025-03-07,2025-03-13,7,-0.08996652536148897,-0.10195143461460676,0.011984909253117793
rolling_7d,7d,uncapped,14,2025-03-08,2025-03-14,7,-0.0399441698188745,-0.04180511552430355,0.0018609457054290512
rolling_7d,7d,uncapped,14,2025-03-09,2025-03-15,7,-0.031543604805922776,-0.034631058296524686,0.00308745349060191
rolling_7d,7d,uncapped,14,2025-03-10,2025-03-16,7,0.0065179691831276365,0.003862916006341477,0.0026550531767861596
rolling_7d,7d,uncapped,14,2025-03-11,2025-03-17,7,0.03363161856035535,0.042880306979195204,-0.009248688418839857
rolling_7d,7d,uncapped,14,2025-03-12,2025-03-18,7,-0.01020262559367624,-0.01736614776217571,0.00716352216849947
rolling_7d,7d,uncapped,14,2025-03-13,2025-03-19,7,0.009099924048071362,0.028459020622712883,-0.01935909657464152
rolling_7d,7d,uncapped,14,2025-03-14,2025-03-20,7,0.027921963055337562,0.03405516070507364,-0.006133197649736077
rolling_7d,7d,uncapped,14,2025-03-15,2025-03-21,7,0.008213770978923618,0.004032258064520899,0.0041815129144027186
rolling_7d,7d,uncapped,14,2025-03-16,2025-03-22,7,-0.001170665526049497,0.0005155843423521045,-0.0016862498684016014
rolling_7d,7d,uncapped,14,2025-03-17,2025-03-23,7,0.020290271994834352,0.043940141424110735,-0.023649869429276382
rolling_7d,7d,uncapped,14,2025-03-18,2025-03-24,7,0.03224377935764644,0.04807723616945103,-0.01583345681180459
rolling_7d,7d,uncapped,14,2025-03-19,2025-03-25,7,0.04255246991397632,0.06314634910686645,-0.02059387919289013
rolling_7d,7d,uncapped,14,2025-03-20,2025-03-26,7,0.014496812137642756,0.0077762448262916894,0.006720567311351067
rolling_7d,7d,uncapped,14,2025-03-21,2025-03-27,7,0.023724005895508826,0.035814889336015066,-0.01209088344050624
rolling_7d,7d,uncapped,14,2025-03-22,2025-03-28,7,0.0027560874843113314,0.009726907630523085,-0.006970820146211754
rolling_7d,7d,uncapped,14,2025-03-23,2025-03-29,7,-0.005247108353085506,-0.006570312814527246,0.0013232044614417404
rolling_7d,7d,uncapped,14,2025-03-24,2025-03-30,7,-0.013579439183117326,-0.030276298793360357,0.01669685961024303
rolling_7d,7d,uncapped,14,2025-03-25,2025-03-31,7,-0.0589425784374239,-0.04318446601941761,-0.015758112418006287
rolling_7d,7d,uncapped,14,2025-03-26,2025-04-01,7,-0.19238978820372876,-0.01748438893844817,-0.1749053992652806
rolling_7d,7d,uncapped,14,2025-03-27,2025-04-02,7,-0.26332339546811245,-0.044819539514624473,-0.21850385595348798
rolling_7d,7d,uncapped,14,2025-03-28,2025-04-03,7,-0.2648181664916337,-0.04203574203573879,-0.2227824244558949
rolling_7d,7d,uncapped,14,2025-03-29,2025-04-04,7,-0.26260942004636745,-0.018630032375844374,-0.24397938767052307
rolling_7d,7d,uncapped,14,2025-03-30,2025-04-05,7,-0.2524804239174687,-0.0006889340973695868,-0.25179148982009913
rolling_7d,7d,uncapped,14,2025-03-31,2025-04-06,7,-0.2928755439733861,-0.045727745289142585,-0.24714779868424352
rolling_7d,7d,uncapped,14,2025-04-01,2025-04-07,7,-0.26813419328762766,-0.041634872960463754,-0.2264993203271639
rolling_7d,7d,uncapped,14,2025-04-02,2025-04-08,7,-0.1660593709903173,-0.09506477921380208,-0.07099459177651524
rolling_7d,7d,uncapped,14,2025-04-03,2025-04-09,7,-0.005273718546711881,-0.010391048714143203,0.005117330167431322
rolling_7d,7d,uncapped,14,2025-04-04,2025-04-10,7,-0.040729530950751824,-0.043426068618700575,0.0026965376679487507
rolling_7d,7d,uncapped,14,2025-04-05,2025-04-11,7,-0.024458114361146865,-0.014452577227663133,-0.010005537133483733
rolling_7d,7d,uncapped,14,2025-04-06,2025-04-12,7,-0.009155561459544881,0.0030982853991297077,-0.012253846858674589
rolling_7d,7d,uncapped,14,2025-04-07,2025-04-13,7,0.036939127044995246,0.03498170057026129,0.0019574264747339587
rolling_7d,7d,uncapped,14,2025-04-08,2025-04-14,7,0.03814339084934182,0.040970345838171385,-0.0028269549888295664
rolling_7d,7d,uncapped,14,2025-04-09,2025-04-15,7,0.07721941850412906,0.06497120921305011,0.012248209291078949
rolling_7d,7d,uncapped,14,2025-04-10,2025-04-16,7,0.002957982808989401,0.002304109543950439,0.0006538732650389623
rolling_7d,7d,uncapped,14,2025-04-11,2025-04-17,7,0.03470888888105916,0.04110704110704355,-0.006398152225984388
rolling_7d,7d,uncapped,14,2025-04-12,2025-04-18,7,0.020036605870666913,0.005452930436067316,0.014583675434599597
rolling_7d,7d,uncapped,14,2025-04-13,2025-04-19,7,0.005549576640228482,-0.006783854587792959,0.012333431228021441
rolling_7d,7d,uncapped,14,2025-04-14,2025-04-20,7,0.011988397978539567,0.010180921052634018,0.001807476925905549
rolling_7d,7d,uncapped,14,2025-04-15,2025-04-21,7,0.022724064776359576,0.027193282234049265,-0.004469217457689689
rolling_7d,7d,uncapped,14,2025-04-16,2025-04-22,7,0.0490291964666405,0.09899481432328283,-0.04996561785664233
rolling_7d,7d,uncapped,14,2025-04-17,2025-04-23,7,0.04271197555581008,0.10246137173445669,-0.05974939617864661
rolling_7d,7d,uncapped,14,2025-04-18,2025-04-24,7,0.07425876932857456,0.09664125618973118,-0.022382486861156625
rolling_7d,7d,uncapped,14,2025-04-19,2025-04-25,7,0.10734597723058292,0.11674533125015851,-0.00939935401957559
rolling_7d,7d,uncapped,14,2025-04-20,2025-04-26,7,0.09799770826255783,0.1118636892792928,-0.013865981016734974
rolling_7d,7d,uncapped,14,2025-04-21,2025-04-27,7,0.08476580267893574,0.10021328904736304,-0.015447486368427299
rolling_7d,7d,uncapped,14,2025-04-22,2025-04-28,7,0.08562266171625565,0.08403833967046692,0.001584322045788733
rolling_7d,7d,uncapped,14,2025-04-23,2025-04-29,7,0.0384720990687164,0.01631743334004243,0.022154665728673972
rolling_7d,7d,uncapped,14,2025-04-24,2025-04-30,7,0.03413149802788551,0.013590801447701084,0.020540696580184425
rolling_7d,7d,uncapped,14,2025-04-25,2025-05-01,7,0.024189296628846835,0.03506126995915326,-0.010871973330306428
rolling_7d,7d,uncapped,14,2025-04-26,2025-05-02,7,0.0011590469994835484,0.015594670417004908,-0.01443562341752136
rolling_7d,7d,uncapped,14,2025-04-27,2025-05-03,7,0.0028957175978210348,0.00642123914539372,-0.0035255215475726853
rolling_7d,7d,uncapped,14,2025-04-28,2025-05-04,7,0.002630235893227084,0.0036404534288316803,-0.0010102175356045962
rolling_7d,7d,uncapped,14,2025-04-29,2025-05-05,7,-0.022555225615953023,-0.014315047972580097,-0.008240177643372926
rolling_7d,7d,uncapped,14,2025-04-30,2025-05-06,7,-0.021612191970236005,0.00814141117793743,-0.029753603148173435
rolling_7d,7d,uncapped,14,2025-05-01,2025-05-07,7,-0.018363520322211335,0.01244609020843579,-0.030809610530647125
rolling_7d,7d,uncapped,14,2025-05-02,2025-05-08,7,0.020369500672281937,0.03871680622224383,-0.01834730554996189
rolling_7d,7d,uncapped,14,2025-05-03,2025-05-09,7,0.022257869086874438,0.03656689505950017,-0.014309025972625733
rolling_7d,7d,uncapped,14,2025-05-04,2025-05-10,7,0.04303547816470776,0.054716088901821,-0.01168061073711324
rolling_7d,7d,uncapped,14,2025-05-05,2025-05-11,7,0.06340676865938577,0.0725228546151595,-0.009116085955773734
rolling_7d,7d,uncapped,14,2025-05-06,2025-05-12,7,0.07750106835889436,0.07424568166653822,0.0032553866923561436
rolling_7d,7d,uncapped,14,2025-05-07,2025-05-13,7,0.08380175408912116,0.061113132048016494,0.022688622041104667
rolling_7d,7d,uncapped,14,2025-05-08,2025-05-14,7,0.07396750002383046,0.057945878476937995,0.01602162154689246
rolling_7d,7d,uncapped,14,2025-05-09,2025-05-15,7,0.005983380641663816,0.008973039435781427,-0.002989658794117611
rolling_7d,7d,uncapped,14,2025-05-10,2025-05-16,7,0.011367117076367395,0.01953799053715799,-0.008170873460790595
rolling_7d,7d,uncapped,14,2025-05-11,2025-05-17,7,-0.008884381430001809,0.011450171062798997,-0.020334552492800806
rolling_7d,7d,uncapped,14,2025-05-12,2025-05-18,7,0.007432490741666742,0.03514644926689581,-0.027713958525229065
rolling_7d,7d,uncapped,14,2025-05-13,2025-05-19,7,-0.008820446825672623,0.02533383941202838,-0.034154286237701004
rolling_7d,7d,uncapped,14,2025-05-14,2025-05-20,7,-0.004549183748099983,0.030990743914982577,-0.03553992766308256
rolling_7d,7d,uncapped,14,2025-05-15,2025-05-21,7,0.004815415496362663,0.04582744570808983,-0.04101203021172717
rolling_7d,7d,uncapped,14,2025-05-16,2025-05-22,7,0.03935721258447278,0.06026043021647376,-0.02090321763200098
rolling_7d,7d,uncapped,14,2025-05-17,2025-05-23,7,-0.0019978232596746803,0.022459871150902755,-0.024457694410577435
rolling_7d,7d,uncapped,14,2025-05-18,2025-05-24,7,0.008721712357550926,0.026555552524615056,-0.01783384016706413
rolling_7d,7d,uncapped,14,2025-05-19,2025-05-25,7,-0.0015044587960540978,0.011607676472536133,-0.01311213526859023
rolling_7d,7d,uncapped,14,2025-05-20,2025-05-26,7,0.011023954912515066,0.02488288821882567,-0.013858933306310606
rolling_7d,7d,uncapped,14,2025-05-21,2025-05-27,7,-0.00641530842389737,0.005805679324330626,-0.012220987748227996
rolling_7d,7d,uncapped,14,2025-05-22,2025-05-28,7,-0.01536159495636713,-0.014062059330874233,-0.001299535625492898
rolling_7d,7d,uncapped,14,2025-05-23,2025-05-29,7,-0.05075327929228868,-0.048428338972544505,-0.002324940319744173
rolling_7d,7d,uncapped,14,2025-05-24,2025-05-30,7,-0.028581167942558827,-0.017487768574079965,-0.011093399368478862
rolling_7d,7d,uncapped,14,2025-05-25,2025-05-31,7,-0.030664337100247185,-0.017371952434730886,-0.0132923846655163
rolling_7d,7d,uncapped,14,2025-05-26,2025-06-01,7,-0.035504885266559705,-0.021229108955086673,-0.014275776311473032
rolling_7d,7d,uncapped,14,2025-05-27,2025-06-02,7,-0.013963337233659057,-0.027601741608827224,0.013638404375168167
rolling_7d,7d,uncapped,14,2025-05-28,2025-06-03,7,-0.022864368055253825,-0.026374774369726017,0.003510406314472192
rolling_7d,7d,uncapped,14,2025-05-29,2025-06-04,7,-0.0323151062701279,-0.03396685803237154,0.0016517517622436362
rolling_7d,7d,uncapped,14,2025-05-30,2025-06-05,7,-0.0470235928084235,-0.03869225340643967,-0.008331339401983828
rolling_7d,7d,uncapped,14,2025-05-31,2025-06-06,7,-0.01560705695870268,-0.013356068995037162,-0.0022509879636655183
rolling_7d,7d,uncapped,14,2025-06-01,2025-06-07,7,-0.00803603950043219,-0.009235033634183876,0.0011989941337516852
rolling_7d,7d,uncapped,14,2025-06-02,2025-06-08,7,-0.01782170323136678,-0.02284311621418955,0.0050214129828227705
rolling_7d,7d,uncapped,14,2025-06-03,2025-06-09,7,-0.007588201214413948,0.016411156885257183,-0.02399935809967113
rolling_7d,7d,uncapped,14,2025-06-04,2025-06-10,7,0.012427876793927428,0.02301465494994992,-0.010586778156022492
rolling_7d,7d,uncapped,14,2025-06-05,2025-06-11,7,0.021321751180613857,0.030478525241533383,-0.009156774060919526
rolling_7d,7d,uncapped,14,2025-06-06,2025-06-12,7,0.026166961872114758,0.027127186480874865,-0.0009602246087601074
rolling_7d,7d,uncapped,14,2025-06-07,2025-06-13,7,0.010418009612727763,0.013619494192091075,-0.0032014845793633118
rolling_7d,7d,uncapped,14,2025-06-08,2025-06-14,7,-0.0027586565222824655,-0.0009962538127165077,-0.0017624027095659578
rolling_7d,7d,uncapped,14,2025-06-09,2025-06-15,7,-0.0022412250869479067,0.001455064585653476,-0.0036962896726013827
rolling_7d,7d,uncapped,14,2025-06-10,2025-06-16,7,-0.027201671730236465,-0.025973421926909546,-0.0012282498033269196
rolling_7d,7d,uncapped,14,2025-06-11,2025-06-17,7,-0.03981182781188597,-0.034299635562220376,-0.005512192249665593
rolling_7d,7d,uncapped,14,2025-06-12,2025-06-18,7,-0.031506418402744485,-0.028187085262925682,-0.003319333139818803
rolling_7d,7d,uncapped,14,2025-06-13,2025-06-19,7,-3.3420195154176824e-05,-0.0036423863815967517,0.003608966186442575
rolling_7d,7d,uncapped,14,2025-06-14,2025-06-20,7,-0.0165564252618563,-0.02181902167636751,0.005262596414511211
rolling_7d,7d,uncapped,14,2025-06-15,2025-06-21,7,-0.0264184464764603,-0.023599243184911578,-0.002819203291548722
rolling_7d,7d,uncapped,14,2025-06-16,2025-06-22,7,-0.04232678133959156,-0.03439791652388702,-0.00792886481570454
rolling_7d,7d,uncapped,14,2025-06-17,2025-06-23,7,-0.008374574365505039,-0.002851471099861169,-0.0055231032656438694
rolling_7d,7d,uncapped,14,2025-06-18,2025-06-24,7,-0.0016288536105957263,0.0010585938574048104,-0.0026874474680005367
rolling_7d,7d,uncapped,14,2025-06-19,2025-06-25,7,0.012752481952651662,0.013635894791130143,-0.0008834128384784812
rolling_7d,7d,uncapped,14,2025-06-20,2025-06-26,7,-0.007092999727230764,0.012560439787829614,-0.019653439515060378
rolling_7d,7d,uncapped,14,2025-06-21,2025-06-27,7,0.0034200176518617287,0.020451530913408122,-0.017031513261546394
rolling_7d,7d,uncapped,14,2025-06-22,2025-06-28,7,0.01983019570100608,0.029563197806197872,-0.00973300210519179
rolling_7d,7d,uncapped,14,2025-06-23,2025-06-29,7,0.04839131995762336,0.05065618101936642,-0.002264861061743062
rolling_7d,7d,uncapped,14,2025-06-24,2025-06-30,7,-0.007899723464707353,-0.0037695059963221977,-0.004130217468385156
rolling_7d,7d,uncapped,14,2025-06-25,2025-07-01,7,-0.007398051371270253,-0.0037148939092224165,-0.003683157462047837
rolling_7d,7d,uncapped,14,2025-06-26,2025-07-02,7,0.05720755408048883,0.0003798979702576144,0.05682765611023122
rolling_7d,7d,uncapped,14,2025-06-27,2025-07-03,7,0.07362734494318302,0.014134877384197608,0.05949246755898541
rolling_7d,7d,uncapped,14,2025-06-28,2025-07-04,7,0.04497922919054975,0.005804932491287884,0.03917429669926187
rolling_7d,7d,uncapped,14,2025-06-29,2025-07-05,7,0.04304037539361283,0.006984929403289097,0.03605544599032373
rolling_7d,7d,uncapped,14,2025-06-30,2025-07-06,7,0.03837947753024262,0.0022630853622302993,0.03611639216801232
rolling_7d,7d,uncapped,14,2025-07-01,2025-07-07,7,0.05291120147259232,0.01701665957066867,0.03589454190192365
rolling_7d,7d,uncapped,14,2025-07-02,2025-07-08,7,0.05507786864572517,0.022158812866583055,0.032919055779142115
rolling_7d,7d,uncapped,14,2025-07-03,2025-07-09,7,-0.00770165471058748,0.02357863614170408,-0.03128029085229156
rolling_7d,7d,uncapped,14,2025-07-04,2025-07-10,7,0.027467790531130687,0.051486146095716334,-0.024018355564585647
rolling_7d,7d,uncapped,14,2025-07-05,2025-07-11,7,0.06671961173485585,0.07040738309979266,-0.0036877713649368093
rolling_7d,7d,uncapped,14,2025-07-06,2025-07-12,7,0.08590952315979039,0.07785320036166898,0.008056322798121407
rolling_7d,7d,uncapped,14,2025-07-07,2025-07-13,7,0.0943672396112416,0.0896786934747893,0.0046885461364523096
rolling_7d,7d,uncapped,14,2025-07-08,2025-07-14,7,0.11106678881023702,0.10634706279541128,0.004719726014825731
rolling_7d,7d,uncapped,14,2025-07-09,2025-07-15,7,0.09452130992004171,0.08440096018988275,0.010120349730158962
rolling_7d,7d,uncapped,14,2025-07-10,2025-07-16,7,0.07901878375317928,0.06796695397539598,0.011051829777783295
rolling_7d,7d,uncapped,14,2025-07-11,2025-07-17,7,0.050784409602118386,0.03719816021464584,0.013586249387472549
rolling_7d,7d,uncapped,14,2025-07-12,2025-07-18,7,0.035124674886292784,0.018514187468002374,0.01661048741829041
rolling_7d,7d,uncapped,14,2025-07-13,2025-07-19,7,0.02003261634622633,0.010617253036186103,0.009415363310040226
rolling_7d,7d,uncapped,14,2025-07-14,2025-07-20,7,0.01396819774575464,-0.010744241284602829,0.02471243903035747
rolling_7d,7d,uncapped,14,2025-07-15,2025-07-21,7,0.010657158574060022,-0.023124809276774072,0.033781967850834094
rolling_7d,7d,uncapped,14,2025-07-16,2025-07-22,7,0.049010693316891674,0.010639157821429768,0.038371535495461906
rolling_7d,7d,uncapped,14,2025-07-17,2025-07-23,7,0.03559349260082123,0.004956575682380393,0.030636916918440837
rolling_7d,7d,uncapped,14,2025-07-18,2025-07-24,7,0.012312418477223419,-0.008092976848174227,0.020405395325397646
rolling_7d,7d,uncapped,14,2025-07-19,2025-07-25,7,-0.00030084536274910256,-0.005784077650618946,0.005483232287869844
rolling_7d,7d,uncapped,14,2025-07-20,2025-07-26,7,0.0032702114877800614,-0.0029671200971254086,0.00623733158490547
rolling_7d,7d,uncapped,14,2025-07-21,2025-07-27,7,0.011310474484084176,0.01660090914206802,-0.005290434657983845
rolling_7d,7d,uncapped,14,2025-07-22,2025-07-28,7,-0.0015394997802485877,0.01513173102754406,-0.016671230807792647
rolling_7d,7d,uncapped,14,2025-07-23,2025-07-29,7,-0.02951412542868992,0.004479117958308354,-0.03399324338699827
rolling_7d,7d,uncapped,14,2025-07-24,2025-07-30,7,-0.02152953151918291,0.00692596867881945,-0.02845550019800236
rolling_7d,7d,uncapped,14,2025-07-25,2025-07-31,7,-0.019788921764854805,0.000397394581773014,-0.02018631634662782
rolling_7d,7d,uncapped,14,2025-07-26,2025-08-01,7,-0.029550359259479464,-0.013545568039952327,-0.016004791219527137
rolling_7d,7d,uncapped,14,2025-07-27,2025-08-02,7,-0.042630628058530906,-0.02211770845630079,-0.020512919602230117
rolling_7d,7d,uncapped,14,2025-07-28,2025-08-03,7,-0.035571259754607176,-0.014035648825856284,-0.021535610928750892
rolling_7d,7d,uncapped,14,2025-07-29,2025-08-04,7,-0.028761427742729717,-0.013127527187459687,-0.01563390055527003
rolling_7d,7d,uncapped,14,2025-07-30,2025-08-05,7,-0.02666085388437367,-0.019955898566701658,-0.006704955317672012
rolling_7d,7d,uncapped,14,2025-07-31,2025-08-06,7,-0.02541843795608767,-0.01913303621238016,-0.006285401743707508
rolling_7d,7d,uncapped,14,2025-08-01,2025-08-07,7,0.0009496642972199876,0.004748220193279584,-0.0037985558960595966
rolling_7d,7d,uncapped,14,2025-08-02,2025-08-08,7,0.01836623030998563,0.01251028285768463,0.0058559474523010024
rolling_7d,7d,uncapped,14,2025-08-03,2025-08-09,7,0.026183436442910768,0.017433623258387154,0.008749813184523614
rolling_7d,7d,uncapped,14,2025-08-04,2025-08-10,7,0.027520212903397123,0.022182852580099555,0.005337360323297569
rolling_7d,7d,uncapped,14,2025-08-05,2025-08-11,7,0.023699032282060717,0.02460243217960878,-0.0009033998975480628
rolling_7d,7d,uncapped,14,2025-08-06,2025-08-12,7,0.028075043782838316,0.02711216109798653,0.0009628826848517846
rolling_7d,7d,uncapped,14,2025-08-07,2025-08-13,7,0.05258258513347269,0.05076250000000182,0.0018200851334708723
rolling_7d,7d,uncapped,14,2025-08-08,2025-08-14,7,0.017086956110645257,0.01674717997504871,0.00033977613559654785
rolling_7d,7d,uncapped,14,2025-08-09,2025-08-15,7,0.024974538927708068,0.02374896098296153,0.0012255779447465365
rolling_7d,7d,uncapped,14,2025-08-10,2025-08-16,7,0.01867127025300075,0.01820270886282005,0.00046856139018069953
rolling_7d,7d,uncapped,14,2025-08-11,2025-08-17,7,-0.0016029004357220877,-0.004217014524592444,0.0026141140888703562
rolling_7d,7d,uncapped,14,2025-08-12,2025-08-18,7,-0.012527572685146815,-0.016932955963357976,0.004405383278211161
rolling_7d,7d,uncapped,14,2025-08-13,2025-08-19,7,-0.03962305555820578,-0.04300231227941653,0.003379256721210755
rolling_7d,7d,uncapped,14,2025-08-14,2025-08-20,7,-0.05023627145977427,-0.05276525380378294,0.002528982344008668
rolling_7d,7d,uncapped,14,2025-08-15,2025-08-21,7,-0.04071512341956529,-0.04124820006197116,0.0005330766424058719
rolling_7d,7d,uncapped,14,2025-08-16,2025-08-22,7,-0.01746455531407909,-0.016201993809784376,-0.0012625615042947125
rolling_7d,7d,uncapped,14,2025-08-17,2025-08-23,7,-0.02260696570030729,-0.02048989304288007,-0.0021170726574272214
rolling_7d,7d,uncapped,14,2025-08-18,2025-08-24,7,-0.0352099036343847,-0.034124128970573264,-0.001085774663811434
rolling_7d,7d,uncapped,14,2025-08-19,2025-08-25,7,-0.035653139163750014,-0.035216979438181695,-0.00043615972556831917
rolling_7d,7d,uncapped,14,2025-08-20,2025-08-26,7,-0.003952705642195964,-0.0038786059908503256,-7.409965134563823e-05
rolling_7d,7d,uncapped,14,2025-08-21,2025-08-27,7,-0.022685405088629373,-0.02286955811894087,0.00018415303031149577
rolling_7d,7d,uncapped,14,2025-08-22,2025-08-28,7,-0.006246781862038087,-0.007129277566536918,0.0008824957044988313
rolling_7d,7d,uncapped,14,2025-08-23,2025-08-29,7,-0.05591405000398342,-0.056176428611318774,0.00026237860733535623
rolling_7d,7d,uncapped,14,2025-08-24,2025-08-30,7,-0.04990484897548675,-0.04980120840246238,-0.00010364057302436613
rolling_7d,7d,uncapped,14,2025-08-25,2025-08-31,7,-0.04338892978655573,-0.043134244072051686,-0.00025468571450404376
rolling_7d,7d,uncapped,14,2025-08-26,2025-09-01,7,-0.028611116546158333,-0.021370126744744367,-0.007240989801413966
rolling_7d,7d,uncapped,14,2025-08-27,2025-09-02,7,-0.0181724801026939,-0.010640674568981212,-0.007531805533712688
rolling_7d,7d,uncapped,14,2025-08-28,2025-09-03,7,-0.011038181301080252,-0.004479175369034416,-0.006559005932045836
rolling_7d,7d,uncapped,14,2025-08-29,2025-09-04,7,-0.017430054971177333,-0.007640019147921784,-0.00979003582325555
rolling_7d,7d,uncapped,14,2025-08-30,2025-09-05,7,0.01198324434145781,0.01882314266929419,-0.00683989832783638
rolling_7d,7d,uncapped,14,2025-08-31,2025-09-06,7,0.009977215097835002,0.016894986195394646,-0.006917771097559644
rolling_7d,7d,uncapped,14,2025-09-01,2025-09-07,7,0.020891933993214984,0.02794374117225673,-0.007051807179041747
rolling_7d,7d,uncapped,14,2025-09-02,2025-09-08,7,0.02390230133397586,0.023436833994554096,0.00046546733942176566
rolling_7d,7d,uncapped,14,2025-09-03,2025-09-09,7,0.003611721365538667,0.0026129706573028155,0.0009987507082358515
rolling_7d,7d,uncapped,14,2025-09-04,2025-09-10,7,0.022242689540626692,0.024291210493699866,-0.002048520953073174
rolling_7d,7d,uncapped,14,2025-09-05,2025-09-11,7,0.03215738340659535,0.03287924979740042,-0.0007218663908050704
rolling_7d,7d,uncapped,14,2025-09-06,2025-09-12,7,0.03670177451043388,0.03939650110026327,-0.002694726589829388
rolling_7d,7d,uncapped,14,2025-09-07,2025-09-13,7,0.042685124032531,0.04066094281548782,0.002024181217043175
rolling_7d,7d,uncapped,14,2025-09-08,2025-09-14,7,0.036441614218258866,0.033822096931301004,0.002619517286957862
rolling_7d,7d,uncapped,14,2025-09-09,2025-09-15,7,0.020591218152176793,0.029179401418602646,-0.008588183266425853
rolling_7d,7d,uncapped,14,2025-09-10,2025-09-16,7,0.03234050082899809,0.04438195378408438,-0.012041452955086296
rolling_7d,7d,uncapped,14,2025-09-11,2025-09-17,7,0.01183909483468093,0.017299511580269877,-0.005460416745588947
rolling_7d,7d,uncapped,14,2025-09-12,2025-09-18,7,0.008030755940258372,0.011781555514042363,-0.0037507995737839916
rolling_7d,7d,uncapped,14,2025-09-13,2025-09-19,7,-0.0029000982619780125,0.006736285295648514,-0.009636383557626527
rolling_7d,7d,uncapped,14,2025-09-14,2025-09-20,7,-0.0023995377310832566,0.009788293897880163,-0.01218783162896342
rolling_7d,7d,uncapped,14,2025-09-15,2025-09-21,7,-0.0070537838567530375,0.0075876700361909855,-0.014641453892944023
rolling_7d,7d,uncapped,14,2025-09-16,2025-09-22,7,-0.01865331225393274,0.0006038985699421406,-0.019257210823874882
rolling_7d,7d,uncapped,14,2025-09-17,2025-09-23,7,-0.0313641966230479,-0.016451219361918734,-0.014912977261129168
rolling_7d,7d,uncapped,14,2025-09-18,2025-09-24,7,-0.02510809055131258,-0.004218808078305658,-0.02088928247300692
rolling_7d,7d,uncapped,14,2025-09-19,2025-09-25,7,-0.04476816212143797,-0.02666141480287454,-0.018106747318563432
rolling_7d,7d,uncapped,14,2025-09-20,2025-09-26,7,-0.04090896575595959,-0.024816068774552114,-0.01609289698140748
rolling_7d,7d,uncapped,14,2025-09-21,2025-09-27,7,-0.043593876581304314,-0.026397898527487196,-0.017195978053817118
rolling_7d,7d,uncapped,14,2025-09-22,2025-09-28,7,-0.023416808184678284,-0.0043535881493241835,-0.0190632200353541
rolling_7d,7d,uncapped,14,2025-09-23,2025-09-29,7,0.004393680549657608,0.014242160278743698,-0.00984847972908609
rolling_7d,7d,uncapped,14,2025-09-24,2025-09-30,7,0.0072086238564113,0.02004660836444727,-0.012837984508035971
rolling_7d,7d,uncapped,14,2025-09-25,2025-10-01,7,0.03620553549158778,0.04828324177704224,-0.01207770628545446
rolling_7d,7d,uncapped,14,2025-09-26,2025-10-02,7,0.06481333482950058,0.07970913689535264,-0.01489580206585206
rolling_7d,7d,uncapped,14,2025-09-27,2025-10-03,7,0.08298560528120813,0.09712323482726015,-0.014137629546052022
rolling_7d,7d,uncapped,14,2025-09-28,2025-10-04,7,0.08991064494475087,0.10828989619420404,-0.018379251249453166
rolling_7d,7d,uncapped,14,2025-09-29,2025-10-05,7,0.08422763427766156,0.10112394494100019,-0.016896310663338632
rolling_7d,7d,uncapped,14,2025-09-30,2025-10-06,7,0.08046394441126203,0.09013612745308319,-0.009672183041821159
rolling_7d,7d,uncapped,14,2025-10-01,2025-10-07,7,0.0665869562527559,0.07862284128036978,-0.01203588502761388
rolling_7d,7d,uncapped,14,2025-10-02,2025-10-08,7,0.04470707156068454,0.05663501483679356,-0.011927943276109021
rolling_7d,7d,uncapped,14,2025-10-03,2025-10-09,7,0.03298851260547386,0.041679355337439494,-0.008690842731965631
rolling_7d,7d,uncapped,14,2025-10-04,2025-10-10,7,-0.0304960031722038,-0.008859453446080634,-0.021636549726123167
rolling_7d,7d,uncapped,14,2025-10-05,2025-10-11,7,-0.04659564462392374,-0.02627022269971102,-0.020325421924212717
rolling_7d,7d,uncapped,14,2025-10-06,2025-10-12,7,-0.029604627443814535,-0.018087227660689154,-0.011517399783125382
rolling_7d,7d,uncapped,14,2025-10-07,2025-10-13,7,-0.03464568595677697,-0.03380378386286942,-0.0008419020939075539
rolling_7d,7d,uncapped,14,2025-10-08,2025-10-14,7,-0.027557887648682944,-0.031543585947732655,0.003985698299049711
rolling_7d,7d,uncapped,14,2025-10-09,2025-10-15,7,-0.05143291909227232,-0.05281308447959121,0.001380165387318888
rolling_7d,7d,uncapped,14,2025-10-10,2025-10-16,7,-0.0742618119444165,-0.07068526420535914,-0.0035765477390573563
rolling_7d,7d,uncapped,14,2025-10-11,2025-10-17,7,-0.03952028442679456,-0.048333817970339865,0.008813533543545304
rolling_7d,7d,uncapped,14,2025-10-12,2025-10-18,7,-0.029670331684807483,-0.03951476595145442,0.00984443426664694
rolling_7d,7d,uncapped,14,2025-10-13,2025-10-19,7,-0.04981234546054092,-0.051516145177157635,0.0017037997166167163
rolling_7d,7d,uncapped,14,2025-10-14,2025-10-20,7,-0.04510332787145743,-0.03339642971548762,-0.011706898155969814
rolling_7d,7d,uncapped,14,2025-10-15,2025-10-21,7,-0.05443667510655348,-0.04109001117055833,-0.013346663935995151
rolling_7d,7d,uncapped,14,2025-10-16,2025-10-22,7,-0.047958519749361606,-0.03320090132827369,-0.014757618421087915
rolling_7d,7d,uncapped,14,2025-10-17,2025-10-23,7,-0.012621938892290907,0.0024319419237714968,-0.015053880816062404
rolling_7d,7d,uncapped,14,2025-10-18,2025-10-24,7,-0.0005883691052547269,0.013181454298790696,-0.013769823404045423
rolling_7d,7d,uncapped,14,2025-10-19,2025-10-25,7,0.002156053559783988,0.01632052010583207,-0.014164466546048082
rolling_7d,7d,uncapped,14,2025-10-20,2025-10-26,7,0.014288205328873316,0.028536943362810208,-0.014248738033936892
rolling_7d,7d,uncapped,14,2025-10-21,2025-10-27,7,0.004382248305111691,0.01770897982056363,-0.01332673151545194
rolling_7d,7d,uncapped,14,2025-10-22,2025-10-28,7,0.016740362102849904,0.030649720112079004,-0.0139093580092291
rolling_7d,7d,uncapped,14,2025-10-23,2025-10-29,7,0.004900170899547307,0.008126790193873967,-0.0032266192943266603
rolling_7d,7d,uncapped,14,2025-10-24,2025-10-30,7,-0.019137811137763805,-0.008714439173940769,-0.010423371963823036
rolling_7d,7d,uncapped,14,2025-10-25,2025-10-31,7,-0.015807323116521332,-0.008842191608968153,-0.0069651315075531794
rolling_7d,7d,uncapped,14,2025-10-26,2025-11-01,7,-0.01836797693272907,-0.014020321048521356,-0.004347655884207713
rolling_7d,7d,uncapped,14,2025-10-27,2025-11-02,7,-0.039085790598130554,-0.032857842067711696,-0.006227948530418859
rolling_7d,7d,uncapped,14,2025-10-28,2025-11-03,7,-0.0830233092233792,-0.06148016577856774,-0.021543143444811452
rolling_7d,7d,uncapped,14,2025-10-29,2025-11-04,7,-0.10989859601366658,-0.08893515764426108,-0.020963438369405507
rolling_7d,7d,uncapped,14,2025-10-30,2025-11-05,7,-0.08038719130001681,-0.05088643636761858,-0.029500754932398232
rolling_7d,7d,uncapped,14,2025-10-31,2025-11-06,7,-0.07826537455597526,-0.07823667644802523,-2.869810795003147e-05
rolling_7d,7d,uncapped,14,2025-11-01,2025-11-07,7,-0.0517652418435417,-0.06304996044544176,0.011284718601900057
rolling_7d,7d,uncapped,14,2025-11-02,2025-11-08,7,-0.05956298609160504,-0.06984231515018458,0.010279329058579534
rolling_7d,7d,uncapped,14,2025-11-03,2025-11-09,7,-0.04042778698513605,-0.05278433237605695,0.012356545390920903
rolling_7d,7d,uncapped,14,2025-11-04,2025-11-10,7,0.019537232464318155,-0.009727724646093616,0.02926495711041177
rolling_7d,7d,uncapped,14,2025-11-05,2025-11-11,7,0.04852760893703878,0.008684296441400452,0.03984331249563833
rolling_7d,7d,uncapped,14,2025-11-06,2025-11-12,7,0.029158482061395263,-0.017313880591269815,0.04647236265266508
rolling_7d,7d,uncapped,14,2025-11-07,2025-11-13,7,0.015085597526544703,-0.0011029873123389322,0.016188584838883635
rolling_7d,7d,uncapped,14,2025-11-08,2025-11-14,7,-0.062061383594608555,-0.06536380700010846,0.00330242340549991
rolling_7d,7d,uncapped,14,2025-11-09,2025-11-15,7,-0.05030321073555799,-0.05427286553387678,0.003969654798318789
rolling_7d,7d,uncapped,14,2025-11-10,2025-11-16,7,-0.09467886312087759,-0.09671709044093679,0.002038227320059205
rolling_7d,7d,uncapped,14,2025-11-11,2025-11-17,7,-0.11660922877411528,-0.1222750264374981,0.005665797663382821
rolling_7d,7d,uncapped,14,2025-11-12,2025-11-18,7,-0.11046419751100311,-0.10843474883480075,-0.002029448676202361
rolling_7d,7d,uncapped,14,2025-11-13,2025-11-19,7,-0.11548733515733622,-0.10902081525887031,-0.006466519898465917
rolling_7d,7d,uncapped,14,2025-11-14,2025-11-20,7,-0.13394480935440845,-0.13953980428458035,0.005594994930171904
rolling_7d,7d,uncapped,14,2025-11-15,2025-11-21,7,-0.10899582638181216,-0.1101351586115823,0.0011393322297701403
rolling_7d,7d,uncapped,14,2025-11-16,2025-11-22,7,-0.11032797081519796,-0.11740893494610305,0.0070809641309050875
rolling_7d,7d,uncapped,14,2025-11-17,2025-11-23,7,-0.05426136939666537,-0.059882415820415535,0.0056210464237501645
rolling_7d,7d,uncapped,14,2025-11-18,2025-11-24,7,-0.03320459679465804,-0.03830744665408348,0.00510284985942544
rolling_7d,7d,uncapped,14,2025-11-19,2025-11-25,7,-0.02855664846616024,-0.05101322161635691,0.022456573150196668
rolling_7d,7d,uncapped,14,2025-11-20,2025-11-26,7,-8.559440976962929e-05,-0.008375552757194149,0.00828995834742452
rolling_7d,7d,uncapped,14,2025-11-21,2025-11-27,7,0.0601062345652561,0.052660293846438,0.0074459407188181
rolling_7d,7d,uncapped,14,2025-11-22,2025-11-28,7,0.07478627903893287,0.06435465733741674,0.010431621701516125
rolling_7d,7d,uncapped,14,2025-11-23,2025-11-29,7,0.0943963868735318,0.06809239202997186,0.02630399484355994
rolling_7d,7d,uncapped,14,2025-11-24,2025-11-30,7,0.0375199299374529,0.029396158335988964,0.008123771601463936
rolling_7d,7d,uncapped,14,2025-11-25,2025-12-01,7,-0.027624903744924434,-0.02510150790176624,-0.0025233958431581938
rolling_7d,7d,uncapped,14,2025-11-26,2025-12-02,7,0.01156688282148588,0.04006794029211136,-0.02850105747062548
rolling_7d,7d,uncapped,14,2025-11-27,2025-12-03,7,0.007650338677078983,0.02543486607011025,-0.01778452739303127
rolling_7d,7d,uncapped,14,2025-11-28,2025-12-04,7,-0.020891546112074777,0.003146238019113401,-0.024037784131188178
rolling_7d,7d,uncapped,14,2025-11-29,2025-12-05,7,-0.03792133188653957,-0.01908332538500468,-0.018838006501534887
rolling_7d,7d,uncapped,14,2025-11-30,2025-12-06,7,-0.05389119684543686,-0.01758127017507749,-0.03630992667035937
rolling_7d,7d,uncapped,14,2025-12-01,2025-12-07,7,-0.032010058028951405,-0.005235640648010853,-0.02677441738094055
rolling_7d,7d,uncapped,14,2025-12-02,2025-12-08,7,0.02590286903218586,0.04508577444726369,-0.019182905415077833
rolling_7d,7d,uncapped,14,2025-12-03,2025-12-09,7,-0.008615910441772123,0.008658231572752584,-0.017274142014524707
rolling_7d,7d,uncapped,14,2025-12-04,2025-12-10,7,-0.029985722337985687,-0.01576798738560936,-0.014217734952376326
rolling_7d,7d,uncapped,14,2025-12-05,2025-12-11,7,-0.02629109900750992,0.0009460049483316357,-0.027237103955841557
rolling_7d,7d,uncapped,14,2025-12-06,2025-12-12,7,-0.01729434792634088,0.008407132599326905,-0.025701480525667786
rolling_7d,7d,uncapped,14,2025-12-07,2025-12-13,7,-0.004575677022023217,0.008510096851934934,-0.01308577387395815
rolling_7d,7d,uncapped,14,2025-12-08,2025-12-14,7,-0.030179467481382005,-0.024198861491316892,-0.005980605990065113
rolling_7d,7d,uncapped,14,2025-12-09,2025-12-15,7,-0.06828041414924235,-0.0437037037037048,-0.024576710445537553
rolling_7d,7d,uncapped,14,2025-12-10,2025-12-16,7,-0.07416869489192424,-0.04809761007023439,-0.02607108482168985
rolling_7d,7d,uncapped,14,2025-12-11,2025-12-17,7,-0.07514632319955106,-0.05866904659141614,-0.016477276608134916
rolling_7d,7d,uncapped,14,2025-12-12,2025-12-18,7,-0.08815657795331011,-0.07500545256270508,-0.013151125390605034
rolling_7d,7d,uncapped,14,2025-12-13,2025-12-19,7,-0.04633313933620142,-0.026383325916034317,-0.019949813420167106
rolling_7d,7d,uncapped,14,2025-12-14,2025-12-20,7,-0.0563731018314918,-0.023251671700938892,-0.03312143013055291
rolling_7d,7d,uncapped,14,2025-12-15,2025-12-21,7,-0.03706171561920368,0.0015399787589194247,-0.03860169437812311
rolling_7d,7d,uncapped,14,2025-12-16,2025-12-22,7,0.0073358742648090836,0.023152594887688283,-0.0158167206228792
rolling_7d,7d,uncapped,14,2025-12-17,2025-12-23,7,-0.0019570934387518335,-0.0007048620155968299,-0.0012522314231550036
rolling_7d,7d,uncapped,14,2025-12-18,2025-12-24,7,-0.004770943094953628,0.0041809463859676654,-0.008951889480921293
rolling_7d,7d,uncapped,14,2025-12-19,2025-12-25,7,0.010542036284727496,0.010068142698828275,0.00047389358589922104
rolling_7d,7d,uncapped,14,2025-12-20,2025-12-26,7,-0.02088710841420205,-0.0237081279568504,0.002821019542648351
rolling_7d,7d,uncapped,14,2025-12-21,2025-12-27,7,-0.017714385854487147,-0.024640984727606008,0.006926598873118861
rolling_7d,7d,uncapped,14,2025-12-22,2025-12-28,7,-0.014028236264313265,-0.03098702498807293,0.016958788723759666
rolling_7d,7d,uncapped,14,2025-12-23,2025-12-29,7,-0.02387567872013674,-0.03739145576088798,0.013515777040751242
rolling_7d,7d,uncapped,14,2025-12-24,2025-12-30,7,-0.006404758061219207,-0.014789542283216606,0.008384784221997399
rolling_7d,7d,uncapped,14,2025-12-25,2025-12-31,7,-0.008404949484695168,-0.009186097804463667,0.0007811483197684987
rolling_7d,7d,uncapped,14,2025-12-26,2026-01-01,7,0.01302768727633108,0.0022721259940599037,0.010755561282271175
rolling_7d,7d,uncapped,14,2025-12-27,2026-01-02,7,0.02870442301022358,0.01563780228012357,0.01306662073010001
rolling_7d,7d,uncapped,14,2025-12-28,2026-01-03,7,0.025659038315930305,0.021134715308452012,0.0045243230074782925
rolling_7d,7d,uncapped,14,2025-12-29,2026-01-04,7,0.03825622560811981,0.035604852577934665,0.0026513730301851446
rolling_7d,7d,uncapped,14,2025-12-30,2026-01-05,7,0.07019967832596419,0.07101061738104453,-0.0008109390550803397
rolling_7d,7d,uncapped,14,2025-12-31,2026-01-06,7,0.06329615095011021,0.05943144411327772,0.0038647068368324877
rolling_7d,7d,uncapped,14,2026-01-01,2026-01-07,7,0.07386643773362822,0.03850660001561801,0.03535983771801021
rolling_7d,7d,uncapped,14,2026-01-02,2026-01-08,7,0.05876011608619547,0.034113317702588075,0.024646798383607393
rolling_7d,7d,uncapped,14,2026-01-03,2026-01-09,7,0.04322807960320296,0.0260842841227773,0.01714379548042566
rolling_7d,7d,uncapped,14,2026-01-04,2026-01-10,7,0.040864578332184154,0.018698504729936172,0.022166073602247982
rolling_7d,7d,uncapped,14,2026-01-05,2026-01-11,7,0.021065604494299173,0.009834927200404353,0.01123067729389482
rolling_7d,7d,uncapped,14,2026-01-06,2026-01-12,7,-0.0028358780102492043,-0.011587689731895057,0.008751811721645852
rolling_7d,7d,uncapped,14,2026-01-07,2026-01-13,7,0.02555432981454553,0.028338891418999035,-0.002784561604453506
rolling_7d,7d,uncapped,14,2026-01-08,2026-01-14,7,0.0350545334605985,0.06821600481347945,-0.033161471352880945
rolling_7d,7d,uncapped,14,2026-01-09,2026-01-15,7,0.01905691592584069,0.05783783783783769,-0.038780921911997
rolling_7d,7d,uncapped,14,2026-01-10,2026-01-16,7,0.021931098869619747,0.05578435043055263,-0.033853251560932884
rolling_7d,7d,uncapped,14,2026-01-11,2026-01-17,7,0.015574864643775665,0.05219012813504009,-0.03661526349126443
rolling_7d,7d,uncapped,14,2026-01-12,2026-01-18,7,0.008632269155972816,0.03598176246355922,-0.027349493307586403
rolling_7d,7d,uncapped,14,2026-01-13,2026-01-19,7,-0.009308660646816569,0.018187086277217546,-0.027495746924034115
rolling_7d,7d,uncapped,14,2026-01-14,2026-01-20,7,-0.07227854307762571,-0.05820166290465045,-0.014076880172975259
rolling_7d,7d,uncapped,14,2026-01-15,2026-01-21,7,-0.07355141338420235,-0.06707737801872726,-0.006474035365475084
rolling_7d,7d,uncapped,14,2026-01-16,2026-01-22,7,-0.057890593721739436,-0.05683302106398325,-0.0010575726577561895
rolling_7d,7d,uncapped,14,2026-01-17,2026-01-23,7,-0.06244396284298959,-0.06396453900709242,0.0015205761641028381
rolling_7d,7d,uncapped,14,2026-01-18,2026-01-24,7,-0.05935959126668977,-0.06271886120996284,0.003359269943273069
rolling_7d,7d,uncapped,14,2026-01-19,2026-01-25,7,-0.06470098831380544,-0.07304262503246306,0.008341636718657619
rolling_7d,7d,uncapped,14,2026-01-20,2026-01-26,7,-0.04370241053916546,-0.05473954570992645,0.011037135170760992
rolling_7d,7d,uncapped,14,2026-01-21,2026-01-27,7,-0.011511067215795645,-0.016428008009224948,0.004916940793429303
rolling_7d,7d,uncapped,14,2026-01-22,2026-01-28,7,-0.025778992989320293,-0.02583337735749358,5.438436817328807e-05
rolling_7d,7d,uncapped,14,2026-01-23,2026-01-29,7,-0.06320888609970576,-0.06511106429087488,0.0019021781911691127
rolling_7d,7d,uncapped,14,2026-01-24,2026-01-30,7,-0.0668149163587255,-0.05202263962237064,-0.014792276736354859
rolling_7d,7d,uncapped,14,2026-01-25,2026-01-31,7,-0.07781296254079806,-0.10686622926917833,0.029053266728380267
rolling_7d,7d,uncapped,14,2026-01-26,2026-02-01,7,-0.10153216361907857,-0.11681973848069649,0.015287574861617914
rolling_7d,7d,uncapped,14,2026-01-27,2026-02-02,7,-0.0880467368187079,-0.09737778566852007,0.009331048849812174
rolling_7d,7d,uncapped,14,2026-01-28,2026-02-03,7,-0.12048950080401888,-0.13708918739686138,0.0165996865928425
rolling_7d,7d,uncapped,14,2026-01-29,2026-02-04,7,-0.13425138120700875,-0.1636969321351086,0.029445550928099862
rolling_7d,7d,uncapped,14,2026-01-30,2026-02-05,7,-0.2239666461636769,-0.2506137166681405,0.026647070504463577
rolling_7d,7d,uncapped,14,2026-01-31,2026-02-06,7,-0.12444651778233184,-0.16388922191583544,0.03944270413350359
rolling_7d,7d,uncapped,14,2026-02-01,2026-02-07,7,-0.12390313559761723,-0.1285975428304219,0.004694407232804676
rolling_7d,7d,uncapped,14,2026-02-02,2026-02-08,7,-0.06657095386355016,-0.07815212697517215,0.01158117311162199
rolling_7d,7d,uncapped,14,2026-02-03,2026-02-09,7,-0.09455953358627478,-0.11419457462456872,0.019635041038293943
rolling_7d,7d,uncapped,14,2026-02-04,2026-02-10,7,-0.07804147180223264,-0.0872533600228742,0.009211888220641562
rolling_7d,7d,uncapped,14,2026-02-05,2026-02-11,7,-0.0727227248329928,-0.08140805928670902,0.00868533445371622
rolling_7d,7d,uncapped,14,2026-02-06,2026-02-12,7,0.07413048560491764,0.04385324254075895,0.030277243064158688
rolling_7d,7d,uncapped,14,2026-02-07,2026-02-13,7,-0.003370766379426793,-0.03647834815027329,0.033107581770846495
rolling_7d,7d,uncapped,14,2026-02-08,2026-02-14,7,0.04154216412841216,0.0034149673138863523,0.03812719681452581
rolling_7d,7d,uncapped,14,2026-02-09,2026-02-15,7,0.009630595559752653,-0.024884563540245486,0.03451515909999814
rolling_7d,7d,uncapped,14,2026-02-10,2026-02-16,7,0.02397814885407601,-0.016132613753749636,0.040110762607825645
rolling_7d,7d,uncapped,14,2026-02-11,2026-02-17,7,0.0146741602197904,-0.020883101625220446,0.035557261845010846
rolling_7d,7d,uncapped,14,2026-02-12,2026-02-18,7,0.022051491163421533,-0.005455718924584296,0.02750721008800583
rolling_7d,7d,uncapped,14,2026-02-13,2026-02-19,7,-0.003949943769861908,0.015979174597949397,-0.019929118367811305
rolling_7d,7d,uncapped,14,2026-02-14,2026-02-20,7,-0.037067232194544,-0.006835724348670191,-0.030231507845873806
rolling_7d,7d,uncapped,14,2026-02-15,2026-02-21,7,-0.07047221446928942,-0.027761571373004723,-0.042710643096284695
rolling_7d,7d,uncapped,14,2026-02-16,2026-02-22,7,-0.06898852689797486,-0.024245098039214485,-0.04474342885876037
rolling_7d,7d,uncapped,14,2026-02-17,2026-02-23,7,-0.11071554729387079,-0.06386152215723861,-0.04685402513663217
rolling_7d,7d,uncapped,14,2026-02-18,2026-02-24,7,-0.10019483551374586,-0.06164568480206267,-0.03854915071168319
rolling_7d,7d,uncapped,14,2026-02-19,2026-02-25,7,-0.058639045818357105,-0.008679692965998242,-0.04995935285235886
rolling_7d,7d,uncapped,14,2026-02-20,2026-02-26,7,-0.02970069623311644,-0.012790909643306536,-0.016909786589809905
rolling_7d,7d,uncapped,14,2026-02-21,2026-02-27,7,-0.04297564134973619,-0.03921882023874501,-0.003756821110991182
rolling_7d,7d,uncapped,14,2026-02-22,2026-02-28,7,-0.03352711524634555,-0.02277341601240146,-0.010753699233944092
rolling_7d,7d,uncapped,14,2026-02-23,2026-03-01,7,-0.03244975616565593,-0.03497543380187884,0.0025256776362229116
rolling_7d,7d,uncapped,14,2026-02-24,2026-03-02,7,0.043280266672326206,0.05611111111111122,-0.012830844438785016
rolling_7d,7d,uncapped,14,2026-02-25,2026-03-03,7,0.05758898458316164,0.06876451908527037,-0.01117553450210873
rolling_7d,7d,uncapped,14,2026-02-26,2026-03-04,7,0.04904776500960639,0.07842274842734986,-0.029374983417743472
rolling_7d,7d,uncapped,14,2026-02-27,2026-03-05,7,0.043837677641736406,0.06561413227463908,-0.021776454632902675
rolling_7d,7d,uncapped,14,2026-02-28,2026-03-06,7,0.029787812062122887,0.04820179041162498,-0.01841397834950209
rolling_7d,7d,uncapped,14,2026-03-01,2026-03-07,7,0.014001187917637159,0.01721455766160296,-0.0032133697439657993
rolling_7d,7d,uncapped,14,2026-03-02,2026-03-08,7,0.005965826735355728,0.018741019927948965,-0.012775193192593237
rolling_7d,7d,uncapped,14,2026-03-03,2026-03-09,7,-0.009473527544613947,-0.002957728305858942,-0.0065157992387550046
rolling_7d,7d,uncapped,14,2026-03-04,2026-03-10,7,0.009831338234609355,0.02065905578543248,-0.010827717550823124
rolling_7d,7d,uncapped,14,2026-03-05,2026-03-11,7,-0.014911347633645322,-0.024745807724409263,0.009834460090763941
rolling_7d,7d,uncapped,14,2026-03-06,2026-03-12,7,-0.0057123552189249915,-0.0065078219013210425,0.000795466682396051
rolling_7d,7d,uncapped,14,2026-03-07,2026-03-13,7,0.025425462813569277,0.03539155879581379,-0.009966095982244516
rolling_7d,7d,uncapped,14,2026-03-08,2026-03-14,7,0.056580501060092825,0.058255357681856745,-0.0016748566217639205
rolling_7d,7d,uncapped,14,2026-03-09,2026-03-15,7,0.09373946940233324,0.09457719273143272,-0.0008377233290994823
rolling_7d,7d,uncapped,14,2026-03-10,2026-03-16,7,0.11079809118879869,0.09337514309889827,0.017422948089900414
rolling_7d,7d,uncapped,14,2026-03-11,2026-03-17,7,0.09076127206000506,0.06584153096212764,0.024919741097877424
rolling_7d,7d,uncapped,14,2026-03-12,2026-03-18,7,0.050448970951879835,0.02979878042849915,0.020650190523380685
rolling_7d,7d,uncapped,14,2026-03-13,2026-03-19,7,0.026970148724314358,0.008527214410990691,0.018442934313323667
rolling_7d,7d,uncapped,14,2026-03-14,2026-03-20,7,0.02534614952154235,0.009742965808608561,0.015603183712933788
rolling_7d,7d,uncapped,14,2026-03-15,2026-03-21,7,-0.007612448688329443,-0.015088419851678858,0.007475971163349415
rolling_7d,7d,uncapped,14,2026-03-16,2026-03-22,7,-0.04108999561180682,-0.04657329598505866,0.005483300373251843
rolling_7d,7d,uncapped,14,2026-03-17,2026-03-23,7,-0.06707425824389235,-0.03833022260663543,-0.028744035637256915
rolling_7d,7d,uncapped,14,2026-03-18,2026-03-24,7,-0.05901068116227115,-0.035836380800500334,-0.023174300361770817
rolling_7d,7d,uncapped,14,2026-03-19,2026-03-25,7,-0.014250296059554857,0.0058552985730073726,-0.02010559463256223
rolling_7d,7d,uncapped,14,2026-03-20,2026-03-26,7,-0.028446567816138746,-0.0036318565704915873,-0.02481471124564716
rolling_7d,7d,uncapped,14,2026-03-21,2026-03-27,7,-0.0456845160968784,-0.04161290322580613,-0.004071612871072272
rolling_7d,7d,uncapped,14,2026-03-22,2026-03-28,7,-0.036711615188836144,-0.026073190273474545,-0.0106384249153616
rolling_7d,7d,uncapped,14,2026-03-23,2026-03-29,7,-0.025351959296422533,-0.015629896584139935,-0.009722062712282598
rolling_7d,7d,uncapped,14,2026-03-24,2026-03-30,7,-0.020161166851537682,-0.03924260355029463,0.01908143669875695
rolling_14d,14d,uncapped,14,2025-03-01,2025-03-14,14,-0.010264540518373888,-0.0038960517331431133,-0.006368488785230775
rolling_14d,14d,uncapped,14,2025-03-02,2025-03-15,14,-0.03392891560326383,-0.03249415432579994,-0.0014347612774638918
rolling_14d,14d,uncapped,14,2025-03-03,2025-03-16,14,-0.13655276173280173,-0.1486412701079407,0.012088508375138973
rolling_14d,14d,uncapped,14,2025-03-04,2025-03-17,14,-0.052439261634182444,-0.053699495435808875,0.0012602338016264314
rolling_14d,14d,uncapped,14,2025-03-05,2025-03-18,14,-0.05927698345542798,-0.06937942255445018,0.010102439099022198
rolling_14d,14d,uncapped,14,2025-03-06,2025-03-19,14,-0.06676134633725705,-0.056937975900048454,-0.0098233704372086
rolling_14d,14d,uncapped,14,2025-03-07,2025-03-20,14,-0.06455660430351229,-0.07136824639944617,0.006811642095933879
rolling_14d,14d,uncapped,14,2025-03-08,2025-03-21,14,-0.03205849110278636,-0.03794142647399379,0.005882935371207432
rolling_14d,14d,uncapped,14,2025-03-09,2025-03-22,14,-0.03267734332125871,-0.03413332918558931,0.0014559858643306
rolling_14d,14d,uncapped,14,2025-03-10,2025-03-23,14,0.026940492545541428,0.04797279450607972,-0.02103230196053829
rolling_14d,14d,uncapped,14,2025-03-11,2025-03-24,14,0.06695980840630256,0.09301910979430361,-0.026059301388001055
rolling_14d,14d,uncapped,14,2025-03-12,2025-03-25,14,0.03191569740168143,0.044683592515458725,-0.012767895113777294
rolling_14d,14d,uncapped,14,2025-03-13,2025-03-26,14,0.02372865607510577,0.03645656976088274,-0.01272791368577697
rolling_14d,14d,uncapped,14,2025-03-14,2025-03-27,14,0.0523083897669856,0.07108973185306122,-0.018781342086075625
rolling_14d,14d,uncapped,14,2025-03-15,2025-03-28,14,0.010992496334629065,0.01379838709677994,-0.0028058907621508755
rolling_14d,14d,uncapped,14,2025-03-16,2025-03-29,14,-0.006411631270275109,-0.006058116022586324,-0.00035351524768878484
rolling_14d,14d,uncapped,14,2025-03-17,2025-03-30,14,0.006435302297154166,0.012333497779971392,-0.005898195482817226
rolling_14d,14d,uncapped,14,2025-03-18,2025-03-31,14,-0.028599330573684578,0.0028165803783661847,-0.03141591095205076
rolling_14d,14d,uncapped,14,2025-03-19,2025-04-01,14,-0.15802397896404818,0.044557884840590534,-0.20258186380463872
rolling_14d,14d,uncapped,14,2025-03-20,2025-04-02,14,-0.2526439331260172,-0.03739182240060024,-0.21525211072541695
rolling_14d,14d,uncapped,14,2025-03-21,2025-04-03,14,-0.2473767083392101,-0.007726358148890999,-0.2396503501903191
rolling_14d,14d,uncapped,14,2025-03-22,2025-04-04,14,-0.26057710709790816,-0.009084337349394955,-0.2514927697485132
rolling_14d,14d,uncapped,14,2025-03-23,2025-04-05,14,-0.25640274012922626,-0.007254720399368586,-0.24914801972985767
rolling_14d,14d,uncapped,14,2025-03-24,2025-04-06,14,-0.3024778975188944,-0.07461957720298218,-0.22785832031591224
rolling_14d,14d,uncapped,14,2025-03-25,2025-04-07,14,-0.3112722510054401,-0.08302135922329734,-0.22825089178214275
rolling_14d,14d,uncapped,14,2025-03-26,2025-04-08,14,-0.3265010319799746,-0.11088701857812833,-0.21561401340184627
rolling_14d,14d,uncapped,14,2025-03-27,2025-04-09,14,-0.26720842054036087,-0.054744866210325815,-0.21246355433003505
rolling_14d,14d,uncapped,14,2025-03-28,2025-04-10,14,-0.2947617777339433,-0.08363636363635751,-0.21112541409758578
rolling_14d,14d,uncapped,14,2025-03-29,2025-04-11,14,-0.28064460317970574,-0.032813357621841566,-0.24783124555786418
rolling_14d,14d,uncapped,14,2025-03-30,2025-04-12,14,-0.25932438533850544,0.0024072167873050443,-0.2617316021258105
rolling_14d,14d,uncapped,14,2025-03-31,2025-04-13,14,-0.2667549838555956,-0.012345679012339184,-0.2544093048432564
rolling_14d,14d,uncapped,14,2025-04-01,2025-04-14,14,-0.24021834977292889,-0.0023703222664108736,-0.237848027506518
rolling_14d,14d,uncapped,14,2025-04-02,2025-04-15,14,-0.10166296055122204,-0.0362700436598441,-0.06539291689137794
rolling_14d,14d,uncapped,14,2025-04-03,2025-04-16,14,-0.0023313353065229636,-0.008110881284706495,0.005779545978183531
rolling_14d,14d,uncapped,14,2025-04-04,2025-04-17,14,-0.007434318833640097,-0.00410414469948317,-0.003330174134156927
rolling_14d,14d,uncapped,14,2025-04-05,2025-04-18,14,-0.004911566088273922,-0.009078455689840115,0.004166889601566193
rolling_14d,14d,uncapped,14,2025-04-06,2025-04-19,14,-0.0036567943093204214,-0.0037065875062823883,4.9793196961966935e-05
rolling_14d,14d,uncapped,14,2025-04-07,2025-04-20,14,0.04937036597952993,0.0455187675546882,0.003851598424841729
rolling_14d,14d,uncapped,14,2025-04-08,2025-04-21,14,0.06173422851015209,0.06927774624982463,-0.007543517739672545
rolling_14d,14d,uncapped,14,2025-04-09,2025-04-22,14,0.1300346210116481,0.17039783632873817,-0.040363215317090084
rolling_14d,14d,uncapped,14,2025-04-10,2025-04-23,14,0.045796299654231376,0.10500156350290668,-0.059205263848675305
rolling_14d,14d,uncapped,14,2025-04-11,2025-04-24,14,0.1115450975827037,0.1417209333876024,-0.030175835804898687
rolling_14d,14d,uncapped,14,2025-04-12,2025-04-25,14,0.12953343213882107,0.12283486585626835,0.00669856628255272
rolling_14d,14d,uncapped,14,2025-04-13,2025-04-26,14,0.10409113069535625,0.10432096768977472,-0.00022983699441847527
rolling_14d,14d,uncapped,14,2025-04-14,2025-04-27,14,0.0977704068349603,0.11141447368421287,-0.013644066849252567
rolling_14d,14d,uncapped,14,2025-04-15,2025-04-28,14,0.11029242140377993,0.11351690019365623,-0.003224478789876306
rolling_14d,14d,uncapped,14,2025-04-16,2025-04-29,14,0.08938755163908141,0.11692758894705557,-0.027540037307974163
rolling_14d,14d,uncapped,14,2025-04-17,2025-04-30,14,0.07830129729314583,0.11744470534145979,-0.039143408048313955
rolling_14d,14d,uncapped,14,2025-04-18,2025-05-01,14,0.10024433335600325,0.13509089132134489,-0.03484655796534164
rolling_14d,14d,uncapped,14,2025-04-19,2025-05-02,14,0.10862944326288249,0.1341606066307337,-0.025531163367851217
rolling_14d,14d,uncapped,14,2025-04-20,2025-05-03,14,0.10117719954874094,0.11900323192523499,-0.01782603237649405
rolling_14d,14d,uncapped,14,2025-04-21,2025-05-04,14,0.08761899262888728,0.10421856428792209,-0.016599571659034806
rolling_14d,14d,uncapped,14,2025-04-22,2025-05-05,14,0.06113619764745426,0.06852027883396805,-0.007384081186513791
rolling_14d,14d,uncapped,14,2025-04-23,2025-05-06,14,0.01602844070790943,0.024591691452169773,-0.008563250744260342
rolling_14d,14d,uncapped,14,2025-04-24,2025-05-07,14,0.015141203248011825,0.026206043996959805,-0.01106484074894798
rolling_14d,14d,uncapped,14,2025-04-25,2025-05-08,14,0.045051521195072164,0.07513553657631156,-0.030084015381239393
rolling_14d,14d,uncapped,14,2025-04-26,2025-05-09,14,0.023442714002737786,0.05273181415313122,-0.029289100150393432
rolling_14d,14d,uncapped,14,2025-04-27,2025-05-10,14,0.04605581435398087,0.06148867313915396,-0.015432858785173087
rolling_14d,14d,uncapped,14,2025-04-28,2025-05-11,14,0.0662037793114143,0.07642732411874364,-0.010223544807329343
rolling_14d,14d,uncapped,14,2025-04-29,2025-05-12,14,0.053197788660628964,0.058867803199144975,-0.0056700145385160106
rolling_14d,14d,uncapped,14,2025-04-30,2025-05-13,14,0.06037842252206893,0.06975209036232899,-0.009373667840260058
rolling_14d,14d,uncapped,14,2025-05-01,2025-05-14,14,0.054245676011748234,0.07111316831610459,-0.016867492304356357
rolling_14d,14d,uncapped,14,2025-05-02,2025-05-15,14,0.026474759789948843,0.048037253087085174,-0.02156249329713633
rolling_14d,14d,uncapped,14,2025-05-03,2025-05-16,14,0.033877993967022624,0.05681932924630373,-0.022941335279281105
rolling_14d,14d,uncapped,14,2025-05-04,2025-05-17,14,0.03376875313166816,0.06679276854243343,-0.03302401541076527
rolling_14d,14d,uncapped,14,2025-05-05,2025-05-18,14,0.0713105296220724,0.11021822471247722,-0.038907695090404815
rolling_14d,14d,uncapped,14,2025-05-06,2025-05-19,14,0.06799702748082925,0.10146044925494313,-0.03346342177411388
rolling_14d,14d,uncapped,14,2025-05-07,2025-05-20,14,0.07887134076325686,0.09399781738814172,-0.015126476624884866
rolling_14d,14d,uncapped,14,2025-05-08,2025-05-21,14,0.07913909976603484,0.10642883578493723,-0.02728973601890239
rolling_14d,14d,uncapped,14,2025-05-09,2025-05-22,14,0.04557608241002464,0.06977418886900466,-0.024198106458980018
rolling_14d,14d,uncapped,14,2025-05-10,2025-05-23,14,0.009346584325802265,0.04243668243807308,-0.033090098112270816
rolling_14d,14d,uncapped,14,2025-05-11,2025-05-24,14,-0.0002401560917580925,0.03830978920648809,-0.03854994529824618
rolling_14d,14d,uncapped,14,2025-05-12,2025-05-25,14,0.005916850069539681,0.047162094351680395,-0.041245244282140714
rolling_14d,14d,uncapped,14,2025-05-13,2025-05-26,14,0.0021062718787279167,0.05084710672509729,-0.048740834846369374
rolling_14d,14d,uncapped,14,2025-05-14,2025-05-27,14,-0.010935307755176038,0.036976345560505886,-0.047911653315681924
rolling_14d,14d,uncapped,14,2025-05-15,2025-05-28,14,-0.010620151922406285,0.031120958116686248,-0.04174111003909253
rolling_14d,14d,uncapped,14,2025-05-16,2025-05-29,14,-0.013393574310281764,0.008913778702774655,-0.02230735301305642
rolling_14d,14d,uncapped,14,2025-05-17,2025-05-30,14,-0.03052189108012915,0.004579329547932165,-0.035101220628061314
rolling_14d,14d,uncapped,14,2025-05-18,2025-05-31,14,-0.02221007027051969,0.008722278294548635,-0.030932348565068324
rolling_14d,14d,uncapped,14,2025-05-19,2025-06-01,14,-0.036955928425671525,-0.009867853111101277,-0.027088075314570248
rolling_14d,14d,uncapped,14,2025-05-20,2025-06-02,14,-0.0030933135212363183,-0.003405664441098688,0.00031235091986236974
rolling_14d,14d,uncapped,14,2025-05-21,2025-06-03,14,-0.02913299450615925,-0.02072221852763756,-0.00841077597852169
rolling_14d,14d,uncapped,14,2025-05-22,2025-06-04,14,-0.04718028965300147,-0.04755127339031129,0.0003709837373098157
rolling_14d,14d,uncapped,14,2025-05-23,2025-06-05,14,-0.09539027056157945,-0.08524679081540565,-0.0101434797461738
rolling_14d,14d,uncapped,14,2025-05-24,2025-06-06,14,-0.04374215698523565,-0.030610269725472206,-0.013131887259763442
rolling_14d,14d,uncapped,14,2025-05-25,2025-06-07,14,-0.03845395677648722,-0.026446555503888636,-0.012007401272598583
rolling_14d,14d,uncapped,14,2025-05-26,2025-06-08,14,-0.052693830969442135,-0.04358728616629137,-0.009106544803150762
rolling_14d,14d,uncapped,14,2025-05-27,2025-06-09,14,-0.021445581835519367,-0.011643561235418765,-0.009802020600100603
rolling_14d,14d,uncapped,14,2025-05-28,2025-06-10,14,-0.01072064681048801,-0.003967125751278222,-0.006753521059209788
rolling_14d,14d,uncapped,14,2025-05-29,2025-06-11,14,-0.011682369744780763,-0.004523592530752962,-0.0071587772140278005
rolling_14d,14d,uncapped,14,2025-05-30,2025-06-12,14,-0.02208709549641663,-0.012614678899086629,-0.009472416597330002
rolling_14d,14d,uncapped,14,2025-05-31,2025-06-13,14,-0.005351641815397046,8.152229294688951e-05,-0.005433164108343935
rolling_14d,14d,uncapped,14,2025-06-01,2025-06-14,14,-0.010772527349933725,-0.010222087009431613,-0.0005504403405021119
rolling_14d,14d,uncapped,14,2025-06-02,2025-06-15,14,-0.020022985869940446,-0.02142128983796543,0.0013983039680249831
rolling_14d,14d,uncapped,14,2025-06-03,2025-06-16,14,-0.03458346118619271,-0.009988518943741642,-0.024594942242451068
rolling_14d,14d,uncapped,14,2025-06-04,2025-06-17,14,-0.0278787275089456,-0.012074374889644135,-0.015804352619301465
rolling_14d,14d,uncapped,14,2025-06-05,2025-06-18,14,-0.01085643923590629,0.0014323391889363712,-0.012288778424842661
rolling_14d,14d,uncapped,14,2025-06-06,2025-06-19,14,0.026132667171988144,0.023385992404668876,0.002746674767319268
rolling_14d,14d,uncapped,14,2025-06-07,2025-06-20,14,-0.006310900646659179,-0.008496691523275035,0.0021857908766158562
rolling_14d,14d,uncapped,14,2025-06-08,2025-06-21,14,-0.02910422357906206,-0.0245719861616277,-0.004532237417434359
rolling_14d,14d,uncapped,14,2025-06-09,2025-06-22,14,-0.04447314258235169,-0.032992903128387874,-0.011480239453963814
rolling_14d,14d,uncapped,14,2025-06-10,2025-06-23,14,-0.03534844367297052,-0.028750830564781338,-0.006597613108189182
rolling_14d,14d,uncapped,14,2025-06-11,2025-06-24,14,-0.04137583378300591,-0.033277351088333185,-0.008098482694672726
rolling_14d,14d,uncapped,14,2025-06-12,2025-06-25,14,-0.0191557214821666,-0.014935546600909455,-0.004220174881257144
rolling_14d,14d,uncapped,14,2025-06-13,2025-06-26,14,-0.007126182872949971,0.008872303431402662,-0.015998486304352633
rolling_14d,14d,uncapped,14,2025-06-14,2025-06-27,14,-0.01319303087664181,-0.0018137231592740832,-0.011379307717367726
rolling_14d,14d,uncapped,14,2025-06-15,2025-06-28,14,-0.007112133739199056,0.005266285526934311,-0.012378419266133367
rolling_14d,14d,uncapped,14,2025-06-16,2025-06-29,14,0.004016289799451345,0.014515797409356157,-0.010499507609904812
rolling_14d,14d,uncapped,14,2025-06-17,2025-06-30,14,-0.01620814100859036,-0.006610228458774348,-0.009597912549816012
rolling_14d,14d,uncapped,14,2025-06-18,2025-07-01,14,-0.009014854639178616,-0.0026602326156908163,-0.006354622023487799
rolling_14d,14d,uncapped,14,2025-06-19,2025-07-02,14,0.07068957433410716,0.014020973010141491,0.05666860132396567
rolling_14d,14d,uncapped,14,2025-06-20,2025-07-03,14,0.06601210647835387,0.02687285744831991,0.03913924903003396
rolling_14d,14d,uncapped,14,2025-06-21,2025-07-04,14,0.04855307660021024,0.026375183160991744,0.0221778934392185
rolling_14d,14d,uncapped,14,2025-06-22,2025-07-05,14,0.063724070161719,0.03675462405909857,0.02696944610262042
rolling_14d,14d,uncapped,14,2025-06-23,2025-07-06,14,0.08862803106483863,0.053033905643368406,0.035594125421470224
rolling_14d,14d,uncapped,14,2025-06-24,2025-07-07,14,0.044593494148066126,0.013183009174057458,0.03141048497400867
rolling_14d,14d,uncapped,14,2025-06-25,2025-07-08,14,0.047272348372793926,0.01836160131840736,0.028910747054386565
rolling_14d,14d,uncapped,14,2025-06-26,2025-07-09,14,0.04906530654153629,0.02396749158797329,0.025097814953563002
rolling_14d,14d,uncapped,14,2025-06-27,2025-07-10,14,0.10311751596257634,0.06634877384196192,0.03676874212061443
rolling_14d,14d,uncapped,14,2025-06-28,2025-07-11,14,0.11469983763313207,0.07662102569686313,0.03807881193626894
rolling_14d,14d,uncapped,14,2025-06-29,2025-07-12,14,0.1326474766800867,0.0853819288733042,0.04726554780678249
rolling_14d,14d,uncapped,14,2025-06-30,2025-07-13,14,0.1363684824937348,0.09214472937552642,0.044223753118208364
rolling_14d,14d,uncapped,14,2025-07-01,2025-07-14,14,0.16985466752248168,0.12517339413000994,0.04468127339247174
rolling_14d,14d,uncapped,14,2025-07-02,2025-07-15,14,0.15480521085776466,0.1084299981390735,0.04637521271869116
rolling_14d,14d,uncapped,14,2025-07-03,2025-07-16,14,0.07070855365447426,0.09314815819454614,-0.022439604540071878
rolling_14d,14d,uncapped,14,2025-07-04,2025-07-17,14,0.07964713565844739,0.09059949622166541,-0.010952360563218022
rolling_14d,14d,uncapped,14,2025-07-05,2025-07-18,14,0.10418779129187472,0.09022510605763578,0.013962685234238936
rolling_14d,14d,uncapped,14,2025-07-06,2025-07-19,14,0.10766313202396449,0.08929704052577159,0.018366091498192905
rolling_14d,14d,uncapped,14,2025-07-07,2025-07-20,14,0.1096535776206069,0.07797092266940542,0.03168265495120148
rolling_14d,14d,uncapped,14,2025-07-08,2025-07-21,14,0.12290760376495946,0.08076299797434827,0.04214460579061119
rolling_14d,14d,uncapped,14,2025-07-09,2025-07-22,14,0.14816455816933605,0.09593807314705294,0.05222648502228311
rolling_14d,14d,uncapped,14,2025-07-10,2025-07-23,14,0.11742483084884525,0.07326041300905617,0.04416441783978908
rolling_14d,14d,uncapped,14,2025-07-11,2025-07-24,14,0.06372210698248204,0.028804139517059735,0.034917967465422306
rolling_14d,14d,uncapped,14,2025-07-12,2025-07-25,14,0.03481326242798577,0.012623022319430133,0.022190240108555637
rolling_14d,14d,uncapped,14,2025-07-13,2025-07-26,14,0.02336833872611166,0.007618630274200511,0.01574970845191115
rolling_14d,14d,uncapped,14,2025-07-14,2025-07-27,14,0.025436659174031373,0.005678303684099273,0.0197583554899321
rolling_14d,14d,uncapped,14,2025-07-15,2025-07-28,14,0.0091012521005287,-0.008342996643269096,0.017444248743797797
rolling_14d,14d,uncapped,14,2025-07-16,2025-07-29,14,0.018050060138300017,0.015165929822597457,0.00288413031570256
rolling_14d,14d,uncapped,14,2025-07-17,2025-07-30,14,0.013297649860811278,0.011916873449130172,0.001380776411681106
rolling_14d,14d,uncapped,14,2025-07-18,2025-07-31,14,-0.007720152773613265,-0.007698798371550741,-2.135440206252337e-05
rolling_14d,14d,uncapped,14,2025-07-19,2025-08-01,14,-0.029842314533677583,-0.01925129707320672,-0.010591017460470864
rolling_14d,14d,uncapped,14,2025-07-20,2025-08-02,14,-0.039499827740359095,-0.025019202656163086,-0.014480625084196008
rolling_14d,14d,uncapped,14,2025-07-21,2025-08-03,14,-0.02466311309634417,0.0023322557853038273,-0.026995368881647996
rolling_14d,14d,uncapped,14,2025-07-22,2025-08-04,14,-0.030256649311288575,0.0018055616296268617,-0.03206221094091544
rolling_14d,14d,uncapped,14,2025-07-23,2025-08-05,14,-0.05538810752748424,-0.015566165432037371,-0.03982194209544687
rolling_14d,14d,uncapped,14,2025-07-24,2025-08-06,14,-0.046400722414126405,-0.01233958234309851,-0.034061140071027896
rolling_14d,14d,uncapped,14,2025-07-25,2025-08-07,14,-0.018858050300115448,0.005147501692030598,-0.024005551992146046
rolling_14d,14d,uncapped,14,2025-07-26,2025-08-08,14,-0.011726857653396427,-0.0012047440699154421,-0.010522113583480985
rolling_14d,14d,uncapped,14,2025-07-27,2025-08-09,14,-0.017563407955911825,-0.005069676994479688,-0.012493730961432137
rolling_14d,14d,uncapped,14,2025-07-28,2025-08-10,14,-0.009029975492899078,0.007835853025473405,-0.016865828518372483
rolling_14d,14d,uncapped,14,2025-07-29,2025-08-11,14,-0.005744013465222242,0.011151935894833764,-0.016895949360056006
rolling_14d,14d,uncapped,14,2025-07-30,2025-08-12,14,0.0006656852583728501,0.00661521499448936,-0.00594952973611651
rolling_14d,14d,uncapped,14,2025-07-31,2025-08-13,14,0.02582757999959928,0.03065822303689103,-0.004830643037291749
rolling_14d,14d,uncapped,14,2025-08-01,2025-08-14,14,0.01805284728003187,0.02157491946646628,-0.0035220721864344107
rolling_14d,14d,uncapped,14,2025-08-02,2025-08-15,14,0.04379945737152591,0.036556350060118925,0.007243107311406982
rolling_14d,14d,uncapped,14,2025-08-03,2025-08-16,14,0.04534358471388922,0.035953671289803646,0.009389913424085572
rolling_14d,14d,uncapped,14,2025-08-04,2025-08-17,14,0.02587320030642104,0.017872292643980048,0.008000907662440992
rolling_14d,14d,uncapped,14,2025-08-05,2025-08-18,14,0.010874568247433158,0.007252884315561925,0.0036216839318712335
rolling_14d,14d,uncapped,14,2025-08-06,2025-08-19,14,-0.01266043079497392,-0.017056036799535712,0.004395606004561792
rolling_14d,14d,uncapped,14,2025-08-07,2025-08-20,14,-0.0002952393471233883,-0.004681249999995973,0.004386010652872585
rolling_14d,14d,uncapped,14,2025-08-08,2025-08-21,14,-0.0243238648358296,-0.02519181111700719,0.0008679462811775895
rolling_14d,14d,uncapped,14,2025-08-09,2025-08-22,14,0.007073814397082323,0.007162186654342539,-8.837225726021636e-05
rolling_14d,14d,uncapped,14,2025-08-10,2025-08-23,14,-0.004357796213497189,-0.002660155737750025,-0.0016976404757471641
rolling_14d,14d,uncapped,14,2025-08-11,2025-08-24,14,-0.036756366100229476,-0.03819724154765758,0.0014408754474281027
rolling_14d,14d,uncapped,14,2025-08-12,2025-08-25,14,-0.047734064556569034,-0.05155360783955032,0.003819543282981286
rolling_14d,14d,uncapped,14,2025-08-13,2025-08-26,14,-0.04341914292513571,-0.046714129244239455,0.003294986319103743
rolling_14d,14d,uncapped,14,2025-08-14,2025-08-27,14,-0.07178204638019647,-0.07442809388419747,0.0026460475040009923
rolling_14d,14d,uncapped,14,2025-08-15,2025-08-28,14,-0.04670756678711574,-0.04808340776114606,0.001375840974030318
rolling_14d,14d,uncapped,14,2025-08-16,2025-08-29,14,-0.07240209129893382,-0.07146825227248677,-0.0009338390264470586
rolling_14d,14d,uncapped,14,2025-08-17,2025-08-30,14,-0.07138361746672606,-0.06927068001176973,-0.002112937454956332
rolling_14d,14d,uncapped,14,2025-08-18,2025-08-31,14,-0.0770711133843569,-0.07578645453486199,-0.001284658849494913
rolling_14d,14d,uncapped,14,2025-08-19,2025-09-01,14,-0.06324417959005779,-0.055834514868765006,-0.007409664721292786
rolling_14d,14d,uncapped,14,2025-08-20,2025-09-02,14,-0.022053355280255205,-0.014478009575701556,-0.007575345704553649
rolling_14d,14d,uncapped,14,2025-08-21,2025-09-03,14,-0.033473180775452804,-0.027246296726548103,-0.006226884048904702
rolling_14d,14d,uncapped,14,2025-08-22,2025-09-04,14,-0.023567955081967185,-0.014714828897339327,-0.008853126184627857
rolling_14d,14d,uncapped,14,2025-08-23,2025-09-05,14,-0.04460083738584397,-0.03841070287242676,-0.0061901345134172114
rolling_14d,14d,uncapped,14,2025-08-24,2025-09-06,14,-0.0404255452903054,-0.03374761293554118,-0.0066779323547642155
rolling_14d,14d,uncapped,14,2025-08-25,2025-09-07,14,-0.023403474450477635,-0.016395835051805197,-0.007007639398672438
rolling_14d,14d,uncapped,14,2025-08-26,2025-09-08,14,-0.005392686741370056,0.0015658591368508112,-0.0069585458782208676
rolling_14d,14d,uncapped,14,2025-08-27,2025-09-09,14,-0.014626392671807098,-0.00805550768210106,-0.006570884989706038
rolling_14d,14d,uncapped,14,2025-08-28,2025-09-10,14,0.010958989399773023,0.0197032305329381,-0.008744241133165076
rolling_14d,14d,uncapped,14,2025-08-29,2025-09-11,14,0.014166823474911494,0.024988032551457096,-0.010821209076545601
rolling_14d,14d,uncapped,14,2025-08-30,2025-09-12,14,0.049124825183615606,0.05896120973043861,-0.009836384546823007
rolling_14d,14d,uncapped,14,2025-08-31,2025-09-13,14,0.05308821779431594,0.058242895078441714,-0.005154677284125775
rolling_14d,14d,uncapped,14,2025-09-01,2025-09-14,14,0.058094884010327696,0.06271095402610882,-0.004616070015781126
rolling_14d,14d,uncapped,14,2025-09-02,2025-09-15,14,0.044985696987259516,0.05330010820026487,-0.008314411213005357
rolling_14d,14d,uncapped,14,2025-09-03,2025-09-16,14,0.036069027072353155,0.0471108931843387,-0.011041866111985543
rolling_14d,14d,uncapped,14,2025-09-04,2025-09-17,14,0.03434511768615778,0.0420109481512041,-0.007665830465046319
rolling_14d,14d,uncapped,14,2025-09-05,2025-09-18,14,0.04044638744466944,0.045048174018190945,-0.004601786573521505
rolling_14d,14d,uncapped,14,2025-09-06,2025-09-19,14,0.03369523749598691,0.04639817246697331,-0.012702934970986401
rolling_14d,14d,uncapped,14,2025-09-07,2025-09-20,14,0.04018316173577552,0.05084723797181101,-0.010664076236035491
rolling_14d,14d,uncapped,14,2025-09-08,2025-09-21,14,0.029130779091419257,0.04166639787893889,-0.012535618787519631
rolling_14d,14d,uncapped,14,2025-09-09,2025-09-22,14,0.0015538114763624655,0.029800921387333146,-0.02824710991097068
rolling_14d,14d,uncapped,14,2025-09-10,2025-09-23,14,-3.8029620938462294e-05,0.027200597164753093,-0.027238626785691555
rolling_14d,14d,uncapped,14,2025-09-11,2025-09-24,14,-0.013566252781786248,0.013007720182758309,-0.026573972964544557
rolling_14d,14d,uncapped,14,2025-09-12,2025-09-25,14,-0.037096928365070725,-0.015193972227415031,-0.021902956137655694
rolling_14d,14d,uncapped,14,2025-09-13,2025-09-26,14,-0.04369042399744949,-0.018246951598085315,-0.025443472399364175
rolling_14d,14d,uncapped,14,2025-09-14,2025-09-27,14,-0.045888809160686383,-0.016867995018680526,-0.029020814142005857
rolling_14d,14d,uncapped,14,2025-09-15,2025-09-28,14,-0.030305414937881636,0.003201048296516351,-0.03350646323439799
rolling_14d,14d,uncapped,14,2025-09-16,2025-09-29,14,-0.01434158839951194,0.014854659668910974,-0.029196248068422914
rolling_14d,14d,uncapped,14,2025-09-17,2025-09-30,14,-0.02438166546265086,0.003265597850862667,-0.027647263313513526
rolling_14d,14d,uncapped,14,2025-09-18,2025-10-01,14,0.010188393076693503,0.04386073596828077,-0.03367234289158727
rolling_14d,14d,uncapped,14,2025-09-19,2025-10-02,14,0.01714359882678429,0.05092256373013204,-0.03377896490334775
rolling_14d,14d,uncapped,14,2025-09-20,2025-10-03,14,0.038681784240562234,0.06989694917762801,-0.031215164937065776
rolling_14d,14d,uncapped,14,2025-09-21,2025-10-04,14,0.042397214804379635,0.07903337197543014,-0.03663615717105051
rolling_14d,14d,uncapped,14,2025-09-22,2025-10-05,14,0.05883848373725398,0.09633010478336779,-0.03749162104611381
rolling_14d,14d,uncapped,14,2025-09-23,2025-10-06,14,0.08521115782842803,0.10566202090591892,-0.02045086307749089
rolling_14d,14d,uncapped,14,2025-09-24,2025-10-07,14,0.07427558043053639,0.10024557095246456,-0.025969990521928166
rolling_14d,14d,uncapped,14,2025-09-25,2025-10-08,14,0.0825312505183875,0.10765277872824708,-0.025121528209859578
rolling_14d,14d,uncapped,14,2025-09-26,2025-10-09,14,0.09993994294800057,0.12471071767309416,-0.02477077472509359
rolling_14d,14d,uncapped,14,2025-09-27,2025-10-10,14,0.04995887282710121,0.08740332260369454,-0.037444449776593336
rolling_14d,14d,uncapped,14,2025-09-28,2025-10-11,14,0.03912555586107369,0.07917487380534305,-0.04004931794426936
rolling_14d,14d,uncapped,14,2025-09-29,2025-10-12,14,0.052129479100583076,0.08120766546621594,-0.029078186365632863
rolling_14d,14d,uncapped,14,2025-09-30,2025-10-13,14,0.043030529905569104,0.053285401419553624,-0.01025487151398452
rolling_14d,14d,uncapped,14,2025-10-01,2025-10-14,14,0.03719407274479192,0.04459920898125458,-0.007405136236462662
rolling_14d,14d,uncapped,14,2025-10-02,2025-10-15,14,-0.009025262726020666,0.0008308605341238451,-0.009856123260144511
rolling_14d,14d,uncapped,14,2025-10-03,2025-10-16,14,-0.04372308605837638,-0.03195202511185535,-0.011771060946521028
rolling_14d,14d,uncapped,14,2025-10-04,2025-10-17,14,-0.06881107687975252,-0.05676506020624117,-0.01204601667351135
rolling_14d,14d,uncapped,14,2025-10-05,2025-10-18,14,-0.0748834680776721,-0.06474692694969397,-0.010136541127978127
rolling_14d,14d,uncapped,14,2025-10-06,2025-10-19,14,-0.07794229697489341,-0.06867158859182654,-0.009270708383066872
rolling_14d,14d,uncapped,14,2025-10-07,2025-10-20,14,-0.07818637809519424,-0.06607128788646333,-0.012115090208730916
rolling_14d,14d,uncapped,14,2025-10-08,2025-10-21,14,-0.08049440297868227,-0.07133747081933917,-0.0091569321593431
rolling_14d,14d,uncapped,14,2025-10-09,2025-10-22,14,-0.09692479217557992,-0.08426054380121617,-0.012664248374363751
rolling_14d,14d,uncapped,14,2025-10-10,2025-10-23,14,-0.0859464227843143,-0.06842522473900148,-0.017521198045312825
rolling_14d,14d,uncapped,14,2025-10-11,2025-10-24,14,-0.04008540101766167,-0.03578947368421104,-0.004295927333450633
rolling_14d,14d,uncapped,14,2025-10-12,2025-10-25,14,-0.027578248949272632,-0.023839147377810344,-0.003739101571462289
rolling_14d,14d,uncapped,14,2025-10-13,2025-10-26,14,-0.03623586915152033,-0.024449315131538252,-0.011786554019982076
rolling_14d,14d,uncapped,14,2025-10-14,2025-10-27,14,-0.040918733548465425,-0.016278866594834573,-0.02463986695363085
rolling_14d,14d,uncapped,14,2025-10-15,2025-10-28,14,-0.03860760265666252,-0.011699688400259367,-0.026907914256403154
rolling_14d,14d,uncapped,14,2025-10-16,2025-10-29,14,-0.04329335379267529,-0.025343927893741847,-0.017949425898933447
rolling_14d,14d,uncapped,14,2025-10-17,2025-10-30,14,-0.03151819374734177,-0.006303690260138439,-0.025214503487203332
rolling_14d,14d,uncapped,14,2025-10-18,2025-10-31,14,-0.016386391681217582,0.004222709745227871,-0.020609101426445453
rolling_14d,14d,uncapped,14,2025-10-19,2025-11-01,14,-0.016251525714996995,0.0020713801257481457,-0.01832290584074514
rolling_14d,14d,uncapped,14,2025-10-20,2025-11-02,14,-0.025356051070764662,-0.005258561083012037,-0.020097489987752626
rolling_14d,14d,uncapped,14,2025-10-21,2025-11-03,14,-0.07900488967439667,-0.04485993697314172,-0.03414495270125495
rolling_14d,14d,uncapped,14,2025-10-22,2025-11-04,14,-0.09499797620268036,-0.061011275222102146,-0.03398670098057821
rolling_14d,14d,uncapped,14,2025-10-23,2025-11-05,14,-0.07588093137597418,-0.04317318956581806,-0.03270774181015612
rolling_14d,14d,uncapped,14,2025-10-24,2025-11-06,14,-0.09590535773686049,-0.08626932686388833,-0.009636030872972157
rolling_14d,14d,uncapped,14,2025-10-25,2025-11-07,14,-0.06675429505603736,-0.07133465222321322,0.004580357167175864
rolling_14d,14d,uncapped,14,2025-10-26,2025-11-08,14,-0.07683691146975913,-0.08288342451752839,0.006046513047769264
rolling_14d,14d,uncapped,14,2025-10-27,2025-11-09,14,-0.07793342556681981,-0.08390779518690661,0.005974369620086795
rolling_14d,14d,uncapped,14,2025-10-28,2025-11-10,14,-0.06510812245131481,-0.07060982830077123,0.0055017058494564175
rolling_14d,14d,uncapped,14,2025-10-29,2025-11-11,14,-0.06670410316670883,-0.08102320047590617,0.014319097309197337
rolling_14d,14d,uncapped,14,2025-10-30,2025-11-12,14,-0.05357267771410912,-0.0673192752759042,0.013746597561795082
rolling_14d,14d,uncapped,14,2025-10-31,2025-11-13,14,-0.0643604569702464,-0.07925336969888219,0.014892912728635799
rolling_14d,14d,uncapped,14,2025-11-01,2025-11-14,14,-0.11061400290723045,-0.12429258199963,0.013678579092399556
rolling_14d,14d,uncapped,14,2025-11-02,2025-11-15,14,-0.10686998738575804,-0.12032463810534089,0.01345465071958285
rolling_14d,14d,uncapped,14,2025-11-03,2025-11-16,14,-0.13127899319576808,-0.1443962757687144,0.01311728257294631
rolling_14d,14d,uncapped,14,2025-11-04,2025-11-17,14,-0.099350217919842,-0.13081329329531366,0.03146307537547166
rolling_14d,14d,uncapped,14,2025-11-05,2025-11-18,14,-0.06729715195232211,-0.10069213189683024,0.03339497994450813
rolling_14d,14d,uncapped,14,2025-11-06,2025-11-19,14,-0.08969628848644462,-0.12444712247278533,0.03475083398634071
rolling_14d,14d,uncapped,14,2025-11-07,2025-11-20,14,-0.12087984931255402,-0.1404888809632272,0.01960903165067318
rolling_14d,14d,uncapped,14,2025-11-08,2025-11-21,14,-0.16429277818512755,-0.1683001123602771,0.004007334175149535
rolling_14d,14d,uncapped,14,2025-11-09,2025-11-22,14,-0.15508133038481253,-0.1653096811411744,0.01022835075636186
rolling_14d,14d,uncapped,14,2025-11-10,2025-11-23,14,-0.14380282775168474,-0.1508078532346272,0.007005025482942462
rolling_14d,14d,uncapped,14,2025-11-11,2025-11-24,14,-0.14594186314479252,-0.15589842903920048,0.009956565894407965
rolling_14d,14d,uncapped,14,2025-11-12,2025-11-25,14,-0.13586635872074515,-0.1539163645779339,0.018050005857188745
rolling_14d,14d,uncapped,14,2025-11-13,2025-11-26,14,-0.11556304449681709,-0.11648325842623153,0.0009202139294144374
rolling_14d,14d,uncapped,14,2025-11-14,2025-11-27,14,-0.08188949291900671,-0.094227717535043,0.012338224616036286
rolling_14d,14d,uncapped,14,2025-11-15,2025-11-28,14,-0.04236093962874843,-0.052868211667415954,0.010507272038667526
rolling_14d,14d,uncapped,14,2025-11-16,2025-11-29,14,-0.026346145757709105,-0.057311198142302566,0.03096505238459346
rolling_14d,14d,uncapped,14,2025-11-17,2025-11-30,14,-0.01877732223728612,-0.03224657046142487,0.013469248224138752
rolling_14d,14d,uncapped,14,2025-11-18,2025-12-01,14,-0.059912226749241015,-0.062447379880965825,0.00253515313172481
rolling_14d,14d,uncapped,14,2025-11-19,2025-12-02,14,-0.017320077051257043,-0.01298927604207778,-0.004330801009179264
rolling_14d,14d,uncapped,14,2025-11-20,2025-12-03,14,0.007564089441085553,0.01684628225027396,-0.009282192809188405
rolling_14d,14d,uncapped,14,2025-11-21,2025-12-04,14,0.03795897628213796,0.05597221368414895,-0.018013237402010995
rolling_14d,14d,uncapped,14,2025-11-22,2025-12-05,14,0.03402895184439836,0.044043231086401846,-0.010014279242003488
rolling_14d,14d,uncapped,14,2025-11-23,2025-12-06,14,0.03541805576159551,0.04931397111374869,-0.013895915352153176
rolling_14d,14d,uncapped,14,2025-11-24,2025-12-07,14,0.0043088567739615335,0.02400660996649906,-0.019697753192537526
rolling_14d,14d,uncapped,14,2025-11-25,2025-12-08,14,-0.0024375989764700012,0.018852545621952155,-0.021290144598422156
rolling_14d,14d,uncapped,14,2025-11-26,2025-12-09,14,0.0028513131532335034,0.04907308937055643,-0.04622177621732293
rolling_14d,14d,uncapped,14,2025-11-27,2025-12-10,14,-0.022564784592269183,0.009265822037152649,-0.03183060662942183
rolling_14d,14d,uncapped,14,2025-11-28,2025-12-11,14,-0.04663338341233236,0.004095219324179888,-0.05072860273651225
rolling_14d,14d,uncapped,14,2025-11-29,2025-12-12,14,-0.05455985510540451,-0.010836628832625261,-0.04372322627277925
rolling_14d,14d,uncapped,14,2025-11-30,2025-12-13,14,-0.058220285156365126,-0.00922079163511269,-0.048999493521252435
rolling_14d,14d,uncapped,14,2025-12-01,2025-12-14,14,-0.06122347900497138,-0.029307805596468617,-0.031915673408502765
rolling_14d,14d,uncapped,14,2025-12-02,2025-12-15,14,-0.04414620374222733,-0.0005883445841360357,-0.043557859158091294
rolling_14d,14d,uncapped,14,2025-12-03,2025-12-16,14,-0.08214557450092452,-0.03985581874356603,-0.042289755757358494
rolling_14d,14d,uncapped,14,2025-12-04,2025-12-17,14,-0.10287872875535442,-0.07351194119044635,-0.02936678756490807
rolling_14d,14d,uncapped,14,2025-12-05,2025-12-18,14,-0.11212994364168616,-0.0741304031436496,-0.037999540498036555
rolling_14d,14d,uncapped,14,2025-12-06,2025-12-19,14,-0.06282618583034238,-0.018198001436094957,-0.04462818439424743
rolling_14d,14d,uncapped,14,2025-12-07,2025-12-20,14,-0.060690833746804285,-0.014939448827148483,-0.0457513849196558
rolling_14d,14d,uncapped,14,2025-12-08,2025-12-21,14,-0.06612268025925161,-0.022696148465084165,-0.043426531794167444
rolling_14d,14d,uncapped,14,2025-12-09,2025-12-22,14,-0.06144543641738087,-0.02156296296296001,-0.039882473454420864
rolling_14d,14d,uncapped,14,2025-12-10,2025-12-23,14,-0.07598063326454219,-0.04876856990745149,-0.0272120633570907
rolling_14d,14d,uncapped,14,2025-12-11,2025-12-24,14,-0.07955874746272495,-0.05473339234376284,-0.02482535511896211
rolling_14d,14d,uncapped,14,2025-12-12,2025-12-25,14,-0.07854389151210373,-0.06569247546346835,-0.012851416048635378
rolling_14d,14d,uncapped,14,2025-12-13,2025-12-26,14,-0.06625248244591797,-0.049465954606139895,-0.016786527839778076
rolling_14d,14d,uncapped,14,2025-12-14,2025-12-27,14,-0.07308887280832155,-0.04731971234127064,-0.02576916046705091
rolling_14d,14d,uncapped,14,2025-12-15,2025-12-28,14,-0.05057004138044985,-0.0294947655894372,-0.02107527579101265
rolling_14d,14d,uncapped,14,2025-12-16,2025-12-29,14,-0.016714953432405477,-0.015104570100692327,-0.00161038333171315
rolling_14d,14d,uncapped,14,2025-12-17,2025-12-30,14,-0.008349316789992733,-0.015483979712229923,0.007134662922237189
rolling_14d,14d,uncapped,14,2025-12-18,2025-12-31,14,-0.013135793043941413,-0.005043558000912829,-0.008092235043028584
rolling_14d,14d,uncapped,14,2025-12-19,2026-01-01,14,0.023707061913031957,0.012363144781625701,0.011343917131406256
rolling_14d,14d,uncapped,14,2025-12-20,2026-01-02,14,0.0072177622006399655,-0.00844106869414829,0.015658830894788256
rolling_14d,14d,uncapped,14,2025-12-21,2026-01-03,14,0.007490118356059838,-0.004027049616292078,0.011517167972351916
rolling_14d,14d,uncapped,14,2025-12-22,2026-01-04,14,0.023691321972394652,0.0035145391333326614,0.02017678283906199
rolling_14d,14d,uncapped,14,2025-12-23,2026-01-05,14,0.04464793463985983,0.03096397126179995,0.013683963378059882
rolling_14d,14d,uncapped,14,2025-12-24,2026-01-06,14,0.056485996355849055,0.04376293797439512,0.012723058381453933
rolling_14d,14d,uncapped,14,2025-12-25,2026-01-07,14,0.06484064457116778,0.02896677681729365,0.035873867753874134
rolling_14d,14d,uncapped,14,2025-12-26,2026-01-08,14,0.07255331177921853,0.03646295345254402,0.03609035832667451
rolling_14d,14d,uncapped,14,2025-12-27,2026-01-09,14,0.07317333969627637,0.04212998728063155,0.03104335241564482
rolling_14d,14d,uncapped,14,2025-12-28,2026-01-10,14,0.06757216242930464,0.0402284076125492,0.02734375481675544
rolling_14d,14d,uncapped,14,2025-12-29,2026-01-11,14,0.06012772062052463,0.04578995091142413,0.0143377697091005
rolling_14d,14d,uncapped,14,2025-12-30,2026-01-12,14,0.06716472259162387,0.05860007864726735,0.00856464394435652
rolling_14d,14d,uncapped,14,2025-12-31,2026-01-13,14,0.09046797148202601,0.08945455677387737,0.001013414708148641
rolling_14d,14d,uncapped,14,2026-01-01,2026-01-14,14,0.11151032470737565,0.10934937124111377,0.0021609534662618834
rolling_14d,14d,uncapped,14,2026-01-02,2026-01-15,14,0.07893681860408375,0.09392419607781899,-0.014987377473735242
rolling_14d,14d,uncapped,14,2026-01-03,2026-01-16,14,0.06610721776054418,0.08332372939956456,-0.017216511639020382
rolling_14d,14d,uncapped,14,2026-01-04,2026-01-17,14,0.05707590325220857,0.07186451022276508,-0.014788606970556506
rolling_14d,14d,uncapped,14,2026-01-05,2026-01-18,14,0.029879717618199964,0.04617056767833483,-0.016290850060134865
rolling_14d,14d,uncapped,14,2026-01-06,2026-01-19,14,-0.01211814043103232,0.006388650232415083,-0.018506790663447403
rolling_14d,14d,uncapped,14,2026-01-07,2026-01-20,14,-0.0485712429914007,-0.03151214209111175,-0.017059100900288948
rolling_14d,14d,uncapped,14,2026-01-08,2026-01-21,14,-0.04107519040515473,-0.003437123947048648,-0.03763806645810608
rolling_14d,14d,uncapped,14,2026-01-09,2026-01-22,14,-0.03993689397335087,-0.002282282282278447,-0.037654611691072426
rolling_14d,14d,uncapped,14,2026-01-10,2026-01-23,14,-0.04188232869629016,-0.011748408835640434,-0.030133919860649727
rolling_14d,14d,uncapped,14,2026-01-11,2026-01-24,14,-0.04470924422220257,-0.013802038477954248,-0.030907205744248323
rolling_14d,14d,uncapped,14,2026-01-12,2026-01-25,14,-0.056627235503614815,-0.03968906495253666,-0.016938170551078158
rolling_14d,14d,uncapped,14,2026-01-13,2026-01-26,14,-0.052604260276824966,-0.03754801227331106,-0.015056248003513906
rolling_14d,14d,uncapped,14,2026-01-14,2026-01-27,14,-0.08295760712579503,-0.07367353352952755,-0.009284073596267484
rolling_14d,14d,uncapped,14,2026-01-15,2026-01-28,14,-0.09743432500353677,-0.09117792015771187,-0.006256404845824903
rolling_14d,14d,uncapped,14,2026-01-16,2026-01-29,14,-0.11744027987664352,-0.11824362686651657,0.000803346989873055
rolling_14d,14d,uncapped,14,2026-01-17,2026-01-30,14,-0.12508669104725334,-0.11265957446808605,-0.012427116579167286
rolling_14d,14d,uncapped,14,2026-01-18,2026-01-31,14,-0.13255360815581563,-0.16288256227757558,0.030328954121759955
rolling_14d,14d,uncapped,14,2026-01-19,2026-02-01,14,-0.1596639206010907,-0.18132954315892358,0.021665622557832886
rolling_14d,14d,uncapped,14,2026-01-20,2026-02-02,14,-0.12790129271878847,-0.14678691562871304,0.01888562290992457
rolling_14d,14d,uncapped,14,2026-01-21,2026-02-03,14,-0.13061360527726185,-0.15126509313755254,0.020651487860290696
rolling_14d,14d,uncapped,14,2026-01-22,2026-02-04,14,-0.15656950878138698,-0.185301464872492,0.028731956091105015
rolling_14d,14d,uncapped,14,2026-01-23,2026-02-05,14,-0.27301885003588966,-0.2994070551408611,0.02638820510497142
rolling_14d,14d,uncapped,14,2026-01-24,2026-02-06,14,-0.1829465504642961,-0.20738591160848785,0.024439361144191762
rolling_14d,14d,uncapped,14,2026-01-25,2026-02-07,14,-0.19207482808947052,-0.2217210376040314,0.029646209514560873
rolling_14d,14d,uncapped,14,2026-01-26,2026-02-08,14,-0.1613440245026765,-0.18584215442091878,0.024498129918242295
rolling_14d,14d,uncapped,14,2026-01-27,2026-02-09,14,-0.17428061203761214,-0.20045234548078972,0.02617173344317758
rolling_14d,14d,uncapped,14,2026-01-28,2026-02-10,14,-0.18912779462678964,-0.21238105519655404,0.0232532605697644
rolling_14d,14d,uncapped,14,2026-01-29,2026-02-11,14,-0.1972109797860352,-0.2317787418655105,0.03456776207947532
rolling_14d,14d,uncapped,14,2026-01-30,2026-02-12,14,-0.16643891679817735,-0.2177506982284706,0.051311781430293246
rolling_14d,14d,uncapped,14,2026-01-31,2026-02-13,14,-0.12739780402358103,-0.19438916197098532,0.0669913579474043
rolling_14d,14d,uncapped,14,2026-02-01,2026-02-14,14,-0.08750817586422632,-0.1256217319219476,0.038113556057721265
rolling_14d,14d,uncapped,14,2026-02-02,2026-02-15,14,-0.05758147623648446,-0.10109190894589859,0.043510432709414126
rolling_14d,14d,uncapped,14,2026-02-03,2026-02-16,14,-0.07284874730410229,-0.12848493141312656,0.05563618410902427
rolling_14d,14d,uncapped,14,2026-02-04,2026-02-17,14,-0.06451250464345615,-0.10631434086359481,0.041801836220138666
rolling_14d,14d,uncapped,14,2026-02-05,2026-02-18,14,-0.05227487819360588,-0.0864196387216295,0.03414476052802362
rolling_14d,14d,uncapped,14,2026-02-06,2026-02-19,14,0.06988773058528408,0.06053315575795315,0.00935457482733093
rolling_14d,14d,uncapped,14,2026-02-07,2026-02-20,14,-0.04031305359391124,-0.043064716566293404,0.002751662972382163
rolling_14d,14d,uncapped,14,2026-02-08,2026-02-21,14,-0.031857618640853014,-0.024441408917939222,-0.007416209722913791
rolling_14d,14d,uncapped,14,2026-02-09,2026-02-22,14,-0.06002233193903961,-0.04852633289676345,-0.011495999042276162
rolling_14d,14d,uncapped,14,2026-02-10,2026-02-23,14,-0.08939215231326758,-0.07896388264029897,-0.010428269672968615
rolling_14d,14d,uncapped,14,2026-02-11,2026-02-24,14,-0.0869909503634797,-0.08124143332680522,-0.0057495170366744786
rolling_14d,14d,uncapped,14,2026-02-12,2026-02-25,14,-0.03788063305563072,-0.01408805792540846,-0.02379257513022226
rolling_14d,14d,uncapped,14,2026-02-13,2026-02-26,14,-0.033533323922931846,0.002983876776185612,-0.03651720069911746
rolling_14d,14d,uncapped,14,2026-02-14,2026-02-27,14,-0.0784498854676603,-0.045786455542982996,-0.0326634299246773
rolling_14d,14d,uncapped,14,2026-02-15,2026-02-28,14,-0.10163659965945782,-0.04990276157137097,-0.05173383808808685
rolling_14d,14d,uncapped,14,2026-02-16,2026-03-01,14,-0.09919962218756362,-0.05837254901960276,-0.04082707316796086
rolling_14d,14d,uncapped,14,2026-02-17,2026-03-02,14,-0.0722270790331958,-0.011333752011616571,-0.060893327021579235
rolling_14d,14d,uncapped,14,2026-02-18,2026-03-03,14,-0.04837596976829772,0.0028797984141120114,-0.05125576818240973
rolling_14d,14d,uncapped,14,2026-02-19,2026-03-04,14,-0.012467394948437183,0.06906237008345295,-0.08152976503189013
rolling_14d,14d,uncapped,14,2026-02-20,2026-03-05,14,0.012834971861417799,0.05198395819408397,-0.03914898633266617
rolling_14d,14d,uncapped,14,2026-02-21,2026-03-06,14,-0.014467979615388371,0.007092552819540687,-0.02156053243492906
rolling_14d,14d,uncapped,14,2026-02-22,2026-03-07,14,-0.01999534676960868,-0.005950892633896032,-0.014044454135712647
rolling_14d,14d,uncapped,14,2026-02-23,2026-03-08,14,-0.026677519053189158,-0.016889889175799477,-0.00978762987738968
rolling_14d,14d,uncapped,14,2026-02-24,2026-03-09,14,0.0333967223292535,0.05298742138364587,-0.01959069905439237
rolling_14d,14d,uncapped,14,2026-02-25,2026-03-10,14,0.06798649960379555,0.090844184906544,-0.022857685302748454
rolling_14d,14d,uncapped,14,2026-02-26,2026-03-11,14,0.03340504910124942,0.051736306449137404,-0.018331257347887986
rolling_14d,14d,uncapped,14,2026-02-27,2026-03-12,14,0.03787490603614918,0.05867930528626508,-0.0208043992501159
rolling_14d,14d,uncapped,14,2026-02-28,2026-03-13,14,0.055970643783575635,0.08529928570685552,-0.029328641923279886
rolling_14d,14d,uncapped,14,2026-03-01,2026-03-14,14,0.0713738832055466,0.07647275555737165,-0.005098872351825046
rolling_14d,14d,uncapped,14,2026-03-02,2026-03-15,14,0.10026452957040766,0.11509068571309133,-0.014826156142683677
rolling_14d,14d,uncapped,14,2026-03-03,2026-03-16,14,0.10027491487541695,0.090141236489232,0.010133678386184952
rolling_14d,14d,uncapped,14,2026-03-04,2026-03-17,14,0.10148491505883994,0.08786081060870488,0.013624104450135066
rolling_14d,14d,uncapped,14,2026-03-05,2026-03-18,14,0.034785361174611396,0.004315577813184479,0.030469783361426916
rolling_14d,14d,uncapped,14,2026-03-06,2026-03-19,14,0.02110373043556879,0.001963898916968576,0.019139831518600214
rolling_14d,14d,uncapped,14,2026-03-07,2026-03-20,14,0.051416049917238915,0.045479343351683355,0.005936706565555561
rolling_14d,14d,uncapped,14,2026-03-08,2026-03-21,14,0.04853733621068379,0.04228795653486439,0.0062493796758194
rolling_14d,14d,uncapped,14,2026-03-09,2026-03-22,14,0.04879771940413136,0.04359912515585718,0.00519859424827418
rolling_14d,14d,uncapped,14,2026-03-10,2026-03-23,14,0.0362921331635786,0.051465830471355334,-0.015173697307776735
rolling_14d,14d,uncapped,14,2026-03-11,2026-03-24,14,0.026394706410318713,0.027645627985580346,-0.001250921575261632
rolling_14d,14d,uncapped,14,2026-03-12,2026-03-25,14,0.035479762120360636,0.03582855975802701,-0.00034879763766637595
rolling_14d,14d,uncapped,14,2026-03-13,2026-03-26,14,-0.0022436272565222737,0.004864388220812588,-0.007108015477334861
rolling_14d,14d,uncapped,14,2026-03-14,2026-03-27,14,-0.021496293151146872,-0.03227537051052343,0.010779077359376554
rolling_14d,14d,uncapped,14,2026-03-15,2026-03-28,14,-0.044044598590274875,-0.04076820688343463,-0.0032763917068402426
rolling_14d,14d,uncapped,14,2026-03-16,2026-03-29,14,-0.06540024301198855,-0.0614752567693696,-0.003924986242618944
rolling_14d,14d,uncapped,14,2026-03-17,2026-03-30,14,-0.08588312978353208,-0.0760686484271833,-0.00981448135634877
rolling_30d,30d,uncapped,14,2025-03-01,2025-03-30,30,-0.013435007024260703,-0.010965176527292009,-0.0024698304969686946
rolling_30d,30d,uncapped,14,2025-03-02,2025-03-31,30,-0.07193746865833983,-0.03982852689009875,-0.032108941768241084
rolling_30d,30d,uncapped,14,2025-03-03,2025-04-01,30,-0.2753798638693724,-0.1133534937768601,-0.1620263700925123
rolling_30d,30d,uncapped,14,2025-03-04,2025-04-02,30,-0.2787828503898194,-0.05405384585756201,-0.22472900453225741
rolling_30d,30d,uncapped,14,2025-03-05,2025-04-03,30,-0.281842779241942,-0.053784401909462765,-0.22805837733247925
rolling_30d,30d,uncapped,14,2025-03-06,2025-04-04,30,-0.3115685373862187,-0.08797959636282293,-0.22358894102339577
rolling_30d,30d,uncapped,14,2025-03-07,2025-04-05,30,-0.3037788031890508,-0.07851329232654247,-0.22526551086250834
rolling_30d,30d,uncapped,14,2025-03-08,2025-04-06,30,-0.3232957284653799,-0.09211034695926867,-0.23118538150611123
rolling_30d,30d,uncapped,14,2025-03-09,2025-04-07,30,-0.3191057223187145,-0.08183755366141476,-0.23726816865729972
rolling_30d,30d,uncapped,14,2025-03-10,2025-04-08,30,-0.2955806795351994,-0.05391574220812689,-0.2416649373270725
rolling_30d,30d,uncapped,14,2025-03-11,2025-04-09,30,-0.2174206827411609,0.03165722920717795,-0.24907791194833884
rolling_30d,30d,uncapped,14,2025-03-12,2025-04-10,30,-0.27515502259149727,-0.044286513075253,-0.23086850951624427
rolling_30d,30d,uncapped,14,2025-03-13,2025-04-11,30,-0.2738136419661269,-0.019768135571349266,-0.25404550639477763
rolling_30d,30d,uncapped,14,2025-03-14,2025-04-12,30,-0.24195436752682753,0.029278117145766336,-0.27123248467259387
rolling_30d,30d,uncapped,14,2025-03-15,2025-04-13,30,-0.2691038223679716,-0.019354838709668143,-0.24974898365830345
rolling_30d,30d,uncapped,14,2025-03-16,2025-04-14,30,-0.2701107682805812,-0.009933054595537727,-0.2601777136850435
rolling_30d,30d,uncapped,14,2025-03-17,2025-04-15,30,-0.24609972796610213,0.0036753823384374495,-0.24977511030453958
rolling_30d,30d,uncapped,14,2025-03-18,2025-04-16,30,-0.240644191477846,-0.008482302757963467,-0.23216188871988253
rolling_30d,30d,uncapped,14,2025-03-19,2025-04-17,30,-0.24226557820966443,0.01258473667717852,-0.25485031488684295
rolling_30d,30d,uncapped,14,2025-03-20,2025-04-18,30,-0.26594319330940164,-0.04169540950708106,-0.22424778380232058
rolling_30d,30d,uncapped,14,2025-03-21,2025-04-19,30,-0.25845298358866053,-0.011372233400395282,-0.24708075018826525
rolling_30d,30d,uncapped,14,2025-03-22,2025-04-20,30,-0.26636743795682916,-0.01334939759035425,-0.2530180403664749
rolling_30d,30d,uncapped,14,2025-03-23,2025-04-21,30,-0.2526498210089898,0.01646604130601892,-0.2691158623150087
rolling_30d,30d,uncapped,14,2025-03-24,2025-04-22,30,-0.22486431724823353,0.056606597145652415,-0.28147091439388594
rolling_30d,30d,uncapped,14,2025-03-25,2025-04-23,30,-0.2329434082454478,0.0429669902912706,-0.2759103985367184
rolling_30d,30d,uncapped,14,2025-03-26,2025-04-24,30,-0.21922121819197216,0.04448667726797462,-0.2637078954599468
rolling_30d,30d,uncapped,14,2025-03-27,2025-04-25,30,-0.19876056561006006,0.06192439327941024,-0.2606849588894703
rolling_30d,30d,uncapped,14,2025-03-28,2025-04-26,30,-0.20465191799781401,0.0612121212121326,-0.2658640392099466
rolling_30d,30d,uncapped,14,2025-03-29,2025-04-27,30,-0.20636780472438132,0.07506900748542966,-0.281436812209811
rolling_30d,30d,uncapped,14,2025-03-30,2025-04-28,30,-0.18438006326668288,0.10917579166633784,-0.2935558549330207
rolling_30d,30d,uncapped,14,2025-03-31,2025-04-29,30,-0.183961880454233,0.10737491877843497,-0.291336799232668
rolling_30d,30d,uncapped,14,2025-04-01,2025-04-30,30,-0.1570786605283121,0.1048542901209617,-0.2619329506492738
rolling_30d,30d,uncapped,14,2025-04-02,2025-05-01,30,-0.009837592835667763,0.10034659445291783,-0.11018418728858559
rolling_30d,30d,uncapped,14,2025-04-03,2025-05-02,30,0.08890129483881992,0.1290900503265613,-0.04018875548774137
rolling_30d,30d,uncapped,14,2025-04-04,2025-05-03,30,0.08497129428940964,0.11489171871198511,-0.029920424422575476
rolling_30d,30d,uncapped,14,2025-04-05,2025-05-04,30,0.07910198040730099,0.09946583015182386,-0.020363849744522877
rolling_30d,30d,uncapped,14,2025-04-06,2025-05-05,30,0.06649172884725774,0.09405161646147264,-0.027559887614214906
rolling_30d,30d,uncapped,14,2025-04-07,2025-05-06,30,0.12908235636113252,0.16988679887650093,-0.04080444251536841
rolling_30d,30d,uncapped,14,2025-04-08,2025-05-07,30,0.13059297037149875,0.1672017008156832,-0.036608730444184445
rolling_30d,30d,uncapped,14,2025-04-09,2025-05-08,30,0.21151492784626447,0.26301692549293887,-0.0515019976466744
rolling_30d,30d,uncapped,14,2025-04-10,2025-05-09,30,0.11903941623175318,0.1826665130593641,-0.06362709682761092
rolling_30d,30d,uncapped,14,2025-04-11,2025-05-10,30,0.1797126975625034,0.2292768959435627,-0.0495641983810593
rolling_30d,30d,uncapped,14,2025-04-12,2025-05-11,30,0.17629429031372945,0.19649466221440104,-0.020200371900671588
rolling_30d,30d,uncapped,14,2025-04-13,2025-05-12,30,0.1597642702840143,0.17165011805038888,-0.01188584776637458
rolling_30d,30d,uncapped,14,2025-04-14,2025-05-13,30,0.18010923343446583,0.1994243421052626,-0.019315108670796777
rolling_30d,30d,uncapped,14,2025-04-15,2025-05-14,30,0.16960731690542197,0.18623574020732936,-0.01662842330190739
rolling_30d,30d,uncapped,14,2025-04-16,2025-05-15,30,0.1313979880766103,0.1966051430771678,-0.06520715500055752
rolling_30d,30d,uncapped,14,2025-04-17,2025-05-16,30,0.12842181595624202,0.20300159274889085,-0.07457977679264882
rolling_30d,30d,uncapped,14,2025-04-18,2025-05-17,30,0.13001027877894833,0.19425983841543037,-0.06424955963648205
rolling_30d,30d,uncapped,14,2025-04-19,2025-05-18,30,0.16175937208101976,0.23183011721977853,-0.07007074513875877
rolling_30d,30d,uncapped,14,2025-04-20,2025-05-19,30,0.14319040842174835,0.20953784283236931,-0.06634743441062096
rolling_30d,30d,uncapped,14,2025-04-21,2025-05-20,30,0.16082427628153084,0.2241325974047108,-0.06330832112317997
rolling_30d,30d,uncapped,14,2025-04-22,2025-05-21,30,0.1491266340358366,0.20775506970848978,-0.05862843567265319
rolling_30d,30d,uncapped,14,2025-04-23,2025-05-22,30,0.12096656906381975,0.15443045523328092,-0.033463886169461166
rolling_30d,30d,uncapped,14,2025-04-24,2025-05-23,30,0.08003691815786906,0.11570426416049506,-0.035667346002626
rolling_30d,30d,uncapped,14,2025-04-25,2025-05-24,30,0.061072002329536135,0.11793538804307158,-0.05686338571353544
rolling_30d,30d,uncapped,14,2025-04-26,2025-05-25,30,0.047560181575703186,0.11585763362412549,-0.0682974520484223
rolling_30d,30d,uncapped,14,2025-04-27,2025-05-26,30,0.05263688552638679,0.11491601868528911,-0.06227913315890232
rolling_30d,30d,uncapped,14,2025-04-28,2025-05-27,30,0.06324999154182254,0.11909166247372793,-0.055841670931905396
rolling_30d,30d,uncapped,14,2025-04-29,2025-05-28,30,0.04223525911062187,0.09845888534077463,-0.05622362623015276
rolling_30d,30d,uncapped,14,2025-04-30,2025-05-29,30,0.0246532773110113,0.08088602024350755,-0.05623274293249625
rolling_30d,30d,uncapped,14,2025-05-01,2025-05-30,30,0.014540417361452507,0.0814947063707181,-0.06695428900926559
rolling_30d,30d,uncapped,14,2025-05-02,2025-05-31,30,0.004243000925635787,0.06130400154981808,-0.05706100062418229
rolling_30d,30d,uncapped,14,2025-05-03,2025-06-01,30,0.009196970798150295,0.07539848539487459,-0.0662015145967243
rolling_30d,30d,uncapped,14,2025-05-04,2025-06-02,30,0.034941662923148264,0.07722527372593846,-0.042283610802790195
rolling_30d,30d,uncapped,14,2025-05-05,2025-06-03,30,0.03621396523603848,0.08562370982010625,-0.04940974458406777
rolling_30d,30d,uncapped,14,2025-05-06,2025-06-04,30,0.031828439197033376,0.07655867744087042,-0.04473023824383704
rolling_30d,30d,uncapped,14,2025-05-07,2025-06-05,30,-0.0019597639965525104,0.03067297198981067,-0.03263273598636318
rolling_30d,30d,uncapped,14,2025-05-08,2025-06-06,30,0.017389275924831304,0.05393284518979824,-0.036543569264966935
rolling_30d,30d,uncapped,14,2025-05-09,2025-06-07,30,-0.023713601939468476,0.012309435161321103,-0.03602303710078958
rolling_30d,30d,uncapped,14,2025-05-10,2025-06-08,30,-0.030370524055749692,0.013762872251594338,-0.04413339630734403
rolling_30d,30d,uncapped,14,2025-05-11,2025-06-09,30,-0.015289183502233739,0.038102858404143625,-0.05339204190637736
rolling_30d,30d,uncapped,14,2025-05-12,2025-06-10,30,-0.013461324822385379,0.03551076802517872,-0.0489720928475641
rolling_30d,30d,uncapped,14,2025-05-13,2025-06-11,30,-0.02196957443046943,0.032697284427724904,-0.054666858858194334
rolling_30d,30d,uncapped,14,2025-05-14,2025-06-12,30,-0.05503389993446217,-0.0023380185121750774,-0.052695881422287094
rolling_30d,30d,uncapped,14,2025-05-15,2025-06-13,30,-0.04281233169672927,0.009774601127672033,-0.0525869328244013
rolling_30d,30d,uncapped,14,2025-05-16,2025-06-14,30,-0.03219757109714716,0.0023071762080120184,-0.03450474730515918
rolling_30d,30d,uncapped,14,2025-05-17,2025-06-15,30,-0.04341726984913641,-0.004217623935361403,-0.039199645913775005
rolling_30d,30d,uncapped,14,2025-05-18,2025-06-16,30,-0.033488103537007374,-0.0003068823481349181,-0.033181221188872456
rolling_30d,30d,uncapped,14,2025-05-19,2025-06-17,30,-0.05972581188610704,-0.03395975828408804,-0.025766053602019
rolling_30d,30d,uncapped,14,2025-05-20,2025-06-18,30,-0.044354590712256226,-0.021208001292271184,-0.023146589419985042
rolling_30d,30d,uncapped,14,2025-05-21,2025-06-19,30,-0.050747155271865574,-0.03585156613686691,-0.014895589134998666
rolling_30d,30d,uncapped,14,2025-05-22,2025-06-20,30,-0.06317115791219219,-0.055539887319882686,-0.0076312705923095026
rolling_30d,30d,uncapped,14,2025-05-23,2025-06-21,30,-0.09344488995065725,-0.07696877340703456,-0.016476116543622688
rolling_30d,30d,uncapped,14,2025-05-24,2025-06-22,30,-0.08207248095321484,-0.05959190756846944,-0.022480573384745406
rolling_30d,30d,uncapped,14,2025-05-25,2025-06-23,30,-0.049868998585411606,-0.028944396465822808,-0.020924602119588798
rolling_30d,30d,uncapped,14,2025-05-26,2025-06-24,30,-0.059842953353867356,-0.044033661988474915,-0.01580929136539244
rolling_30d,30d,uncapped,14,2025-05-27,2025-06-25,30,-0.04272074324236186,-0.03194919650890582,-0.010771546733456039
rolling_30d,30d,uncapped,14,2025-05-28,2025-06-26,30,-0.051394609286597115,-0.02937656618819129,-0.022018043098405826
rolling_30d,30d,uncapped,14,2025-05-29,2025-06-27,30,-0.04530149499616021,-0.02247826347265769,-0.02282323152350252
rolling_30d,30d,uncapped,14,2025-05-30,2025-06-28,30,-0.02603585018857646,-0.0013164323326653182,-0.02471941785591114
rolling_30d,30d,uncapped,14,2025-05-31,2025-06-29,30,-0.009338493798130676,0.005631831737981097,-0.014970325536111773
rolling_30d,30d,uncapped,14,2025-06-01,2025-06-30,30,-0.027555401780722133,-0.015502146503063918,-0.012053255277658215
rolling_30d,30d,uncapped,14,2025-06-02,2025-07-01,30,-0.03244536725736158,-0.026927513681727855,-0.005517853575633724
rolling_30d,30d,uncapped,14,2025-06-03,2025-07-02,30,0.026374474524536673,-0.00409265887755772,0.030467133402094393
rolling_30d,30d,uncapped,14,2025-06-04,2025-07-03,30,0.04227975496446912,0.011008189930325152,0.03127156503414397
rolling_30d,30d,uncapped,14,2025-06-05,2025-07-04,30,0.030955545893612157,0.017766514939708822,0.013189030953903336
rolling_30d,30d,uncapped,14,2025-06-06,2025-07-05,30,0.06601162922074844,0.04613668770205703,0.019874941518691402
rolling_30d,30d,uncapped,14,2025-06-07,2025-07-06,30,0.04499182413995095,0.021551575743803175,0.023440248396147778
rolling_30d,30d,uncapped,14,2025-06-08,2025-07-07,30,0.03219255038352631,0.010583490846061805,0.021609059537464503
rolling_30d,30d,uncapped,14,2025-06-09,2025-07-08,30,0.03936880205048521,0.01788631278397701,0.021482489266508198
rolling_30d,30d,uncapped,14,2025-06-10,2025-07-09,30,0.02625713838175714,0.002930232558140844,0.023326905823616295
rolling_30d,30d,uncapped,14,2025-06-11,2025-07-10,30,0.05776312712757026,0.0391455294968901,0.01861759763068016
rolling_30d,30d,uncapped,14,2025-06-12,2025-07-11,30,0.07678162964831348,0.05720280935292643,0.019578820295387045
rolling_30d,30d,uncapped,14,2025-06-13,2025-07-12,30,0.12807391290205894,0.09780151055948494,0.030272402342574
rolling_30d,30d,uncapped,14,2025-06-14,2025-07-13,30,0.13181357331375576,0.09820597645556339,0.03360759685819237
rolling_30d,30d,uncapped,14,2025-06-15,2025-07-14,30,0.15000733763110174,0.11917105523793614,0.030836282393165604
rolling_30d,30d,uncapped,14,2025-06-16,2025-07-15,30,0.1401666728608395,0.1021931327530643,0.037973540107775205
rolling_30d,30d,uncapped,14,2025-06-17,2025-07-16,30,0.1383147946442873,0.09965823277009012,0.03865656187419719
rolling_30d,30d,uncapped,14,2025-06-18,2025-07-17,30,0.15756581390161095,0.11608100305205094,0.041484810849560017
rolling_30d,30d,uncapped,14,2025-06-19,2025-07-18,30,0.150862799188634,0.10800756403644685,0.04285523515218714
rolling_30d,30d,uncapped,14,2025-06-20,2025-07-19,30,0.15071064178362725,0.11351299153670658,0.03719765024692068
rolling_30d,30d,uncapped,14,2025-06-21,2025-07-20,30,0.16694337997246378,0.11063965721984514,0.056303722752618635
rolling_30d,30d,uncapped,14,2025-06-22,2025-07-21,30,0.19380153001375477,0.11971486134818865,0.07408666866556612
rolling_30d,30d,uncapped,14,2025-06-23,2025-07-22,30,0.24890934474244908,0.15360101071041,0.09530833403203909
rolling_30d,30d,uncapped,14,2025-06-24,2025-07-23,30,0.18878697882376794,0.1082689689614349,0.08051800986233304
rolling_30d,30d,uncapped,14,2025-06-25,2025-07-24,30,0.17373008310101956,0.10587790977134004,0.06785217332967952
rolling_30d,30d,uncapped,14,2025-06-26,2025-07-25,30,0.13602937337074517,0.08677955063497711,0.049249822735768056
rolling_30d,30d,uncapped,14,2025-06-27,2025-07-26,30,0.162720887884106,0.09643732970027896,0.06628355818382703
rolling_30d,30d,uncapped,14,2025-06-28,2025-07-27,30,0.1761197131164527,0.10644871515680032,0.06967099795965237
rolling_30d,30d,uncapped,14,2025-06-29,2025-07-28,30,0.16878640958587354,0.1040197317460978,0.06476667783977574
rolling_30d,30d,uncapped,14,2025-06-30,2025-07-29,30,0.15610350316678434,0.10289945145513402,0.053204051711650324
rolling_30d,30d,uncapped,14,2025-07-01,2025-07-30,30,0.1724550225465118,0.12016728241612085,0.05228774013039095
rolling_30d,30d,uncapped,14,2025-07-02,2025-07-31,30,0.15907815001057224,0.11044255594842012,0.04863559406215212
rolling_30d,30d,uncapped,14,2025-07-03,2025-08-01,30,0.04280308346565609,0.07165138610101773,-0.028848302635361645
rolling_30d,30d,uncapped,14,2025-07-04,2025-08-02,30,0.036815401004659076,0.05724265323257649,-0.020427252227917414
rolling_30d,30d,uncapped,14,2025-07-05,2025-08-03,30,0.08546047769513909,0.0846228272563061,0.0008376504388329931
rolling_30d,30d,uncapped,14,2025-07-06,2025-08-04,30,0.08832838162329582,0.08196920419427878,0.006359177429017038
rolling_30d,30d,uncapped,14,2025-07-07,2025-08-05,30,0.08368936496134527,0.07844947864360075,0.005239886317744524
rolling_30d,30d,uncapped,14,2025-07-08,2025-08-06,30,0.08523211235810368,0.08035111411209206,0.004880998246011625
rolling_30d,30d,uncapped,14,2025-07-09,2025-08-07,30,0.0996144641309793,0.09152821232064201,0.008086251810337286
rolling_30d,30d,uncapped,14,2025-07-10,2025-08-08,30,0.07019773851867228,0.060063203503356144,0.010134535015316137
rolling_30d,30d,uncapped,14,2025-07-11,2025-08-09,30,0.035519362227305784,0.02300370512329364,0.012515657104012146
rolling_30d,30d,uncapped,14,2025-07-12,2025-08-10,30,0.045572396785332536,0.035757855413617756,0.00981454137171478
rolling_30d,30d,uncapped,14,2025-07-13,2025-08-11,30,0.025979317163541182,0.02851508701640615,-0.0025357698528649664
rolling_30d,30d,uncapped,14,2025-07-14,2025-08-12,30,0.018043990174089197,0.01652769874063198,0.0015162914334572175
rolling_30d,30d,uncapped,14,2025-07-15,2025-08-13,30,0.02810779135875041,0.026072627403116888,0.0020351639556335233
rolling_30d,30d,uncapped,14,2025-07-16,2025-08-14,30,0.021819783755438582,0.02342977596210094,-0.0016099922066623584
rolling_30d,30d,uncapped,14,2025-07-17,2025-08-15,30,0.016595308734280945,0.016172456575686223,0.00042285215859472203
rolling_30d,30d,uncapped,14,2025-07-18,2025-08-16,30,0.003872739690808258,0.00426821381719189,-0.00039547412638363255
rolling_30d,30d,uncapped,14,2025-07-19,2025-08-17,30,0.008474122645774074,0.012641809199913645,-0.004167686554139571
rolling_30d,30d,uncapped,14,2025-07-20,2025-08-18,30,-0.006770694918214359,0.00047696920142037413,-0.0072476641196347336
rolling_30d,30d,uncapped,14,2025-07-21,2025-08-19,30,-0.03576268095552604,-0.016619667231491775,-0.019143013724034263
rolling_30d,30d,uncapped,14,2025-07-22,2025-08-20,30,-0.03383706237253237,-0.005060570657434038,-0.02877649171509833
rolling_30d,30d,uncapped,14,2025-07-23,2025-08-21,30,-0.06558029256316433,-0.029114266729006855,-0.03646602583415748
rolling_30d,30d,uncapped,14,2025-07-24,2025-08-22,30,-0.03548937795626905,-0.005222254458351561,-0.030267123497917492
rolling_30d,30d,uncapped,14,2025-07-25,2025-08-23,30,-0.03075552054069719,-0.008283193313830317,-0.022472327226866873
rolling_30d,30d,uncapped,14,2025-07-26,2025-08-24,30,-0.026741353679853086,-0.01622347066166885,-0.010517883018184238
rolling_30d,30d,uncapped,14,2025-07-27,2025-08-25,30,-0.04530449376562906,-0.03188429207800236,-0.013420201687626698
rolling_30d,30d,uncapped,14,2025-07-28,2025-08-26,30,-0.05031541056367661,-0.0364299509182755,-0.01388545964540111
rolling_30d,30d,uncapped,14,2025-07-29,2025-08-27,30,-0.05429895344087332,-0.042305964316259215,-0.011992989124614106
rolling_30d,30d,uncapped,14,2025-07-30,2025-08-28,30,-0.04317763329933244,-0.04033443586915486,-0.0028431974301775798
rolling_30d,30d,uncapped,14,2025-07-31,2025-08-29,30,-0.069383332225467,-0.06756334254938623,-0.0018199896760807688
rolling_30d,30d,uncapped,14,2025-08-01,2025-08-30,30,-0.06053451084272321,-0.05804621600987159,-0.002488294832851623
rolling_30d,30d,uncapped,14,2025-08-02,2025-08-31,30,-0.04061998050680593,-0.0457318230715591,0.005111842564753166
rolling_30d,30d,uncapped,14,2025-08-03,2025-09-01,30,-0.03132413776852849,-0.031144176826737646,-0.00017996094179084654
rolling_30d,30d,uncapped,14,2025-08-04,2025-09-02,30,-0.033182622809739715,-0.03311208703462476,-7.05357751149549e-05
rolling_30d,30d,uncapped,14,2025-08-05,2025-09-03,30,-0.03704171800247902,-0.033913314624251734,-0.0031284033782272846
rolling_30d,30d,uncapped,14,2025-08-06,2025-09-04,30,-0.03410347359055088,-0.028274646566913253,-0.005828827023637628
rolling_30d,30d,uncapped,14,2025-08-07,2025-09-05,30,-0.03366889814987639,-0.03148124999999491,-0.0021876481498814826
rolling_30d,30d,uncapped,14,2025-08-08,2025-09-06,30,-0.05206148494411733,-0.046658594744183546,-0.005402890199933785
rolling_30d,30d,uncapped,14,2025-08-09,2025-09-07,30,-0.038240571629399533,-0.031186135606557475,-0.007054436022842059
rolling_30d,30d,uncapped,14,2025-08-10,2025-09-08,30,-0.03347743750037058,-0.025427591934600202,-0.008049845565770375
rolling_30d,30d,uncapped,14,2025-08-11,2025-09-09,30,-0.055678671832360194,-0.05162333699499211,-0.004055334837368085
rolling_30d,30d,uncapped,14,2025-08-12,2025-09-10,30,-0.03841164926163543,-0.03420676222647612,-0.00420488703515931
rolling_30d,30d,uncapped,14,2025-08-13,2025-09-11,30,-0.03026803600644068,-0.02281854691492624,-0.0074494890915144385
rolling_30d,30d,uncapped,14,2025-08-14,2025-09-12,30,-0.048248391905882704,-0.04195762600967956,-0.006290765896203143
rolling_30d,30d,uncapped,14,2025-08-15,2025-09-13,30,-0.028203653376976945,-0.02423612756623872,-0.003967525810738226
rolling_30d,30d,uncapped,14,2025-08-16,2025-09-14,30,-0.02748072603551721,-0.02165353128986902,-0.00582719474564819
rolling_30d,30d,uncapped,14,2025-08-17,2025-09-15,30,-0.031655777247876715,-0.014921254047687404,-0.01673452320018931
rolling_30d,30d,uncapped,14,2025-08-18,2025-09-16,30,-0.023573733047164813,-0.005338023766764288,-0.018235709280400525
rolling_30d,30d,uncapped,14,2025-08-19,2025-09-17,30,-0.014683691917961594,-0.0005758050435550333,-0.014107886874406561
rolling_30d,30d,uncapped,14,2025-08-20,2025-09-18,30,0.01784997066128957,0.033120751813727534,-0.015270781152437962
rolling_30d,30d,uncapped,14,2025-08-21,2025-09-19,30,-0.0008131428979325506,0.018222805508284035,-0.019035948406216585
rolling_30d,30d,uncapped,14,2025-08-22,2025-09-20,30,0.010611663219611378,0.027705956907475793,-0.017094293687864415
rolling_30d,30d,uncapped,14,2025-08-23,2025-09-21,30,-0.017176084148195603,0.002004306466523831,-0.019180390614719434
rolling_30d,30d,uncapped,14,2025-08-24,2025-09-22,30,-0.027738727157271326,0.006292458441597981,-0.03403118559886931
rolling_30d,30d,uncapped,14,2025-08-25,2025-09-23,30,-0.019681643612355026,0.012861593517805137,-0.03254323713016016
rolling_30d,30d,uncapped,14,2025-08-26,2025-09-24,30,-0.003909344233205547,0.031535376223322586,-0.035444720456528134
rolling_30d,30d,uncapped,14,2025-08-27,2025-09-25,30,-0.023858903420547195,0.009491711508133882,-0.03335061492868108
rolling_30d,30d,uncapped,14,2025-08-28,2025-09-26,30,-0.019444546136160312,0.0161944360544648,-0.03563898219062511
rolling_30d,30d,uncapped,14,2025-08-29,2025-09-27,30,-0.027369003229328226,0.007761289293119811,-0.03513029252244804
rolling_30d,30d,uncapped,14,2025-08-30,2025-09-28,30,0.0166545924542556,0.05702169625246101,-0.040367103798205406
rolling_30d,30d,uncapped,14,2025-08-31,2025-09-29,30,0.027826610033090837,0.07411653850461497,-0.04628992847152413
rolling_30d,30d,uncapped,14,2025-09-01,2025-09-30,30,0.03216984772930509,0.07973979297493305,-0.047569945245627965
rolling_30d,30d,uncapped,14,2025-09-02,2025-10-01,30,0.06255555209474828,0.1049542607954288,-0.04239870870068052
rolling_30d,30d,uncapped,14,2025-09-03,2025-10-02,30,0.05864628486030732,0.10168004335595149,-0.04303375849564417
rolling_30d,30d,uncapped,14,2025-09-04,2025-10-03,30,0.07378002025557984,0.1199067857880538,-0.04612676553247397
rolling_30d,30d,uncapped,14,2025-09-05,2025-10-04,30,0.07888591783914434,0.12549042308236058,-0.04660450524321624
rolling_30d,30d,uncapped,14,2025-09-06,2025-10-05,30,0.08923246488285774,0.14240818776094333,-0.053175722878085585
rolling_30d,30d,uncapped,14,2025-09-07,2025-10-06,30,0.09955905603240223,0.1514790215454349,-0.051919965513032684
rolling_30d,30d,uncapped,14,2025-09-08,2025-10-07,30,0.07836966829516245,0.13297251269215038,-0.054602844396987926
rolling_30d,30d,uncapped,14,2025-09-09,2025-10-08,30,0.08414572147481891,0.14079669889599522,-0.05665097742117631
rolling_30d,30d,uncapped,14,2025-09-10,2025-10-09,30,0.08963399678634931,0.14460653406348478,-0.05497253727713547
rolling_30d,30d,uncapped,14,2025-09-11,2025-10-10,30,0.018382456537237912,0.08366157239640026,-0.06527911585916235
rolling_30d,30d,uncapped,14,2025-09-12,2025-10-11,30,-0.003432471095780154,0.06103742449716232,-0.06446989559294247
rolling_30d,30d,uncapped,14,2025-09-13,2025-10-12,30,0.019566252849752885,0.07922740705788534,-0.05966115420813245
rolling_30d,30d,uncapped,14,2025-09-14,2025-10-13,30,0.01801018718001468,0.06908468244084354,-0.051074495260828856
rolling_30d,30d,uncapped,14,2025-09-15,2025-10-14,30,0.011781140149884628,0.06133782603269311,-0.04955668588280848
rolling_30d,30d,uncapped,14,2025-09-16,2025-10-15,30,0.007636479725845247,0.049911905517886046,-0.0422754257920408
rolling_30d,30d,uncapped,14,2025-09-17,2025-10-16,30,-0.02288459958828304,0.01849683914773581,-0.04138143873601885
rolling_30d,30d,uncapped,14,2025-09-18,2025-10-17,30,-0.0333090535907381,0.013746747614915122,-0.047055801205653225
rolling_30d,30d,uncapped,14,2025-09-19,2025-10-18,30,-0.040704825644593545,0.007243879322011093,-0.04794870496660464
rolling_30d,30d,uncapped,14,2025-09-20,2025-10-19,30,-0.02840300680580221,0.01678044809531687,-0.04518345490111908
rolling_30d,30d,uncapped,14,2025-09-21,2025-10-20,30,-0.025567271971542516,0.02336408257898559,-0.048931354550528106
rolling_30d,30d,uncapped,14,2025-09-22,2025-10-21,30,-0.0365005441477112,0.01006341499665031,-0.04656395914436151
rolling_30d,30d,uncapped,14,2025-09-23,2025-10-22,30,-0.022453799771760763,0.014441264310599333,-0.036895064082360096
rolling_30d,30d,uncapped,14,2025-09-24,2025-10-23,30,-0.003978269052737682,0.038050968501762705,-0.04202923755450039
rolling_30d,30d,uncapped,14,2025-09-25,2025-10-24,30,-0.00899559637496783,0.03146093978436837,-0.0404565361593362
rolling_30d,30d,uncapped,14,2025-09-26,2025-10-25,30,0.006418994854709537,0.051723047739488104,-0.04530405288477857
rolling_30d,30d,uncapped,14,2025-09-27,2025-10-26,30,0.02751390154181932,0.07240923549759914,-0.044895333955779826
rolling_30d,30d,uncapped,14,2025-09-28,2025-10-27,30,0.023313120059194947,0.06972531683249517,-0.04641219677330022
rolling_30d,30d,uncapped,14,2025-09-29,2025-10-28,30,0.003118621986696102,0.04557357267700124,-0.04245495069030514
rolling_30d,30d,uncapped,14,2025-09-30,2025-10-29,30,-0.021960847927703253,0.008324693728562593,-0.030285541656265846
rolling_30d,30d,uncapped,14,2025-10-01,2025-10-30,30,-0.030032078725964362,0.008782273319079659,-0.03881435204504402
rolling_30d,30d,uncapped,14,2025-10-02,2025-10-31,30,-0.05873956140919134,-0.02474777448071752,-0.03399178692847382
rolling_30d,30d,uncapped,14,2025-10-03,2025-11-01,30,-0.07220065559120104,-0.03957694019536917,-0.032623715395831865
rolling_30d,30d,uncapped,14,2025-10-04,2025-11-02,30,-0.08830486431709195,-0.05464386380536057,-0.033661000511731376
rolling_30d,30d,uncapped,14,2025-10-05,2025-11-03,30,-0.13905393729983628,-0.09413734577601929,-0.044916591523816995
rolling_30d,30d,uncapped,14,2025-10-06,2025-11-04,30,-0.17648539331867297,-0.13489727787788663,-0.04158811544078633
rolling_30d,30d,uncapped,14,2025-10-07,2025-11-05,30,-0.1675637708152845,-0.12211455132750548,-0.045449219487779025
rolling_30d,30d,uncapped,14,2025-10-08,2025-11-06,30,-0.16176265482439234,-0.13792062859420662,-0.02384202623018572
rolling_30d,30d,uncapped,14,2025-10-09,2025-11-07,30,-0.14565921046553199,-0.1352145268277889,-0.01044468363774309
rolling_30d,30d,uncapped,14,2025-10-10,2025-11-08,30,-0.1553276398386989,-0.14239935234690082,-0.012928287491798085
rolling_30d,30d,uncapped,14,2025-10-11,2025-11-09,30,-0.09764444313319931,-0.09653969177086541,-0.0011047513623339
rolling_30d,30d,uncapped,14,2025-10-12,2025-11-10,30,-0.0793344281292524,-0.07874782853655238,-0.0005865995927000212
rolling_30d,30d,uncapped,14,2025-10-13,2025-11-11,30,-0.11017939090769657,-0.11131054081885206,0.0011311499111554824
rolling_30d,30d,uncapped,14,2025-10-14,2025-11-12,30,-0.1125446962033313,-0.10713183261015158,-0.0054128635931797175
rolling_30d,30d,uncapped,14,2025-10-15,2025-11-13,30,-0.12500431070467122,-0.11082368158033695,-0.014180629124334265
rolling_30d,30d,uncapped,14,2025-10-16,2025-11-14,30,-0.15523189218433653,-0.14667338709677324,-0.008558505087563284
rolling_30d,30d,uncapped,14,2025-10-17,2025-11-15,30,-0.13346706576887912,-0.1272534785238968,-0.006213587244982333
rolling_30d,30d,uncapped,14,2025-10-18,2025-11-16,30,-0.1494650585886511,-0.1424721490598202,-0.006992909528830915
rolling_30d,30d,uncapped,14,2025-10-19,2025-11-17,30,-0.16182355736047327,-0.15812757013057532,-0.0036959872298979457
rolling_30d,30d,uncapped,14,2025-10-20,2025-11-18,30,-0.16697792715081028,-0.16464087727598098,-0.0023370498748293
rolling_30d,30d,uncapped,14,2025-10-21,2025-11-19,30,-0.17795770097282348,-0.1769873645012957,-0.0009703364715277774
rolling_30d,30d,uncapped,14,2025-10-22,2025-11-20,30,-0.19857873232114753,-0.20211402750442542,0.0035352951832778867
rolling_30d,30d,uncapped,14,2025-10-23,2025-11-21,30,-0.20939168574342104,-0.2145779282511735,0.005186242507752459
rolling_30d,30d,uncapped,14,2025-10-24,2025-11-22,30,-0.2192148637696295,-0.23159044549854124,0.012375581728911733
rolling_30d,30d,uncapped,14,2025-10-25,2025-11-23,30,-0.19514269605756496,-0.20431132234794291,0.009168626290377957
rolling_30d,30d,uncapped,14,2025-10-26,2025-11-24,30,-0.19139825684787004,-0.20337882522695716,0.01198056837908712
rolling_30d,30d,uncapped,14,2025-10-27,2025-11-25,30,-0.20216586360885824,-0.2292500840316266,0.027084220422768368
rolling_30d,30d,uncapped,14,2025-10-28,2025-11-26,30,-0.18161443196665605,-0.19808170515097456,0.01646727318431851
rolling_30d,30d,uncapped,14,2025-10-29,2025-11-27,30,-0.16439662076324557,-0.18507436049969916,0.020677739736453593
rolling_30d,30d,uncapped,14,2025-10-30,2025-11-28,30,-0.15440857424034216,-0.17077132740347079,0.01636275316312863
rolling_30d,30d,uncapped,14,2025-10-31,2025-11-29,30,-0.12883946214069997,-0.1720525027700247,0.04321304062932474
rolling_30d,30d,uncapped,14,2025-11-01,2025-11-30,30,-0.15153250658166928,-0.1736140692508905,0.022081562669221233
rolling_30d,30d,uncapped,14,2025-11-02,2025-12-01,30,-0.19902348400089642,-0.2123318577055765,0.013308373704680077
rolling_30d,30d,uncapped,14,2025-11-03,2025-12-02,30,-0.16010963053598326,-0.17113293944770036,0.0110233089117171
rolling_30d,30d,uncapped,14,2025-11-04,2025-12-03,30,-0.10068979605271189,-0.12381715410431404,0.023127358051602154
rolling_30d,30d,uncapped,14,2025-11-05,2025-12-04,30,-0.08083918411549185,-0.10270976167155588,0.02187057755606403
rolling_30d,30d,uncapped,14,2025-11-06,2025-12-05,30,-0.1153608725686851,-0.14298534634170645,0.027624473773021352
rolling_30d,30d,uncapped,14,2025-11-07,2025-12-06,30,-0.10580265612512685,-0.11757052183848171,0.011767865713354864
rolling_30d,30d,uncapped,14,2025-11-08,2025-12-07,30,-0.13385583827879932,-0.12262208626411253,-0.011233752014686793
rolling_30d,30d,uncapped,14,2025-11-09,2025-12-08,30,-0.12623164163237988,-0.11500943989930434,-0.011222201733075532
rolling_30d,30d,uncapped,14,2025-11-10,2025-12-09,30,-0.1322654637489905,-0.11736723527517834,-0.01489822847381217
rolling_30d,30d,uncapped,14,2025-11-11,2025-12-10,30,-0.144372848682073,-0.12916151719392543,-0.015211331488147573
rolling_30d,30d,uncapped,14,2025-11-12,2025-12-11,30,-0.14642679864426267,-0.10959347488347693,-0.03683332376078574
rolling_30d,30d,uncapped,14,2025-11-13,2025-12-12,30,-0.15529057407078517,-0.12055368197206673,-0.03473689209871844
rolling_30d,30d,uncapped,14,2025-11-14,2025-12-13,30,-0.12312243636963405,-0.10907828616768012,-0.014044150201953931
rolling_30d,30d,uncapped,14,2025-11-15,2025-12-14,30,-0.10441432150685237,-0.08397901393280294,-0.020435307574049433
rolling_30d,30d,uncapped,14,2025-11-16,2025-12-15,30,-0.14277156436601524,-0.1051190517450511,-0.03765251262096414
rolling_30d,30d,uncapped,14,2025-11-17,2025-12-16,30,-0.11260682485104856,-0.06985925530019454,-0.042747569550854014
rolling_30d,30d,uncapped,14,2025-11-18,2025-12-17,30,-0.10421305877064224,-0.06605457976483875,-0.03815847900580349
rolling_30d,30d,uncapped,14,2025-11-19,2025-12-18,30,-0.12502104275764514,-0.0762076251188899,-0.04881341763875524
rolling_30d,30d,uncapped,14,2025-11-20,2025-12-19,30,-0.08924833027424428,-0.038985855272787084,-0.050262475001457196
rolling_30d,30d,uncapped,14,2025-11-21,2025-12-20,30,-0.04458137959398334,0.011326612159589633,-0.05590799175357297
rolling_30d,30d,uncapped,14,2025-11-22,2025-12-21,30,-0.03211032866187802,0.030978634347477385,-0.0630889630093554
rolling_30d,30d,uncapped,14,2025-11-23,2025-12-22,30,-0.02939855662850599,0.037399765956947606,-0.0667983225854536
rolling_30d,30d,uncapped,14,2025-11-24,2025-12-23,30,-0.06352935670686333,-0.011309713315441838,-0.05221964339142149
rolling_30d,30d,uncapped,14,2025-11-25,2025-12-24,30,-0.077867778692575,-0.02479207861013344,-0.05307570008244156
rolling_30d,30d,uncapped,14,2025-11-26,2025-12-25,30,-0.08980486019912137,-0.01674789408047528,-0.0730569661186461
rolling_30d,30d,uncapped,14,2025-11-27,2025-12-26,30,-0.10819496561267372,-0.053845131567289206,-0.054349834045384515
rolling_30d,30d,uncapped,14,2025-11-28,2025-12-27,30,-0.11471705786500341,-0.06293936009460566,-0.05177769777039776
rolling_30d,30d,uncapped,14,2025-11-29,2025-12-28,30,-0.11209148743121078,-0.06137332443120613,-0.050718163000004646
rolling_30d,30d,uncapped,14,2025-11-30,2025-12-29,30,-0.13429202937076268,-0.06505290557879939,-0.06923912379196329
rolling_30d,30d,uncapped,14,2025-12-01,2025-12-30,30,-0.10317599831792768,-0.05374815905743735,-0.049427839260490325
rolling_30d,30d,uncapped,14,2025-12-02,2025-12-31,30,-0.05964092448407976,-0.00887161701863659,-0.05076930746544317
rolling_30d,30d,uncapped,14,2025-12-03,2026-01-01,30,-0.08849044675046192,-0.05247903486832195,-0.036011411882139965
rolling_30d,30d,uncapped,14,2025-12-04,2026-01-02,30,-0.0895613804472436,-0.06288474969219893,-0.026676630755044672
rolling_30d,30d,uncapped,14,2025-12-05,2026-01-03,30,-0.07262729939454349,-0.04613593363411583,-0.026491365760427654
rolling_30d,30d,uncapped,14,2025-12-06,2026-01-04,30,-0.04178673584697801,-0.009042903303014382,-0.032743832543963625
rolling_30d,30d,uncapped,14,2025-12-07,2026-01-05,30,-0.020746463194807663,0.019258117150426468,-0.04000458034523413
rolling_30d,30d,uncapped,14,2025-12-08,2026-01-06,30,-0.014876634847572734,0.00776525105671233,-0.022641885904285064
rolling_30d,30d,uncapped,14,2025-12-09,2026-01-07,30,-0.015676745726024954,-0.015111111111107856,-0.0005656346149170988
rolling_30d,30d,uncapped,14,2025-12-10,2026-01-08,30,-0.026542819703508247,-0.028566844373783207,0.00202402467027496
rolling_30d,30d,uncapped,14,2025-12-11,2026-01-09,30,-0.02084417256015514,-0.023036013430967506,0.002191840870812367
rolling_30d,30d,uncapped,14,2025-12-12,2026-01-10,30,-0.008667380991803864,-0.029218466012358335,0.02055108502055447
rolling_30d,30d,uncapped,14,2025-12-13,2026-01-11,30,-0.004382844718262668,-0.007639816051026815,0.003256971332764147
rolling_30d,30d,uncapped,14,2025-12-14,2026-01-12,30,-0.019034927424300796,-0.0010538580853881596,-0.017981069338912636
rolling_30d,30d,uncapped,14,2025-12-15,2026-01-13,30,0.04173658801573432,0.062023972083146806,-0.020287384067412484
rolling_30d,30d,uncapped,14,2025-12-16,2026-01-14,30,0.0934923577855995,0.10015491866770665,-0.006662560882107149
rolling_30d,30d,uncapped,14,2025-12-17,2026-01-15,30,0.07147842859235198,0.07954214615160904,-0.008063717559257055
rolling_30d,30d,uncapped,14,2025-12-18,2026-01-16,30,0.08193308390349108,0.09574988925932315,-0.013816805355832074
rolling_30d,30d,uncapped,14,2025-12-19,2026-01-17,30,0.10410676441185962,0.10427326243977686,-0.000166498027917239
rolling_30d,30d,uncapped,14,2025-12-20,2026-01-18,30,0.05300040502975345,0.055925889245254545,-0.002925484215501095
rolling_30d,30d,uncapped,14,2025-12-21,2026-01-19,30,0.029891796741859267,0.041326646911328035,-0.011434850169468769
rolling_30d,30d,uncapped,14,2025-12-22,2026-01-20,30,0.003637928659941503,-0.0013255266127856213,0.004963455272727124
rolling_30d,30d,uncapped,14,2025-12-23,2026-01-21,30,0.005686857012826785,0.0031342503917839437,0.002552606621042841
rolling_30d,30d,uncapped,14,2025-12-24,2026-01-22,30,0.011429367980940963,0.018906693245423378,-0.007477325264482415
rolling_30d,30d,uncapped,14,2025-12-25,2026-01-23,30,0.019235609707887402,0.02139037433155422,-0.002154764623666816
rolling_30d,30d,uncapped,14,2025-12-26,2026-01-24,30,0.027733039171623952,0.024697698305246263,0.0030353408663776893
rolling_30d,30d,uncapped,14,2025-12-27,2026-01-25,30,0.005880166212874904,0.0025672839072694575,0.003312882305605447
rolling_30d,30d,uncapped,14,2025-12-28,2026-01-26,30,0.0026442701051616613,0.009192393683738809,-0.0065481235785771474
rolling_30d,30d,uncapped,14,2025-12-29,2026-01-27,30,0.006200199125344863,0.013679142044213055,-0.007478942918868192
rolling_30d,30d,uncapped,14,2025-12-30,2026-01-28,30,0.003725899680288469,0.015178922532444128,-0.011453022852155659
rolling_30d,30d,uncapped,14,2025-12-31,2026-01-29,30,-0.046394342213732176,-0.03313592890327466,-0.013258413310457517
rolling_30d,30d,uncapped,14,2026-01-01,2026-01-30,30,-0.0408025259896756,-0.022768101226277482,-0.018034424763398116
rolling_30d,30d,uncapped,14,2026-01-02,2026-01-31,30,-0.0644262752177931,-0.08688259863670733,0.022456323418914237
rolling_30d,30d,uncapped,14,2026-01-03,2026-02-01,30,-0.12146681167056528,-0.1281856248319283,0.006718813161363024
rolling_30d,30d,uncapped,14,2026-01-04,2026-02-02,30,-0.10851006058138202,-0.10793408605431365,-0.000575974527068368
rolling_30d,30d,uncapped,14,2026-01-05,2026-02-03,30,-0.14764427354577847,-0.15535863896080293,0.00771436541502446
rolling_30d,30d,uncapped,14,2026-01-06,2026-02-04,30,-0.18802600216229182,-0.2072933418515287,0.019267339689236884
rolling_30d,30d,uncapped,14,2026-01-07,2026-02-05,30,-0.3040228762345135,-0.3160910252831668,0.012068149048653276
rolling_30d,30d,uncapped,14,2026-01-08,2026-02-06,30,-0.21793934609170684,-0.21322202166064708,-0.004717324431059766
rolling_30d,30d,uncapped,14,2026-01-09,2026-02-07,30,-0.22583671764207291,-0.23055555555555185,0.004718837913478935
rolling_30d,30d,uncapped,14,2026-01-10,2026-02-08,30,-0.2139318217992482,-0.21675028079370584,0.002818458994457651
rolling_30d,30d,uncapped,14,2026-01-11,2026-02-09,30,-0.2244994369548735,-0.22430746418434322,-0.00019197277053029094
rolling_30d,30d,uncapped,14,2026-01-12,2026-02-10,30,-0.2303759644789205,-0.23656476567755103,0.0061888011986305225
rolling_30d,30d,uncapped,14,2026-01-13,2026-02-11,30,-0.24493368782761926,-0.2632892771970481,0.018355589369428826
rolling_30d,30d,uncapped,14,2026-01-14,2026-02-12,30,-0.2710573938532135,-0.3057730220863424,0.0347156282331289
rolling_30d,30d,uncapped,14,2026-01-15,2026-02-13,30,-0.24697251695183575,-0.29033302823347107,0.04336051128163532
rolling_30d,30d,uncapped,14,2026-01-16,2026-02-14,30,-0.20875498915262902,-0.2701413728495946,0.061386383696965585
rolling_30d,30d,uncapped,14,2026-01-17,2026-02-15,30,-0.22339335422392415,-0.27659574468085046,0.05320239045692632
rolling_30d,30d,uncapped,14,2026-01-18,2026-02-16,30,-0.2180826262761234,-0.27467615658362443,0.05659353030750103
rolling_30d,30d,uncapped,14,2026-01-19,2026-02-17,30,-0.22576577628158556,-0.27846959683702666,0.052703820555441094
rolling_30d,30d,uncapped,14,2026-01-20,2026-02-18,30,-0.221032202838377,-0.28039606272208717,0.05936385988371018
rolling_30d,30d,uncapped,14,2026-01-21,2026-02-19,30,-0.21736926701070958,-0.2510921667374547,0.03372289972674514
rolling_30d,30d,uncapped,14,2026-01-22,2026-02-20,30,-0.2173177778446399,-0.24450767152441788,0.027189893679777977
rolling_30d,30d,uncapped,14,2026-01-23,2026-02-21,30,-0.21932185599264908,-0.24764477486154213,0.028322918868893043
rolling_30d,30d,uncapped,14,2026-01-24,2026-02-22,30,-0.22881441892552945,-0.24589903092111565,0.017084611995586196
rolling_30d,30d,uncapped,14,2026-01-25,2026-02-23,30,-0.2607728125460581,-0.27556041552760524,0.014787602981547132
rolling_30d,30d,uncapped,14,2026-01-26,2026-02-24,30,-0.2551473439837505,-0.2695983810709801,0.014451037087229612
rolling_30d,30d,uncapped,14,2026-01-27,2026-02-25,30,-0.23319908269739464,-0.2453318100766464,0.012132727379251751
rolling_30d,30d,uncapped,14,2026-01-28,2026-02-26,30,-0.23177080679379258,-0.24832282043767906,0.016552013643886476
rolling_30d,30d,uncapped,14,2026-01-29,2026-02-27,30,-0.23113344272509073,-0.2548884412767237,0.02375499855163299
rolling_30d,30d,uncapped,14,2026-01-30,2026-02-28,30,-0.19458644866776809,-0.21357340051350482,0.018986951845736733
rolling_30d,30d,uncapped,14,2026-01-31,2026-03-01,30,-0.20041499795664786,-0.2323382488110881,0.031923250854440255
rolling_30d,30d,uncapped,14,2026-02-01,2026-03-02,30,-0.16370420974118105,-0.1433660672533229,-0.020338142487858146
rolling_30d,30d,uncapped,14,2026-02-02,2026-03-03,30,-0.12323187069958008,-0.11611777458557393,-0.007114096114006152
rolling_30d,30d,uncapped,14,2026-02-03,2026-03-04,30,-0.11792542339562773,-0.09834775767112158,-0.019577665724506144
rolling_30d,30d,uncapped,14,2026-02-04,2026-03-05,30,-0.08823535629645263,-0.07174899914211919,-0.016486357154333442
rolling_30d,30d,uncapped,14,2026-02-05,2026-03-06,30,-0.08545114297989354,-0.06609541454376988,-0.019355728436123654
rolling_30d,30d,uncapped,14,2026-02-06,2026-03-07,30,0.05239071720118149,0.06749296500762925,-0.015102247806447755
rolling_30d,30d,uncapped,14,2026-02-07,2026-03-08,30,-0.0813180417164241,-0.06465921040053313,-0.016658831315890965
rolling_30d,30d,uncapped,14,2026-02-08,2026-03-09,30,-0.054473137945288186,-0.01985559566786721,-0.034617542277420976
rolling_30d,30d,uncapped,14,2026-02-09,2026-03-10,30,-0.051467342914170655,-0.021376059960038885,-0.03009128295413177
rolling_30d,30d,uncapped,14,2026-02-10,2026-03-11,30,-0.040332646722258336,-0.007298776779071647,-0.03303386994318669
rolling_30d,30d,uncapped,14,2026-02-11,2026-03-12,30,-0.016705966205681322,0.010368122185238526,-0.027074088390919848
rolling_30d,30d,uncapped,14,2026-02-12,2026-03-13,30,0.011349798048874149,0.05265121720013988,-0.04130141915126573
rolling_30d,30d,uncapped,14,2026-02-13,2026-03-14,30,0.03519593400722232,0.08222123902911016,-0.04702530502188784
rolling_30d,30d,uncapped,14,2026-02-14,2026-03-15,30,0.008197114540101635,0.06256324781237121,-0.05436613327226958
rolling_30d,30d,uncapped,14,2026-02-15,2026-03-16,30,0.008398382428441264,0.06801828082458061,-0.05961989839613935
rolling_30d,30d,uncapped,14,2026-02-16,2026-03-17,30,0.024753699207963775,0.06967647058823978,-0.044922771380276005
rolling_30d,30d,uncapped,14,2026-02-17,2026-03-18,30,-0.015524320675346481,0.03904502099933005,-0.05456934167467653
rolling_30d,30d,uncapped,14,2026-02-18,2026-03-19,30,-0.004790247238832812,0.04071714979951513,-0.04550739703834794
rolling_30d,30d,uncapped,14,2026-02-19,2026-03-20,30,0.014609958709989712,0.06873789558004861,-0.0541279368700589
rolling_30d,30d,uncapped,14,2026-02-20,2026-03-21,30,0.031389488561871515,0.049128030625271046,-0.01773854206339953
rolling_30d,30d,uncapped,14,2026-02-21,2026-03-22,30,0.003985254059951426,0.02004894860396833,-0.016063694544016904
rolling_30d,30d,uncapped,14,2026-02-22,2026-03-23,30,0.012084655840157499,0.05640846126918886,-0.04432380542903136
rolling_30d,30d,uncapped,14,2026-02-23,2026-03-24,30,0.035736200093501536,0.056969465572157985,-0.02123326547865645
rolling_30d,30d,uncapped,14,2026-02-24,2026-03-25,30,0.09126681173581397,0.11642557651991203,-0.025158764784098064
rolling_30d,30d,uncapped,14,2026-02-25,2026-03-26,30,0.07456534947764792,0.10505956821039453,-0.030494218732746603
rolling_30d,30d,uncapped,14,2026-02-26,2026-03-27,30,0.028572503903127933,0.03323275200736053,-0.0046602481042326005
rolling_30d,30d,uncapped,14,2026-02-27,2026-03-28,30,0.02393716113257538,0.03501266939545733,-0.01107550826288195
rolling_30d,30d,uncapped,14,2026-02-28,2026-03-29,30,0.022473724853654842,0.045093003670240606,-0.022619278816585764
rolling_30d,30d,uncapped,14,2026-03-01,2026-03-30,30,0.026081397491718672,0.03860482253244313,-0.012523425040724456
rolling_60d,60d,uncapped,14,2025-03-01,2025-04-29,60,-0.19492535832239477,0.09523235731213342,-0.2901577156345282
rolling_60d,60d,uncapped,14,2025-03-02,2025-04-30,60,-0.21771628796800224,0.060849571317237894,-0.27856585928524014
rolling_60d,60d,uncapped,14,2025-03-03,2025-05-01,60,-0.2825083817291515,-0.02438153639379015,-0.25812684533536134
rolling_60d,60d,uncapped,14,2025-03-04,2025-05-02,60,-0.21466571192951167,0.06805839078690257,-0.28272410271641424
rolling_60d,60d,uncapped,14,2025-03-05,2025-05-03,60,-0.220820030690845,0.05492793442724797,-0.27574796511809296
rolling_60d,60d,uncapped,14,2025-03-06,2025-05-04,60,-0.25711224531877386,0.0027352702003509144,-0.25984751551912477
rolling_60d,60d,uncapped,14,2025-03-07,2025-05-05,60,-0.25748585215298414,0.00815402207790683,-0.26563987423089097
rolling_60d,60d,uncapped,14,2025-03-08,2025-05-06,60,-0.2359451465360477,0.06212811992891809,-0.2980732664649658
rolling_60d,60d,uncapped,14,2025-03-09,2025-05-07,60,-0.23018571608735938,0.07168076899148468,-0.30186648507884406
rolling_60d,60d,uncapped,14,2025-03-10,2025-05-08,60,-0.146585477793572,0.19492043053355967,-0.3415059083271317
rolling_60d,60d,uncapped,14,2025-03-11,2025-05-09,60,-0.1242628976596245,0.22010645793893913,-0.34436935559856363
rolling_60d,60d,uncapped,14,2025-03-12,2025-05-10,60,-0.14489117638678384,0.17483650861825217,-0.319727685005036
rolling_60d,60d,uncapped,14,2025-03-13,2025-05-11,60,-0.14579113334103377,0.17284219352135066,-0.31863332686238444
rolling_60d,60d,uncapped,14,2025-03-14,2025-05-12,60,-0.12084576021276738,0.2059538274605186,-0.326799587673286
rolling_60d,60d,uncapped,14,2025-03-15,2025-05-13,60,-0.13746267209448593,0.17620967741936533,-0.31367234951385126
rolling_60d,60d,uncapped,14,2025-03-16,2025-05-14,60,-0.146316214050491,0.17445279583667173,-0.3207690098871627
rolling_60d,60d,uncapped,14,2025-03-17,2025-05-15,60,-0.14703874901043934,0.201003124486117,-0.34804187349655635
rolling_60d,60d,uncapped,14,2025-03-18,2025-05-16,60,-0.1431263395905108,0.19279736902088218,-0.335923708611393
rolling_60d,60d,uncapped,14,2025-03-19,2025-05-17,60,-0.14375231479229744,0.20928928400601698,-0.3530415987983144
rolling_60d,60d,uncapped,14,2025-03-20,2025-05-18,60,-0.14720262518733185,0.18046845603914408,-0.3276710812264759
rolling_60d,60d,uncapped,14,2025-03-21,2025-05-19,60,-0.15227056344479184,0.19578269617706834,-0.3480532596218602
rolling_60d,60d,uncapped,14,2025-03-22,2025-05-20,60,-0.14838151210967132,0.20779116465864167,-0.356172676768313
rolling_60d,60d,uncapped,14,2025-03-23,2025-05-21,60,-0.14120000436998037,0.22764201457386313,-0.3688420189438435
rolling_60d,60d,uncapped,14,2025-03-24,2025-05-22,60,-0.1310988131468106,0.21977883494534312,-0.3508776480921537
rolling_60d,60d,uncapped,14,2025-03-25,2025-05-23,60,-0.17155056258873502,0.1636427184466085,-0.3351932810353435
rolling_60d,60d,uncapped,14,2025-03-26,2025-05-24,60,-0.1715374946105397,0.16766861885739193,-0.3392061134679316
rolling_60d,60d,uncapped,14,2025-03-27,2025-05-25,60,-0.1606534726248603,0.18495644057249705,-0.34560991319735734
rolling_60d,60d,uncapped,14,2025-03-28,2025-05-26,60,-0.16278727205183363,0.1831623931624018,-0.3459496652142354
rolling_60d,60d,uncapped,14,2025-03-29,2025-05-27,60,-0.15617057508588017,0.20310076286085077,-0.35927133794673094
rolling_60d,60d,uncapped,14,2025-03-30,2025-05-28,60,-0.1499321439029624,0.2183840037607765,-0.3683161476637389
rolling_60d,60d,uncapped,14,2025-03-31,2025-05-29,60,-0.1638438663967151,0.19694606887589927,-0.3607899352726144
rolling_60d,60d,uncapped,14,2025-04-01,2025-05-30,60,-0.1448222324495193,0.19489406607679816,-0.33971629852631746
rolling_60d,60d,uncapped,14,2025-04-02,2025-05-31,60,-0.005636332825540102,0.16780224378459652,-0.17343857661013662
rolling_60d,60d,uncapped,14,2025-04-03,2025-06-01,60,0.09891588824952091,0.2142217299956064,-0.11530584174608549
rolling_60d,60d,uncapped,14,2025-04-04,2025-06-02,60,0.12288199553576251,0.20098953686430043,-0.07810754132853792
rolling_60d,60d,uncapped,14,2025-04-05,2025-06-03,60,0.11818054201191108,0.1936061733498664,-0.07542563133795532
rolling_60d,60d,uncapped,14,2025-04-06,2025-06-04,60,0.1004364959930113,0.17781076126980966,-0.07737426527679836
rolling_60d,60d,uncapped,14,2025-04-07,2025-06-05,60,0.12686962140999314,0.2057707038896901,-0.07890108247969696
rolling_60d,60d,uncapped,14,2025-04-08,2025-06-06,60,0.15025316349196438,0.2301522094510442,-0.07989904595907982
rolling_60d,60d,uncapped,14,2025-04-09,2025-06-07,60,0.1827855451035938,0.27856395044494575,-0.09577840534135196
rolling_60d,60d,uncapped,14,2025-04-10,2025-06-08,60,0.08505360272175388,0.19894340119483922,-0.11388979847308534
rolling_60d,60d,uncapped,14,2025-04-11,2025-06-09,60,0.16167585364955506,0.27611585944918615,-0.1144400057996311
rolling_60d,60d,uncapped,14,2025-04-12,2025-06-10,60,0.1604598107850994,0.2389831066076611,-0.07852329582256168
rolling_60d,60d,uncapped,14,2025-04-13,2025-06-11,60,0.1342847428262106,0.2099598952100601,-0.07567515238384948
rolling_60d,60d,uncapped,14,2025-04-14,2025-06-12,60,0.11516321996989887,0.19662006578946767,-0.0814568458195688
rolling_60d,60d,uncapped,14,2025-04-15,2025-06-13,60,0.11953370049914569,0.1978307214112447,-0.078297020912099
rolling_60d,60d,uncapped,14,2025-04-16,2025-06-14,60,0.09496972091634448,0.19936592199365988,-0.1043962010773154
rolling_60d,60d,uncapped,14,2025-04-17,2025-06-15,60,0.07942882146921693,0.1979277844370353,-0.11849896296781837
rolling_60d,60d,uncapped,14,2025-04-18,2025-06-16,60,0.09216837756531615,0.19389334115193413,-0.10172496358661798
rolling_60d,60d,uncapped,14,2025-04-19,2025-06-17,60,0.09237235036718605,0.18999746419193486,-0.09762511382474881
rolling_60d,60d,uncapped,14,2025-04-20,2025-06-18,60,0.09248466575002423,0.18388596269852941,-0.09140129694850518
rolling_60d,60d,uncapped,14,2025-04-21,2025-06-19,60,0.10191574648972068,0.18024552662856075,-0.07832978013884007
rolling_60d,60d,uncapped,14,2025-04-22,2025-06-20,60,0.0765349739760528,0.1406764892268635,-0.06414151525081069
rolling_60d,60d,uncapped,14,2025-04-23,2025-06-21,60,0.016217971379284712,0.06557535911024992,-0.04935738773096521
rolling_60d,60d,uncapped,14,2025-04-24,2025-06-22,60,-0.008604391236411657,0.04921731877689561,-0.05782171001330727
rolling_60d,60d,uncapped,14,2025-04-25,2025-06-23,60,0.008157404146344582,0.08557742294837967,-0.07742001880203508
rolling_60d,60d,uncapped,14,2025-04-26,2025-06-24,60,-0.015128913505700115,0.06672233575786168,-0.0818512492635618
rolling_60d,60d,uncapped,14,2025-04-27,2025-06-25,60,0.0076674554123741245,0.07929534771338509,-0.07162789230101096
rolling_60d,60d,uncapped,14,2025-04-28,2025-06-26,60,0.008604673652552908,0.08621659218041566,-0.07761191852786276
rolling_60d,60d,uncapped,14,2025-04-29,2025-06-27,60,-0.004979556264800289,0.07376743710220279,-0.07874699336700308
rolling_60d,60d,uncapped,14,2025-04-30,2025-06-28,60,-0.0020244419122920077,0.07946310693853231,-0.08148754885082432
rolling_60d,60d,uncapped,14,2025-05-01,2025-06-29,60,0.005066137965969997,0.0875855025825154,-0.08251936461654541
rolling_60d,60d,uncapped,14,2025-05-02,2025-06-30,60,-0.023429318450348124,0.044851511433504854,-0.06828082988385298
rolling_60d,60d,uncapped,14,2025-05-03,2025-07-01,60,-0.02354679555441297,0.0464406779660953,-0.06998747352050827
rolling_60d,60d,uncapped,14,2025-05-04,2025-07-02,60,0.062237705446296365,0.07281655814629473,-0.010578852699998365
rolling_60d,60d,uncapped,14,2025-05-05,2025-07-03,60,0.080024837776979,0.0975744618106702,-0.017549624033691202
rolling_60d,60d,uncapped,14,2025-05-06,2025-07-04,60,0.06376925180093251,0.09568537326709659,-0.03191612146616407
rolling_60d,60d,uncapped,14,2025-05-07,2025-07-05,60,0.06392249800989558,0.07822480902145568,-0.014302311011560098
rolling_60d,60d,uncapped,14,2025-05-08,2025-07-06,60,0.06316347530911348,0.07664675873178828,-0.013483283422674797
rolling_60d,60d,uncapped,14,2025-05-09,2025-07-07,60,0.0077155471188465885,0.023023202801732534,-0.015307655682885946
rolling_60d,60d,uncapped,14,2025-05-10,2025-07-08,60,0.007802626845015315,0.03189535207346905,-0.024092725228453737
rolling_60d,60d,uncapped,14,2025-05-11,2025-07-09,60,0.01056650467256115,0.04114474119853906,-0.03057823652597791
rolling_60d,60d,uncapped,14,2025-05-12,2025-07-10,60,0.04352423408816408,0.07604638533925456,-0.03252215125109048
rolling_60d,60d,uncapped,14,2025-05-13,2025-07-11,60,0.05312519549039263,0.09177047030812857,-0.03864527481773594
rolling_60d,60d,uncapped,14,2025-05-14,2025-07-12,60,0.06599160606072974,0.09523483030510338,-0.029243224244373645
rolling_60d,60d,uncapped,14,2025-05-15,2025-07-13,60,0.08335799519418674,0.10894050183144266,-0.02558250663725592
rolling_60d,60d,uncapped,14,2025-05-16,2025-07-14,60,0.11297989461548363,0.12175318006927727,-0.008773285453793633
rolling_60d,60d,uncapped,14,2025-05-17,2025-07-15,60,0.09066374875224814,0.09754449661497411,-0.006880747862725967
rolling_60d,60d,uncapped,14,2025-05-18,2025-07-16,60,0.10019479094353234,0.09932076706947224,0.0008740238740601036
rolling_60d,60d,uncapped,14,2025-05-19,2025-07-17,60,0.08842925585473527,0.07817916196294084,0.010250093891794432
rolling_60d,60d,uncapped,14,2025-05-20,2025-07-18,60,0.09981675076466012,0.08450893818651606,0.015307812578144064
rolling_60d,60d,uncapped,14,2025-05-21,2025-07-19,60,0.09231535017204551,0.0735918068763679,0.018723543295677603
rolling_60d,60d,uncapped,14,2025-05-22,2025-07-20,60,0.09322621544163612,0.04895485580486225,0.044271359636773866
rolling_60d,60d,uncapped,14,2025-05-23,2025-07-21,60,0.08224687741869241,0.03353178190459083,0.04871509551410158
rolling_60d,60d,uncapped,14,2025-05-24,2025-07-22,60,0.14640825633378274,0.08485572590926171,0.061552530424521024
rolling_60d,60d,uncapped,14,2025-05-25,2025-07-23,60,0.12950336265844964,0.07619079253304561,0.053312570125404024
rolling_60d,60d,uncapped,14,2025-05-26,2025-07-24,60,0.10349060848797498,0.057182055691947564,0.046308552796027413
rolling_60d,60d,uncapped,14,2025-05-27,2025-07-25,60,0.08749735419519222,0.05205781720987934,0.03543953698531288
rolling_60d,60d,uncapped,14,2025-05-28,2025-07-26,60,0.10296330214193716,0.0642277659131345,0.03873553622880266
rolling_60d,60d,uncapped,14,2025-05-29,2025-07-27,60,0.12283973181782226,0.08157766941852218,0.04126206239930008
rolling_60d,60d,uncapped,14,2025-05-30,2025-07-28,60,0.13835606172345116,0.10256636447532674,0.03578969724812442
rolling_60d,60d,uncapped,14,2025-05-31,2025-07-29,60,0.14530723777246446,0.10911079558964087,0.036196442182823585
rolling_60d,60d,uncapped,14,2025-06-01,2025-07-30,60,0.14014755333041684,0.1028022850961674,0.03734526823424944
rolling_60d,60d,uncapped,14,2025-06-02,2025-07-31,60,0.12147143375349567,0.0805410988303461,0.04093033492314957
rolling_60d,60d,uncapped,14,2025-06-03,2025-08-01,60,0.07030646682462938,0.06726548254204445,0.0030409842825849243
rolling_60d,60d,uncapped,14,2025-06-04,2025-08-02,60,0.0806517021025237,0.06888098116180164,0.011770720940722068
rolling_60d,60d,uncapped,14,2025-06-05,2025-08-03,60,0.11906149932813381,0.10389279492070513,0.01516870440742868
rolling_60d,60d,uncapped,14,2025-06-06,2025-08-04,60,0.16017071122142923,0.13188767947143298,0.028283031749996246
rolling_60d,60d,uncapped,14,2025-06-07,2025-08-05,60,0.1324465262920218,0.10169176426845383,0.030754762023567972
rolling_60d,60d,uncapped,14,2025-06-08,2025-08-06,60,0.12016850181301231,0.09178500023882963,0.02838350157418268
rolling_60d,60d,uncapped,14,2025-06-09,2025-08-07,60,0.14290496830120247,0.11105162733874452,0.031853340962457954
rolling_60d,60d,uncapped,14,2025-06-10,2025-08-08,60,0.09829806863479984,0.06316943521594953,0.03512863341885031
rolling_60d,60d,uncapped,14,2025-06-11,2025-08-09,60,0.0953341987907026,0.06304972683762555,0.03228447195307704
rolling_60d,60d,uncapped,14,2025-06-12,2025-08-10,60,0.12585314932580438,0.09500611455263908,0.030847034773165305
rolling_60d,60d,uncapped,14,2025-06-13,2025-08-11,60,0.15738050286925942,0.12910541615983062,0.0282750867094288
rolling_60d,60d,uncapped,14,2025-06-14,2025-08-12,60,0.15223600630952938,0.11635679398958243,0.03587921231994695
rolling_60d,60d,uncapped,14,2025-06-15,2025-08-13,60,0.18233150393826825,0.14835078516150868,0.033980718776759566
rolling_60d,60d,uncapped,14,2025-06-16,2025-08-14,60,0.1650448631078203,0.12801727092043436,0.03702759218738594
rolling_60d,60d,uncapped,14,2025-06-17,2025-08-15,60,0.15720548009820923,0.11744240778765991,0.03976307231054932
rolling_60d,60d,uncapped,14,2025-06-18,2025-08-16,60,0.16204876497383092,0.1208446754103829,0.04120408956344801
rolling_60d,60d,uncapped,14,2025-06-19,2025-08-17,60,0.16061535169741759,0.12201478425305634,0.038600567444361245
rolling_60d,60d,uncapped,14,2025-06-20,2025-08-18,60,0.14291953108896793,0.11404410293905087,0.02887542814991706
rolling_60d,60d,uncapped,14,2025-06-21,2025-08-19,60,0.12521035618134535,0.09218119570275363,0.033029160478591724
rolling_60d,60d,uncapped,14,2025-06-22,2025-08-20,60,0.15340679318225514,0.1140484651761573,0.03935832800609784
rolling_60d,60d,uncapped,14,2025-06-23,2025-08-21,60,0.16700550452936969,0.12001476318573556,0.046990741343634124
rolling_60d,60d,uncapped,14,2025-06-24,2025-08-22,60,0.14659766842279986,0.10248130639722297,0.044116362025576894
rolling_60d,60d,uncapped,14,2025-06-25,2025-08-23,60,0.13763140342097313,0.09671770926320922,0.040913694157763913
rolling_60d,60d,uncapped,14,2025-06-26,2025-08-24,60,0.10565041010673637,0.06914821447954855,0.03650219562718782
rolling_60d,60d,uncapped,14,2025-06-27,2025-08-25,60,0.11004440666779347,0.06147820163489093,0.04856620503290254
rolling_60d,60d,uncapped,14,2025-06-28,2025-08-26,60,0.11694276687896443,0.06614084277004828,0.05080192410891615
rolling_60d,60d,uncapped,14,2025-06-29,2025-08-27,60,0.10532253074944409,0.057313112370401376,0.04800941837904271
rolling_60d,60d,uncapped,14,2025-06-30,2025-08-28,60,0.10618569005097545,0.05841462426029076,0.047771065790684686
rolling_60d,60d,uncapped,14,2025-07-01,2025-08-29,60,0.09110618619775024,0.04448503660162495,0.04662114959612529
rolling_60d,60d,uncapped,14,2025-07-02,2025-08-30,60,0.08891392117119357,0.04598556747928506,0.042928353691908505
rolling_60d,60d,uncapped,14,2025-07-03,2025-08-31,60,0.0004444425428442589,0.022642814517454868,-0.02219837197461061
rolling_60d,60d,uncapped,14,2025-07-04,2025-09-01,60,0.00433805254305808,0.024315701091531805,-0.019977648548473725
rolling_60d,60d,uncapped,14,2025-07-05,2025-09-02,60,0.04944205208890029,0.04870870180045461,0.0007333502884456777
rolling_60d,60d,uncapped,14,2025-07-06,2025-09-03,60,0.04801482861711093,0.04527604215868686,0.0027387864584240695
rolling_60d,60d,uncapped,14,2025-07-07,2025-09-04,60,0.046731793323024684,0.04795670079468195,-0.001224907471657266
rolling_60d,60d,uncapped,14,2025-07-08,2025-09-05,60,0.04869354289814365,0.046340310600956114,0.0023532322971875352
rolling_60d,60d,uncapped,14,2025-07-09,2025-09-06,60,0.04236690226229123,0.04059903981012991,0.0017678624521613173
rolling_60d,60d,uncapped,14,2025-07-10,2025-09-07,60,0.029272765241227683,0.027003928687378664,0.0022688365538490185
rolling_60d,60d,uncapped,14,2025-07-11,2025-09-08,60,0.0008528274979175965,-0.003008815638165685,0.0038616431360832815
rolling_60d,60d,uncapped,14,2025-07-12,2025-09-09,60,-0.012643685572252483,-0.01771142140160953,0.005067735829357045
rolling_60d,60d,uncapped,14,2025-07-13,2025-09-10,60,-0.01343024051703734,-0.006667084011507396,-0.006763156505529944
rolling_60d,60d,uncapped,14,2025-07-14,2025-09-11,60,-0.012770201976640694,-0.0066679862434029236,-0.00610221573323777
rolling_60d,60d,uncapped,14,2025-07-15,2025-09-12,60,-0.021496756280217633,-0.016978944156231912,-0.0045178121239857205
rolling_60d,60d,uncapped,14,2025-07-16,2025-09-13,60,-0.00699926723933697,-0.0013741986432039832,-0.005625068596132987
rolling_60d,60d,uncapped,14,2025-07-17,2025-09-14,60,-0.011341468434037716,-0.005831265508678851,-0.005510202925358865
rolling_60d,60d,uncapped,14,2025-07-18,2025-09-15,60,-0.027905632142059544,-0.010716727333191955,-0.01718890480886759
rolling_60d,60d,uncapped,14,2025-07-19,2025-09-16,60,-0.015299377106451129,0.0072363031551854196,-0.022535680261636548
rolling_60d,60d,uncapped,14,2025-07-20,2025-09-17,60,-0.021354968037926025,-9.911048340638384e-05,-0.02125585755451964
rolling_60d,60d,uncapped,14,2025-07-21,2025-09-18,60,-0.018551073100061655,0.015950628708635284,-0.03450170180869694
rolling_60d,60d,uncapped,14,2025-07-22,2025-09-19,60,-0.03462269090351011,0.01307001705599875,-0.04769270795950886
rolling_60d,60d,uncapped,14,2025-07-23,2025-09-20,60,-0.055664545322076875,-0.00221494844091763,-0.053449596881159245
rolling_60d,60d,uncapped,14,2025-07-24,2025-09-21,60,-0.05205589356232032,-0.003228414990208206,-0.048827478572112115
rolling_60d,60d,uncapped,14,2025-07-25,2025-09-22,60,-0.0576411287051104,-0.002042856521922487,-0.05559827218318791
rolling_60d,60d,uncapped,14,2025-07-26,2025-09-23,60,-0.04589668349936926,-0.0035705368289622452,-0.04232614667040702
rolling_60d,60d,uncapped,14,2025-07-27,2025-09-24,60,-0.04903672713739382,-0.0013543990009740048,-0.047682328136419816
rolling_60d,60d,uncapped,14,2025-07-28,2025-09-25,60,-0.07297384346301983,-0.027284021994513408,-0.04568982146850642
rolling_60d,60d,uncapped,14,2025-07-29,2025-09-26,60,-0.07268768107170698,-0.026796649495636093,-0.045891031576070884
rolling_60d,60d,uncapped,14,2025-07-30,2025-09-27,60,-0.06936490774345616,-0.032886193801290875,-0.036478713942165286
rolling_60d,60d,uncapped,14,2025-07-31,2025-09-28,60,-0.05388429089254565,-0.014394222693577596,-0.039490068198968054
rolling_60d,60d,uncapped,14,2025-08-01,2025-09-29,60,-0.034392371036396585,0.011768137890800334,-0.04616050892719692
rolling_60d,60d,uncapped,14,2025-08-02,2025-09-30,60,-0.009756871365171671,0.030361323799281914,-0.040118195164453585
rolling_60d,60d,uncapped,14,2025-08-03,2025-10-01,60,0.029271915594218045,0.07054136991175874,-0.0412694543175407
rolling_60d,60d,uncapped,14,2025-08-04,2025-10-02,60,0.023517624500855483,0.06520111787603966,-0.04168349337518418
rolling_60d,60d,uncapped,14,2025-08-05,2025-10-03,60,0.03400536354857642,0.08192703461178996,-0.047921671063213545
rolling_60d,60d,uncapped,14,2025-08-06,2025-10-04,60,0.04209216043289965,0.09366757915526125,-0.0515754187223616
rolling_60d,60d,uncapped,14,2025-08-07,2025-10-05,60,0.05255920796117808,0.10644374999999973,-0.05388454203882165
rolling_60d,60d,uncapped,14,2025-08-08,2025-10-06,60,0.04231437879160338,0.09775262852271682,-0.05543824973111344
rolling_60d,60d,uncapped,14,2025-08-09,2025-10-07,60,0.03713219575174964,0.0976394782728307,-0.06050728252108106
rolling_60d,60d,uncapped,14,2025-08-10,2025-10-08,60,0.04785130084285116,0.11178898595612918,-0.06393768511327802
rolling_60d,60d,uncapped,14,2025-08-11,2025-10-09,60,0.02896462306189962,0.08551812522885549,-0.05655350216695587
rolling_60d,60d,uncapped,14,2025-08-12,2025-10-10,60,-0.020735293197473248,0.04659301865546728,-0.06732831185294053
rolling_60d,60d,uncapped,14,2025-08-13,2025-10-11,60,-0.033596612943503024,0.03682609224778166,-0.07042270519128468
rolling_60d,60d,uncapped,14,2025-08-14,2025-10-12,60,-0.02962617929175404,0.03394558713315421,-0.06357176642490825
rolling_60d,60d,uncapped,14,2025-08-15,2025-10-13,60,-0.010701419273441704,0.043174209698095156,-0.05387562897153686
rolling_60d,60d,uncapped,14,2025-08-16,2025-10-14,60,-0.01602334017047735,0.0383561142075719,-0.05437945437804925
rolling_60d,60d,uncapped,14,2025-08-17,2025-10-15,60,-0.02426103622319098,0.034245903247962284,-0.05850693947115326
rolling_60d,60d,uncapped,14,2025-08-18,2025-10-16,60,-0.04591885719386257,0.013060078813990739,-0.05897893600785331
rolling_60d,60d,uncapped,14,2025-08-19,2025-10-17,60,-0.04750364562769427,0.013163027124751814,-0.06066667275244608
rolling_60d,60d,uncapped,14,2025-08-20,2025-10-18,60,-0.023581434926832845,0.040604553864931336,-0.06418598879176418
rolling_60d,60d,uncapped,14,2025-08-21,2025-10-19,60,-0.02919305400047123,0.03530904044558314,-0.06450209444605437
rolling_60d,60d,uncapped,14,2025-08-22,2025-10-20,60,-0.015226920031537472,0.05171736375157776,-0.06694428378311523
rolling_60d,60d,uncapped,14,2025-08-23,2025-10-21,60,-0.05304969187817066,0.012087891630927272,-0.06513758350909793
rolling_60d,60d,uncapped,14,2025-08-24,2025-10-22,60,-0.049569687103520055,0.02082459380771562,-0.07039428091123567
rolling_60d,60d,uncapped,14,2025-08-25,2025-10-23,60,-0.02358161379140289,0.05140195810939585,-0.07498357190079874
rolling_60d,60d,uncapped,14,2025-08-26,2025-10-24,60,-0.012869773725361133,0.06398844858013097,-0.07685822230549211
rolling_60d,60d,uncapped,14,2025-08-27,2025-10-25,60,-0.01759305874413286,0.06170569949508553,-0.07929875823921839
rolling_60d,60d,uncapped,14,2025-08-28,2025-10-26,60,0.0075343600777435515,0.08977629828608191,-0.08224193820833836
rolling_60d,60d,uncapped,14,2025-08-29,2025-10-27,60,-0.004693940028319354,0.07802776448060578,-0.08272170450892513
rolling_60d,60d,uncapped,14,2025-08-30,2025-10-28,60,0.019825153819158947,0.1051939513477902,-0.08536879752863125
rolling_60d,60d,uncapped,14,2025-08-31,2025-10-29,60,0.0052546661541075235,0.08305822971644927,-0.07780356356234175
rolling_60d,60d,uncapped,14,2025-09-01,2025-10-30,60,0.0011716416037312882,0.0892223629503246,-0.08805072134659331
rolling_60d,60d,uncapped,14,2025-09-02,2025-10-31,60,0.0001415049918009892,0.07760910193775539,-0.0774675969459544
rolling_60d,60d,uncapped,14,2025-09-03,2025-11-01,60,-0.01778867094579628,0.058078918165620275,-0.07586758911141656
rolling_60d,60d,uncapped,14,2025-09-04,2025-11-02,60,-0.02103997873949337,0.058710751910753034,-0.0797507306502464
rolling_60d,60d,uncapped,14,2025-09-05,2025-11-03,60,-0.0711374169337361,0.019539741957058654,-0.09067715889079475
rolling_60d,60d,uncapped,14,2025-09-06,2025-11-04,60,-0.10300115509746088,-0.011699566993418009,-0.09130158810404287
rolling_60d,60d,uncapped,14,2025-09-07,2025-11-05,60,-0.08468720563048227,0.010866677466379038,-0.0955538830968613
rolling_60d,60d,uncapped,14,2025-09-08,2025-11-06,60,-0.09607027213036212,-0.02328776843830871,-0.07278250369205341
rolling_60d,60d,uncapped,14,2025-09-09,2025-11-07,60,-0.07377008834478815,-0.013455586951930387,-0.06031450139285777
rolling_60d,60d,uncapped,14,2025-09-10,2025-11-08,60,-0.07961628022248302,-0.018384695079186275,-0.06123158514329674
rolling_60d,60d,uncapped,14,2025-09-11,2025-11-09,60,-0.08105693132796055,-0.020954781786678978,-0.06010214954128157
rolling_60d,60d,uncapped,14,2025-09-12,2025-11-10,60,-0.0824945860935784,-0.022516968678005567,-0.05997761741557284
rolling_60d,60d,uncapped,14,2025-09-13,2025-11-11,60,-0.09276893587927537,-0.04090197928825523,-0.05186695659102014
rolling_60d,60d,uncapped,14,2025-09-14,2025-11-12,60,-0.09656146006805633,-0.045448318804485965,-0.05111314126357036
rolling_60d,60d,uncapped,14,2025-09-15,2025-11-13,60,-0.11469586385853814,-0.05628353924872154,-0.0584123246098166
rolling_60d,60d,uncapped,14,2025-09-16,2025-11-14,60,-0.14878083765596128,-0.1040822298176497,-0.04469860783831159
rolling_60d,60d,uncapped,14,2025-09-17,2025-11-15,60,-0.1532973249988182,-0.11111042649940717,-0.04218689849941104
rolling_60d,60d,uncapped,14,2025-09-18,2025-11-16,60,-0.177795572532917,-0.1306839301201853,-0.04711164241273169
rolling_60d,60d,uncapped,14,2025-09-19,2025-11-17,60,-0.1959413833175213,-0.15202914784407318,-0.043912235473448136
rolling_60d,60d,uncapped,14,2025-09-20,2025-11-18,60,-0.19063825875532936,-0.1506231768761609,-0.04001508187916847
rolling_60d,60d,uncapped,14,2025-09-21,2025-11-19,60,-0.19897508000416353,-0.15775842932195538,-0.041216650682208145
rolling_60d,60d,uncapped,14,2025-09-22,2025-11-20,60,-0.2278310446829741,-0.19408456984319644,-0.03374647483977766
rolling_60d,60d,uncapped,14,2025-09-23,2025-11-21,60,-0.22714384652962694,-0.20323544051766973,-0.023908406011957206
rolling_60d,60d,uncapped,14,2025-09-24,2025-11-22,60,-0.22232103711393225,-0.2023517177437526,-0.01996931937017965
rolling_60d,60d,uncapped,14,2025-09-25,2025-11-23,60,-0.20238286750327616,-0.17927820877322798,-0.02310465873004819
rolling_60d,60d,uncapped,14,2025-09-26,2025-11-24,60,-0.18620784641906774,-0.16217515017388362,-0.024032696245184115
rolling_60d,60d,uncapped,14,2025-09-27,2025-11-25,60,-0.1802143337334896,-0.17344067185651812,-0.006773661876971482
rolling_60d,60d,uncapped,14,2025-09-28,2025-11-26,60,-0.16253531096438245,-0.1421676979688522,-0.02036761299553025
rolling_60d,60d,uncapped,14,2025-09-29,2025-11-27,60,-0.16179068969260024,-0.14793528764158015,-0.013855402051020094
rolling_60d,60d,uncapped,14,2025-09-30,2025-11-28,60,-0.17297847895041973,-0.16386825267316174,-0.009110226277257993
rolling_60d,60d,uncapped,14,2025-10-01,2025-11-29,60,-0.15500222399664376,-0.16478124155550267,0.009779017558858905
rolling_60d,60d,uncapped,14,2025-10-02,2025-11-30,60,-0.20137111501501814,-0.19406528189910688,-0.007305833115911264
rolling_60d,60d,uncapped,14,2025-10-03,2025-12-01,60,-0.256854513569188,-0.24350535266696027,-0.013349160902227708
rolling_60d,60d,uncapped,14,2025-10-04,2025-12-02,60,-0.23427603565273547,-0.21642543821726945,-0.01785059743546602
rolling_60d,60d,uncapped,14,2025-10-05,2025-12-03,60,-0.22574242076550077,-0.20629868163141285,-0.019443739134087923
rolling_60d,60d,uncapped,14,2025-10-06,2025-12-04,60,-0.24305764222998194,-0.2237517722884631,-0.01930586994151884
rolling_60d,60d,uncapped,14,2025-10-07,2025-12-05,60,-0.2635943405718194,-0.24763930625428632,-0.01595503431753309
rolling_60d,60d,uncapped,14,2025-10-08,2025-12-06,60,-0.2504503924072464,-0.23927575015657576,-0.011174642250670663
rolling_60d,60d,uncapped,14,2025-10-09,2025-12-07,60,-0.26001771302443943,-0.2412563257190633,-0.01876138730537613
rolling_60d,60d,uncapped,14,2025-10-10,2025-12-08,60,-0.2619520185033569,-0.24103152249076398,-0.020920496012592937
rolling_60d,60d,uncapped,14,2025-10-11,2025-12-09,60,-0.21699491932866555,-0.20257633032857958,-0.014418589000085968
rolling_60d,60d,uncapped,14,2025-10-12,2025-12-10,60,-0.21225353942374214,-0.1977381567209695,-0.014515382702772639
rolling_60d,60d,uncapped,14,2025-10-13,2025-12-11,60,-0.24047297406477053,-0.2087051067428316,-0.031767867321938925
rolling_60d,60d,uncapped,14,2025-10-14,2025-12-12,60,-0.2503581397920791,-0.21477037770464935,-0.03558776208742975
rolling_60d,60d,uncapped,14,2025-10-15,2025-12-13,60,-0.2327359117836395,-0.20781351049444108,-0.024922401289198426
rolling_60d,60d,uncapped,14,2025-10-16,2025-12-14,60,-0.2434377809925362,-0.21833491461100507,-0.02510286638153114
rolling_60d,60d,uncapped,14,2025-10-17,2025-12-15,60,-0.2571833283637298,-0.21899576527525666,-0.03818756308847315
rolling_60d,60d,uncapped,14,2025-10-18,2025-12-16,60,-0.24524109776585568,-0.20237840612567748,-0.0428626916401782
rolling_60d,60d,uncapped,14,2025-10-19,2025-12-17,60,-0.2491724882374341,-0.21373709970120403,-0.03543538853623007
rolling_60d,60d,uncapped,14,2025-10-20,2025-12-18,60,-0.2711232153385513,-0.22830161214017786,-0.04282160319837347
rolling_60d,60d,uncapped,14,2025-10-21,2025-12-19,60,-0.2513236035758002,-0.20907321599652362,-0.04225038757927657
rolling_60d,60d,uncapped,14,2025-10-22,2025-12-20,60,-0.2343071980702296,-0.1930766825463911,-0.041230515523838496
rolling_60d,60d,uncapped,14,2025-10-23,2025-12-21,60,-0.23477837855701322,-0.19024662508202883,-0.04453175347498439
rolling_60d,60d,uncapped,14,2025-10-24,2025-12-22,60,-0.24216881981179395,-0.20285210800110443,-0.03931671181068952
rolling_60d,60d,uncapped,14,2025-10-25,2025-12-23,60,-0.24627476281784821,-0.2133103331805304,-0.03296442963731783
rolling_60d,60d,uncapped,14,2025-10-26,2025-12-24,60,-0.2543622784340702,-0.2231287200144274,-0.031233558419642815
rolling_60d,60d,uncapped,14,2025-10-27,2025-12-25,60,-0.27381524668955204,-0.24215852198679988,-0.03165672470275216
rolling_60d,60d,uncapped,14,2025-10-28,2025-12-26,60,-0.27015963035793233,-0.24126110124333655,-0.028898529114595783
rolling_60d,60d,uncapped,14,2025-10-29,2025-12-27,60,-0.2602545819713409,-0.23636525877453518,-0.0238893231968057
rolling_60d,60d,uncapped,14,2025-10-30,2025-12-28,60,-0.2491921749128203,-0.22166384775439596,-0.02752832715842435
rolling_60d,60d,uncapped,14,2025-10-31,2025-12-29,60,-0.2458293786775505,-0.22591289313152918,-0.019916485546021323
rolling_60d,60d,uncapped,14,2025-11-01,2025-12-30,60,-0.2390739872554153,-0.2180307916996218,-0.02104319555579348
rolling_60d,60d,uncapped,14,2025-11-02,2025-12-31,60,-0.2467944639051205,-0.21931974780179364,-0.027474716103326857
rolling_60d,60d,uncapped,14,2025-11-03,2026-01-01,60,-0.2344319045512644,-0.21463108281962795,-0.019800821731636442
rolling_60d,60d,uncapped,14,2025-11-04,2026-01-02,60,-0.18123325936852341,-0.17891569305306287,-0.0023175663154605397
rolling_60d,60d,uncapped,14,2025-11-05,2026-01-03,60,-0.14759535188246864,-0.14410708455761723,-0.003488267324851413
rolling_60d,60d,uncapped,14,2025-11-06,2026-01-04,60,-0.15232705410655822,-0.15073524698400453,-0.00159180712255369
rolling_60d,60d,uncapped,14,2025-11-07,2026-01-05,60,-0.12435408840872142,-0.10057659157105714,-0.02377749683766428
rolling_60d,60d,uncapped,14,2025-11-08,2026-01-06,60,-0.14674114869808275,-0.11580902649233882,-0.030932122205743928
rolling_60d,60d,uncapped,14,2025-11-09,2026-01-07,60,-0.13992948600995525,-0.12838263058526744,-0.011546855424687807
rolling_60d,60d,uncapped,14,2025-11-10,2026-01-08,60,-0.15529758509520852,-0.1425812681042743,-0.012716316990934229
rolling_60d,60d,uncapped,14,2025-11-11,2026-01-09,60,-0.16220768867129798,-0.14922216418004974,-0.012985524491248235
rolling_60d,60d,uncapped,14,2025-11-12,2026-01-10,60,-0.15382504278480658,-0.13560978767477672,-0.01821525511002986
rolling_60d,60d,uncapped,14,2025-11-13,2026-01-11,60,-0.1589928043166856,-0.12727249006855312,-0.031720314248132486
rolling_60d,60d,uncapped,14,2025-11-14,2026-01-12,60,-0.13981373715333578,-0.11001719121925013,-0.02979654593408565
rolling_60d,60d,uncapped,14,2025-11-15,2026-01-13,60,-0.06703563101079224,-0.027163753865394602,-0.03987187714539764
rolling_60d,60d,uncapped,14,2025-11-16,2026-01-14,60,-0.06262725675773306,-0.015492323155297139,-0.047134933602435924
rolling_60d,60d,uncapped,14,2025-11-17,2026-01-15,60,-0.049177355147823176,0.004126135756283844,-0.05330349090410702
rolling_60d,60d,uncapped,14,2025-11-18,2026-01-16,60,-0.030818472155245247,0.023370590796929713,-0.05418906295217496
rolling_60d,60d,uncapped,14,2025-11-19,2026-01-17,60,-0.033929814590680674,0.02011921962695329,-0.05404903421763396
rolling_60d,60d,uncapped,14,2025-11-20,2026-01-18,60,-0.04097812289725489,0.014759715348350744,-0.05573783824560563
rolling_60d,60d,uncapped,14,2025-11-21,2026-01-19,60,-0.016022200389418817,0.05312134997233886,-0.06914355036175768
rolling_60d,60d,uncapped,14,2025-11-22,2026-01-20,60,-0.028589215086855746,0.029612044730435994,-0.05820125981729174
rolling_60d,60d,uncapped,14,2025-11-23,2026-01-21,60,-0.023878885003608796,0.040651236579834826,-0.06453012158344362
rolling_60d,60d,uncapped,14,2025-11-24,2026-01-22,60,-0.05282608912131692,0.007383150649632464,-0.060209239770949385
rolling_60d,60d,uncapped,14,2025-11-25,2026-01-23,60,-0.06013000318443862,-0.003932016120507753,-0.056197987063930865
rolling_60d,60d,uncapped,14,2025-11-26,2026-01-24,60,-0.06456238273320214,0.007536169789522873,-0.07209855252272501
rolling_60d,60d,uncapped,14,2025-11-27,2026-01-25,60,-0.10295100378099753,-0.05141608339977777,-0.05153492038121976
rolling_60d,60d,uncapped,14,2025-11-28,2026-01-26,60,-0.11237613064650642,-0.05432552978705929,-0.05805060085944713
rolling_60d,60d,uncapped,14,2025-11-29,2026-01-27,60,-0.1065862778481963,-0.04853371680961294,-0.05805256103858336
rolling_60d,60d,uncapped,14,2025-11-30,2026-01-28,60,-0.13106648831977186,-0.050861416060645426,-0.08020507225912643
rolling_60d,60d,uncapped,14,2025-12-01,2026-01-29,60,-0.14478355795745468,-0.08510309278350325,-0.059680465173951425
rolling_60d,60d,uncapped,14,2025-12-02,2026-01-30,60,-0.0980099501024454,-0.03143772837059311,-0.06657222173185229
rolling_60d,60d,uncapped,14,2025-12-03,2026-01-31,60,-0.14721561209176437,-0.1348021185817233,-0.012413493510041063
rolling_60d,60d,uncapped,14,2025-12-04,2026-02-01,60,-0.20014945678606755,-0.1830094535924328,-0.017140003193634734
rolling_60d,60d,uncapped,14,2025-12-05,2026-02-02,60,-0.1732565673187617,-0.1490903798573684,-0.024166187461393318
rolling_60d,60d,uncapped,14,2025-12-06,2026-02-03,60,-0.18326143713477994,-0.1629966491144067,-0.020264788020373237
rolling_60d,60d,uncapped,14,2025-12-07,2026-02-04,60,-0.20487159082357265,-0.19202730416298264,-0.01284428666059001
rolling_60d,60d,uncapped,14,2025-12-08,2026-02-05,60,-0.3143766737670366,-0.31078030039455184,-0.0035963733724847513
rolling_60d,60d,uncapped,14,2025-12-09,2026-02-06,60,-0.23019951210535594,-0.22511111111110638,-0.0050884009942495645
rolling_60d,60d,uncapped,14,2025-12-10,2026-02-07,60,-0.2463851940667754,-0.25253615525426854,0.0061509611874931425
rolling_60d,60d,uncapped,14,2025-12-11,2026-02-08,60,-0.230316762549712,-0.23479323184514345,0.00447646929543144
rolling_60d,60d,uncapped,14,2025-12-12,2026-02-09,60,-0.2312209957941438,-0.24697201017811332,0.01575101438396953
rolling_60d,60d,uncapped,14,2025-12-13,2026-02-10,60,-0.2337491071180522,-0.24239727043464665,0.00864816331659446
rolling_60d,60d,uncapped,14,2025-12-14,2026-02-11,60,-0.25930632028035483,-0.26406566574886614,0.004759345468511311
rolling_60d,60d,uncapped,14,2025-12-15,2026-02-12,60,-0.2406338166133496,-0.2627143073888588,0.02208049077550922
rolling_60d,60d,uncapped,14,2025-12-16,2026-02-13,60,-0.17657020208430718,-0.21925639039503697,0.04268618831072979
rolling_60d,60d,uncapped,14,2025-12-17,2026-02-14,60,-0.1521980391457204,-0.21208685125878424,0.05988881211306385
rolling_60d,60d,uncapped,14,2025-12-18,2026-02-15,60,-0.15976357675554376,-0.20732986734431902,0.04756629058877526
rolling_60d,60d,uncapped,14,2025-12-19,2026-02-16,60,-0.13667973846031178,-0.1990442731052412,0.062364534644929415
rolling_60d,60d,uncapped,14,2025-12-20,2026-02-17,60,-0.18473104883661273,-0.2381173674226501,0.05338631858603737
rolling_60d,60d,uncapped,14,2025-12-21,2026-02-18,60,-0.19774745577716746,-0.25065724489020147,0.05290978911303401
rolling_60d,60d,uncapped,14,2025-12-22,2026-02-19,60,-0.21452211223701656,-0.2520848640009681,0.03756275176395152
rolling_60d,60d,uncapped,14,2025-12-23,2026-02-20,60,-0.21286677596076076,-0.24213976939790338,0.029272993437142625
rolling_60d,60d,uncapped,14,2025-12-24,2026-02-21,60,-0.21039919821011133,-0.2334202254082579,0.023021027198146582
rolling_60d,60d,uncapped,14,2025-12-25,2026-02-22,60,-0.21398019407563051,-0.22976852890873045,0.015788334833099937
rolling_60d,60d,uncapped,14,2025-12-26,2026-02-23,60,-0.24027179599966808,-0.2576684252299284,0.017396629230260308
rolling_60d,60d,uncapped,14,2025-12-27,2026-02-24,60,-0.25076748656227377,-0.2677232327488599,0.01695574618658613
rolling_60d,60d,uncapped,14,2025-12-28,2026-02-25,60,-0.23117145395516092,-0.23839460297427606,0.007223149019115138
rolling_60d,60d,uncapped,14,2025-12-29,2026-02-26,60,-0.2270076328220112,-0.23804052152705235,0.011032888705041155
rolling_60d,60d,uncapped,14,2025-12-30,2026-02-27,60,-0.2282687230651559,-0.24357845064883432,0.015309727583678434
rolling_60d,60d,uncapped,14,2025-12-31,2026-02-28,60,-0.23195308059185293,-0.23963237640173352,0.007679295809880582
rolling_60d,60d,uncapped,14,2026-01-01,2026-03-01,60,-0.23304008578347657,-0.2498164492696986,0.016776363486222023
rolling_60d,60d,uncapped,14,2026-01-02,2026-03-02,60,-0.21758363248787715,-0.21779264941073695,0.0002090169228597949
rolling_60d,60d,uncapped,14,2026-01-03,2026-03-03,60,-0.22973009994006777,-0.22941876992815768,-0.0003113300119100826
rolling_60d,60d,uncapped,14,2026-01-04,2026-03-04,60,-0.21363938914026526,-0.19566676838571162,-0.017972620754553637
rolling_60d,60d,uncapped,14,2026-01-05,2026-03-05,60,-0.22285218476078827,-0.21596081124940258,-0.00689137351138569
rolling_60d,60d,uncapped,14,2026-01-06,2026-03-06,60,-0.2574101083474776,-0.25968761703345866,0.002277508685981089
rolling_60d,60d,uncapped,14,2026-01-07,2026-03-07,60,-0.26756013556482483,-0.2699319807842002,0.0023718452193753903
rolling_60d,60d,uncapped,14,2026-01-08,2026-03-08,60,-0.281534986970995,-0.2640944645005976,-0.0174405224703974
rolling_60d,60d,uncapped,14,2026-01-09,2026-03-09,60,-0.26800782091413333,-0.2458333333333278,-0.022174487580805535
rolling_60d,60d,uncapped,14,2026-01-10,2026-03-10,60,-0.2543886622806236,-0.23349307375514317,-0.020895588525480457
rolling_60d,60d,uncapped,14,2026-01-11,2026-03-11,60,-0.2557774271970844,-0.22996907085245366,-0.025808356344630745
rolling_60d,60d,uncapped,14,2026-01-12,2026-03-12,60,-0.24323327760741553,-0.22864937588757983,-0.014583901719835701
rolling_60d,60d,uncapped,14,2026-01-13,2026-03-13,60,-0.23636383767095437,-0.22450056091707826,-0.011863276753876106
rolling_60d,60d,uncapped,14,2026-01-14,2026-03-14,60,-0.2454015779922184,-0.2486928197948468,0.0032912418026284085
rolling_60d,60d,uncapped,14,2026-01-15,2026-03-15,60,-0.24079986442144574,-0.24593395761458625,0.00513409319314051
rolling_60d,60d,uncapped,14,2026-01-16,2026-03-16,60,-0.20210981095693692,-0.22049764378583558,0.018387832828898665
rolling_60d,60d,uncapped,14,2026-01-17,2026-03-17,60,-0.20416946691147775,-0.22619148936169797,0.022022022450220224
rolling_60d,60d,uncapped,14,2026-01-18,2026-03-18,60,-0.23022136232743706,-0.24635587188611752,0.016134509558680454
rolling_60d,60d,uncapped,14,2026-01-19,2026-03-19,60,-0.22947454963396274,-0.24909093532653526,0.019616385692572513
rolling_60d,60d,uncapped,14,2026-01-20,2026-03-20,60,-0.20965151548543415,-0.23093200242248668,0.021280486937052534
rolling_60d,60d,uncapped,14,2026-01-21,2026-03-21,60,-0.19280288856937355,-0.21429979976942726,0.021496911200053703
rolling_60d,60d,uncapped,14,2026-01-22,2026-03-22,60,-0.21419859034114364,-0.22936084466011852,0.015162254318974888
rolling_60d,60d,uncapped,14,2026-01-23,2026-03-23,60,-0.20988762930038762,-0.20520557428364772,-0.0046820550167399055
rolling_60d,60d,uncapped,14,2026-01-24,2026-03-24,60,-0.201255176691029,-0.20293830172524574,0.001683125034216748
rolling_60d,60d,uncapped,14,2026-01-25,2026-03-25,60,-0.19330590399870395,-0.19121711925156115,-0.0020887847471428023
rolling_60d,60d,uncapped,14,2026-01-26,2026-03-26,60,-0.19960714537854451,-0.19286270236612446,-0.006744443012420054
rolling_60d,60d,uncapped,14,2026-01-27,2026-03-27,60,-0.21128966049484388,-0.22025210927307926,0.008962448778235377
rolling_60d,60d,uncapped,14,2026-01-28,2026-03-28,60,-0.21338158080926717,-0.22200459585755372,0.008623015048286553
rolling_60d,60d,uncapped,14,2026-01-29,2026-03-29,60,-0.2138541472677179,-0.22128912302447634,0.007434975756758444
rolling_60d,60d,uncapped,14,2026-01-30,2026-03-30,60,-0.1735801376902555,-0.1832135412055359,0.009633403515280414
rolling_90d,90d,uncapped,14,2025-03-01,2025-05-29,90,-0.17507762992505393,0.18382134393702776,-0.3588989738620817
rolling_90d,90d,uncapped,14,2025-03-02,2025-05-30,90,-0.2063415562999904,0.1473031956352382,-0.3536447519352286
rolling_90d,90d,uncapped,14,2025-03-03,2025-05-31,90,-0.2794640641286924,0.03542777941115527,-0.31489184353984767
rolling_90d,90d,uncapped,14,2025-03-04,2025-06-01,90,-0.20744301541534138,0.1485883757655222,-0.3560313911808636
rolling_90d,90d,uncapped,14,2025-03-05,2025-06-02,90,-0.1935941868467752,0.1363950329245316,-0.3299892197713068
rolling_90d,90d,uncapped,14,2025-03-06,2025-06-03,90,-0.23020933399646937,0.0885931840023717,-0.3188025179988411
rolling_90d,90d,uncapped,14,2025-03-07,2025-06-04,90,-0.23385278574529844,0.08533696066488572,-0.31918974641018416
rolling_90d,90d,uncapped,14,2025-03-08,2025-06-05,90,-0.23744251372925773,0.09470674600108886,-0.3321492597303466
rolling_90d,90d,uncapped,14,2025-03-09,2025-06-06,90,-0.21679920309352563,0.12947956199838617,-0.3462787650919118
rolling_90d,90d,uncapped,14,2025-03-10,2025-06-07,90,-0.16682301006253708,0.20962922609614965,-0.3764522361586867
rolling_90d,90d,uncapped,14,2025-03-11,2025-06-08,90,-0.15085949239276597,0.23689862725289812,-0.3877581196456641
rolling_90d,90d,uncapped,14,2025-03-12,2025-06-09,90,-0.15796509210538545,0.21960113775415202,-0.37756622985953747
rolling_90d,90d,uncapped,14,2025-03-13,2025-06-10,90,-0.15728991636129186,0.2144907205856279,-0.37178063694691976
rolling_90d,90d,uncapped,14,2025-03-14,2025-06-11,90,-0.14016040471963553,0.24538524276369889,-0.3855456474833344
rolling_90d,90d,uncapped,14,2025-03-15,2025-06-12,90,-0.18493146508817626,0.1734596774193593,-0.35839114250753557
rolling_90d,90d,uncapped,14,2025-03-16,2025-06-13,90,-0.18286440745868104,0.18593260345925455,-0.3687970109179356
rolling_90d,90d,uncapped,14,2025-03-17,2025-06-14,90,-0.1745020295322871,0.20377405032067863,-0.37827607985296574
rolling_90d,90d,uncapped,14,2025-03-18,2025-06-15,90,-0.18032945453112714,0.18776659828726316,-0.3680960528183903
rolling_90d,90d,uncapped,14,2025-03-19,2025-06-16,90,-0.17242642592785595,0.20891817447096672,-0.3813446003988227
rolling_90d,90d,uncapped,14,2025-03-20,2025-06-17,90,-0.19813664077235926,0.14038003261006415,-0.3385166733824234
rolling_90d,90d,uncapped,14,2025-03-21,2025-06-18,90,-0.1898712556379295,0.17042253521126893,-0.36029379084919844
rolling_90d,90d,uncapped,14,2025-03-22,2025-06-19,90,-0.19159872774703335,0.16448995983935832,-0.3560886875863917
rolling_90d,90d,uncapped,14,2025-03-23,2025-06-20,90,-0.19545139450891413,0.1594589154152768,-0.3549103099241909
rolling_90d,90d,uncapped,14,2025-03-24,2025-06-21,90,-0.2122931889303028,0.12589395419173854,-0.33818714312204134
rolling_90d,90d,uncapped,14,2025-03-25,2025-06-22,90,-0.23954346326137244,0.0942990291262158,-0.33384249238758823
rolling_90d,90d,uncapped,14,2025-03-26,2025-06-23,90,-0.2128520901198735,0.13387115541248407,-0.34672324553235756
rolling_90d,90d,uncapped,14,2025-03-27,2025-06-24,90,-0.2108824477103014,0.13277846919726133,-0.34366091690756273
rolling_90d,90d,uncapped,14,2025-03-28,2025-06-25,90,-0.19855362204174476,0.14536130536130898,-0.34391492740305374
rolling_90d,90d,uncapped,14,2025-03-29,2025-06-26,90,-0.19953885868387577,0.16775779366960597,-0.36729665235348175
rolling_90d,90d,uncapped,14,2025-03-30,2025-06-27,90,-0.18844148863233923,0.19099684711337028,-0.3794383357457095
rolling_90d,90d,uncapped,14,2025-03-31,2025-06-28,90,-0.18561390222546947,0.19537037037037397,-0.38098427259584344
rolling_90d,90d,uncapped,14,2025-04-01,2025-06-29,90,-0.15280830472808882,0.20162350840165488,-0.3544318131297437
rolling_90d,90d,uncapped,14,2025-04-02,2025-06-30,90,-0.03303642319068434,0.1496988023148409,-0.18273522550552523
rolling_90d,90d,uncapped,14,2025-04-03,2025-07-01,90,0.06326115867031468,0.18152575774849833,-0.11826459907818365
rolling_90d,90d,uncapped,14,2025-04-04,2025-07-02,90,0.15249741812108053,0.19607429637439866,-0.04357687825331813
rolling_90d,90d,uncapped,14,2025-04-05,2025-07-03,90,0.16545694133421196,0.20674561680810988,-0.04128867547389792
rolling_90d,90d,uncapped,14,2025-04-06,2025-07-04,90,0.13450110844772967,0.19873635375605936,-0.06423524530832969
rolling_90d,90d,uncapped,14,2025-04-07,2025-07-05,90,0.201256121038635,0.2614009702953386,-0.0601448492567036
rolling_90d,90d,uncapped,14,2025-04-08,2025-07-06,90,0.20200515154021748,0.25666392796943516,-0.05465877642921768
rolling_90d,90d,uncapped,14,2025-04-09,2025-07-07,90,0.2208624283572478,0.2920956203105842,-0.07123319195333644
rolling_90d,90d,uncapped,14,2025-04-10,2025-07-08,90,0.12777086322147269,0.2203880778788947,-0.09261721465742201
rolling_90d,90d,uncapped,14,2025-04-11,2025-07-09,90,0.1921781372935769,0.27985517568850504,-0.08767703839492813
rolling_90d,90d,uncapped,14,2025-04-12,2025-07-10,90,0.22749159836191524,0.2874837563535193,-0.05999215799160407
rolling_90d,90d,uncapped,14,2025-04-13,2025-07-11,90,0.2213769738656255,0.279173000420448,-0.05779602655482252
rolling_90d,90d,uncapped,14,2025-04-14,2025-07-12,90,0.2579865370759038,0.3136513157894676,-0.05566477871356379
rolling_90d,90d,uncapped,14,2025-04-15,2025-07-13,90,0.2671034380071102,0.31546485703590776,-0.048361419028797537
rolling_90d,90d,uncapped,14,2025-04-16,2025-07-14,90,0.25922321353767597,0.3422956245340656,-0.08307241099638962
rolling_90d,90d,uncapped,14,2025-04-17,2025-07-15,90,0.23072876796465436,0.3203477775405936,-0.08961900957593927
rolling_90d,90d,uncapped,14,2025-04-18,2025-07-16,90,0.24323142242524742,0.31287464164711487,-0.06964321922186745
rolling_90d,90d,uncapped,14,2025-04-19,2025-07-17,90,0.2644928888364073,0.32813356346473155,-0.06364067462832423
rolling_90d,90d,uncapped,14,2025-04-20,2025-07-18,90,0.25729996049573156,0.31175460162654156,-0.05445464113081
rolling_90d,90d,uncapped,14,2025-04-21,2025-07-19,90,0.26798617583467155,0.31421872710398424,-0.046232551269312694
rolling_90d,90d,uncapped,14,2025-04-22,2025-07-20,90,0.2562553611901832,0.2668805449936602,-0.01062518380347699
rolling_90d,90d,uncapped,14,2025-04-23,2025-07-21,90,0.21316256906006426,0.1931405654821794,0.02002200357788486
rolling_90d,90d,uncapped,14,2025-04-24,2025-07-22,90,0.23816324012147527,0.21037815939589288,0.02778508072558239
rolling_90d,90d,uncapped,14,2025-04-25,2025-07-23,90,0.19848439465394518,0.20311177125881152,-0.00462737660486634
rolling_90d,90d,uncapped,14,2025-04-26,2025-07-24,90,0.15597282219474606,0.1796646669743056,-0.023691844779559545
rolling_90d,90d,uncapped,14,2025-04-27,2025-07-25,90,0.1447398279382126,0.17295611299037406,-0.02821628505216145
rolling_90d,90d,uncapped,14,2025-04-28,2025-07-26,90,0.17272572167335576,0.1909684198064321,-0.01824269813307633
rolling_90d,90d,uncapped,14,2025-04-29,2025-07-27,90,0.17026315883084853,0.18806860115894297,-0.017805442328094445
rolling_90d,90d,uncapped,14,2025-04-30,2025-07-28,90,0.16642026939179155,0.19174856975208754,-0.025328300360295986
rolling_90d,90d,uncapped,14,2025-05-01,2025-07-29,90,0.16196048301676913,0.19949745420881215,-0.03753697119204302
rolling_90d,90d,uncapped,14,2025-05-02,2025-07-30,90,0.14498520045455954,0.17040847809084458,-0.025423277636285047
rolling_90d,90d,uncapped,14,2025-05-03,2025-07-31,90,0.13178557378068656,0.16201226108906797,-0.030226687308381406
rolling_90d,90d,uncapped,14,2025-05-04,2025-08-01,90,0.10770475461288109,0.14968535156959972,-0.04198059695671863
rolling_90d,90d,uncapped,14,2025-05-05,2025-08-02,90,0.11978638527473051,0.16040253612503075,-0.04061615085030024
rolling_90d,90d,uncapped,14,2025-05-06,2025-08-03,90,0.15467948021724154,0.18840536733633972,-0.033725887119098186
rolling_90d,90d,uncapped,14,2025-05-07,2025-08-04,90,0.15789705043172342,0.16660603855947254,-0.008708988127749118
rolling_90d,90d,uncapped,14,2025-05-08,2025-08-05,90,0.1521389514078304,0.16110913563761997,-0.008970184229789568
rolling_90d,90d,uncapped,14,2025-05-09,2025-08-06,90,0.09360527185588863,0.10522425690937154,-0.011618985053482911
rolling_90d,90d,uncapped,14,2025-05-10,2025-08-07,90,0.1081943454679748,0.1263428889507332,-0.018148543482758406
rolling_90d,90d,uncapped,14,2025-05-11,2025-08-08,90,0.08150598792329378,0.1036792296655964,-0.02217324174230262
rolling_90d,90d,uncapped,14,2025-05-12,2025-08-09,90,0.08058954935171392,0.10079943908658517,-0.020209889734871256
rolling_90d,90d,uncapped,14,2025-05-13,2025-08-10,90,0.10111863476391303,0.1308098409302636,-0.02969120616635057
rolling_90d,90d,uncapped,14,2025-05-14,2025-08-11,90,0.09368534008825424,0.12646554679465227,-0.03278020670639803
rolling_90d,90d,uncapped,14,2025-05-15,2025-08-12,90,0.10290609621449143,0.12726873636699731,-0.024362640152505888
rolling_90d,90d,uncapped,14,2025-05-16,2025-08-13,90,0.14426330127982023,0.15100023277148544,-0.00673693149166521
rolling_90d,90d,uncapped,14,2025-05-17,2025-08-14,90,0.11446179589991856,0.12325971827909954,-0.008797922379180978
rolling_90d,90d,uncapped,14,2025-05-18,2025-08-15,90,0.11845286316708781,0.11709948443765295,0.001353378729434862
rolling_90d,90d,uncapped,14,2025-05-19,2025-08-16,90,0.09264445903452034,0.0827810611594384,0.009863397875081947
rolling_90d,90d,uncapped,14,2025-05-20,2025-08-17,90,0.10913673279851732,0.09821909325867084,0.01091763953984648
rolling_90d,90d,uncapped,14,2025-05-21,2025-08-18,90,0.0849196161815482,0.07410387710314503,0.010815739078403164
rolling_90d,90d,uncapped,14,2025-05-22,2025-08-19,90,0.05412951508657926,0.03152157516052845,0.022607939926050813
rolling_90d,90d,uncapped,14,2025-05-23,2025-08-20,90,0.04562682232499782,0.028301521295559073,0.017325301029438744
rolling_90d,90d,uncapped,14,2025-05-24,2025-08-21,90,0.0712264674865859,0.05327094694265,0.0179555205439359
rolling_90d,90d,uncapped,14,2025-05-25,2025-08-22,90,0.0894179909181867,0.07057065036870314,0.01884734054948356
rolling_90d,90d,uncapped,14,2025-05-26,2025-08-23,90,0.0695521804121566,0.048425212356738134,0.02112696805541847
rolling_90d,90d,uncapped,14,2025-05-27,2025-08-24,90,0.058416202820754215,0.0349897880779948,0.023426414742759416
rolling_90d,90d,uncapped,14,2025-05-28,2025-08-25,90,0.052994108096328985,0.03029561698724037,0.022698491109088614
rolling_90d,90d,uncapped,14,2025-05-29,2025-08-26,90,0.06634358971419974,0.04217584800730245,0.024167741706897283
rolling_90d,90d,uncapped,14,2025-05-30,2025-08-27,90,0.07654451892879321,0.05592123120352621,0.020623287725267003
rolling_90d,90d,uncapped,14,2025-05-31,2025-08-28,90,0.09585558184485388,0.06437543733314288,0.031480144511710995
rolling_90d,90d,uncapped,14,2025-06-01,2025-08-29,90,0.06104031685163913,0.028293276543969403,0.03274704030766973
rolling_90d,90d,uncapped,14,2025-06-02,2025-08-30,90,0.05358370908713983,0.017819776800095832,0.035763932287044
rolling_90d,90d,uncapped,14,2025-06-03,2025-08-31,90,0.026830639005904766,0.018457486324049865,0.0083731526818549
rolling_90d,90d,uncapped,14,2025-06-04,2025-09-01,90,0.046801219306070285,0.035591562877761884,0.011209656428308401
rolling_90d,90d,uncapped,14,2025-06-05,2025-09-02,90,0.08192810369502612,0.06734060061839564,0.014587503076630481
rolling_90d,90d,uncapped,14,2025-06-06,2025-09-03,90,0.11719599490162902,0.09350161647820388,0.023694378423425144
rolling_90d,90d,uncapped,14,2025-06-07,2025-09-04,90,0.09382616608991112,0.07054181900808487,0.02328434708182625
rolling_90d,90d,uncapped,14,2025-06-08,2025-09-05,90,0.0824536626147705,0.05741424370006731,0.025039418914703182
rolling_90d,90d,uncapped,14,2025-06-09,2025-09-06,90,0.08340363850143273,0.05921151971888117,0.024192118782551564
rolling_90d,90d,uncapped,14,2025-06-10,2025-09-07,90,0.05629852267073998,0.03001328903655831,0.02628523363418167
rolling_90d,90d,uncapped,14,2025-06-11,2025-09-08,90,0.058665216608667636,0.03601893217741048,0.022646284431257158
rolling_90d,90d,uncapped,14,2025-06-12,2025-09-09,90,0.06316714129306367,0.038478244889511126,0.02468889640355254
rolling_90d,90d,uncapped,14,2025-06-13,2025-09-10,90,0.11292360893079034,0.09048237566062456,0.022441233270165784
rolling_90d,90d,uncapped,14,2025-06-14,2025-09-11,90,0.11736008538263554,0.09088315411213466,0.02647693127050088
rolling_90d,90d,uncapped,14,2025-06-15,2025-09-12,90,0.12528591017358304,0.10016871238978009,0.025117197783802947
rolling_90d,90d,uncapped,14,2025-06-16,2025-09-13,90,0.13218634162010012,0.10067850044548621,0.031507841174613915
rolling_90d,90d,uncapped,14,2025-06-17,2025-09-14,90,0.12540463333283136,0.09324583364600247,0.03215879968682889
rolling_90d,90d,uncapped,14,2025-06-18,2025-09-15,90,0.1252632081186491,0.10412026726058743,0.021142940858061676
rolling_90d,90d,uncapped,14,2025-06-19,2025-09-16,90,0.13325531522606093,0.11602544266805292,0.017229872558008008
rolling_90d,90d,uncapped,14,2025-06-20,2025-09-17,90,0.1261372528074367,0.11340263072583578,0.012734622081600921
rolling_90d,90d,uncapped,14,2025-06-21,2025-09-18,90,0.1452953280269622,0.1283550580212447,0.016940270005717517
rolling_90d,90d,uncapped,14,2025-06-22,2025-09-19,90,0.1524689086399511,0.13434955368386525,0.018119354956085854
rolling_90d,90d,uncapped,14,2025-06-23,2025-09-20,90,0.17938937391886745,0.1510458439502962,0.028343529968571257
rolling_90d,90d,uncapped,14,2025-06-24,2025-09-21,90,0.12690361038584497,0.10469101680885662,0.02221259357698835
rolling_90d,90d,uncapped,14,2025-06-25,2025-09-22,90,0.10607495631593511,0.10361875987091307,0.002456196445022041
rolling_90d,90d,uncapped,14,2025-06-26,2025-09-23,90,0.08388939277516116,0.08289916422447186,0.0009902285506893094
rolling_90d,90d,uncapped,14,2025-06-27,2025-09-24,90,0.1057048609679847,0.09495231607630261,0.010752544891682092
rolling_90d,90d,uncapped,14,2025-06-28,2025-09-25,90,0.09029373727772061,0.07626034407666027,0.01403339320106034
rolling_90d,90d,uncapped,14,2025-06-29,2025-09-26,90,0.08383003580494908,0.07443570195823113,0.00939433384671795
rolling_90d,90d,uncapped,14,2025-06-30,2025-09-27,90,0.07591049032773367,0.06662928635124388,0.009281203976489794
rolling_90d,90d,uncapped,14,2025-07-01,2025-09-28,90,0.1092781150531903,0.10404334509896263,0.005234769954227669
rolling_90d,90d,uncapped,14,2025-07-02,2025-09-29,90,0.11921470421522806,0.12351039706663447,-0.0042956928514064074
rolling_90d,90d,uncapped,14,2025-07-03,2025-09-30,90,0.032628587921078145,0.10418814083437966,-0.07155955291330152
rolling_90d,90d,uncapped,14,2025-07-04,2025-10-01,90,0.06716497390965359,0.13182199832074493,-0.06465702441109134
rolling_90d,90d,uncapped,14,2025-07-05,2025-10-02,90,0.11098792962009085,0.1553414480672881,-0.04435351844719726
rolling_90d,90d,uncapped,14,2025-07-06,2025-10-03,90,0.12533738390062954,0.1706117326351939,-0.045274348734564374
rolling_90d,90d,uncapped,14,2025-07-07,2025-10-04,90,0.1293041915707256,0.1794652305494009,-0.0501610389786753
rolling_90d,90d,uncapped,14,2025-07-08,2025-10-05,90,0.14227105263768158,0.19534773801486027,-0.05307668537717869
rolling_90d,90d,uncapped,14,2025-07-09,2025-10-06,90,0.14614396709094368,0.19822796418168687,-0.052083997090743184
rolling_90d,90d,uncapped,14,2025-07-10,2025-10-07,90,0.10993653043842766,0.16356722162964976,-0.0536306911912221
rolling_90d,90d,uncapped,14,2025-07-11,2025-10-08,90,0.08507031075784277,0.13736425194838842,-0.052293941190545645
rolling_90d,90d,uncapped,14,2025-07-12,2025-10-09,90,0.07585700714214583,0.12433392539965094,-0.04847691825750511
rolling_90d,90d,uncapped,14,2025-07-13,2025-10-10,90,0.004705335207611405,0.07643670965319083,-0.07173137444557942
rolling_90d,90d,uncapped,14,2025-07-14,2025-10-11,90,-0.01615883972324894,0.05396244154688001,-0.07012128127012895
rolling_90d,90d,uncapped,14,2025-07-15,2025-10-12,90,-0.0023511143992926975,0.06090326518157485,-0.06325437958086755
rolling_90d,90d,uncapped,14,2025-07-16,2025-10-13,90,0.01088486182757431,0.06761554772076295,-0.05673068589318864
rolling_90d,90d,uncapped,14,2025-07-17,2025-10-14,90,0.0003060562867200911,0.05514888337469204,-0.054842827087971946
rolling_90d,90d,uncapped,14,2025-07-18,2025-10-15,90,-0.02048225321030439,0.03866028590257886,-0.05914253911288325
rolling_90d,90d,uncapped,14,2025-07-19,2025-10-16,90,-0.037833856575703484,0.025866991038407727,-0.06370084761411121
rolling_90d,90d,uncapped,14,2025-07-20,2025-10-17,90,-0.05395270785386019,0.013646274684707471,-0.06759898253856766
rolling_90d,90d,uncapped,14,2025-07-21,2025-10-18,90,-0.05850078054859709,0.02331005246012241,-0.0818108330087195
rolling_90d,90d,uncapped,14,2025-07-22,2025-10-19,90,-0.06204230918394493,0.030069785894128787,-0.09211209507807372
rolling_90d,90d,uncapped,14,2025-07-23,2025-10-20,90,-0.07980862672419775,0.021097383899786992,-0.10090601062398474
rolling_90d,90d,uncapped,14,2025-07-24,2025-10-21,90,-0.08665636926891163,0.006802511126614563,-0.09345888039552619
rolling_90d,90d,uncapped,14,2025-07-25,2025-10-22,90,-0.07880066611430836,0.012368906357695053,-0.09116957247200341
rolling_90d,90d,uncapped,14,2025-07-26,2025-10-23,90,-0.04969236319651826,0.034344569288387694,-0.08403693248490596
rolling_90d,90d,uncapped,14,2025-07-27,2025-10-24,90,-0.05759120890748426,0.030063930117980586,-0.08765513902546485
rolling_90d,90d,uncapped,14,2025-07-28,2025-10-25,90,-0.06702326733402797,0.023027812972827633,-0.0900510803068556
rolling_90d,90d,uncapped,14,2025-07-29,2025-10-26,90,-0.04717370123019782,0.04367226109808642,-0.09084596232828424
rolling_90d,90d,uncapped,14,2025-07-30,2025-10-27,90,-0.047668900106379364,0.03454612274899471,-0.08221502285537408
rolling_90d,90d,uncapped,14,2025-07-31,2025-10-28,90,-0.05093371364016441,0.03052335382936877,-0.08145706746953318
rolling_90d,90d,uncapped,14,2025-08-01,2025-10-29,90,-0.055597933333895955,0.0201907977630591,-0.07578873109695505
rolling_90d,90d,uncapped,14,2025-08-02,2025-10-30,90,-0.03949593096217863,0.0394102385622952,-0.07890616952447382
rolling_90d,90d,uncapped,14,2025-08-03,2025-10-31,90,-0.03118706529858517,0.04404785351690421,-0.07523491881548938
rolling_90d,90d,uncapped,14,2025-08-04,2025-11-01,90,-0.05038101899725467,0.023043716937818814,-0.07342473593507348
rolling_90d,90d,uncapped,14,2025-08-05,2025-11-02,90,-0.05730233978272603,0.022806361085125904,-0.08010870086785193
rolling_90d,90d,uncapped,14,2025-08-06,2025-11-03,90,-0.1028148575045873,-0.009287383907698787,-0.09352747359688851
rolling_90d,90d,uncapped,14,2025-08-07,2025-11-04,90,-0.13320211784704084,-0.04281250000000181,-0.09038961784703903
rolling_90d,90d,uncapped,14,2025-08-08,2025-11-05,90,-0.13233974889370825,-0.03629894117792476,-0.0960408077157835
rolling_90d,90d,uncapped,14,2025-08-09,2025-11-06,90,-0.1306370616369047,-0.05374764854037539,-0.0768894130965293
rolling_90d,90d,uncapped,14,2025-08-10,2025-11-07,90,-0.10477789232319912,-0.03854103571227563,-0.06623685661092349
rolling_90d,90d,uncapped,14,2025-08-11,2025-11-08,90,-0.13086202331582175,-0.06905895276455565,-0.061803070551266104
rolling_90d,90d,uncapped,14,2025-08-12,2025-11-09,90,-0.11635505017320191,-0.05444474877507044,-0.06191030139813147
rolling_90d,90d,uncapped,14,2025-08-13,2025-11-10,90,-0.1102656729978031,-0.04482171108677058,-0.06544396191103252
rolling_90d,90d,uncapped,14,2025-08-14,2025-11-11,90,-0.13654137581016268,-0.08114345534790268,-0.05539792046226
rolling_90d,90d,uncapped,14,2025-08-15,2025-11-12,90,-0.12204172749569875,-0.0685829551185082,-0.053458772377190544
rolling_90d,90d,uncapped,14,2025-08-16,2025-11-13,90,-0.1390246642819517,-0.07671833316036436,-0.062306331121587344
rolling_90d,90d,uncapped,14,2025-08-17,2025-11-14,90,-0.17572684184824872,-0.11745044647237801,-0.058276395375870704
rolling_90d,90d,uncapped,14,2025-08-18,2025-11-15,90,-0.17325726782961692,-0.11585534016878274,-0.057401927660834184
rolling_90d,90d,uncapped,14,2025-08-19,2025-11-16,90,-0.1898685690394274,-0.1311844866976637,-0.0586840823417637
rolling_90d,90d,uncapped,14,2025-08-20,2025-11-17,90,-0.18158896059978147,-0.12394371570454166,-0.05764524489523981
rolling_90d,90d,uncapped,14,2025-08-21,2025-11-18,90,-0.19129638550708117,-0.13514514822513157,-0.056151237281949595
rolling_90d,90d,uncapped,14,2025-08-22,2025-11-19,90,-0.19047487332265123,-0.1344233206590646,-0.056051552663586635
rolling_90d,90d,uncapped,14,2025-08-23,2025-11-20,90,-0.2410938836361235,-0.19246926833506228,-0.048624615301061214
rolling_90d,90d,uncapped,14,2025-08-24,2025-11-21,90,-0.2485818925025608,-0.1982218326393893,-0.05036005986317149
rolling_90d,90d,uncapped,14,2025-08-25,2025-11-22,90,-0.23762703730628199,-0.1920926897671973,-0.045534347539084696
rolling_90d,90d,uncapped,14,2025-08-26,2025-11-23,90,-0.20550102744050824,-0.15339643831221195,-0.0521045891282963
rolling_90d,90d,uncapped,14,2025-08-27,2025-11-24,90,-0.20562403481575386,-0.154222758404989,-0.05140127641076486
rolling_90d,90d,uncapped,14,2025-08-28,2025-11-25,90,-0.19615469394297136,-0.16005500967167718,-0.036099684271294175
rolling_90d,90d,uncapped,14,2025-08-29,2025-11-26,90,-0.18545588474304653,-0.1355098133078061,-0.049946071435240436
rolling_90d,90d,uncapped,14,2025-08-30,2025-11-27,90,-0.1478306552380677,-0.09934911242603728,-0.04848154281203043
rolling_90d,90d,uncapped,14,2025-08-31,2025-11-28,90,-0.14996527359519918,-0.10189706182748148,-0.048068211767717695
rolling_90d,90d,uncapped,14,2025-09-01,2025-11-29,90,-0.12781877421101528,-0.09818107066835868,-0.0296377035426566
rolling_90d,90d,uncapped,14,2025-09-02,2025-11-30,90,-0.1514124441959701,-0.10947899931145588,-0.041933444884514226
rolling_90d,90d,uncapped,14,2025-09-03,2025-12-01,90,-0.21327179167931498,-0.16658494412759273,-0.046686847551722255
rolling_90d,90d,uncapped,14,2025-09-04,2025-12-02,90,-0.17778090605301144,-0.12246953108861902,-0.055311374964392424
rolling_90d,90d,uncapped,14,2025-09-05,2025-12-03,90,-0.1646644009836732,-0.10669676738831091,-0.05796763359536228
rolling_90d,90d,uncapped,14,2025-09-06,2025-12-04,90,-0.17551380987192078,-0.11320766892741974,-0.06230614094450104
rolling_90d,90d,uncapped,14,2025-09-07,2025-12-05,90,-0.19027848826223115,-0.13367244451644122,-0.056606043745789925
rolling_90d,90d,uncapped,14,2025-09-08,2025-12-06,90,-0.19170843828943274,-0.13812033518904443,-0.05358810310038831
rolling_90d,90d,uncapped,14,2025-09-09,2025-12-07,90,-0.19775136960829498,-0.1344277210720891,-0.06332364853620587
rolling_90d,90d,uncapped,14,2025-09-10,2025-12-08,90,-0.1957978281017153,-0.13127972149471356,-0.06451810660700175
rolling_90d,90d,uncapped,14,2025-09-11,2025-12-09,90,-0.20260136246478833,-0.13586261225776008,-0.06673875020702824
rolling_90d,90d,uncapped,14,2025-09-12,2025-12-10,90,-0.21495745638047314,-0.14877016003487153,-0.06618729634560161
rolling_90d,90d,uncapped,14,2025-09-13,2025-12-11,90,-0.22561187622910095,-0.14601286413191994,-0.07959901209718101
rolling_90d,90d,uncapped,14,2025-09-14,2025-12-12,90,-0.23685694957175984,-0.16052303860523165,-0.0763339109665282
rolling_90d,90d,uncapped,14,2025-09-15,2025-12-13,90,-0.2236966660283891,-0.1592225134156996,-0.06447415261268952
rolling_90d,90d,uncapped,14,2025-09-16,2025-12-14,90,-0.23766030894574508,-0.17932052072243887,-0.05833978822330621
rolling_90d,90d,uncapped,14,2025-09-17,2025-12-15,90,-0.27418239046162696,-0.20454965557185245,-0.0696327348897745
rolling_90d,90d,uncapped,14,2025-09-18,2025-12-16,90,-0.2703814024884592,-0.19141370338248076,-0.07896769910597845
rolling_90d,90d,uncapped,14,2025-09-19,2025-12-17,90,-0.2797347911928936,-0.2080415061360651,-0.07169328505682848
rolling_90d,90d,uncapped,14,2025-09-20,2025-12-18,90,-0.2918255076138816,-0.2153521673974561,-0.07647334021642549
rolling_90d,90d,uncapped,14,2025-09-21,2025-12-19,90,-0.2704652166218521,-0.19059393730113472,-0.07987127932071736
rolling_90d,90d,uncapped,14,2025-09-22,2025-12-20,90,-0.2622554019906518,-0.18495627833238137,-0.07729912365827041
rolling_90d,90d,uncapped,14,2025-09-23,2025-12-21,90,-0.2519605116259147,-0.17855276256843855,-0.07340774905747616
rolling_90d,90d,uncapped,14,2025-09-24,2025-12-22,90,-0.24518367614313608,-0.17251985867140796,-0.07266381747172812
rolling_90d,90d,uncapped,14,2025-09-25,2025-12-23,90,-0.2530549708291667,-0.18856033694373853,-0.0644946338854282
rolling_90d,90d,uncapped,14,2025-09-26,2025-12-24,90,-0.24957603373586135,-0.18294656971229573,-0.06662946402356562
rolling_90d,90d,uncapped,14,2025-09-27,2025-12-25,90,-0.2538350708857976,-0.18728379993549427,-0.06655127095030333
rolling_90d,90d,uncapped,14,2025-09-28,2025-12-26,90,-0.25314477419642,-0.18835779113438955,-0.06478698306203046
rolling_90d,90d,uncapped,14,2025-09-29,2025-12-27,90,-0.2579475956461186,-0.20156369539661334,-0.05638390024950524
rolling_90d,90d,uncapped,14,2025-09-30,2025-12-28,90,-0.26568055138248947,-0.2151844376690829,-0.050496113713406565
rolling_90d,90d,uncapped,14,2025-10-01,2025-12-29,90,-0.26847869014991543,-0.21911464858623453,-0.049364041563680905
rolling_90d,90d,uncapped,14,2025-10-02,2025-12-30,90,-0.28377044750887725,-0.23738278931750445,-0.046387658191372805
rolling_90d,90d,uncapped,14,2025-10-03,2025-12-31,90,-0.3011763974060929,-0.25021668345474757,-0.05095971395134535
rolling_90d,90d,uncapped,14,2025-10-04,2026-01-01,90,-0.30203529134535934,-0.25754667496699524,-0.0444886163783641
rolling_90d,90d,uncapped,14,2025-10-05,2026-01-02,90,-0.2950859983834836,-0.2562103903673899,-0.03887560801609369
rolling_90d,90d,uncapped,14,2025-10-06,2026-01-03,90,-0.29803232147215664,-0.25956470900576256,-0.038467612466394074
rolling_90d,90d,uncapped,14,2025-10-07,2026-01-04,90,-0.2943663293385642,-0.2544428312568171,-0.03992349808174711
rolling_90d,90d,uncapped,14,2025-10-08,2026-01-05,90,-0.2660008957538521,-0.22462563343392106,-0.04137526231993105
rolling_90d,90d,uncapped,14,2025-10-09,2026-01-06,90,-0.2710261593014466,-0.23536449060057918,-0.0356616687008674
rolling_90d,90d,uncapped,14,2025-10-10,2026-01-07,90,-0.27352220904288593,-0.25250037948423465,-0.021021829558651284
rolling_90d,90d,uncapped,14,2025-10-11,2026-01-08,90,-0.23777808201185568,-0.22535620820005442,-0.012421873811801265
rolling_90d,90d,uncapped,14,2025-10-12,2026-01-09,90,-0.2286734625816449,-0.21621907131789808,-0.012454391263746811
rolling_90d,90d,uncapped,14,2025-10-13,2026-01-10,90,-0.24705608417212221,-0.23182552968721915,-0.01523055448490307
rolling_90d,90d,uncapped,14,2025-10-14,2026-01-11,90,-0.25364370365968003,-0.2207693875768031,-0.03287431608287694
rolling_90d,90d,uncapped,14,2025-10-15,2026-01-12,90,-0.2473407280181097,-0.20864836263154218,-0.03869236538656751
rolling_90d,90d,uncapped,14,2025-10-16,2026-01-13,90,-0.21186145534955192,-0.1698529411764672,-0.04200851417308471
rolling_90d,90d,uncapped,14,2025-10-17,2026-01-14,90,-0.1877356463300034,-0.1407743496672662,-0.046961296662737184
rolling_90d,90d,uncapped,14,2025-10-18,2026-01-15,90,-0.19129211746806962,-0.1389338727320466,-0.05235824473602302
rolling_90d,90d,uncapped,14,2025-10-19,2026-01-16,90,-0.18765487471914222,-0.13845251406887982,-0.0492023606502624
rolling_90d,90d,uncapped,14,2025-10-20,2026-01-17,90,-0.1952422116325282,-0.14783410361851756,-0.04740810801401063
rolling_90d,90d,uncapped,14,2025-10-21,2026-01-18,90,-0.21164345132910134,-0.16483993227323968,-0.046803519055861664
rolling_90d,90d,uncapped,14,2025-10-22,2026-01-19,90,-0.2114192644682401,-0.15972924752146822,-0.05169001694677189
rolling_90d,90d,uncapped,14,2025-10-23,2026-01-20,90,-0.23199455688915904,-0.19131997473027607,-0.04067458215888298
rolling_90d,90d,uncapped,14,2025-10-24,2026-01-21,90,-0.23785914225020155,-0.20035364690829682,-0.03750549534190473
rolling_90d,90d,uncapped,14,2025-10-25,2026-01-22,90,-0.23766015972557097,-0.19843663297063052,-0.03922352675494045
rolling_90d,90d,uncapped,14,2025-10-26,2026-01-23,90,-0.24001948223854963,-0.20651115252810226,-0.03350832971044737
rolling_90d,90d,uncapped,14,2025-10-27,2026-01-24,90,-0.2536759364801573,-0.22344158179962847,-0.03023435468052882
rolling_90d,90d,uncapped,14,2025-10-28,2026-01-25,90,-0.26586804767557093,-0.2393132030787395,-0.02655484459683144
rolling_90d,90d,uncapped,14,2025-10-29,2026-01-26,90,-0.25829849527701765,-0.22934562760261112,-0.028952867674406524
rolling_90d,90d,uncapped,14,2025-10-30,2026-01-27,90,-0.24453701689241303,-0.21101687696968208,-0.03352013992273095
rolling_90d,90d,uncapped,14,2025-10-31,2026-01-28,90,-0.24301941460068233,-0.21416308490300817,-0.028856329697674155
rolling_90d,90d,uncapped,14,2025-11-01,2026-01-29,90,-0.27437664909001847,-0.24394206779041294,-0.030434581299605523
rolling_90d,90d,uncapped,14,2025-11-02,2026-01-30,90,-0.2775271523671995,-0.23709435480919838,-0.04043279755800111
rolling_90d,90d,uncapped,14,2025-11-03,2026-01-31,90,-0.283754605366606,-0.2828659752327558,-0.0008886301338502101
rolling_90d,90d,uncapped,14,2025-11-04,2026-02-01,90,-0.28068624485493,-0.2841668979787463,0.0034806531238162908
rolling_90d,90d,uncapped,14,2025-11-05,2026-02-02,90,-0.2400898318895539,-0.23648710414625262,-0.0036027277433012816
rolling_90d,90d,uncapped,14,2025-11-06,2026-02-03,90,-0.2774811104074053,-0.28267586312995185,0.005194752722546547
rolling_90d,90d,uncapped,14,2025-11-07,2026-02-04,90,-0.2889982884749852,-0.28702107564378543,-0.0019772128311997816
rolling_90d,90d,uncapped,14,2025-11-08,2026-02-05,90,-0.4061513588434488,-0.3952938578544968,-0.010857500988951996
rolling_90d,90d,uncapped,14,2025-11-09,2026-02-06,90,-0.3273726914217038,-0.3142306482064121,-0.013142043215291666
rolling_90d,90d,uncapped,14,2025-11-10,2026-02-07,90,-0.34606240586163883,-0.34026392018023033,-0.005798485681408505
rolling_90d,90d,uncapped,14,2025-11-11,2026-02-08,90,-0.34143812412325025,-0.33362849898708546,-0.007809625136164788
rolling_90d,90d,uncapped,14,2025-11-12,2026-02-09,90,-0.34379084424493145,-0.3294989642672136,-0.014291879977717858
rolling_90d,90d,uncapped,14,2025-11-13,2026-02-10,90,-0.3527406481559415,-0.33372906895583854,-0.01901157920010299
rolling_90d,90d,uncapped,14,2025-11-14,2026-02-11,90,-0.3505023307310269,-0.34434012166093264,-0.006162209070094238
rolling_90d,90d,uncapped,14,2025-11-15,2026-02-12,90,-0.3199225214269148,-0.32463083284110594,0.004708311414191146
rolling_90d,90d,uncapped,14,2025-11-16,2026-02-13,90,-0.29413256247832265,-0.30132741829271925,0.007194855814396606
rolling_90d,90d,uncapped,14,2025-11-17,2026-02-14,90,-0.24766632606001315,-0.2671298770710774,0.01946355101106423
rolling_90d,90d,uncapped,14,2025-11-18,2026-02-15,90,-0.2473271845123528,-0.2596893598490291,0.012362175336676273
rolling_90d,90d,uncapped,14,2025-11-19,2026-02-16,90,-0.24461293779180648,-0.2600832068772643,0.015470269085457788
rolling_90d,90d,uncapped,14,2025-11-20,2026-02-17,90,-0.2574924414523794,-0.267820013471161,0.01032757201878165
rolling_90d,90d,uncapped,14,2025-11-21,2026-02-18,90,-0.2335129809814046,-0.24216973012847487,0.008656749147070264
rolling_90d,90d,uncapped,14,2025-11-22,2026-02-19,90,-0.2397440653697236,-0.22891547447991056,-0.010828590889813028
rolling_90d,90d,uncapped,14,2025-11-23,2026-02-20,90,-0.23600735662185668,-0.2137959741453065,-0.02221138247655019
rolling_90d,90d,uncapped,14,2025-11-24,2026-02-21,90,-0.2605620292030457,-0.24209002289230674,-0.018472006310738975
rolling_90d,90d,uncapped,14,2025-11-25,2026-02-22,90,-0.27518581037133083,-0.24886416808802458,-0.026321642283306246
rolling_90d,90d,uncapped,14,2025-11-26,2026-02-23,90,-0.30849908114924773,-0.2701009158167702,-0.03839816533247753
rolling_90d,90d,uncapped,14,2025-11-27,2026-02-24,90,-0.33183067258956567,-0.3071527716251673,-0.02467790096439837
rolling_90d,90d,uncapped,14,2025-11-28,2026-02-25,90,-0.3193692027600532,-0.28632955930767345,-0.03303964345237975
rolling_90d,90d,uncapped,14,2025-11-29,2026-02-26,90,-0.3136534970319652,-0.2848045078028053,-0.028848989229159905
rolling_90d,90d,uncapped,14,2025-11-30,2026-02-27,90,-0.33190608237362584,-0.29278587027654457,-0.039120212097081275
rolling_90d,90d,uncapped,14,2025-12-01,2026-02-28,90,-0.3111970882567976,-0.280500736377019,-0.030696351879778594
rolling_90d,90d,uncapped,14,2025-12-02,2026-03-01,90,-0.2787822841095804,-0.2564717904254592,-0.02231049368412119
rolling_90d,90d,uncapped,14,2025-12-03,2026-03-02,90,-0.2868200063938985,-0.2588421362365686,-0.027977870157329887
rolling_90d,90d,uncapped,14,2025-12-04,2026-03-03,90,-0.2987165355063962,-0.27787657769873175,-0.020839957807664455
rolling_90d,90d,uncapped,14,2025-12-05,2026-03-04,90,-0.2707506366572513,-0.23277543297918213,-0.03797520367806917
rolling_90d,90d,uncapped,14,2025-12-06,2026-03-05,90,-0.25532665523024556,-0.2230508018190479,-0.03227585341119765
rolling_90d,90d,uncapped,14,2025-12-07,2026-03-06,90,-0.2728162222034829,-0.24543059443437798,-0.027385627769104914
rolling_90d,90d,uncapped,14,2025-12-08,2026-03-07,90,-0.2784563759758326,-0.26426281932651297,-0.01419355664931965
rolling_90d,90d,uncapped,14,2025-12-09,2026-03-08,90,-0.2927981802932962,-0.2752148148148086,-0.0175833654784876
rolling_90d,90d,uncapped,14,2025-12-10,2026-03-09,90,-0.28743695734798747,-0.26737749513188946,-0.020059462216098
rolling_90d,90d,uncapped,14,2025-12-11,2026-03-10,90,-0.26993031366685516,-0.25115033760304917,-0.018779976063805992
rolling_90d,90d,uncapped,14,2025-12-12,2026-03-11,90,-0.2622278877782681,-0.25246819338421655,-0.009759694394051555
rolling_90d,90d,uncapped,14,2025-12-13,2026-03-12,90,-0.2465500686396106,-0.23454235276664248,-0.012007715872968117
rolling_90d,90d,uncapped,14,2025-12-14,2026-03-13,90,-0.25089959659945893,-0.22531782727116934,-0.025581769328289594
rolling_90d,90d,uncapped,14,2025-12-15,2026-03-14,90,-0.2139072145355564,-0.20209376422393532,-0.011813450311621065
rolling_90d,90d,uncapped,14,2025-12-16,2026-03-15,90,-0.1698204537150595,-0.17041053446939658,0.0005900807543370856
rolling_90d,90d,uncapped,14,2025-12-17,2026-03-16,90,-0.14507787405488393,-0.15849435344232488,0.01341647938744095
rolling_90d,90d,uncapped,14,2025-12-18,2026-03-17,90,-0.13896461707097552,-0.15209941016015927,0.01313479308918375
rolling_90d,90d,uncapped,14,2025-12-19,2026-03-18,90,-0.15008219904597786,-0.16777093992910175,0.017688740883123888
rolling_90d,90d,uncapped,14,2025-12-20,2026-03-19,90,-0.18863638867882881,-0.2070956781423492,0.01845928946352038
rolling_90d,90d,uncapped,14,2025-12-21,2026-03-20,90,-0.1860265792310879,-0.19914900083579834,0.013122421604710444
rolling_90d,90d,uncapped,14,2025-12-22,2026-03-21,90,-0.1898663630634777,-0.21534126629450412,0.025474903231026413
rolling_90d,90d,uncapped,14,2025-12-23,2026-03-22,90,-0.2097298500839363,-0.22694546858557074,0.017215618501634444
rolling_90d,90d,uncapped,14,2025-12-24,2026-03-23,90,-0.20085714426936863,-0.19017863988345607,-0.010678504385912557
rolling_90d,90d,uncapped,14,2025-12-25,2026-03-24,90,-0.18589083301366227,-0.18588885363380392,-1.9793798583522815e-06
rolling_90d,90d,uncapped,14,2025-12-26,2026-03-25,90,-0.1709338250347816,-0.17124204366838858,0.00030821863360697144
rolling_90d,90d,uncapped,14,2025-12-27,2026-03-26,90,-0.19490070235777346,-0.19079055177095194,-0.004110150586821515
rolling_90d,90d,uncapped,14,2025-12-28,2026-03-27,90,-0.20920409732245882,-0.2130843596874521,0.003880262364993281
rolling_90d,90d,uncapped,14,2025-12-29,2026-03-28,90,-0.20850438997462073,-0.21136228621454378,0.0028578962399230523
rolling_90d,90d,uncapped,14,2025-12-30,2026-03-29,90,-0.21092504668636258,-0.20946913094769337,-0.0014559157386692112
rolling_90d,90d,uncapped,14,2025-12-31,2026-03-30,90,-0.21192134359447934,-0.21027851923330687,-0.001642824361172468
