strategy,cycle_days,date,daily_return,equity,realized_risk_annualized,ending_top_ticker,ending_top_weight,ending_active_count
btc_hodl,,2025-03-01,0.030646262601918384,1.0306462626019184,0.5133474608474464,BTC,1.0,1
btc_hodl,,2025-03-02,0.11343725643024105,1.1475599469815618,0.9956098740832398,BTC,1.0,1
btc_hodl,,2025-03-03,-0.09127500805017785,1.042816403582758,0.9472805011002806,BTC,1.0,1
btc_hodl,,2025-03-04,0.0037206794284172506,1.0466963891231844,1.0587190020283437,BTC,1.0,1
btc_hodl,,2025-03-05,0.038158682404948685,1.0866369442101427,0.7482956167574804,BTC,1.0,1
btc_hodl,,2025-03-06,-0.010874547201892293,1.0748202594690095,0.7242875715516705,BTC,1.0,1
btc_hodl,,2025-03-07,-0.03280293574690285,1.039562999558178,1.0228077913113414,BTC,1.0,1
btc_hodl,,2025-03-08,-0.006382814311102436,1.0329276619673056,0.38610608201662644,BTC,1.0,1
btc_hodl,,2025-03-09,-0.057798793006908156,0.9732256898421476,0.5809408443636426,BTC,1.0,1
btc_hodl,,2025-03-10,-0.027725501848916645,0.946242519179016,0.8610431880396938,BTC,1.0,1
btc_hodl,,2025-03-11,0.047608941108557845,0.9912921235490233,0.8138819118825981,BTC,1.0,1
btc_hodl,,2025-03-12,0.005162032722586085,0.9964092059284253,0.6494746915477472,BTC,1.0,1
btc_hodl,,2025-03-13,-0.03128073654847807,0.9652407920633,0.4488646249904235,BTC,1.0,1
btc_hodl,,2025-03-14,0.03197456682035149,0.9961039482668571,0.4536928878237601,BTC,1.0,1
btc_hodl,,2025-03-15,0.001056451612903242,0.997156283889623,0.24886852341066462,BTC,1.0,1
btc_hodl,,2025-03-16,-0.020228629431807588,0.9769851789372215,0.4070061295765484,BTC,1.0,1
btc_hodl,,2025-03-17,0.010064134188456864,0.9868176888781792,0.4095685569977218,BTC,1.0,1
btc_hodl,,2025-03-18,-0.012910683468465911,0.97407719805599,0.3822698453648563,BTC,1.0,1
btc_hodl,,2025-03-19,0.052037803691304285,1.0247660360686033,0.47811134580377385,BTC,1.0,1
btc_hodl,,2025-03-20,-0.026009657594380342,0.9981122223561085,0.4472409204469168,BTC,1.0,1
btc_hodl,,2025-03-21,0.0020120724346086583,1.0001204964453572,0.34028330843337057,BTC,1.0,1
btc_hodl,,2025-03-22,-0.002449799196787894,0.9976704020564742,0.1471060568746271,BTC,1.0,1
btc_hodl,,2025-03-23,0.022295583558115117,1.0199140458689826,0.2467008691882331,BTC,1.0,1
btc_hodl,,2025-03-24,0.014066979616268016,1.034261155962567,0.4257921050606196,BTC,1.0,1
btc_hodl,,2025-03-25,0.001281553398059021,1.0355866168614711,0.3589595584366051,BTC,1.0,1
btc_hodl,,2025-03-26,-0.0027537524725584905,1.0327348676547403,0.3115456981426546,BTC,1.0,1
btc_hodl,,2025-03-27,0.0010889856876137305,1.033859501144716,0.29922553360820386,BTC,1.0,1
btc_hodl,,2025-03-28,-0.023224553224550304,1.0098485761336735,0.3780416601106073,BTC,1.0,1
btc_hodl,,2025-03-29,-0.01855048484222055,0.9911153954291678,0.3309928068852181,BTC,1.0,1
btc_hodl,,2025-03-30,-0.0020992227202354385,0.9890348234727078,0.329723133125345,BTC,1.0,1
btc_hodl,,2025-03-31,0.0005685510071480326,0.9895971402176976,0.4665409784050418,BTC,1.0,1
btc_hodl,,2025-04-01,0.028175988310739974,1.0174800176728132,0.3763866378435397,BTC,1.0,1
btc_hodl,,2025-04-02,-0.030498732838047604,0.9864481664457581,0.718795837602126,BTC,1.0,1
btc_hodl,,2025-04-03,0.004006579911726593,0.9904004498533993,0.45955268199132043,BTC,1.0,1
btc_hodl,,2025-04-04,0.0006407656744273904,0.9910350644656027,0.6344188825408671,BTC,1.0,1
btc_hodl,,2025-04-05,-0.0006079323006589199,0.9904325822388285,0.23333181892116886,BTC,1.0,1
btc_hodl,,2025-04-06,-0.047074472399303624,0.9438084909828557,0.5270299465199656,BTC,1.0,1
btc_hodl,,2025-04-07,0.004859988084090272,0.9483953890026956,1.1165287199948712,BTC,1.0,1
btc_hodl,,2025-04-08,-0.029145949975011187,0.9207535044382917,0.6389966936555297,BTC,1.0,1
btc_hodl,,2025-04-09,0.06021636712615619,0.9761979354942428,0.848468854418335,BTC,1.0,1
btc_hodl,,2025-04-10,-0.029509060087885675,0.9473912519580733,0.5703663665146296,BTC,1.0,1
btc_hodl,,2025-04-11,0.030948989282324035,0.9767120536610912,0.5133156333453998,BTC,1.0,1
btc_hodl,,2025-04-12,0.01718947905186341,0.9935012250472011,0.3058757705310702,BTC,1.0,1
btc_hodl,,2025-04-13,-0.016785795142145843,0.9768245170100878,0.49651776139574055,BTC,1.0,1
btc_hodl,,2025-04-14,0.01067434210526419,0.9872514760814629,0.4533657757710358,BTC,1.0,1
btc_hodl,,2025-04-15,-0.006761704828396664,0.9805759730088012,0.3542338375244189,BTC,1.0,1
btc_hodl,,2025-04-16,-0.0021709389105972754,0.9784472024741996,0.424129845495922,BTC,1.0,1
btc_hodl,,2025-04-17,0.008062264987441115,0.986335703096767,0.2560845256373407,BTC,1.0,1
btc_hodl,,2025-04-18,-0.004357245243683527,0.9820379965457734,0.1385876777833494,BTC,1.0,1
btc_hodl,,2025-04-19,0.004809855295342391,0.9867614572036866,0.14139431128379387,BTC,1.0,1
btc_hodl,,2025-04-20,8.140869608874723e-06,0.9867694903000447,0.20022858776851488,BTC,1.0,1
btc_hodl,,2025-04-21,0.02769501294387733,1.0140980841065277,0.42699851901687663,BTC,1.0,1
btc_hodl,,2025-04-22,0.06266634980988317,1.0776479093866798,0.5173918839739671,BTC,1.0,1
btc_hodl,,2025-04-23,0.000976511542964964,1.0787002450094478,0.4486975320205452,BTC,1.0,1
btc_hodl,,2025-04-24,0.0027405013330155104,1.0816564244688205,0.3163609124624835,BTC,1.0,1
btc_hodl,,2025-04-25,0.013895284069811886,1.0966863477527518,0.32231738652032677,BTC,1.0,1
btc_hodl,,2025-04-26,0.0004175181840169184,1.0971442342451017,0.19342257255836318,BTC,1.0,1
btc_hodl,,2025-04-27,-0.010470207500478113,1.0856569064546022,0.20898088134537443,BTC,1.0,1
btc_hodl,,2025-04-28,0.012586201793587826,1.0993212033578421,0.3214073929441027,BTC,1.0,1
btc_hodl,,2025-04-29,-0.003719427982667778,1.095232357312133,0.27605281450615315,BTC,1.0,1
btc_hodl,,2025-04-30,-0.0017089628868972584,1.0933606458609575,0.30360195438853027,BTC,1.0,1
btc_hodl,,2025-05-01,0.023981132491347257,1.1195806723701742,0.286779221109103,BTC,1.0,1
btc_hodl,,2025-05-02,-0.005173242640146847,1.1137888098967845,0.2993447861773978,BTC,1.0,1
btc_hodl,,2025-05-03,-0.008618824377931267,1.104189259750179,0.17324078082196182,BTC,1.0,1
btc_hodl,,2025-05-04,-0.013204321414282183,1.0896091898622393,0.1975312064793098,BTC,1.0,1
btc_hodl,,2025-05-05,-0.005529342376876856,1.0835843675944996,0.33021252632647596,BTC,1.0,1
btc_hodl,,2025-05-06,0.018978426866332,1.1041490942683925,0.3260772093615963,BTC,1.0,1
btc_hodl,,2025-05-07,0.0025536558748635585,1.1069687110896962,0.3192072886883811,BTC,1.0,1
btc_hodl,,2025-05-08,0.05055115710336344,1.1629272603124992,0.4406116936410995,BTC,1.0,1
btc_hodl,,2025-05-09,-0.007232311231154531,1.1545166084267253,0.28574983061000403,BTC,1.0,1
btc_hodl,,2025-05-10,0.00873921514055076,1.1646061774511054,0.215478144663946,BTC,1.0,1
btc_hodl,,2025-05-11,0.0034557443990750336,1.1686307587259603,0.28029368887710304,BTC,1.0,1
btc_hodl,,2025-05-12,-0.003931893014018972,1.164035827609758,0.39152192174802614,BTC,1.0,1
btc_hodl,,2025-05-13,0.006521514095442216,1.1716271036671149,0.3104607875855791,BTC,1.0,1
btc_hodl,,2025-05-14,-0.00043880699348242125,1.1711129855002722,0.25275272857926445,BTC,1.0,1
btc_hodl,,2025-05-15,0.0019206233794728522,1.1733622524802283,0.36428718439637053,BTC,1.0,1
btc_hodl,,2025-05-16,0.003162953733244045,1.1770735429971584,0.2245094532848654,BTC,1.0,1
btc_hodl,,2025-05-17,0.0007370604935577063,1.1779411174037135,0.1624434458718305,BTC,1.0,1
btc_hodl,,2025-05-18,0.0269647289887891,1.2097039803992562,0.3282692195872331,BTC,1.0,1
btc_hodl,,2025-05-19,-0.01337406202271485,1.1935253243362716,0.380064613892412,BTC,1.0,1
btc_hodl,,2025-05-20,0.012074628472972027,1.2079366992007154,0.3822712855133029,BTC,1.0,1
btc_hodl,,2025-05-21,0.01394560085123353,1.2247821022613252,0.41065438336079524,BTC,1.0,1
btc_hodl,,2025-05-22,0.015747669987601798,1.2440695666144577,0.3420991509244599,BTC,1.0,1
btc_hodl,,2025-05-23,-0.03260195779631647,1.2035104631080114,0.38793097352401645,BTC,1.0,1
btc_hodl,,2025-05-24,0.0047457265099886126,1.2092219946178318,0.28928749614289534,BTC,1.0,1
btc_hodl,,2025-05-25,0.012010894838236919,1.2237458328312696,0.31500678572387447,BTC,1.0,1
btc_hodl,,2025-05-26,-0.0004266827712035015,1.2232236815680684,0.2785687164004994,BTC,1.0,1
btc_hodl,,2025-05-27,-0.006764166989554066,1.2149495923203648,0.32741969857122133,BTC,1.0,1
btc_hodl,,2025-05-28,-0.006082926151954271,1.207559143671933,0.2412087856638721,BTC,1.0,1
btc_hodl,,2025-05-29,-0.01965767048289302,1.1838213439370258,0.24279885984774086,BTC,1.0,1
btc_hodl,,2025-05-30,-0.0011467889908257645,1.1824637506526943,0.337229444827812,BTC,1.0,1
btc_hodl,,2025-05-31,0.004864163479371797,1.1882154476443,0.21393958428774476,BTC,1.0,1
btc_hodl,,2025-06-01,0.008038400432679893,1.197766799212761,0.24976206975230628,BTC,1.0,1
btc_hodl,,2025-06-02,-0.00693475694817447,1.1894605775796276,0.26747805808100117,BTC,1.0,1
btc_hodl,,2025-06-03,-0.005510907003443255,1.1829055709523244,0.24846839825505182,BTC,1.0,1
btc_hodl,,2025-06-04,-0.013833240523175916,1.1665421536731362,0.21587425293553963,BTC,1.0,1
btc_hodl,,2025-06-05,-0.0244530599034547,1.138016628509462,0.378468115541679,BTC,1.0,1
btc_hodl,,2025-06-06,0.02517894201854931,1.1666706832148466,0.30874185440486496,BTC,1.0,1
btc_hodl,,2025-06-07,0.009061301494840635,1.177242238020648,0.18593471629300207,BTC,1.0,1
btc_hodl,,2025-06-08,-0.005806931470022758,1.1704060730208459,0.18372560449157085,BTC,1.0,1
btc_hodl,,2025-06-09,0.032958585567406384,1.2089810017271154,0.29342444849412797,BTC,1.0,1
btc_hodl,,2025-06-10,0.0009501661129569516,1.2101297345061652,0.24854644067914042,BTC,1.0,1
btc_hodl,,2025-06-11,-0.006638210869405414,1.2020966381491758,0.20335492027290306,BTC,1.0,1
btc_hodl,,2025-06-12,-0.02762574928329531,1.1688878178093745,0.3160954949863791,BTC,1.0,1
btc_hodl,,2025-06-13,0.011696870983926244,1.1825601478089738,0.4468290318037083,BTC,1.0,1
btc_hodl,,2025-06-14,-0.005488720272259107,1.176069405952529,0.19570520538528463,BTC,1.0,1
btc_hodl,,2025-06-15,-0.003367417334344869,1.1721090894485318,0.18582739432655726,BTC,1.0,1
btc_hodl,,2025-06-16,0.0046672606401179095,1.1775796280676394,0.3182516664761412,BTC,1.0,1
btc_hodl,,2025-06-17,-0.007606196833364387,1.168622725629597,0.30802108932341576,BTC,1.0,1
btc_hodl,,2025-06-18,-0.00035057329044141383,1.1682130377153883,0.32699734148107246,BTC,1.0,1
btc_hodl,,2025-06-19,-0.0030668729585693333,1.1646302767401708,0.21622937335759404,BTC,1.0,1
btc_hodl,,2025-06-20,-0.0067595996661574675,1.156757842310321,0.2991023086389106,BTC,1.0,1
btc_hodl,,2025-06-21,-0.007298661796265371,1.1483150580391204,0.2740208615260184,BTC,1.0,1
btc_hodl,,2025-06-22,-0.014389848056634902,1.1317909788327916,0.5315912115150123,BTC,1.0,1
btc_hodl,,2025-06-23,0.03748997451931113,1.1742217937904191,0.5312511719375737,BTC,1.0,1
btc_hodl,,2025-06-24,-0.0037147763266826006,1.1698598224685717,0.26671419407229,BTC,1.0,1
btc_hodl,,2025-06-25,0.012209022866167762,1.1841426677913014,0.26731711122254154,BTC,1.0,1
btc_hodl,,2025-06-26,-0.004124606534247177,1.1792585452062485,0.22434298040696313,BTC,1.0,1
btc_hodl,,2025-06-27,0.000980926430519613,1.1804153110816573,0.24205842108585424,BTC,1.0,1
btc_hodl,,2025-06-28,0.0015652221254365273,1.1822629232437663,0.08031667619313465,BTC,1.0,1
btc_hodl,,2025-06-29,0.00580265536031721,1.189123187532631,0.1406571323114243,BTC,1.0,1
btc_hodl,,2025-06-30,-0.01625368173588604,1.1697955576977133,0.21290637224821307,BTC,1.0,1
btc_hodl,,2025-07-01,-0.0036601612393717398,1.1655139173394389,0.2215719648136516,BTC,1.0,1
btc_hodl,,2025-07-02,0.0163692630040857,1.1845925211872903,0.2334175763971774,BTC,1.0,1
btc_hodl,,2025-07-03,0.009568437042262623,1.195927220147006,0.2381080783752868,BTC,1.0,1
btc_hodl,,2025-07-04,-0.007240973971453513,1.1872675422741688,0.1795996750547231,BTC,1.0,1
btc_hodl,,2025-07-05,0.0027402450658673416,1.19052094629875,0.10872426219137511,BTC,1.0,1
btc_hodl,,2025-07-06,0.0010863551099167257,1.1918142748122247,0.1591942683256479,BTC,1.0,1
btc_hodl,,2025-07-07,-0.0017726791720310553,1.1897015704703358,0.19418138872657065,BTC,1.0,1
btc_hodl,,2025-07-08,0.0013774476704928595,1.191340322127162,0.18251582123048887,BTC,1.0,1
btc_hodl,,2025-07-09,0.01778104434135508,1.2125235972205493,0.26416300720441865,BTC,1.0,1
btc_hodl,,2025-07-10,0.03709396386667496,1.2575009037233391,0.3317163514546603,BTC,1.0,1
btc_hodl,,2025-07-11,0.010623482815894425,1.2708599429650158,0.373442841390614,BTC,1.0,1
btc_hodl,,2025-07-12,0.009715365701029599,1.2832068120657105,0.19676817771636382,BTC,1.0,1
btc_hodl,,2025-07-13,0.012069613121322265,1.298694621841989,0.15834808913797435,BTC,1.0,1
btc_hodl,,2025-07-14,0.01349679590271502,1.3162228380929442,0.3592688491668707,BTC,1.0,1
btc_hodl,,2025-07-15,-0.018486420506560908,1.291890589227619,0.4771872370596441,BTC,1.0,1
btc_hodl,,2025-07-16,0.0023566574017090947,1.2949351327469205,0.3391527853963455,BTC,1.0,1
btc_hodl,,2025-07-17,0.0072146401985120345,1.304277623810102,0.3494766150831788,BTC,1.0,1
btc_hodl,,2025-07-18,-0.007581776636303772,1.2943888821946448,0.5547619498795316,BTC,1.0,1
btc_hodl,,2025-07-19,0.0018866519375417834,1.2968309434871699,0.16306529338152342,BTC,1.0,1
btc_hodl,,2025-07-20,-0.00932257984588003,1.2847411334699028,0.16468961937810508,BTC,1.0,1
btc_hodl,,2025-07-21,0.0008128505417952514,1.2857854359963106,0.25565706154490647,BTC,1.0,1
btc_hodl,,2025-07-22,0.01543786431422789,1.305635217094432,0.34088760971918824,BTC,1.0,1
btc_hodl,,2025-07-23,-0.0032793542194782255,1.3013535767361541,0.3074039194070126,BTC,1.0,1
btc_hodl,,2025-07-24,-0.005864233729836021,1.2937221351970152,0.31421604967232586,BTC,1.0,1
btc_hodl,,2025-07-25,-0.005271687498833333,1.286902036389933,0.3284009466887127,BTC,1.0,1
btc_hodl,,2025-07-26,0.0047253433208489515,1.292983090332175,0.1214709575811416,BTC,1.0,1
btc_hodl,,2025-07-27,0.010120715470592456,1.3060690042977143,0.1699296571935944,BTC,1.0,1
btc_hodl,,2025-07-28,-0.0006335108803985356,1.3052415953729404,0.20691720419023021,BTC,1.0,1
btc_hodl,,2025-07-29,0.004782038736357963,1.3114833112423194,0.2550970775010624,BTC,1.0,1
btc_hodl,,2025-07-30,-0.0008514026705865874,1.310366710848698,0.20231728695021045,BTC,1.0,1
btc_hodl,,2025-07-31,-0.012309880395533268,1.2942362533638623,0.18258743995606372,BTC,1.0,1
btc_hodl,,2025-08-01,-0.019135637720109733,1.2694702172952592,0.3741556202421605,BTC,1.0,1
btc_hodl,,2025-08-02,-0.004005568562933659,1.2643852673012808,0.21987400319724873,BTC,1.0,1
btc_hodl,,2025-08-03,0.01846922114144678,1.2877374784110553,0.21747680217703666,BTC,1.0,1
btc_hodl,,2025-08-04,0.00028695478590790024,1.2881070008434785,0.225188004283312,BTC,1.0,1
btc_hodl,,2025-08-05,-0.0021702525724978106,1.2853114833112456,0.23510623555068133,BTC,1.0,1
btc_hodl,,2025-08-06,-1.2499843751623274e-05,1.285295417118532,0.2307612374393817,BTC,1.0,1
btc_hodl,,2025-08-07,0.011737499999998624,1.300381572076959,0.21435863375001932,BTC,1.0,1
btc_hodl,,2025-08-08,-0.011558086954373104,1.285351648793029,0.18838926876616388,BTC,1.0,1
btc_hodl,,2025-08-09,0.0008374633609784521,1.2864280837048665,0.1420215933227689,BTC,1.0,1
btc_hodl,,2025-08-10,0.023223284480552886,1.3163031690565172,0.26635974573957566,BTC,1.0,1
btc_hodl,,2025-08-11,0.0026547052361782786,1.3197975659718097,0.32320433074409455,BTC,1.0,1
btc_hodl,,2025-08-12,0.0002738975623099993,1.3201590553078721,0.256417692798948,BTC,1.0,1
btc_hodl,,2025-08-13,0.023013265181942133,1.3505402257300143,0.284872235496114,BTC,1.0,1
btc_hodl,,2025-08-14,-0.02101450137399985,1.322159296300769,0.4178610514090176,BTC,1.0,1
btc_hodl,,2025-08-15,-0.004751228818452247,1.3158774149496002,0.2458874936477859,BTC,1.0,1
btc_hodl,,2025-08-16,-0.004584663659060739,1.309844559585502,0.12590131843534458,BTC,1.0,1
btc_hodl,,2025-08-17,0.0006930134432319157,1.310752299473839,0.1210768131924437,BTC,1.0,1
btc_hodl,,2025-08-18,-0.01014898663349062,1.297449491906662,0.2819466586984101,BTC,1.0,1
btc_hodl,,2025-08-19,-0.02625175682452585,1.2633891633530236,0.2594199851053689,BTC,1.0,1
btc_hodl,,2025-08-20,0.012576856803138803,1.279278627947152,0.3074356501427621,BTC,1.0,1
btc_hodl,,2025-08-21,-0.009111402754141573,1.2676226051331598,0.21815981724276465,BTC,1.0,1
btc_hodl,,2025-08-22,0.02124841571609748,1.2945575772181517,0.43862887921955024,BTC,1.0,1
btc_hodl,,2025-08-23,-0.008923197210106482,1.2830059846567965,0.177634510616077,BTC,1.0,1
btc_hodl,,2025-08-24,-0.013236076761731552,1.2660240189581182,0.25774791992253504,BTC,1.0,1
btc_hodl,,2025-08-25,-0.011268964029413575,1.2517572398281056,0.3489622739941589,BTC,1.0,1
btc_hodl,,2025-08-26,0.0053778276913227785,1.258488974575267,0.3497142124583913,BTC,1.0,1
btc_hodl,,2025-08-27,-0.0067278170340182575,1.2500220910149953,0.29832806699079095,BTC,1.0,1
btc_hodl,,2025-08-28,0.0068505035055821395,1.2585853717315487,0.24288245105147915,BTC,1.0,1
btc_hodl,,2025-08-29,-0.02920057443753099,1.221833955898314,0.33185160251118284,BTC,1.0,1
btc_hodl,,2025-08-30,-0.002228796844179315,1.2191107362332967,0.2336936186952064,BTC,1.0,1
btc_hodl,,2025-08-31,-0.0063125572446156575,1.2114150299232984,0.18020386756411605,BTC,1.0,1
btc_hodl,,2025-09-01,0.011219935942919035,1.2250070289593271,0.34239751755202996,BTC,1.0,1
btc_hodl,,2025-09-02,0.016400537722547348,1.2450978029481603,0.3592925440653053,BTC,1.0,1
btc_hodl,,2025-09-03,-0.0005419494696647931,1.2444230228541717,0.2626238244268123,BTC,1.0,1
btc_hodl,,2025-09-04,0.0036536872546966137,1.248969755392225,0.2778690402239265,BTC,1.0,1
btc_hodl,,2025-09-05,-0.00331236573663074,1.2448327107683756,0.30501849730521957,BTC,1.0,1
btc_hodl,,2025-09-06,-0.004117111826694275,1.2397075952926153,0.12447882932955837,BTC,1.0,1
btc_hodl,,2025-09-07,0.004484043414874073,1.2452664979716566,0.14221012764018476,BTC,1.0,1
btc_hodl,,2025-09-08,0.006786352464566603,1.2537173153392087,0.2106815284851029,BTC,1.0,1
btc_hodl,,2025-09-09,-0.0042801581351862295,1.2483512069727358,0.2071034031827648,BTC,1.0,1
btc_hodl,,2025-09-10,0.02106807549501366,1.274651564445529,0.2314472798676639,BTC,1.0,1
btc_hodl,,2025-09-11,0.012068693871118308,1.290034943969164,0.22174784246209403,BTC,1.0,1
btc_hodl,,2025-09-12,0.0029765240675010407,1.2938747640278057,0.20592254819642755,BTC,1.0,1
btc_hodl,,2025-09-13,-0.0029056050860503113,1.2901152749327343,0.12505378411288245,BTC,1.0,1
btc_hodl,,2025-09-14,-0.0021170610211717067,1.287384022171356,0.15308020192254562,BTC,1.0,1
btc_hodl,,2025-09-15,0.002265069262449071,1.2903000361489443,0.24306514595383474,BTC,1.0,1
btc_hodl,,2025-09-16,0.010428145408815759,1.3037554725469058,0.1909952653132514,BTC,1.0,1
btc_hodl,,2025-09-17,-0.005409801722760399,1.2967024139454633,0.267439187653121,BTC,1.0,1
btc_hodl,,2025-09-18,0.006579110395245058,1.3052335622765912,0.18477635550200108,BTC,1.0,1
btc_hodl,,2025-09-19,-0.002024839674552137,1.3025906735751365,0.15378150556474424,BTC,1.0,1
btc_hodl,,2025-09-20,0.00011717328695803886,1.3027433024059203,0.07400967968166486,BTC,1.0,1
btc_hodl,,2025-09-21,-0.004291739634460723,1.2971522673414566,0.09168224104352053,BTC,1.0,1
btc_hodl,,2025-09-22,-0.004681810299983269,1.2910792464955707,0.2559193781623731,BTC,1.0,1
btc_hodl,,2025-09-23,-0.006794425087109701,1.2823071052737345,0.23251611850952988,BTC,1.0,1
btc_hodl,,2025-09-24,0.0069599318415316525,1.2912318753263514,0.2164948870438957,BTC,1.0,1
btc_hodl,,2025-09-25,-0.016106856456740815,1.2704341888581017,0.252961042885359,BTC,1.0,1
btc_hodl,,2025-09-26,-0.00013278533038196816,1.2702654938346056,0.23264559115410732,BTC,1.0,1
btc_hodl,,2025-09-27,-0.0015051002662358481,1.268353616901645,0.08871505560163016,BTC,1.0,1
btc_hodl,,2025-09-28,0.0182530986566658,1.2915050006024895,0.16035346500069467,BTC,1.0,1
btc_hodl,,2025-09-29,0.01390780790306767,1.3094670040567202,0.2557672562544398,BTC,1.0,1
btc_hodl,,2025-09-30,-0.001110368139182416,1.308013013616105,0.22409094979370164,BTC,1.0,1
btc_hodl,,2025-10-01,0.03483430368241347,1.3535767361529571,0.24985842705184128,BTC,1.0,1
btc_hodl,,2025-10-02,0.01338872403560809,1.3716994015343282,0.2621278142991267,BTC,1.0,1
btc_hodl,,2025-10-03,0.01599358148469099,1.3936377876852692,0.3707700534227317,BTC,1.0,1
btc_hodl,,2025-10-04,0.008657709223167664,1.405703498413467,0.16843199117906069,BTC,1.0,1
btc_hodl,,2025-10-05,0.011669304927737878,1.4221070811744418,0.3805611798195179,BTC,1.0,1
btc_hodl,,2025-10-06,0.0037902966147180805,1.427497288829984,0.25507118539132134,BTC,1.0,1
btc_hodl,,2025-10-07,-0.011659970062236957,1.410852713178302,0.32869983970692074,BTC,1.0,1
btc_hodl,,2025-10-08,0.013739110630300644,1.4302365746877184,0.2458211093540477,BTC,1.0,1
btc_hodl,,2025-10-09,-0.0009548255196775157,1.4288709483070303,0.24477771015801994,BTC,1.0,1
btc_hodl,,2025-10-10,-0.03329903920212807,1.3812909185845725,0.7238164769743456,BTC,1.0,1
btc_hodl,,2025-10-11,-0.00906077348066181,1.3687753544603825,0.6886916075342094,BTC,1.0,1
btc_hodl,,2025-10-12,0.020171134795061496,1.3963851066393609,0.44370036025195386,BTC,1.0,1
btc_hodl,,2025-10-13,-0.012276432586047159,1.3792424790135425,0.35162762788314483,BTC,1.0,1
btc_hodl,,2025-10-14,-0.009347971693994261,1.3663493593605693,0.39002867741253633,BTC,1.0,1
btc_hodl,,2025-10-15,-0.008524898583101903,1.3547013696429342,0.32640303149298294,BTC,1.0,1
btc_hodl,,2025-10-16,-0.01980550284629945,1.3278708278105853,0.3718172583437719,BTC,1.0,1
btc_hodl,,2025-10-17,-0.010048396854205888,1.3145278547616217,0.4931680827542842,BTC,1.0,1
btc_hodl,,2025-10-18,0.00012222025311747764,1.3146885166887605,0.22674488995199213,BTC,1.0,1
btc_hodl,,2025-10-19,0.00742397301706732,1.3244487287625062,0.3126460735162236,BTC,1.0,1
btc_hodl,,2025-10-20,0.006592913376272325,1.3331807045025514,0.37274499754665263,BTC,1.0,1
btc_hodl,,2025-10-21,-0.017232964371147297,1.310206048921558,0.49406758861793637,BTC,1.0,1
btc_hodl,,2025-10-22,-0.00036787021538575715,1.3097240631401414,0.3333542950828577,BTC,1.0,1
btc_hodl,,2025-10-23,0.01632104807992829,1.3311001325460907,0.3247952511879783,BTC,1.0,1
btc_hodl,,2025-10-24,0.0005672834365317847,1.3318552436036493,0.2851251838497801,BTC,1.0,1
btc_hodl,,2025-10-25,0.003220825592899823,1.3361449170582858,0.12800283981568544,BTC,1.0,1
btc_hodl,,2025-10-26,0.019533457584319347,1.3622444471221478,0.26731871327407636,BTC,1.0,1
btc_hodl,,2025-10-27,-0.004004033518300809,1.3567899746957515,0.24987761660914107,BTC,1.0,1
btc_hodl,,2025-10-28,-0.00473653049141709,1.350363497610156,0.3086849977373558,BTC,1.0,1
btc_hodl,,2025-10-29,-0.022212968471150285,1.3203679158131494,0.38217177090555443,BTC,1.0,1
btc_hodl,,2025-10-30,-0.0006570701970004533,1.319500341406593,0.48058159079997526,BTC,1.0,1
btc_hodl,,2025-10-31,0.00043833481474297997,1.3200787243442966,0.3922691321530774,BTC,1.0,1
btc_hodl,,2025-11-01,-0.002020324955879449,1.3174117363537783,0.15006708621247297,BTC,1.0,1
btc_hodl,,2025-11-02,5.487871803255828e-05,1.3174840342209904,0.1590882206079233,BTC,1.0,1
btc_hodl,,2025-11-03,-0.03348027828080258,1.2733743021247572,0.4494233225666017,BTC,1.0,1
btc_hodl,,2025-11-04,-0.033851472406573935,1.2302687070731406,0.7224146866630003,BTC,1.0,1
btc_hodl,,2025-11-05,0.01862226575253012,1.2531790978832784,0.6675835114200473,BTC,1.0,1
btc_hodl,,2025-11-06,-0.029454750580120148,1.2162670201229064,0.5017450058063564,BTC,1.0,1
btc_hodl,,2025-11-07,0.016921278408530194,1.2368478129895195,0.49171565086726077,BTC,1.0,1
btc_hodl,,2025-11-08,-0.009255109794830352,1.2254006506808057,0.28936020623858355,BTC,1.0,1
btc_hodl,,2025-11-09,0.01839469267883298,1.247941519058521,0.3876399998249672,BTC,1.0,1
btc_hodl,,2025-11-10,0.01045381396845979,1.260987267542276,0.36356668490384597,BTC,1.0,1
btc_hodl,,2025-11-11,-0.015887981449156152,1.2409527252279422,0.4153490981401673,BTC,1.0,1
btc_hodl,,2025-11-12,-0.007632055929568615,1.231481704623052,0.3292453500076164,BTC,1.0,1
btc_hodl,,2025-11-13,-0.013444139307635883,1.2149254930312947,0.4783138783305558,BTC,1.0,1
btc_hodl,,2025-11-14,-0.04849907431896405,1.1560027312527659,0.6167012391972548,BTC,1.0,1
btc_hodl,,2025-11-15,0.002501650394355792,1.1588946459412808,0.32101906306655065,BTC,1.0,1
btc_hodl,,2025-11-16,-0.027310851557896476,1.1272442462947374,0.40324593599622455,BTC,1.0,1
btc_hodl,,2025-11-17,-0.018136468911455816,1.1068000160661955,0.5737917736736928,BTC,1.0,1
btc_hodl,,2025-11-18,-0.00037015532007589336,1.1063903281519885,0.6333186805962244,BTC,1.0,1
btc_hodl,,2025-11-19,-0.008284384552272206,1.0972245652086627,0.5547011339413646,BTC,1.0,1
btc_hodl,,2025-11-20,-0.04723694614460805,1.04539502751336,0.6188791777172973,BTC,1.0,1
btc_hodl,,2025-11-21,-0.015983279031166808,1.0286861870908197,0.9131189838164805,BTC,1.0,1
btc_hodl,,2025-11-22,-0.005692821890422972,1.0228300598465734,0.36950844001751604,BTC,1.0,1
btc_hodl,,2025-11-23,0.03608818239650513,1.0597421376069447,0.47183682599920246,BTC,1.0,1
btc_hodl,,2025-11-24,0.004396537347827856,1.0644013334940006,0.6394456755546435,BTC,1.0,1
btc_hodl,,2025-11-25,-0.013577153552396415,1.049949793147777,0.4632651479364081,BTC,1.0,1
btc_hodl,,2025-11-26,0.036273077129060916,1.0880347029762678,0.44047069868625316,BTC,1.0,1
btc_hodl,,2025-11-27,0.01140692832462098,1.1004458368478183,0.4461220835196986,BTC,1.0,1
btc_hodl,,2025-11-28,-0.005051500485438454,1.0948869341687828,0.3660778692286421,BTC,1.0,1
btc_hodl,,2025-11-29,-0.002201075592272672,1.0924770052616857,0.2077761971246728,BTC,1.0,1
btc_hodl,,2025-11-30,-0.0014485613653250073,1.0908944852793576,0.2243692244563467,BTC,1.0,1
btc_hodl,,2025-12-01,-0.04877761413843906,1.03768325501065,0.6914456300946101,BTC,1.0,1
btc_hodl,,2025-12-02,0.05236266798786193,1.0920191187693367,0.5243492939856147,BTC,1.0,1
btc_hodl,,2025-12-03,0.021693394144474354,1.1157087199261013,0.49094462677585854,BTC,1.0,1
btc_hodl,,2025-12-04,-0.010576791538564834,1.103908101377684,0.4160826514036077,BTC,1.0,1
btc_hodl,,2025-12-05,-0.027099403289186808,1.0739928505442495,0.496133771093611,BTC,1.0,1
btc_hodl,,2025-12-06,-0.0006731689803733953,1.0732698718721203,0.22305533054659046,BTC,1.0,1
btc_hodl,,2025-12-07,0.011099800907145019,1.0851829537695379,0.43231035820284675,BTC,1.0,1
btc_hodl,,2025-12-08,-0.0006588249228319798,1.084468008193762,0.38722882233645917,BTC,1.0,1
btc_hodl,,2025-12-09,0.015681481481484072,1.1014740731815145,0.43828915559989,BTC,1.0,1
btc_hodl,,2025-12-10,-0.003048491434322953,1.0981162389042918,0.4337638055760795,BTC,1.0,1
btc_hodl,,2025-12-11,0.006225356440061169,1.1049524039040903,0.533066401671456,BTC,1.0,1
btc_hodl,,2025-12-12,-0.01984732824427593,1.083022050849504,0.41469048929482105,BTC,1.0,1
btc_hodl,,2025-12-13,-0.000571131879543274,1.0824035024300156,0.14528111949585984,BTC,1.0,1
btc_hodl,,2025-12-14,-0.021693149180292526,1.0589227617785302,0.2687333545707387,BTC,1.0,1
btc_hodl,,2025-12-15,-0.020634198148991145,1.037072739687515,0.4304212110485968,BTC,1.0,1
btc_hodl,,2025-12-16,0.011014717273432284,1.048495802707157,0.4241048028011512,BTC,1.0,1
btc_hodl,,2025-12-17,-0.014120224942919313,1.033690806121225,0.7096754075898125,BTC,1.0,1
btc_hodl,,2025-12-18,-0.011237264821767012,1.022074948789015,0.5483940796183336,BTC,1.0,1
btc_hodl,,2025-12-19,0.03167417258101435,1.0544483271076897,0.5402331108507052,BTC,1.0,1
btc_hodl,,2025-12-20,0.0026435476867061602,1.0572358115435663,0.19046076379828497,BTC,1.0,1
btc_hodl,,2025-12-21,0.0031380594179790666,1.0605534803390053,0.23068801652175128,BTC,1.0,1
btc_hodl,,2025-12-22,0.0004999128939635611,1.0610836646985646,0.3690933372919227,BTC,1.0,1
btc_hodl,,2025-12-23,-0.012559713526486993,1.0477567578423157,0.3543838055415598,BTC,1.0,1
btc_hodl,,2025-12-24,-0.009300007666948051,1.0380126119612856,0.23524225910613725,BTC,1.0,1
btc_hodl,,2025-12-25,-0.0054404606205075146,1.03236534522232,0.21034748528890004,BTC,1.0,1
btc_hodl,,2025-12-26,-0.0028245949857592656,1.0294493312447335,0.39729013870393853,BTC,1.0,1
btc_hodl,,2025-12-27,0.0016855116230065637,1.031184480057843,0.09370095982631277,BTC,1.0,1
btc_hodl,,2025-12-28,-0.0033887214003591737,1.0276900831425526,0.11957700292228209,BTC,1.0,1
btc_hodl,,2025-12-29,-0.006112622330611717,1.0214082017913872,0.3691160314473065,BTC,1.0,1
btc_hodl,,2025-12-30,0.010625245772708292,1.0322609149696809,0.3066671823389822,BTC,1.0,1
btc_hodl,,2025-12-31,-0.0036653411257460133,1.0284773265855423,0.18682581646375535,BTC,1.0,1
btc_hodl,,2026-01-01,0.0060610794345064,1.034711009358566,0.13436865396171266,BTC,1.0,1
btc_hodl,,2026-01-02,0.01047311460645961,1.045547656344144,0.3958745376875122,BTC,1.0,1
btc_hodl,,2026-01-03,0.0071069109907409,1.0529782704743595,0.18264522954675066,BTC,1.0,1
btc_hodl,,2026-01-04,0.01073390296002752,1.064280837048649,0.25221099445783957,BTC,1.0,1
btc_hodl,,2026-01-05,0.027866885052870716,1.0939390287986568,0.296304727057296,BTC,1.0,1
btc_hodl,,2026-01-06,-0.000301074321295669,1.0936096718480224,0.39006911926086685,BTC,1.0,1
btc_hodl,,2026-01-07,-0.023343959805492753,1.068080491625504,0.29879912245950263,BTC,1.0,1
btc_hodl,,2026-01-08,0.0018050541516234642,1.0700084347511807,0.3149977347727762,BTC,1.0,1
btc_hodl,,2026-01-09,0.0026276276276286925,1.0728200184761285,0.3975416982498183,BTC,1.0,1
btc_hodl,,2026-01-10,-0.00014226881317991324,1.0726673896453442,0.08664079723363968,BTC,1.0,1
btc_hodl,,2026-01-11,0.0019396245066714002,1.0747479616018076,0.17897094891517246,BTC,1.0,1
btc_hodl,,2026-01-12,0.006061738545481532,1.081262802747327,0.3581409417858676,BTC,1.0,1
btc_hodl,,2026-01-13,0.04008142584378804,1.1246013575932905,0.42461740371954876,BTC,1.0,1
btc_hodl,,2026-01-14,0.014528986542475364,1.1409406755834128,0.36811598441296856,BTC,1.0,1
btc_hodl,,2026-01-15,-0.007927902555800892,1.1318954090854378,0.3644647196370401,BTC,1.0,1
btc_hodl,,2026-01-16,0.0006813149378330774,1.1326665863357124,0.2853302452224378,BTC,1.0,1
btc_hodl,,2026-01-17,-0.003546099290783311,1.1286500381572133,0.11097431255460599,BTC,1.0,1
btc_hodl,,2026-01-18,-0.013494661921708784,1.113419287464358,0.2188956351914435,BTC,1.0,1
btc_hodl,,2026-01-19,-0.011219012438312581,1.1009278226292383,0.27886241942527445,BTC,1.0,1
btc_hodl,,2026-01-20,-0.03794993031689042,1.0591476884765327,0.410274853119646,BTC,1.0,1
btc_hodl,,2026-01-21,0.004967841757174796,1.0644093665903616,0.5508791374061456,BTC,1.0,1
btc_hodl,,2026-01-22,0.0029659705817979276,1.0675663734586587,0.3418551782034354,BTC,1.0,1
btc_hodl,,2026-01-23,-0.006885083072478704,1.060216090292011,0.3474488011514167,BTC,1.0,1
btc_hodl,,2026-01-24,-0.002220016517530121,1.0578623930594115,0.11228069015237513,BTC,1.0,1
btc_hodl,,2026-01-25,-0.024360609926491472,1.0320922199461864,0.3016356976568663,BTC,1.0,1
btc_hodl,,2026-01-26,0.00830479452054722,1.0406635337590948,0.3452139896280326,BTC,1.0,1
btc_hodl,,2026-01-27,0.0010420928311725142,1.0417480017672878,0.3469276938123413,BTC,1.0,1
btc_hodl,,2026-01-28,-0.0046421245816666845,1.0369120777603817,0.30587119506709737,BTC,1.0,1
btc_hodl,,2026-01-29,-0.03747288503253943,0.9980559906816154,0.444415173729739,BTC,1.0,1
btc_hodl,,2026-01-30,0.007018504060590125,1.0050608507049106,0.5899965496679166,BTC,1.0,1
btc_hodl,,2026-01-31,-0.05994485073731859,0.9448126280274822,0.6967824574289153,BTC,1.0,1
btc_hodl,,2026-02-01,-0.03523360115631613,0.911523476724111,0.7130164370219529,BTC,1.0,1
btc_hodl,,2026-02-02,0.030501185324885105,0.9393260232156567,0.7495793661654372,BTC,1.0,1
btc_hodl,,2026-02-03,-0.0429993500496022,0.8989356147327059,0.7584099401076634,BTC,1.0,1
btc_hodl,,2026-02-04,-0.035333857592219964,0.8671727517371658,0.7983958322934955,BTC,1.0,1
btc_hodl,,2026-02-05,-0.13750810560444737,0.7479294694139924,1.3152530865474008,BTC,1.0,1
btc_hodl,,2026-02-06,0.12355809507443039,0.8403422099048147,1.4620467936948243,BTC,1.0,1
btc_hodl,,2026-02-07,-0.02026574897237321,0.8233120456279943,0.8022840418424192,BTC,1.0,1
btc_hodl,,2026-02-08,0.02061664552639475,0.8402859782303176,0.581231607225098,BTC,1.0,1
btc_hodl,,2026-02-09,-0.009789394185637734,0.8320600875607568,0.5908638095051716,BTC,1.0,1
btc_hodl,,2026-02-10,-0.013892777493504704,0.8205004619030491,0.5588227973044603,BTC,1.0,1
btc_hodl,,2026-02-11,-0.029156060309382448,0.7965779009519277,0.7390807943918102,BTC,1.0,1
btc_hodl,,2026-02-12,-0.0198967346362513,0.7807286018395851,0.5568894909724713,BTC,1.0,1
btc_hodl,,2026-02-13,0.03709267509697556,0.8096879142065369,0.47059336712434324,BTC,1.0,1
btc_hodl,,2026-02-14,0.020298827311152845,0.8261236293529429,0.34957974245916723,BTC,1.0,1
btc_hodl,,2026-02-15,-0.008168028004670536,0.819375828413068,0.5320230729169427,BTC,1.0,1
btc_hodl,,2026-02-16,-0.0009019607843098187,0.818636783548228,0.4625610860432568,BTC,1.0,1
btc_hodl,,2026-02-17,-0.018654080150725005,0.8033658673735876,0.42992754803587924,BTC,1.0,1
btc_hodl,,2026-02-18,-0.013859029867909212,0.7922319958227982,0.45833338369271676,BTC,1.0,1
btc_hodl,,2026-02-19,0.0012269192159863884,0.7932040004819925,0.38067176822812093,BTC,1.0,1
btc_hodl,,2026-02-20,0.013803649915942628,0.8041531108165711,0.4504020115161506,BTC,1.0,1
btc_hodl,,2026-02-21,-0.0011987413216084652,0.8031891392537354,0.21331687977072375,BTC,1.0,1
btc_hodl,,2026-02-22,-0.0045806871030691365,0.7995099811222306,0.2093034483266235,BTC,1.0,1
btc_hodl,,2026-02-23,-0.04146613481768391,0.7663573924569322,0.5453288231862132,BTC,1.0,1
btc_hodl,,2026-02-24,-0.01633123689727556,0.7538418283327397,0.5021271142682832,BTC,1.0,1
btc_hodl,,2026-02-25,0.041804309371072046,0.7853556653412161,0.6443429445618634,BTC,1.0,1
btc_hodl,,2026-02-26,-0.002925382294275636,0.7830581997831179,0.5050847289214361,BTC,1.0,1
btc_hodl,,2026-02-27,-0.013336205746880436,0.7726151745190284,0.46095563317074556,BTC,1.0,1
btc_hodl,,2026-02-28,0.015897441229373976,0.7848977788488672,0.698473466742078,BTC,1.0,1
btc_hodl,,2026-03-01,-0.017009866131739382,0.7715467727035484,0.6360461843955643,BTC,1.0,1
btc_hodl,,2026-03-02,0.04900776711159249,0.8093585572559048,0.7034930146256786,BTC,1.0,1
btc_hodl,,2026-03-03,-0.004545770349271616,0.8056793991244017,0.6315098148735059,BTC,1.0,1
btc_hodl,,2026-03-04,0.05121890423251485,0.8469454151102646,0.6851849951711897,BTC,1.0,1
btc_hodl,,2026-03-05,-0.014767812428865823,0.8344378840824282,0.5828267153006887,BTC,1.0,1
btc_hodl,,2026-03-06,-0.02945848375451321,0.8098566092300357,0.5014072073681342,BTC,1.0,1
btc_hodl,,2026-03-07,-0.014134801368842265,0.798409446921325,0.27565494341187835,BTC,1.0,1
btc_hodl,,2026-03-08,-0.015534762048496797,0.7860063461461303,0.3799485484902374,BTC,1.0,1
btc_hodl,,2026-03-09,0.026664350101179624,0.8069646945415198,0.5382417498978644,BTC,1.0,1
btc_hodl,,2026-03-10,0.01903339803892279,0.8223239747760863,0.5777560346878015,BTC,1.0,1
btc_hodl,,2026-03-11,0.004454560551742315,0.8259870667148759,0.5045550665075601,BTC,1.0,1
btc_hodl,,2026-03-12,0.0036567693998428297,0.8290075109451048,0.3705895823543541,BTC,1.0,1
btc_hodl,,2026-03-13,0.011472979389331561,0.8385186970317791,0.505180308812084,BTC,1.0,1
btc_hodl,,2026-03-14,0.007635342919823707,0.8449210748283004,0.23438009619704908,BTC,1.0,1
btc_hodl,,2026-03-15,0.018254420992583675,0.8603446198337225,0.31804324645795995,BTC,1.0,1
btc_hodl,,2026-03-16,0.025536881419234936,0.8823151383700929,0.5510338978960098,BTC,1.0,1
btc_hodl,,2026-03-17,-0.006628124004185665,0.8764670442222057,0.5413084117150957,BTC,1.0,1
btc_hodl,,2026-03-18,-0.02951231360041373,0.8506004739526922,0.42562297987008896,BTC,1.0,1
btc_hodl,,2026-03-19,-0.01707480616128232,0.8360766357392552,0.5039633969288776,BTC,1.0,1
btc_hodl,,2026-03-20,0.012692281824381535,0.8466883560268386,0.4315183894697369,BTC,1.0,1
btc_hodl,,2026-03-21,-0.017144212523715896,0.8321725509097588,0.301814779558039,BTC,1.0,1
btc_hodl,,2026-03-22,-0.014296332763799158,0.8202755352050534,0.37942081002419853,BTC,1.0,1
btc_hodl,,2026-03-23,0.03440340018802912,0.8484958027071625,0.7178007026184905,BTC,1.0,1
btc_hodl,,2026-03-24,-0.004052071005918201,0.8450576374663695,0.3872364565038873,BTC,1.0,1
btc_hodl,,2026-03-25,0.01245282660151803,0.8555809936940266,0.3999772703534038,BTC,1.0,1
btc_hodl,,2026-03-26,-0.02634568619902844,0.8330401253163109,0.34987589779345923,BTC,1.0,1
btc_hodl,,2026-03-27,-0.025911032680494772,0.8114551954050765,0.4354265764682181,BTC,1.0,1
btc_hodl,,2026-03-28,-0.0012077533807169916,0.8104751576495256,0.2776035408919177,BTC,1.0,1
btc_hodl,,2026-03-29,-0.003726757324662988,0.8074547134192979,0.4578941177082309,BTC,1.0,1
btc_hodl,,2026-03-30,0.009590512953160157,0.8151986183074359,0.4472226952058399,BTC,1.0,1
minimum_variance,7,2025-03-01,0.00696430433494144,1.0069643043349414,0.4066020993213193,BTC,0.2558795426424321,8
minimum_variance,7,2025-03-02,0.0871156078433335,1.0946866117836194,0.6862479014575631,BTC,0.26207499357094405,8
minimum_variance,7,2025-03-03,-0.09675255902204816,0.9887728807663788,0.8044948683345864,BTC,0.2636642913321236,8
minimum_variance,7,2025-03-04,-0.012118110404173987,0.9767908218325987,0.9112684589514394,BTC,0.26789164213261,8
minimum_variance,7,2025-03-05,0.016736505929024093,0.9931388872136162,0.5083784606934485,BTC,0.27353599738170814,8
minimum_variance,7,2025-03-06,-0.012507234673078127,0.9807174660882758,0.5110702673600803,BTC,0.2739882526402017,8
minimum_variance,7,2025-03-07,-0.01736454076217875,0.9636877576722053,0.7804202684592598,BTC,0.2696835648481337,8
minimum_variance,7,2025-03-08,-0.00415958930654825,0.9596792123805405,0.3257034816594281,MASK,0.2516599227081784,10
minimum_variance,7,2025-03-09,-0.04754116863606095,0.9140549411082352,0.4557516814775355,MASK,0.26349409807002705,10
minimum_variance,7,2025-03-10,-0.016371766722066305,0.899090246841259,0.7080424788836898,MASK,0.2673047375034006,10
minimum_variance,7,2025-03-11,0.029370561840509346,0.9254970325363091,0.6686939588286794,MASK,0.2584010105141276,10
minimum_variance,7,2025-03-12,0.020667246165224862,0.944624507532922,0.5118597854959233,MASK,0.2526995899279881,10
minimum_variance,7,2025-03-13,-0.02473896174900314,0.9212554779738942,0.3980074667642047,MASK,0.2576666333365253,10
minimum_variance,7,2025-03-14,0.01895621775666423,0.9387189974238872,0.29578457301833566,MASK,0.2524010437168824,10
minimum_variance,7,2025-03-15,0.012132080413661539,0.9501076117864656,0.2172096340599925,MASK,0.24761930408734636,10
minimum_variance,7,2025-03-16,-0.00750226104803664,0.942979656459117,0.30346628329537084,MASK,0.24778433369246983,10
minimum_variance,7,2025-03-17,0.007946094726973829,0.9504726621349504,0.26119987849928167,BTC,0.24460664438742766,10
minimum_variance,7,2025-03-18,-0.00010414279265613668,0.9503736772575724,0.29578314838730274,MASK,0.24393217954737256,10
minimum_variance,7,2025-03-19,0.026134644176302624,0.9752113551472233,0.29029652091503644,BTC,0.2475693793058637,10
minimum_variance,7,2025-03-20,-0.01133293839173577,0.9641593449404187,0.25863530223775,BTC,0.24389422271944472,10
minimum_variance,7,2025-03-21,0.0018263546750545423,0.9659202418675481,0.2706432308659177,MASK,0.24561050468724135,10
minimum_variance,7,2025-03-22,-0.0023918178983574068,0.9636099365446635,0.19384349884985533,BTC,0.24998546992209206,10
minimum_variance,7,2025-03-23,-0.0018880676904703408,0.9617905757572573,0.21756959449934588,BTC,0.2560424673650745,10
minimum_variance,7,2025-03-24,0.021628494692583544,0.9825926581204001,0.25701222204412344,BTC,0.2541473861420902,10
minimum_variance,7,2025-03-25,0.008262038982087105,0.9907108769653034,0.28524291772678717,BTC,0.2523878513221799,10
minimum_variance,7,2025-03-26,-0.005230481587636393,0.9855289819646652,0.300594077993465,BTC,0.25301623440800186,10
minimum_variance,7,2025-03-27,0.005581706061378089,0.9910299150569611,0.2897138683796137,BTC,0.25188581289738193,10
minimum_variance,7,2025-03-28,-0.030627992058733677,0.9606766586886291,0.31308994178961913,BTC,0.2538095544472799,10
minimum_variance,7,2025-03-29,-0.021969328687858503,0.9395712374111449,0.36705070516870675,MASK,0.25420735445660825,12
minimum_variance,7,2025-03-30,-0.0052253413562057816,0.934661656967199,0.34847679306758916,MASK,0.2575876224826409,12
minimum_variance,7,2025-03-31,-0.020947980372439612,0.9150823829221783,0.5973206089007109,BTC,0.25719304914261404,12
minimum_variance,7,2025-04-01,-0.06955173732893116,0.8514368133908425,1.1461948024148125,BTC,0.2842067937552204,12
minimum_variance,7,2025-04-02,-0.07073058017858891,0.7912141935942993,0.772217697850915,BTC,0.296511260140977,12
minimum_variance,7,2025-04-03,-0.023612958685000796,0.772531285529971,0.5089483954405869,BTC,0.30489881942566205,12
minimum_variance,7,2025-04-04,-0.006677615925629987,0.7673726183146686,0.5527370345875037,BTC,0.3071451857068794,12
minimum_variance,7,2025-04-05,7.163427783019038e-05,0.7674275884980082,0.28711778289265383,BTC,0.24983012052457113,12
minimum_variance,7,2025-04-06,-0.04825551493245994,0.7303949750416608,0.5863277874766826,MNT,0.2533605625341343,12
minimum_variance,7,2025-04-07,0.01369179822249933,0.7403953956626587,1.0455749818448423,BTC,0.2479607897098792,12
minimum_variance,7,2025-04-08,-0.004492135515506868,0.7370694392102847,0.804453554462176,BTC,0.24182002526106666,12
minimum_variance,7,2025-04-09,0.10438027548234308,0.8140049503246702,0.8870511101456888,BTC,0.23214969913209282,12
minimum_variance,7,2025-04-10,-0.029579668493286526,0.7899269537421724,0.7615415871944682,BTC,0.23216659049301952,12
minimum_variance,7,2025-04-11,0.00727197726164075,0.7956712845881425,0.6546496998741392,BTC,0.23762391609920622,12
minimum_variance,7,2025-04-12,0.016195420771004443,0.8085575158374531,0.4070296328730325,BTC,0.25024455391663397,17
minimum_variance,7,2025-04-13,-0.010445257852333079,0.800111924096089,0.45692949108106706,BTC,0.24864112071774178,17
minimum_variance,7,2025-04-14,-0.006944429744120351,0.7945556030517708,0.43839218584733947,BTC,0.25305250645436517,17
minimum_variance,7,2025-04-15,0.03664235914417291,0.8236699948188086,0.5795306223984015,BTC,0.24245723501703745,17
minimum_variance,7,2025-04-16,0.0452736216837033,0.8609605185564533,0.6659082692294064,BTC,0.23145219601130498,17
minimum_variance,7,2025-04-17,-0.019154961671295823,0.8444688528230054,0.6208297080629641,BTC,0.2378747058200265,17
minimum_variance,7,2025-04-18,-0.0069806314039848605,0.8385739270293021,0.4799391048516883,BTC,0.2385031298275223,17
minimum_variance,7,2025-04-19,0.007411882803365355,0.8447893386984012,0.21808157426829128,MNT,0.2495175870117698,20
minimum_variance,7,2025-04-20,-0.005388596552882263,0.8402371097799793,0.2982308023778874,BTC,0.2507072694188498,20
minimum_variance,7,2025-04-21,0.0023097366118720597,0.8421778361950917,0.31080043832940274,BTC,0.2570568768108253,20
minimum_variance,7,2025-04-22,0.039911189461561136,0.8757901553758015,0.3876040236408643,BTC,0.2626817518095241,20
minimum_variance,7,2025-04-23,0.011895303801245038,0.8862079453401364,0.4265624296488648,BTC,0.25984730098513986,20
minimum_variance,7,2025-04-24,0.020749101004390758,0.9045959635088925,0.4062590507034033,MNT,0.2558795041613722,20
minimum_variance,7,2025-04-25,0.022368377778059223,0.9248303077571669,0.391210939412661,MNT,0.2552867439149791,20
minimum_variance,7,2025-04-26,-0.002930440266431744,0.9221201477836989,0.30205842305760966,BTC,0.2508394495694318,19
minimum_variance,7,2025-04-27,-0.0262724411637838,0.897893800455112,0.2862036156944061,BTC,0.25491022230057303,19
minimum_variance,7,2025-04-28,0.01849521886186878,0.9145005428092445,0.3387245150995822,BTC,0.2534313063208431,19
minimum_variance,7,2025-04-29,0.033930661140236795,0.9455301508398676,0.5337521673155878,BTC,0.24420272685402308,19
minimum_variance,7,2025-04-30,0.008195420018393795,0.9532791675660556,0.6002201718821281,MNT,0.2425392107640608,19
minimum_variance,7,2025-05-01,-0.014930192770624684,0.9390465258300738,0.32732812679327167,BTC,0.25135521918188747,19
minimum_variance,7,2025-05-02,0.03298664825874709,0.9700225232762288,0.45957650048063853,BTC,0.24206982545776057,19
minimum_variance,7,2025-05-03,-0.005894871852201611,0.9643043648077663,0.2336211038847474,MNT,0.24981543299450784,19
minimum_variance,7,2025-05-04,-0.01330380859974778,0.9514754441064623,0.2597560413153717,BTC,0.24934011180366833,19
minimum_variance,7,2025-05-05,-0.01036854825193112,0.9416100250537169,0.3116552674256383,BTC,0.25055936178990834,19
minimum_variance,7,2025-05-06,-0.02092697383263853,0.9219049766988677,0.38299997756956544,BTC,0.2607717478570082,19
minimum_variance,7,2025-05-07,0.011668375467774661,0.9326621101126001,0.30106728307280367,BTC,0.25842230072877215,19
minimum_variance,7,2025-05-08,0.05603259435303842,0.9849215877969884,0.34303016009610615,BTC,0.257080935288978,19
minimum_variance,7,2025-05-09,0.01647378682287237,1.001146976071601,0.40669432111417647,BTC,0.2510853199186782,19
minimum_variance,7,2025-05-10,0.02285955807125606,1.0240327535089722,0.32709690426969135,BTC,0.24654880701380702,18
minimum_variance,7,2025-05-11,0.002857604766160593,1.026959034386104,0.43507504340538117,MNT,0.2467788446379635,18
minimum_variance,7,2025-05-12,0.006394795172526058,1.0335262270615782,0.5248510968445814,MNT,0.24782403064823158,18
minimum_variance,7,2025-05-13,0.008406025607015755,1.04221407499178,0.39398132314687895,MNT,0.24683796219687046,18
minimum_variance,7,2025-05-14,-0.012667556478280995,1.0290117693343623,0.40859235420265694,BTC,0.24672668191599376,18
minimum_variance,7,2025-05-15,-0.025600083267982687,1.0026689823556685,0.5405108043770216,BTC,0.2536951683849613,18
minimum_variance,7,2025-05-16,0.009609371153154633,1.01230400075088,0.3315843563806263,BTC,0.25207530925968735,18
minimum_variance,7,2025-05-17,-0.011370515974586048,1.0007935819392046,0.2919942495970642,BTC,0.2530617073089014,15
minimum_variance,7,2025-05-18,0.013721733970659011,1.0145262052301174,0.2984665063592963,BTC,0.2563676391212182,15
minimum_variance,7,2025-05-19,-0.01994759550544034,0.9942888468585177,0.32460320653480157,BTC,0.2580871811088935,15
minimum_variance,7,2025-05-20,0.009264299297562228,1.003500236324043,0.33055408634787026,BTC,0.2588058332353727,15
minimum_variance,7,2025-05-21,-0.005176366656800546,0.9983057511606438,0.3021197346972886,BTC,0.2637804604639054,15
minimum_variance,7,2025-05-22,0.022872217654018367,1.0211392175864484,0.27437973677436867,BTC,0.26194316697640213,15
minimum_variance,7,2025-05-23,-0.036129479770177886,0.9842459888821236,0.4454157068811076,BTC,0.2629018126222839,15
minimum_variance,7,2025-05-24,0.004328666468400799,0.9885064614908556,0.2505009459673611,MNT,0.25161487459448484,11
minimum_variance,7,2025-05-25,-0.002337229795622786,0.9861960947358935,0.30270330133270573,BTC,0.2537007431914716,11
minimum_variance,7,2025-05-26,-0.0034097624007652927,0.9828334003722815,0.24114477374597035,BTC,0.2544601420802691,11
minimum_variance,7,2025-05-27,-0.0016503623244852328,0.9812113691570614,0.296699039080957,BTC,0.25315673151894125,11
minimum_variance,7,2025-05-28,-0.0019988624574788227,0.979250062588402,0.28749837025980113,BTC,0.2521207525232113,11
minimum_variance,7,2025-05-29,-0.009815151179640602,0.9696385751814243,0.2872956635846883,BTC,0.24961465138824046,11
minimum_variance,7,2025-05-30,-0.04299801613498522,0.9279460400806693,0.4773460772279849,BTC,0.26053069926472366,11
minimum_variance,7,2025-05-31,0.0011378892922586648,0.9290019399434709,0.36254080785689335,BTC,0.2509305097297205,15
minimum_variance,7,2025-06-01,0.011892010274071385,0.9400496405579108,0.33790996179219474,BTC,0.24997488573824542,15
minimum_variance,7,2025-06-02,0.04184275754305267,0.9793839097462093,0.9783925264147518,BTC,0.23827143670694004,15
minimum_variance,7,2025-06-03,-0.0206214354904376,0.9591876076310052,0.36845257167791506,BTC,0.2419476528938853,15
minimum_variance,7,2025-06-04,-0.0204708909983653,0.9395521826682081,0.2609348321224643,BTC,0.2435871794158063,15
minimum_variance,7,2025-06-05,-0.04334652354435631,0.8988258618610292,0.42553331249393045,BTC,0.24839791353317248,15
minimum_variance,7,2025-06-06,-0.0014154008288421727,0.8975536629911663,0.45928037020083284,BTC,0.25501325616970155,15
minimum_variance,7,2025-06-07,0.011547772721616889,0.907918408696843,0.22283595394380168,MNT,0.2524133343267266,13
minimum_variance,7,2025-06-08,-0.0004670042257686191,0.9074944069633285,0.19882807878798567,MNT,0.24809795938804255,13
minimum_variance,7,2025-06-09,0.02159302904299354,0.9270899600492418,0.2709980749602239,BTC,0.2508128285139325,13
minimum_variance,7,2025-06-10,0.01235031595290681,0.9385398139726177,0.3267149439320845,MNT,0.25086404733299666,13
minimum_variance,7,2025-06-11,-0.01053715115921483,0.9286502780838468,0.2705496612132653,MNT,0.25029316832988674,13
minimum_variance,7,2025-06-12,-0.026797388047330006,0.903764876221773,0.3124572727724361,MNT,0.25242548068750087,13
minimum_variance,7,2025-06-13,-0.006712661305522061,0.8976982087078692,0.47602161935490345,BTC,0.2533640707607298,13
minimum_variance,7,2025-06-14,0.00017092994264622519,0.8978516522111972,0.26955057086098155,BTC,0.24858532925586282,13
minimum_variance,7,2025-06-15,-0.008107337117384539,0.8905724661853204,0.2169051335158222,BTC,0.24977323452425024,13
minimum_variance,7,2025-06-16,0.002286049522117306,0.8926083589460542,0.345748761754705,BTC,0.25036664077121124,13
minimum_variance,7,2025-06-17,-0.01354967681580821,0.8805138041592462,0.3091097263695034,BTC,0.25187512942261336,13
minimum_variance,7,2025-06-18,0.0006375860122922461,0.8810752074444083,0.4182162581370819,BTC,0.25162639525976965,13
minimum_variance,7,2025-06-19,0.011832190663361386,0.8915002572876513,0.29936864435168375,BTC,0.24792123771830532,13
minimum_variance,7,2025-06-20,-0.008731780799754452,0.8837158724580908,0.31692496484660365,BTC,0.2484144902791919,13
minimum_variance,7,2025-06-21,-0.023678349256679,0.8627909393863573,0.33029416376721643,BTC,0.2541942344123846,13
minimum_variance,7,2025-06-22,-0.035601012623740935,0.8320747082616143,0.6484142683798414,BTC,0.25978502806595244,13
minimum_variance,7,2025-06-23,0.0475084235591241,0.8716052659345418,0.49838503394658895,BTC,0.25730042459504004,13
minimum_variance,7,2025-06-24,0.0030523321393083336,0.8742656947005443,0.34807414002361814,BTC,0.25556454320003213,13
minimum_variance,7,2025-06-25,0.014117834145722652,0.8866084327776215,0.45544984920791215,BTC,0.2550835098661443,13
minimum_variance,7,2025-06-26,-0.03372727135430076,0.8567055495803193,0.349940637054143,BTC,0.2628982307206526,13
minimum_variance,7,2025-06-27,0.0007905972599469013,0.8573828586403989,0.3343095824624354,BTC,0.2629482283948264,13
minimum_variance,7,2025-06-28,0.008733674656156598,0.8648709615835296,0.17503622959806192,BTC,0.24822340308675517,14
minimum_variance,7,2025-06-29,0.0024720209979913754,0.8670089407611171,0.24172772302957418,BTC,0.24904810580018477,14
minimum_variance,7,2025-06-30,-0.01606625044773935,0.8530793579784198,0.290227009021177,BTC,0.2490006641840169,14
minimum_variance,7,2025-07-01,-0.012151867842596697,0.8427128503610188,0.29976507071655994,BTC,0.251141115246713,14
minimum_variance,7,2025-07-02,0.07898558054961002,0.9092750140834006,0.8983215937259557,BTC,0.23656674826303664,14
minimum_variance,7,2025-07-03,-0.0028126799113206147,0.9067175145174224,0.5698761811441032,BTC,0.23950397030604537,14
minimum_variance,7,2025-07-04,-0.026735106432247302,0.8824763252628164,0.322728924405212,BTC,0.24430114541519485,14
minimum_variance,7,2025-07-05,0.0007268721125339717,0.8831177726936215,0.17054392218949221,BTC,0.25050297763791507,15
minimum_variance,7,2025-07-06,0.003686805583286157,0.8863736562286876,0.20150819123074837,BTC,0.24985394989026025,15
minimum_variance,7,2025-07-07,-0.0021210552459710597,0.8844936087352532,0.2060850911494798,BTC,0.24994117804411498,15
minimum_variance,7,2025-07-08,0.033171810919452316,0.9138338634836831,0.6134802773973707,BTC,0.2422496009785975,15
minimum_variance,7,2025-07-09,0.02243744413857285,0.9343379597475344,0.34811781113158624,BTC,0.24114634424700998,15
minimum_variance,7,2025-07-10,0.030247581553815905,0.9625994233838239,0.3234433064681429,BTC,0.24274885231946136,15
minimum_variance,7,2025-07-11,0.03873219506142678,0.9998830120163431,0.7170224632746272,BTC,0.2361799237060785,15
minimum_variance,7,2025-07-12,0.08089160584180366,1.0807651545122845,1.0321827499729763,BTC,0.2335376091931666,18
minimum_variance,7,2025-07-13,-0.015061599051096164,1.0644871030866245,0.4338443825576215,BTC,0.23997065964500722,18
minimum_variance,7,2025-07-14,0.004912171251865605,1.0697160460323882,0.38080772735171076,BTC,0.24202064779243218,18
minimum_variance,7,2025-07-15,0.015220142875734588,1.085997277089467,0.5742828934897783,BTC,0.2339852631895102,18
minimum_variance,7,2025-07-16,0.009657546378419424,1.0964853461597959,0.31161373125722924,BTC,0.2322933029453056,18
minimum_variance,7,2025-07-17,0.012819711592607419,1.1105419720630847,0.4286336040292471,BTC,0.23100776265370598,18
minimum_variance,7,2025-07-18,0.008746826129219398,1.120255689601921,0.737350896978397,BTC,0.22726843590251428,18
minimum_variance,7,2025-07-19,0.009233755149378187,1.1305998563444029,0.3297290278118648,BTC,0.24818002936030653,18
minimum_variance,7,2025-07-20,0.020944734107519958,1.1542799697175365,0.30658571586216404,BTC,0.24082239028870803,18
minimum_variance,7,2025-07-21,0.022747633817916668,1.180537107792027,0.32867500253964876,BTC,0.2356574925521069,18
minimum_variance,7,2025-07-22,0.021126115291694614,1.2054772708373651,0.6179707461831198,BTC,0.23434474680769551,18
minimum_variance,7,2025-07-23,-0.023098249791833836,1.1776328557171856,0.9270998084292463,BTC,0.23909901617400778,18
minimum_variance,7,2025-07-24,-0.017499808762035163,1.1570245059502455,0.6962395914540384,BTC,0.24193062330001947,18
minimum_variance,7,2025-07-25,-0.015411781446156625,1.139192697136693,0.6394339444982609,BTC,0.24442222253182816,18
minimum_variance,7,2025-07-26,0.018205235501157935,1.1599319684692657,0.21819600345412002,BTC,0.2466902811657431,14
minimum_variance,7,2025-07-27,0.019609314350960805,1.1826774390647083,0.21325684939150297,BTC,0.24439455368196944,14
minimum_variance,7,2025-07-28,-0.0076414062404427385,1.1736401203014084,0.3413895254019042,BTC,0.2461204332879285,14
minimum_variance,7,2025-07-29,-0.016374278572052314,1.1544226100282562,0.4263917885012775,BTC,0.251414115497828,14
minimum_variance,7,2025-07-30,-0.004774111072071263,1.148911268263871,0.36027642825490214,BTC,0.25240507069110407,14
minimum_variance,7,2025-07-31,-0.012224274258937129,1.13486666182143,0.26100641856661727,BTC,0.25238319586426267,14
minimum_variance,7,2025-08-01,-0.04224353143015025,1.0869258863237468,0.499460582423191,BTC,0.25847247247644844,14
minimum_variance,7,2025-08-02,-0.016057822430863733,1.0694722234456508,0.3230672338499925,BTC,0.25306223631395297,11
minimum_variance,7,2025-08-03,0.027857338224619,1.0992648728960117,0.2768092532162929,BTC,0.25075084754871013,11
minimum_variance,7,2025-08-04,0.06479409970188943,1.1704907506692208,0.4156297829822853,MNT,0.2540051877129426,11
minimum_variance,7,2025-08-05,0.0027978162420749797,1.1737655687026416,0.6302639619124043,MNT,0.27088356724378476,11
minimum_variance,7,2025-08-06,-0.009964623668859751,1.1620694365350546,0.4881071692373613,MNT,0.2634281434441996,11
minimum_variance,7,2025-08-07,0.06728348893784863,1.240257522613173,0.594856477793285,MNT,0.29370905532428454,11
minimum_variance,7,2025-08-08,0.006139591219118445,1.2478721968084543,0.5888694562734542,MNT,0.29272376277478046,11
minimum_variance,7,2025-08-09,0.019405350994493142,1.2720875947837915,0.2507036622362932,BTC,0.24544639244452643,15
minimum_variance,7,2025-08-10,-0.003196824662486941,1.268020953787943,0.28057988585812593,BTC,0.2519519099203859,15
minimum_variance,7,2025-08-11,-0.018786311400658562,1.2441995172875226,0.33673239909282304,BTC,0.257457443684389,15
minimum_variance,7,2025-08-12,0.015859843791603767,1.2639323272772915,0.3450176948503973,BTC,0.25350737330989725,15
minimum_variance,7,2025-08-13,0.021648918395670513,1.2912950950881676,0.2565189353168295,BTC,0.2538459161927246,15
minimum_variance,7,2025-08-14,-0.017833406916922034,1.2682669042076349,0.5672680656277647,BTC,0.2530237462648937,15
minimum_variance,7,2025-08-15,0.012363154763407325,1.2839466842256613,0.44734761730772504,BTC,0.24874628374709906,15
minimum_variance,7,2025-08-16,0.0012887427510939187,1.2856013612077482,0.21614658277383741,BTC,0.2485335382893607,17
minimum_variance,7,2025-08-17,-0.0034924629165566934,1.2811114461282553,0.18124057480321693,BTC,0.24957741524002502,17
minimum_variance,7,2025-08-18,-0.013117073487979525,1.2643070131430993,0.356581081539941,BTC,0.2503280285351291,17
minimum_variance,7,2025-08-19,-0.029487390589513995,1.227025898421487,0.3687158909786574,BTC,0.2511626079250287,17
minimum_variance,7,2025-08-20,0.019441802740962633,1.25088149389665,0.360144870240402,BTC,0.24947127280381595,17
minimum_variance,7,2025-08-21,-0.01672671586339014,1.2299583545694677,0.30136916630039645,BTC,0.2514033926781313,17
minimum_variance,7,2025-08-22,0.03496270990093664,1.2729610317105133,0.4626237569675048,BTC,0.24807204551627576,17
minimum_variance,7,2025-08-23,-0.0056543014079086795,1.2657633263566996,0.24493930990780008,BTC,0.24917812894277452,12
minimum_variance,7,2025-08-24,-0.005621500502128396,1.2586478371820098,0.3037502165552268,BTC,0.24727001662335282,12
minimum_variance,7,2025-08-25,-0.014485447515988126,1.2404157599953978,0.36629665578366866,BTC,0.24807704674095876,12
minimum_variance,7,2025-08-26,0.008175467938367209,1.2505567392714856,0.49291709638987063,BTC,0.24738864442171785,12
minimum_variance,7,2025-08-27,-0.005346919996430888,1.2438701124356035,0.29475412420461505,BTC,0.2470451897508559,12
minimum_variance,7,2025-08-28,0.0028811214519079975,1.2474538532999289,0.2396543367246956,BTC,0.24802298933414413,12
minimum_variance,7,2025-08-29,-0.028424537967439933,1.2119955538841758,0.39447549308603175,BTC,0.24782488337874928,12
minimum_variance,7,2025-08-30,-0.0023664631680430093,1.209127411046077,0.24921988414615978,BTC,0.2500344982197319,14
minimum_variance,7,2025-08-31,-0.008929089041027738,1.1983310047308993,0.19953779894910748,BTC,0.2506946156821227,14
minimum_variance,7,2025-09-01,-0.01533338653908789,1.1799565322335868,0.34424837655545304,BTC,0.25745505102511923,14
minimum_variance,7,2025-09-02,0.022908985579756846,1.206988139415266,0.3191662587510515,BTC,0.2558169455838794,14
minimum_variance,7,2025-09-03,0.004285392094233176,1.2121605568457494,0.22729707807630942,BTC,0.25458729932606505,14
minimum_variance,7,2025-09-04,-0.009361653617005916,1.2008127295843625,0.2156362011668139,BTC,0.25793215317150087,14
minimum_variance,7,2025-09-05,0.0035111942523038397,1.2050290163385724,0.24286497096051743,BTC,0.2561782957852344,14
minimum_variance,7,2025-09-06,-0.007148611844482344,1.1964147316394296,0.17795347387521096,BTC,0.2507633317669574,12
minimum_variance,7,2025-09-07,0.003914688276215772,1.2010983223628702,0.1334279632635704,BTC,0.2509055484246033,12
minimum_variance,7,2025-09-08,0.010829024330701653,1.2141050453193025,0.19514397177641452,BTC,0.24990208614042042,12
minimum_variance,7,2025-09-09,0.0025543197615609525,1.2172062578291725,0.2632236776424709,BTC,0.24819848739229086,12
minimum_variance,7,2025-09-10,0.014433415258376714,1.2347747012035157,0.20246856646093447,BTC,0.24982177050809334,12
minimum_variance,7,2025-09-11,0.009050735954762024,1.245950320987729,0.2722733838748121,BTC,0.2505689594879121,12
minimum_variance,7,2025-09-12,0.021409613505360747,1.2726256358069563,0.27380565769218507,BTC,0.2460470125828487,12
minimum_variance,7,2025-09-13,0.004425314862187557,1.2782574049470936,0.17183236915144914,BTC,0.24817534468721467,13
minimum_variance,7,2025-09-14,0.001429213797536688,1.2800843080670474,0.23564645273235665,BTC,0.24729650276472742,13
minimum_variance,7,2025-09-15,-0.02151570653733259,1.2525423897516323,0.24857947424710244,BTC,0.25330671951282296,13
minimum_variance,7,2025-09-16,0.005976690366026105,1.2600284477855002,0.1933042098896124,BTC,0.2544276038083993,13
minimum_variance,7,2025-09-17,0.003399263750163639,1.2643116168122324,0.22063602576995725,BTC,0.25219392724410683,13
minimum_variance,7,2025-09-18,0.005943935586266713,1.271826603623533,0.18801673826487836,BTC,0.2523531679571283,13
minimum_variance,7,2025-09-19,-0.013126335734115147,1.2551321806287912,0.19868558243814513,BTC,0.25519192817653125,13
minimum_variance,7,2025-09-20,0.0028023288132064117,1.2586494737029499,0.12126677794784849,BTC,0.2493305870336815,13
minimum_variance,7,2025-09-21,-0.0086391626293989,1.2477757962062228,0.15357536109035255,BTC,0.25042397854820525,13
minimum_variance,7,2025-09-22,-0.03847173718835595,1.1997716937045855,0.38533186523911644,BTC,0.2592243521342043,13
minimum_variance,7,2025-09-23,-0.0035266611611739496,1.1955405054701216,0.3310280138215897,BTC,0.2583742701966232,13
minimum_variance,7,2025-09-24,0.0016446007704580268,1.1975066923065314,0.22211595294507683,BTC,0.2597453600874741,13
minimum_variance,7,2025-09-25,-0.01311012392759392,1.1818072311662697,0.7105585629843462,BTC,0.2589566323998757,13
minimum_variance,7,2025-09-26,-0.00475111822095442,1.17619232529662,0.36216351554038423,BTC,0.26015828954769027,13
minimum_variance,7,2025-09-27,-0.0034128424129561408,1.1721781662430542,0.2624310233748607,BTC,0.2504785688166348,14
minimum_variance,7,2025-09-28,0.006811359352615343,1.1801622929586253,0.2050502306516367,BTC,0.25332509061938324,14
minimum_variance,7,2025-09-29,-0.009184629145876477,1.1693229399658531,0.31527263916544807,BTC,0.2592292114880405,14
minimum_variance,7,2025-09-30,-0.005278316653065107,1.1631508832190203,0.39669862875232104,BTC,0.260315398735051,14
minimum_variance,7,2025-10-01,0.032509590277681744,1.2009644418635943,0.3109649055182609,BTC,0.26090150340913393,14
minimum_variance,7,2025-10-02,0.014127510941523092,1.2179310801564025,0.27198990468192746,BTC,0.2607114379465836,14
minimum_variance,7,2025-10-03,0.00881194399600771,1.2286634206257379,0.30336736130180547,BTC,0.2625674181891146,14
minimum_variance,7,2025-10-04,-0.006903493866738497,1.2201813502371621,0.2295449714256162,BTC,0.25391734413367734,16
minimum_variance,7,2025-10-05,0.0035465629233486506,1.2245088001736748,0.250529389535376,BTC,0.25597256025721166,16
minimum_variance,7,2025-10-06,0.007994635502465153,1.2342983017006244,0.19311031406493556,BTC,0.2549049004191714,16
minimum_variance,7,2025-10-07,-0.023286595229755402,1.2055556967561474,0.28316889108208104,BTC,0.257939243672845,16
minimum_variance,7,2025-10-08,0.012127480052100514,1.2201760494202536,0.2659490690955405,BTC,0.25834996542540506,16
minimum_variance,7,2025-10-09,0.00540422362241455,1.226770153650035,0.41891024786994063,BTC,0.25671593596004383,16
minimum_variance,7,2025-10-10,-0.10316349873180553,1.1002122524597429,1.1624083541990347,BTC,0.27671436387097537,16
minimum_variance,7,2025-10-11,-0.01575898461565517,1.0828740244992745,0.7191836569385776,BTC,0.25170136456170206,5
minimum_variance,7,2025-10-12,0.04305637083494629,1.129498650065646,0.571068333882758,STRAX,0.24982407122590924,5
minimum_variance,7,2025-10-13,0.011285113511779521,1.1422451705430388,0.43600491882316017,STRAX,0.25231274142176857,5
minimum_variance,7,2025-10-14,-0.00967837567003127,1.1311900926752443,0.6575430358552831,STRAX,0.2552629542051194,5
minimum_variance,7,2025-10-15,-0.015630074813339445,1.1135095068986218,0.4123991986410583,STRAX,0.25242723167198416,5
minimum_variance,7,2025-10-16,-0.023235037639809275,1.0876370715935468,0.4348262834451769,STRAX,0.25037165235106673,5
minimum_variance,7,2025-10-17,-0.015650223031074217,1.0706153088462433,0.7856410358048763,STRAX,0.25281699704048816,5
minimum_variance,7,2025-10-18,0.006305663406531048,1.077366248621707,0.3074571123973766,BTC,0.248463825809029,13
minimum_variance,7,2025-10-19,0.005091589023567877,1.0828517547875518,0.3121328544278107,BTC,0.249040403164376,13
minimum_variance,7,2025-10-20,0.0022266962480679275,1.085262936727151,0.35591579097333714,BTC,0.2501253517872592,13
minimum_variance,7,2025-10-21,-0.018099146851579095,1.0656206034627502,0.42940744183890833,BTC,0.2503459995206173,13
minimum_variance,7,2025-10-22,-0.010761419434905717,1.0541530131904102,0.35022660604676914,BTC,0.25297628863291705,13
minimum_variance,7,2025-10-23,0.010911119594768426,1.0656550027885163,0.2971918662592393,BTC,0.2543301006579487,13
minimum_variance,7,2025-10-24,0.0043212293235492805,1.0702599424353532,0.3076866121666977,BTC,0.2533794671281239,13
minimum_variance,7,2025-10-25,-0.000639421328993417,1.0695755954005928,0.17294400825280318,BTC,0.25096567920635443,11
minimum_variance,7,2025-10-26,0.017469012535595407,1.0882600248844125,0.236935258746061,BTC,0.25147488867362494,11
minimum_variance,7,2025-10-27,-0.008621482789827772,1.078877609809014,0.2861331897316834,BTC,0.2526461593047266,11
minimum_variance,7,2025-10-28,-0.007554290789891782,1.0707274546178134,0.29779412786713644,BTC,0.2533634744290143,11
minimum_variance,7,2025-10-29,-0.010631374716853381,1.0593441498281488,0.3008248286359543,BTC,0.25039759016906665,11
minimum_variance,7,2025-10-30,-0.02357226923770106,1.0343730043130162,0.4200426804396364,BTC,0.25627402161121365,11
minimum_variance,7,2025-10-31,0.005310490750162211,1.0398660325846378,0.2723210058698084,BTC,0.25503201030527883,11
minimum_variance,7,2025-11-01,4.029284483486606e-05,1.039907931745338,0.19782639897472998,BTC,0.2494848663060235,11
minimum_variance,7,2025-11-02,-0.004473363229227423,1.0352560458416864,0.18648529043612685,BTC,0.25061967053434486,11
minimum_variance,7,2025-11-03,-0.0803789603788706,0.9520432411509913,0.7808757170472669,BTC,0.2634007311555277,11
minimum_variance,7,2025-11-04,-0.03802014984849433,0.9158464144601843,0.8942881280433014,BTC,0.26454216118234186,11
minimum_variance,7,2025-11-05,0.01455647572958263,0.9291779105642992,0.7335760022607821,BTC,0.2656023021457228,11
minimum_variance,7,2025-11-06,0.014170171717319269,0.9423445211129353,0.8643669525191976,BTC,0.25417731636300345,11
minimum_variance,7,2025-11-07,0.05443045653710299,0.9936367636123501,0.6084231398731635,BTC,0.24513548512928385,11
minimum_variance,7,2025-11-08,-0.0036562077804556115,0.9900038211462839,0.3851103956028675,BTC,0.24859513802913782,10
minimum_variance,7,2025-11-09,0.014836954077712461,1.0046924623773912,0.4470799507330041,BTC,0.2494666440529016,10
minimum_variance,7,2025-11-10,0.002140476364664634,1.0068429828468668,0.29975203674417394,BTC,0.25153611483250776,10
minimum_variance,7,2025-11-11,0.015012513400405325,1.0219582266189595,0.5846834833230141,BTC,0.24387848468682435,10
minimum_variance,7,2025-11-12,0.0058107623378096385,1.0278965829930118,0.4453945347206176,BTC,0.24061901056731072,10
minimum_variance,7,2025-11-13,-0.04911919452262237,0.9774071307838392,0.4098854225679618,BTC,0.24964653161760111,10
minimum_variance,7,2025-11-14,-0.03999929714151207,0.9383115325313837,0.634750748382081,BTC,0.24743617918186334,10
minimum_variance,7,2025-11-15,7.554380299046315e-05,0.9383824161529409,0.2933572077760046,BTC,0.25060648083197323,13
minimum_variance,7,2025-11-16,-0.033477073922661194,0.9069681186396635,0.46742934996386043,BTC,0.2522052999030663,13
minimum_variance,7,2025-11-17,-0.014260020031625631,0.8940347350998161,0.5894656284602372,BTC,0.25121349580445607,13
minimum_variance,7,2025-11-18,0.005578578159067371,0.8990221777464915,0.5233401998032595,BTC,0.24972738406205963,13
minimum_variance,7,2025-11-19,-0.021108904359407488,0.8800448045794546,0.45839176901139256,BTC,0.2529990797568622,13
minimum_variance,7,2025-11-20,-0.0280723144795878,0.8553399100691728,0.5022309643786401,BTC,0.24801040184659834,13
minimum_variance,7,2025-11-21,-0.030369342214931483,0.8293637996301934,0.8780522952221078,BTC,0.25169004345296614,13
minimum_variance,7,2025-11-22,0.0066265098932640765,0.834859587053558,0.631848926607182,BTC,0.24694044125040146,12
minimum_variance,7,2025-11-23,0.025804584463660074,0.8564027917829778,0.6909277786410594,BTC,0.24941599677982682,12
minimum_variance,7,2025-11-24,0.009296082082630441,0.8643639824311863,0.4386932141214512,BTC,0.24820522735795733,12
minimum_variance,7,2025-11-25,0.025155628887596038,0.8861076019970299,0.5050305021917929,BTC,0.2388274521199122,12
minimum_variance,7,2025-11-26,0.004193648147852613,0.8898236255009427,0.5473199164570268,BTC,0.24645690516731406,12
minimum_variance,7,2025-11-27,0.01833931768169572,0.9061423836496827,0.37076526720755676,BTC,0.2447791390271941,12
minimum_variance,7,2025-11-28,-0.004371433164317873,0.9021812427822025,0.34226731718180253,BTC,0.2446119418425318,12
minimum_variance,7,2025-11-29,0.03279261948519663,0.931766128983441,0.3957746789311584,BTC,0.2415293510000801,15
minimum_variance,7,2025-11-30,-0.032277449688040805,0.9016910946341574,0.3684992120691531,BTC,0.24922378923161548,15
minimum_variance,7,2025-12-01,-0.06412086748479928,0.843873879442897,0.6723112705826548,BTC,0.25330968409267945,15
minimum_variance,7,2025-12-02,0.039236131951103204,0.8769842263268078,0.39887718936840455,BTC,0.25650922517335734,15
minimum_variance,7,2025-12-03,0.012043098409837194,0.8875458336683365,0.40016915211389037,BTC,0.2589551584399101,15
minimum_variance,7,2025-12-04,-0.017632203293631465,0.8718964450966807,0.28144424340139246,BTC,0.2608149865765999,15
minimum_variance,7,2025-12-05,-0.017128057300168864,0.8569625528252512,0.40146879906554994,BTC,0.2581689893135868,15
minimum_variance,7,2025-12-06,0.003140965474366819,0.8596542426165006,0.43097000992463796,BTC,0.24904945202468712,14
minimum_variance,7,2025-12-07,-0.0028390072106969644,0.8572136780230061,0.40339824643529965,BTC,0.2525307880864952,14
minimum_variance,7,2025-12-08,-0.000654245003903875,0.8566528502568814,0.28017866224829363,BTC,0.25252963075878326,14
minimum_variance,7,2025-12-09,0.008950176445197355,0.8643200444189617,0.2978404742823181,BTC,0.2542144057011169,14
minimum_variance,7,2025-12-10,-0.007045284897230442,0.8582306634636433,0.28483952087811076,BTC,0.2552376572748583,14
minimum_variance,7,2025-12-11,-0.012125360918353478,0.8478243069179486,0.47289320137994645,BTC,0.25997894116107023,14
minimum_variance,7,2025-12-12,-0.012712969011821618,0.8370459427766316,0.3285750066687124,BTC,0.25810027457182105,14
minimum_variance,7,2025-12-13,0.01609987164619886,0.8505222750173069,0.5211234211718376,BTC,0.24589828618452275,13
minimum_variance,7,2025-12-14,-0.024583421863853094,0.8296135271259524,0.3299663184591505,BTC,0.24662691138469284,13
minimum_variance,7,2025-12-15,-0.04095641538085815,0.795635530903403,0.42259966210869426,BTC,0.25185295715442174,13
minimum_variance,7,2025-12-16,0.00029833196587514266,0.7958728944154575,0.414264396596716,BTC,0.2545511055402241,13
minimum_variance,7,2025-12-17,-0.014521136048816441,0.7843159158380854,0.7142368286760457,BTC,0.25465466165792733,13
minimum_variance,7,2025-12-18,-0.020307515372993912,0.7683884083199196,0.4599998401285798,BTC,0.2570123214557918,13
minimum_variance,7,2025-12-19,0.03374278498251537,0.7943159731649159,0.5061187985760551,BTC,0.25649801665654615,13
minimum_variance,7,2025-12-20,0.00618040870365455,0.7992251705189162,0.20328345016034652,BTC,0.24912121599010603,14
minimum_variance,7,2025-12-21,-0.010963578104840721,0.7904628029385774,0.380263643431474,BTC,0.25267317526012456,14
minimum_variance,7,2025-12-22,0.006948377564593544,0.7959552369441615,0.32076402958645406,BTC,0.251055064461017,14
minimum_variance,7,2025-12-23,-0.0008173648527115551,0.7953046511091516,0.3353938077180902,BTC,0.2481046768146349,14
minimum_variance,7,2025-12-24,-0.010904789730502462,0.7866320211171157,0.2649387109239698,BTC,0.24850722040306034,14
minimum_variance,7,2025-12-25,-0.010444712350907825,0.7784158759305342,0.22719502380485088,BTC,0.24976393915666692,14
minimum_variance,7,2025-12-26,0.0010551060572370208,0.779237187236278,0.3397607788294939,BTC,0.2487959510715095,14
minimum_variance,7,2025-12-27,0.010548181127846279,0.7874567222287997,0.19610856578157038,BTC,0.24780745993354122,17
minimum_variance,7,2025-12-28,9.622025840960724e-05,0.7875324915180989,0.21883127405175215,BTC,0.24694394848036058,17
minimum_variance,7,2025-12-29,-0.0030373536265514423,0.7851404768489593,0.340263985984449,BTC,0.2461822158325213,17
minimum_variance,7,2025-12-30,0.007669346327033644,0.7911619910812863,0.33983822888854404,BTC,0.24690436727829784,17
minimum_variance,7,2025-12-31,-0.01862446386306571,0.7764270231685617,0.2809042344370162,BTC,0.25066793443326807,17
minimum_variance,7,2026-01-01,0.014343400884376578,0.7875636272193315,0.30856416317411733,BTC,0.2486211794503492,17
minimum_variance,7,2026-01-02,0.018166795094511468,0.8018711342589152,0.3192067142458641,BTC,0.24674249716914587,17
minimum_variance,7,2026-01-03,0.004828349645753072,0.8057428484659538,0.22029378187926718,BTC,0.25056690312972135,19
minimum_variance,7,2026-01-04,0.010904771126000412,0.8145292898148866,0.19960309161520326,BTC,0.25052455106213345,19
minimum_variance,7,2026-01-05,0.02449877458199956,0.8344842592764976,0.26226538130077753,BTC,0.25134816782437613,19
minimum_variance,7,2026-01-06,0.008072203755784768,0.8412203862483727,0.3600857017950454,BTC,0.24926041250732975,19
minimum_variance,7,2026-01-07,0.003985079489331245,0.8445727163556184,0.6143742426748112,BTC,0.2424754036987109,19
minimum_variance,7,2026-01-08,-0.0013099717741654748,0.8434663499359623,0.5206773924939965,BTC,0.24323171160961454,19
minimum_variance,7,2026-01-09,-0.0021183988028985468,0.8416795518299727,0.3941618542432114,BTC,0.24438854637904725,19
minimum_variance,7,2026-01-10,0.002757318101952011,0.8440003300942762,0.26399867485036127,BTC,0.24927709654599675,20
minimum_variance,7,2026-01-11,-0.017217960026336243,0.8294683661484984,0.2144444744559229,BTC,0.2541363093266355,20
minimum_variance,7,2026-01-12,-0.00604933318183265,0.8244506356378758,0.33435773045097916,BTC,0.25723290473475846,20
minimum_variance,7,2026-01-13,0.03275912534626668,0.8514589173525462,0.28418076866819547,BTC,0.25905669556854755,20
minimum_variance,7,2026-01-14,0.005965397804140737,0.8565382085084372,0.26346811977165646,BTC,0.261261995080443,20
minimum_variance,7,2026-01-15,-0.023071024393804707,0.8367769946057133,0.2754048594170283,BTC,0.26531174928154844,20
minimum_variance,7,2026-01-16,0.005660189540876548,0.8415133109986267,0.21205838390245366,BTC,0.26399823011858936,20
minimum_variance,7,2026-01-17,-0.002567479764188696,0.8393527426013423,0.17581948806415132,BTC,0.24975471535498878,16
minimum_variance,7,2026-01-18,-0.01890674660170355,0.8234833129875339,0.24598623926193966,BTC,0.2511324576481368,16
minimum_variance,7,2026-01-19,-0.021887179869791162,0.8054595855964042,0.3271202802601462,BTC,0.2538715313526526,16
minimum_variance,7,2026-01-20,-0.03418211915506153,0.7779272700669614,0.38732419490097547,BTC,0.2528811376060963,16
minimum_variance,7,2026-01-21,0.009419834125602655,0.785255215912775,0.43227423512557267,BTC,0.25176581882923005,16
minimum_variance,7,2026-01-22,-0.003810900360203484,0.7822626865276013,0.2859718968210021,BTC,0.2534785302636653,16
minimum_variance,7,2026-01-23,0.0008286298069892784,0.7829108927065537,0.28527911196131583,BTC,0.2515248885058944,16
minimum_variance,7,2026-01-24,0.003473107426493094,0.7856300263422952,0.17013995139652935,BTC,0.24858164511288558,19
minimum_variance,7,2026-01-25,-0.02320105838158648,0.7674025782348003,0.33671208908403694,BTC,0.24828655549070816,19
minimum_variance,7,2026-01-26,0.0036671042058344927,0.7702167234570133,0.28998444706502724,BTC,0.2494338244894102,19
minimum_variance,7,2026-01-27,0.002496007987626614,0.7721391905509657,0.28573173656380413,BTC,0.24907207180903243,19
minimum_variance,7,2026-01-28,-0.01067323654844421,0.763897966321891,0.23318784863502598,BTC,0.25059045947261577,19
minimum_variance,7,2026-01-29,-0.03975249717092577,0.7335311145768041,0.4572667436587773,BTC,0.25118535719585305,19
minimum_variance,7,2026-01-30,-0.016803159519095945,0.7212054742463498,0.50790082458629,BTC,0.25727127288323043,19
minimum_variance,7,2026-01-31,0.004223175594159967,0.7242512516035615,1.226132716955549,BTC,0.23402545671844488,14
minimum_variance,7,2026-02-01,-0.04258088217884293,0.6934119943911508,1.4231336506063135,BTC,0.23582137949137694,14
minimum_variance,7,2026-02-02,0.018530046724793525,0.706260951046751,0.7725406468529408,BTC,0.23859307034903385,14
minimum_variance,7,2026-02-03,-0.024936333603159277,0.6886493923605647,0.6012639354569721,BTC,0.2341731430127528,14
minimum_variance,7,2026-02-04,-0.014015133545017266,0.6789978791609363,0.5929083101168899,BTC,0.22910990848958585,14
minimum_variance,7,2026-02-05,-0.1367317297756293,0.5861573246292778,1.1963161809073168,BTC,0.22890385968502647,14
minimum_variance,7,2026-02-06,0.12072845550736355,0.6569231931160988,1.5095340980212715,BTC,0.22948180112591338,14
minimum_variance,7,2026-02-07,-0.004829324426472215,0.6537506978932671,0.8096355863306186,BTC,0.24612216654771168,9
minimum_variance,7,2026-02-08,0.011620575278641354,0.6613476570916001,0.6089519519895847,BTC,0.2483108649133835,9
minimum_variance,7,2026-02-09,-0.004407062531567085,0.658433056611692,0.5493583148001654,BTC,0.24696845741130613,9
minimum_variance,7,2026-02-10,-0.009632593409563905,0.6520906386899352,0.45384841410641064,BTC,0.24590609299533522,9
minimum_variance,7,2026-02-11,-0.011893234156823307,0.6443351720325233,0.5908299209548904,BTC,0.24160996399391993,9
minimum_variance,7,2026-02-12,0.004337378036951556,0.6471298972561326,0.4652433046102049,BTC,0.235780047455474,9
minimum_variance,7,2026-02-13,0.04539379655687603,0.6765055801580495,0.5756321045120181,BTC,0.2339077971913198,9
minimum_variance,7,2026-02-14,0.036003221241088346,0.7008619602313106,0.7041362403937227,BTC,0.2462103414333201,14
minimum_variance,7,2026-02-15,-0.01783916092329607,0.6883591709377276,0.6064079522843588,BTC,0.24863472330969355,14
minimum_variance,7,2026-02-16,0.005391821187231249,0.6920706805000145,0.39102769209902444,BTC,0.24707826272777067,14
minimum_variance,7,2026-02-17,-0.02709722418587779,0.6733174861180327,0.34758295799138994,BTC,0.24922248249158024,14
minimum_variance,7,2026-02-18,-0.011698067427739711,0.6654409727651477,0.39605502573481643,BTC,0.24867754737999134,14
minimum_variance,7,2026-02-19,-0.03199376257777975,0.6441510122729728,0.47640671973963616,BTC,0.2572118288250827,14
minimum_variance,7,2026-02-20,0.0036416383858945967,0.6464967773255789,0.37742353915227966,BTC,0.2598161344559145,14
minimum_variance,7,2026-02-21,-0.002378415550074009,0.644959139337315,0.17076131082077253,MNT,0.25140526589236956,17
minimum_variance,7,2026-02-22,-0.02102987143217183,0.6313957315580471,0.2682641304404659,BTC,0.25450122375710077,17
minimum_variance,7,2026-02-23,-0.03981026101914431,0.6062597026783476,0.5101425776464281,BTC,0.25406232934799894,17
minimum_variance,7,2026-02-24,-0.008967262840386625,0.6008232125748962,0.37832638284028897,BTC,0.252174492214068,17
minimum_variance,7,2026-02-25,0.03264424193532589,0.6204366308865509,0.4532921808805422,BTC,0.2544114052383704,17
minimum_variance,7,2026-02-26,0.005363461919425161,0.6237643191297273,0.5072712852886458,MNT,0.2574375132399403,17
minimum_variance,7,2026-02-27,-0.006209668911011934,0.6198909492294289,0.3223844686234436,MNT,0.26044938711282106,17
minimum_variance,7,2026-02-28,0.00474437382337678,0.6228319436223012,0.5664551603667903,BTC,0.2527751007362087,18
minimum_variance,7,2026-03-01,-0.012801517616140456,0.6148587495241253,0.47014731111858715,BTC,0.2516975406113233,18
minimum_variance,7,2026-03-02,0.02916208473921067,0.632789312480393,0.4443499563395841,BTC,0.256551109858531,18
minimum_variance,7,2026-03-03,-0.00046690696177043023,0.632493858745062,0.44814349191982994,BTC,0.25550418411258713,18
minimum_variance,7,2026-03-04,0.018430736123043134,0.6441511861550376,0.48419525354806525,BTC,0.26373008877572435,18
minimum_variance,7,2026-03-05,0.0006838650913396638,0.6445916986647942,0.40692319630259705,BTC,0.2596578013867741,18
minimum_variance,7,2026-03-06,-0.01784198584729102,0.6330909026999356,0.3245006912165838,BTC,0.2565866923972446,18
minimum_variance,7,2026-03-07,-0.004672923589142841,0.6301325172866373,0.29909508903404786,BTC,0.24762342500170426,15
minimum_variance,7,2026-03-08,-0.022535395442439432,0.6159322318284431,0.3061970648047683,BTC,0.24939691205188158,15
minimum_variance,7,2026-03-09,0.014344345545826975,0.6247673765946027,0.30028404998591257,BTC,0.25242603239554184,15
minimum_variance,7,2026-03-10,0.01741698532271685,0.6356489408228632,0.316812050371014,BTC,0.25282707214084926,15
minimum_variance,7,2026-03-11,0.0005780146394258612,0.6360163552161943,0.25321840785856053,BTC,0.2538066017114482,15
minimum_variance,7,2026-03-12,0.0075155044783152825,0.6407963389821033,0.2109170083838002,BTC,0.2528345348471484,15
minimum_variance,7,2026-03-13,0.009027722299025376,0.6465812703806658,0.30982912019305847,BTC,0.2534472488740741,15
minimum_variance,7,2026-03-14,0.0220496213328627,0.6608381425534808,0.3680348202839623,MNT,0.22478476069750356,16
minimum_variance,7,2026-03-15,0.013684173986059367,0.669881166672807,0.41152283175592425,MNT,0.2240207719287668,16
minimum_variance,7,2026-03-16,0.033561606905250674,0.6923634550619104,0.35277959923536195,MNT,0.23194063050536926,16
minimum_variance,7,2026-03-17,0.0003626175122475317,0.6926145181755561,0.44064095236293066,MNT,0.2261836640086943,16
minimum_variance,7,2026-03-18,-0.03593873587206586,0.6677228279456866,0.4616591858531672,MNT,0.21829107084210736,16
minimum_variance,7,2026-03-19,-0.015159191582057918,0.6576006896731444,0.31563398193902403,MNT,0.21471247883485284,16
minimum_variance,7,2026-03-20,0.008164417021958581,0.6629696159375635,0.21964657481852345,MNT,0.21450310687124205,16
minimum_variance,7,2026-03-21,-0.010326264653671702,0.6561236162260492,0.21422889001918352,BTC,0.1926388071302156,18
minimum_variance,7,2026-03-22,-0.019236863570894047,0.643501855735067,0.21643497152536664,BTC,0.1936092126500783,18
minimum_variance,7,2026-03-23,0.01188212732686278,0.6511480267199836,0.43995264489103036,BTC,0.19791833699250244,18
minimum_variance,7,2026-03-24,0.006273822392956374,0.6552332137911487,0.23502159229579553,BTC,0.19588739511168618,18
minimum_variance,7,2026-03-25,0.007530686298977907,0.660167569576881,0.2229800147209099,BTC,0.19684437364876717,18
minimum_variance,7,2026-03-26,-0.026850335134544823,0.6424418490887839,0.2865626236820545,BTC,0.19694645178454695,18
minimum_variance,7,2026-03-27,-0.010188924776107111,0.6358960574153951,0.3054030746037057,BTC,0.193818164534738,18
minimum_variance,7,2026-03-28,-0.0015021412966070846,0.6349408516872018,0.26336161045014495,BTC,0.16320673637102015,17
minimum_variance,7,2026-03-29,-0.008961107105129873,0.6292510787098105,0.3026067525449532,BTC,0.16406874204084687,17
minimum_variance,7,2026-03-30,0.010909851212652866,0.6361161143539358,0.2508377868008219,BTC,0.16385461595601208,17
equal_weight,7,2025-03-01,0.00826845591958758,1.0082684559195876,0.5509273815658186,CBK,0.023939984329340008,50
equal_weight,7,2025-03-02,0.12483876985146414,1.1341394496366242,1.070201819662147,ADA,0.03421284662116755,50
equal_weight,7,2025-03-03,-0.15637685567493576,0.9567862886055467,1.0701891115662239,ADA,0.02872807788257789,50
equal_weight,7,2025-03-04,-0.01680060528752514,0.9407116998261688,1.4228144004979495,ADA,0.03185664050318531,50
equal_weight,7,2025-03-05,0.026099967453228734,0.9652642445745032,0.7132296751570049,ADA,0.03219865863512191,50
equal_weight,7,2025-03-06,-0.018716882884531105,0.9471975067561769,0.7438247547373948,ADA,0.030464200726290438,50
equal_weight,7,2025-03-07,-0.020137116608882843,0.9281236801109847,1.1199264663223751,ADA,0.028001984401180714,50
equal_weight,7,2025-03-08,-0.009711849036571851,0.9191098830424793,0.5284035025726495,AUCTION,0.02223804761650722,50
equal_weight,7,2025-03-09,-0.08240476945809849,0.843370845023704,0.7716302288618007,AUCTION,0.024740442240056556,50
equal_weight,7,2025-03-10,-0.041557998291142484,0.8083220408874094,1.2850684486340869,AUCTION,0.030203253297686503,50
equal_weight,7,2025-03-11,0.04532619352827738,0.8449602021458442,1.1478878656630198,AUCTION,0.03721544255461284,50
equal_weight,7,2025-03-12,0.018465063536856174,0.860562445964582,0.8126097663055104,AUCTION,0.03552172800564934,50
equal_weight,7,2025-03-13,-0.016305458924268934,0.8465305803501381,0.6355048400070153,AUCTION,0.03673979862902377,50
equal_weight,7,2025-03-14,0.03047671290333165,0.8723300498113599,0.42646412022078556,AUCTION,0.03814282391999072,50
equal_weight,7,2025-03-15,0.017625025072422584,0.8877048888107127,0.3159466465834521,DRIFT,0.02213474680999602,50
equal_weight,7,2025-03-16,-0.029123796581353556,0.8618515522047164,0.550630405687665,AUCTION,0.0253438410922587,50
equal_weight,7,2025-03-17,0.03531366824708737,0.8922866919975111,0.5301949502536689,DRIFT,0.025183480284672217,50
equal_weight,7,2025-03-18,-0.01349844373032516,0.8802422102942647,0.47805764971753667,AUCTION,0.02667919805758731,50
equal_weight,7,2025-03-19,0.032479184218342505,0.9088317591991731,0.5655657333727359,AUCTION,0.027702872180142377,50
equal_weight,7,2025-03-20,-0.010982139158173476,0.8988508423482802,0.4012518015184463,AUCTION,0.031710797392492114,50
equal_weight,7,2025-03-21,0.004247313530248764,0.9026685436926615,0.43213511981115094,AUCTION,0.03640387186867417,50
equal_weight,7,2025-03-22,0.004170557690199583,0.9064331749292601,0.28996314010498375,AKT,0.02231669926694753,50
equal_weight,7,2025-03-23,-0.003187413135877226,0.9035439979206957,0.32697184901545356,BONK,0.022903228367790584,50
equal_weight,7,2025-03-24,0.03430934054838031,0.9345439966458019,0.422642993444824,CRO,0.022964914296019802,50
equal_weight,7,2025-03-25,0.020779328752734028,0.9539631935859989,0.431379050606348,CRO,0.02525455104360917,50
equal_weight,7,2025-03-26,0.0003581687524576438,0.9543048733929361,0.45645592322803885,MEW,0.02765473104358176,50
equal_weight,7,2025-03-27,0.01179606207325179,0.9655619129162858,0.47683672814828204,SAFE,0.026848658891301738,50
equal_weight,7,2025-03-28,-0.058382416428956696,0.9091900752284672,0.5818975349413066,CARV,0.02716365298397362,50
equal_weight,7,2025-03-29,-0.0451778612902235,0.8681148121233476,0.5692557515943837,MEW,0.02425812385356735,50
equal_weight,7,2025-03-30,-0.0064836409241118,0.862486267400637,0.5847420969975017,MEW,0.023985914806679765,50
equal_weight,7,2025-03-31,-0.017847142948233308,0.8470933516954497,0.7583236148091848,MEW,0.02338854480582087,50
equal_weight,7,2025-04-01,0.011728974477641652,0.8570288879976656,0.5863762540443805,MEW,0.026168774591034717,50
equal_weight,7,2025-04-02,-0.06481592794106794,0.8014797653497954,1.135713049375674,MEW,0.030451138853170485,50
equal_weight,7,2025-04-03,-0.0004633166014325063,0.8011084264687965,0.7053208122640979,MEW,0.02916745131021141,50
equal_weight,7,2025-04-04,-0.002878363898072167,0.7988025448956073,0.8129636357261505,MEW,0.02750518202895429,50
equal_weight,7,2025-04-05,0.0020476266929287945,0.800438194308915,0.3127868130971294,AUCTION,0.022990114909682093,50
equal_weight,7,2025-04-06,-0.07055130901110251,0.7439662319179379,0.7160762848495602,AERGO,0.03873983307109154,50
equal_weight,7,2025-04-07,0.015718121305539068,0.7556599833984489,1.5192376064684388,AERGO,0.04298176903743276,50
equal_weight,7,2025-04-08,-0.010607593297375817,0.7476442496234563,0.9360941860232427,AERGO,0.05593197947817423,50
equal_weight,7,2025-04-09,0.10071916347995669,0.8229463530261307,0.9395443005675029,AERGO,0.05556977117614735,50
equal_weight,7,2025-04-10,0.022371235087519148,0.8413566793540949,0.7461932459387309,AERGO,0.08213745419176371,50
equal_weight,7,2025-04-11,0.019407227983490705,0.8576850802457524,0.5977915264471614,AERGO,0.08154092371562974,50
equal_weight,7,2025-04-12,0.04047856706194097,0.8924029432845063,0.41888594453559724,ARK,0.026750929044324637,50
equal_weight,7,2025-04-13,-0.04070168399536622,0.8560806406904056,0.6623293505218255,AERGO,0.02592440823429934,50
equal_weight,7,2025-04-14,0.013871507844227082,0.8679557700130335,0.6376338845879718,AERGO,0.03084114280480026,50
equal_weight,7,2025-04-15,0.024617058358506805,0.8893222878560471,0.5654817602425483,AERGO,0.036664594230551774,50
equal_weight,7,2025-04-16,-0.023087672685624283,0.8687899059619961,0.8790051604312891,STRAX,0.038471245820396384,50
equal_weight,7,2025-04-17,0.01584891873495864,0.8825592865793401,0.5353501542174038,ARDR,0.038030073424749414,50
equal_weight,7,2025-04-18,0.008465518091784086,0.8900306081869496,0.36106636643561,ARDR,0.03434989654554203,50
equal_weight,7,2025-04-19,0.007435691872511363,0.8966486015465317,0.256894499426077,AERGO,0.02110934050740173,50
equal_weight,7,2025-04-20,-0.00894402451519638,0.888628954472783,0.3808642968877283,WAVES,0.021288427778424636,50
equal_weight,7,2025-04-21,-0.004204089295581803,0.8848930789975399,0.42731643858543583,PEPE,0.021119083615776874,50
equal_weight,7,2025-04-22,0.05620818437476571,0.9346313123337877,0.5631917903965277,BONK,0.024357560132469414,50
equal_weight,7,2025-04-23,0.01992033602550447,0.953249482135435,0.7048655896620726,SUI,0.025981208404539678,50
equal_weight,7,2025-04-24,0.02622480793027493,0.9782482667140708,0.5988611420628632,SUI,0.02828774829691084,50
equal_weight,7,2025-04-25,0.03697305129962625,1.0144170900630607,0.5895356766833912,SUI,0.029137407756060104,50
equal_weight,7,2025-04-26,0.002673542964295672,1.0171291777370601,0.4577149199772897,VIRTUAL,0.02351230712392464,50
equal_weight,7,2025-04-27,-0.03267070214543211,0.9838988533277844,0.47386788887647724,VIRTUAL,0.023720346384585814,50
equal_weight,7,2025-04-28,0.03532878650920357,1.0186588058636519,0.5331362229589769,VIRTUAL,0.029882527682353242,50
equal_weight,7,2025-04-29,0.0012055836611974957,1.019886884276336,0.4646795564300911,PUNDIX,0.03181454917231878,50
equal_weight,7,2025-04-30,0.009656648852636396,1.029735573787202,0.543394631155921,PUNDIX,0.034382306909745856,50
equal_weight,7,2025-05-01,0.005950527145370588,1.0358630432715765,0.37323407305719947,VIRTUAL,0.03454272598244146,50
equal_weight,7,2025-05-02,0.002356238309319192,1.038303783457341,0.39082351128640536,PUNDIX,0.038504677954492236,50
equal_weight,7,2025-05-03,-0.025632862569924475,1.0116890852701463,0.36852982654048194,AERGO,0.024877791173325767,50
equal_weight,7,2025-05-04,-0.025789743812001498,0.9855978829436312,0.4769039948976209,AWE,0.025204180176110282,50
equal_weight,7,2025-05-05,-0.0017673104634383652,0.9838560254923622,0.5065449419843882,AWE,0.027243757043923216,50
equal_weight,7,2025-05-06,-0.0330793322508639,0.9513107251380859,0.6639967953122454,AWE,0.024145348847869338,50
equal_weight,7,2025-05-07,0.016734840344427626,0.9672307582412134,0.5195362577116251,AWE,0.02855100118577405,50
equal_weight,7,2025-05-08,0.10234024715997814,1.0662173931003522,0.5145196342688528,AWE,0.02525819518524405,50
equal_weight,7,2025-05-09,0.03778472235327657,1.1065041212668834,0.728931555422557,PEPE,0.026144454135952042,50
equal_weight,7,2025-05-10,0.04343528407952579,1.1545654421092766,0.6282997126818268,DOGE,0.023165411713949056,50
equal_weight,7,2025-05-11,-0.013367270372276474,1.139132053682115,0.7440103937889755,DOGE,0.021954637779175893,50
equal_weight,7,2025-05-12,0.01945381298235671,1.1612925156166547,1.0017237718250431,ATH,0.023556228356187554,50
equal_weight,7,2025-05-13,0.018058137460044588,1.1822632954949812,0.6438007138790611,ATH,0.0255901919012529,50
equal_weight,7,2025-05-14,-0.023009878393199013,1.155059560836899,0.6340360028264475,ATH,0.027267309603834226,50
equal_weight,7,2025-05-15,-0.05469101747221039,1.0918881782137244,0.9359535386539893,ATH,0.027472845988744832,50
equal_weight,7,2025-05-16,0.003900653908668561,1.0961472561039027,0.6387826233640058,ATH,0.027414621757071666,50
equal_weight,7,2025-05-17,-0.023293489506010623,1.070614161496804,0.6457339720945131,ANIME,0.022121964412563033,50
equal_weight,7,2025-05-18,0.038503466165421996,1.1118365176402178,0.646949024334486,ANIME,0.023963672310609002,50
equal_weight,7,2025-05-19,-0.025127376441241855,1.0838989829203527,0.6436592357930513,ANIME,0.02435885077059445,50
equal_weight,7,2025-05-20,0.003203763332149334,1.0873715387375869,0.5603175912534645,MASK,0.02312770986273369,50
equal_weight,7,2025-05-21,-8.759331533869652e-05,1.0872762922595038,0.6082526545188474,ANIME,0.022481943168574884,50
equal_weight,7,2025-05-22,0.04647615339999889,1.1378087120067386,0.4521267020387304,ANIME,0.026037071254316393,50
equal_weight,7,2025-05-23,-0.05382526733206783,1.07656585391022,0.8523666671201093,MASK,0.025109933085742088,50
equal_weight,7,2025-05-24,0.009115819715160178,1.086379634145963,0.45391932314424877,AERGO,0.02138098061014691,50
equal_weight,7,2025-05-25,-8.19812671850606e-05,1.0862905713669118,0.5497339236088884,AERGO,0.024349063793266942,50
equal_weight,7,2025-05-26,-0.0025610386921762762,1.0835085391826949,0.4123047230998396,AERGO,0.02408581480013496,50
equal_weight,7,2025-05-27,0.019745868658775256,1.1049033564880577,0.4781079376556787,SNT,0.024899024751749276,50
equal_weight,7,2025-05-28,-0.00749974226209138,1.0966168660898776,0.47466863548999066,SNT,0.028844478992069683,50
equal_weight,7,2025-05-29,-0.014234982377949179,1.0810065443257264,0.4864140598332968,SNT,0.03407508101797432,50
equal_weight,7,2025-05-30,-0.0850479955783362,0.9890691045237595,0.8627811346892507,SNT,0.028093154506176832,50
equal_weight,7,2025-05-31,0.0018407617677578259,0.9908897451170373,0.7660138832678558,VANA,0.021431069651281515,50
equal_weight,7,2025-06-01,0.020657907467732217,1.0113594537823898,0.4996269902030497,MASK,0.025604771248291185,50
equal_weight,7,2025-06-02,0.008766746634439215,1.0202257858700448,0.4785905644399034,MASK,0.024623976672168344,50
equal_weight,7,2025-06-03,0.004996258191573233,1.0253230973099523,0.46028631084810406,MASK,0.02694377444551165,50
equal_weight,7,2025-06-04,-0.027801819223688073,0.9968172499126691,0.4581886624765447,ANIME,0.02892667060342986,50
equal_weight,7,2025-06-05,-0.05863623634717641,0.9383676380518474,0.7238803745391075,ANIME,0.030194290953799153,50
equal_weight,7,2025-06-06,0.0038421597695890153,0.9419729964398544,0.47826005992527987,ANIME,0.025659390178429844,50
equal_weight,7,2025-06-07,0.02223034728739326,0.9629133832860588,0.30589553727466334,ANIME,0.02300898779480855,50
equal_weight,7,2025-06-08,-0.007111286045193288,0.9560658307807668,0.30961046557125577,ANIME,0.024718702075587868,50
equal_weight,7,2025-06-09,0.042426435402070695,0.996628295990514,0.3758813733260974,ANIME,0.02866076365247528,50
equal_weight,7,2025-06-10,0.017139509528806718,1.0137100161663217,0.529366851659512,MOVE,0.02211994939718864,50
equal_weight,7,2025-06-11,-0.02619578504159259,0.9871550864883194,0.48396421870357476,MOVE,0.021481457238304347,50
equal_weight,7,2025-06-12,-0.05632258828933823,0.9315559569743117,0.5268052981580551,TOKAMAK,0.021448073132105002,50
equal_weight,7,2025-06-13,-0.013185286267989538,0.9192731250069545,0.7586719285503909,SNT,0.02286785955448909,50
equal_weight,7,2025-06-14,-0.011861069879886332,0.9083695622325455,0.36415540911495053,STRAX,0.02217568818612695,50
equal_weight,7,2025-06-15,8.445933032552588e-05,0.9084462825174598,0.34811676883201476,SNT,0.022258384141109634,50
equal_weight,7,2025-06-16,-0.009699479066103356,0.8996348268175023,0.5452051934576531,SNT,0.027777974266620268,50
equal_weight,7,2025-06-17,-0.020161754945499766,0.8814966098987707,0.5942573700124635,SNT,0.030161290541082658,50
equal_weight,7,2025-06-18,0.005848642993468323,0.8866521688700212,0.6201403472009794,SNT,0.03358344226358554,50
equal_weight,7,2025-06-19,0.0010381406896193823,0.8875726385640644,0.39789278846607146,SNT,0.039522022839599574,50
equal_weight,7,2025-06-20,-0.02811829991480974,0.862615604916741,0.5142498663012434,AERGO,0.02651172217868221,50
equal_weight,7,2025-06-21,-0.03690131040835265,0.8307839587166195,0.6143133771216785,SEI,0.021940370470682907,50
equal_weight,7,2025-06-22,-0.04696466432470958,0.79176646896914,0.9616281459025375,SEI,0.021481666413869917,50
equal_weight,7,2025-06-23,0.09938367503856527,0.8704551304276013,0.7593576430640085,MOVE,0.02596661641793879,50
equal_weight,7,2025-06-24,0.0012898473414442169,0.8715778846634298,0.5196813276411182,SEI,0.029446708987966662,50
equal_weight,7,2025-06-25,-0.016900891113585947,0.8568474417377235,0.5738054155753906,SEI,0.027391643807868227,50
equal_weight,7,2025-06-26,-0.03188991836581789,0.8295226467687477,0.49917148024933067,MOVE,0.02968435328007871,50
equal_weight,7,2025-06-27,0.013908802067867043,0.8410603130734673,0.47735059378738764,MOVE,0.02954414340618687,50
equal_weight,7,2025-06-28,0.018354587879276574,0.8564976285015462,0.23161382672453365,BONK,0.021619531188729654,50
equal_weight,7,2025-06-29,0.026442595397729862,0.8791456487511277,0.3245088907047507,PYTH,0.02268015059508445,50
equal_weight,7,2025-06-30,-0.03609609846278028,0.8474119208506821,0.4568872165498872,PYTH,0.021998974860956397,50
equal_weight,7,2025-07-01,-0.02910309653169041,0.8227496099160595,0.3732770411583552,PYTH,0.02171894860898439,50
equal_weight,7,2025-07-02,0.07266335887034114,0.8825333600818233,0.49502013003509515,CBK,0.03143749012024625,50
equal_weight,7,2025-07-03,0.005238142949484548,0.8871561959796207,0.44204863906340397,CBK,0.030367413449763885,50
equal_weight,7,2025-07-04,-0.02213284890087097,0.8675209019425323,0.3959891290644388,CBK,0.026735039582587463,50
equal_weight,7,2025-07-05,0.006080756946730048,0.8727960856934528,0.28559494577780337,SAFE,0.021968604039399344,50
equal_weight,7,2025-07-06,0.009873806987087397,0.8814139057826753,0.31339823402806777,BONK,0.02448373056140945,50
equal_weight,7,2025-07-07,-0.00500731686220246,0.87700038706967,0.34499240410212506,BONK,0.02549951007293219,50
equal_weight,7,2025-07-08,0.007468734310589253,0.8835504699509773,0.32243509550401256,BONK,0.024253837848821937,50
equal_weight,7,2025-07-09,0.02801684698455542,0.9083047682707258,0.3449567857374848,XLM,0.023085719170801242,50
equal_weight,7,2025-07-10,0.05091964030838825,0.9545553203614652,0.4166050363916865,BONK,0.02405218562106906,50
equal_weight,7,2025-07-11,0.016086743959552674,0.9699110073953487,0.781711994072759,XLM,0.026626660910449136,50
equal_weight,7,2025-07-12,0.052950945810591676,1.0212687125890363,0.6904817123899214,KNC,0.037702681432621225,50
equal_weight,7,2025-07-13,0.018450317734195032,1.0401114448282962,0.5127432843124633,KNC,0.028570972596693216,50
equal_weight,7,2025-07-14,0.0034399770206070546,1.0436894042973759,0.5663423688236782,KNC,0.02800837103800813,50
equal_weight,7,2025-07-15,0.01932939186377336,1.063863285777108,0.7141720596757207,KNC,0.026763941295791648,50
equal_weight,7,2025-07-16,0.021969729463429122,1.0872360743517058,0.49025947097593775,BONK,0.03086544109081587,50
equal_weight,7,2025-07-17,0.016672537143187727,1.1053630581847482,0.6985676473891944,BONK,0.02785307929858365,50
equal_weight,7,2025-07-18,-0.004986802636778198,1.0998508307715953,1.0553195729252784,BONK,0.0260115633758347,50
equal_weight,7,2025-07-19,0.019332259001078933,1.1211134318946236,0.4758579721468921,MEW,0.021840692341807588,50
equal_weight,7,2025-07-20,0.03184492691360741,1.1568152071951716,0.4393752118047122,DOGE,0.021959585186124873,50
equal_weight,7,2025-07-21,0.03685069847969191,1.1994446555922433,0.5585178137584295,DRIFT,0.025989044644465394,50
equal_weight,7,2025-07-22,-0.0029313760674388734,1.1959286322346228,0.7664760504452888,DRIFT,0.024193301872388738,50
equal_weight,7,2025-07-23,-0.06320370811183162,1.1203415080402837,0.8939106014060605,DRIFT,0.02456354459727231,50
equal_weight,7,2025-07-24,-0.02591011663112397,1.0913133289002706,0.9480153522779534,ARDR,0.024162909288883077,50
equal_weight,7,2025-07-25,0.018741892675963268,1.1117666061863676,0.8272924635112718,DRIFT,0.02481284749317066,50
equal_weight,7,2025-07-26,0.011693892818169793,1.1247674857179313,0.3368553849594746,BIGTIME,0.022868530212468544,50
equal_weight,7,2025-07-27,0.01936090566304305,1.1465440029017742,0.3187290521609688,GLM,0.022032622146733693,50
equal_weight,7,2025-07-28,-0.03274228662500056,1.1090035305305888,0.5150679871694653,TOKAMAK,0.02449607013478953,50
equal_weight,7,2025-07-29,-0.015591420254537192,1.0917125904223208,0.6590419787100873,CRO,0.02262416047244004,50
equal_weight,7,2025-07-30,-0.015337824420780133,1.0749680943924682,0.6583007686918421,CRO,0.02314846563231629,50
equal_weight,7,2025-07-31,-0.032648344116969374,1.03987216613198,0.4519340639496252,AQT,0.02356610652215735,50
equal_weight,7,2025-08-01,-0.037816343036510824,1.0005480035834136,0.8704106162522062,AQT,0.022764824828934514,50
equal_weight,7,2025-08-02,-0.024168191676679607,0.9763665676510905,0.6178096230114022,TOKAMAK,0.021428938346404,50
equal_weight,7,2025-08-03,0.038389385939770815,1.0138486806353375,0.3897868614390185,TOKAMAK,0.021091540422858674,50
equal_weight,7,2025-08-04,0.037931785247233396,1.052305771062388,0.40047088157400496,MNT,0.023010499869811487,50
equal_weight,7,2025-08-05,-0.030338725246999876,1.0203801553982939,0.49141544164712986,MNT,0.02537812046380977,50
equal_weight,7,2025-08-06,0.0036547445249530686,1.0241093841846065,0.5034971289443049,MNT,0.0243447510033262,50
equal_weight,7,2025-08-07,0.044800098877141314,1.0699895858570851,0.37637558937365795,MNT,0.027727268508984805,50
equal_weight,7,2025-08-08,0.01726830247496336,1.0884664896707261,0.4445283568706762,MNT,0.027331939901354102,50
equal_weight,7,2025-08-09,0.02962460225835195,1.120711876498766,0.34415470149589883,GLM,0.021703095484223313,50
equal_weight,7,2025-08-10,-0.009979534818359337,1.1095276933058977,0.5237920673504373,LINK,0.021768466738953253,50
equal_weight,7,2025-08-11,-0.038917521474078565,1.0663476254755806,0.5368639928212934,CRO,0.022059651352335025,50
equal_weight,7,2025-08-12,0.03536481341605113,1.1040588102871738,0.575229825091131,LINK,0.023320275308739407,50
equal_weight,7,2025-08-13,0.02373155753968259,1.1302598454706974,0.4664340287879495,LINK,0.023047674280498757,50
equal_weight,7,2025-08-14,-0.04769858277458272,1.0763480526747262,0.758188290214171,ADA,0.023971960847743713,50
equal_weight,7,2025-08-15,0.007178811202150248,1.0840749521326802,0.5871882431292584,ADA,0.024541411331392902,50
equal_weight,7,2025-08-16,0.008528552753533258,1.0933205425507277,0.32930756402818134,MNT,0.022395411943511877,50
equal_weight,7,2025-08-17,0.003113380259607279,1.0967244651453283,0.2713515182239621,LINK,0.023128092719174376,50
equal_weight,7,2025-08-18,-0.025334237736734377,1.0689397868136437,0.5318642617734857,LINK,0.023862565737746776,50
equal_weight,7,2025-08-19,-0.03695429714811571,1.0294378682982888,0.5520583200283659,WAVES,0.024501620015419105,50
equal_weight,7,2025-08-20,0.03855283762406292,1.069125619278854,0.5583756438504787,LINK,0.02456484044518162,50
equal_weight,7,2025-08-21,-0.020862599746034993,1.0468208794056075,0.4875744480646914,LINK,0.023767812464241856,50
equal_weight,7,2025-08-22,0.05756626155442568,1.1070824439501046,0.6698030690667895,LINK,0.023761238959007783,50
equal_weight,7,2025-08-23,-0.00453989548645739,1.1020564053596793,0.392098268588112,QTUM,0.021631497345594688,50
equal_weight,7,2025-08-24,-0.010244474797855285,1.090766416289157,0.5740472797492668,QTUM,0.026803083664038847,50
equal_weight,7,2025-08-25,-0.054329467182469005,1.031505658071636,0.5657123703480837,QTUM,0.02855274253264611,50
equal_weight,7,2025-08-26,0.03206246541549973,1.0645782725594501,0.5431504294272294,CRO,0.02783039602840948,50
equal_weight,7,2025-08-27,0.010609285044615335,1.0758726869053377,0.5087327211838364,CRO,0.03528030112297425,50
equal_weight,7,2025-08-28,0.04924037659397107,1.128849063175724,0.4545900190335051,CRO,0.043618594598865995,50
equal_weight,7,2025-08-29,-0.047830246629276485,1.0748559340768014,0.6241696987597571,CRO,0.0387469481786338,50
equal_weight,7,2025-08-30,0.0016413430468424917,1.0766201413905556,0.366946756240107,CRO,0.021584825062024138,50
equal_weight,7,2025-08-31,-0.018915153554604935,1.0562557060961728,0.29222614530032653,AXS,0.022496900578849163,50
equal_weight,7,2025-09-01,-0.029280090199892417,1.0253284437475259,0.48499807148084845,AXS,0.0215167718458825,50
equal_weight,7,2025-09-02,0.02560229931818614,1.0515792094638,0.46310823088849884,AERGO,0.022945888156688014,50
equal_weight,7,2025-09-03,0.004942531502193592,1.0567766728336265,0.3269066008477847,AERGO,0.021725978910877675,50
equal_weight,7,2025-09-04,-0.018891033109557753,1.0368130697177182,0.3082229459156939,PUNDIX,0.022250952711605113,50
equal_weight,7,2025-09-05,0.011992403681417407,1.0492469505919426,0.34193170202298645,PUNDIX,0.02183735924301135,50
equal_weight,7,2025-09-06,-0.003908043500148173,1.0451464478666315,0.1737665097726733,PYTH,0.02245743287100708,50
equal_weight,7,2025-09-07,0.009753569451245836,1.0553403563326216,0.16008449395797922,PYTH,0.02176931131191948,50
equal_weight,7,2025-09-08,0.037336430252124186,1.0947429979390864,0.33554285865331096,ATH,0.028458683887060618,50
equal_weight,7,2025-09-09,0.005907791649806038,1.1012105114809945,0.40957431944309797,ATH,0.028516794484805735,50
equal_weight,7,2025-09-10,0.013118064974082078,1.1156562625207442,0.3454854194347825,ATH,0.028014152329590203,50
equal_weight,7,2025-09-11,0.019089837697192857,1.136953959498122,0.4175896923962592,ATH,0.02980198345082199,50
equal_weight,7,2025-09-12,0.030622784858170604,1.1717706559934782,0.3190025573256475,ATH,0.031372052561108164,50
equal_weight,7,2025-09-13,0.0063535624548509695,1.1792155740390944,0.3553347809204234,ARK,0.02113506687780564,50
equal_weight,7,2025-09-14,-0.018080734309560476,1.1578944905511976,0.39989982312729294,ATH,0.023517360126063692,50
equal_weight,7,2025-09-15,-0.02568557219616785,1.1281533080186,0.506225062460242,ATH,0.025006397987504595,50
equal_weight,7,2025-09-16,0.008779143460660555,1.138057527755314,0.34237098648144965,ATH,0.024622033155372453,50
equal_weight,7,2025-09-17,0.0245453667689699,1.1659915671782553,0.47451661812707246,DRIFT,0.02592787441661657,50
equal_weight,7,2025-09-18,0.011185266392184756,1.179033493468185,0.3056920993366545,DRIFT,0.028158800212555443,50
equal_weight,7,2025-09-19,-0.03017833610790821,1.1434522244198209,0.4006152971599692,DRIFT,0.028078581062284367,50
equal_weight,7,2025-09-20,0.004186803924861371,1.1482396346809132,0.2666836930113241,AWE,0.021831671993089972,50
equal_weight,7,2025-09-21,-0.009382472089411897,1.137466308356563,0.28642112971159317,VANA,0.024477424425019136,50
equal_weight,7,2025-09-22,-0.04492222435413484,1.0863687916573,0.5742383054776858,ME,0.023856194363195467,50
equal_weight,7,2025-09-23,-0.004285634781317604,1.0817130117784355,0.5094163445823486,AWE,0.025613750296646635,50
equal_weight,7,2025-09-24,0.011339851193774564,1.0939794763663726,0.4135125951124433,AWE,0.02954764280686436,50
equal_weight,7,2025-09-25,-0.044536056933604296,1.0452579441227252,0.6208488141687828,AWE,0.028400433663407193,50
equal_weight,7,2025-09-26,0.026201136826380145,1.0726448905355455,0.5112703238688688,AWE,0.029930334289051418,50
equal_weight,7,2025-09-27,-0.00778482123643498,1.064294541812551,0.25624409853726776,DRIFT,0.022703055014280778,50
equal_weight,7,2025-09-28,0.014349219737471497,1.0795663380584106,0.3045354941096379,AWE,0.022593934319343492,50
equal_weight,7,2025-09-29,-0.01575396723786071,1.0625588853375412,0.39272852215842097,AWE,0.023923581911467345,50
equal_weight,7,2025-09-30,-0.014008321260643442,1.0476742191133817,0.39138270630895455,AWE,0.02356221599958058,50
equal_weight,7,2025-10-01,0.04497101719531904,1.094789194436222,0.4241532510378846,DRIFT,0.023533303573510956,50
equal_weight,7,2025-10-02,0.01792673552636792,1.1144151907820057,0.3732865703609101,DRIFT,0.023247807727015766,50
equal_weight,7,2025-10-03,0.003375419675493152,1.1181768097436398,0.5233248884162337,DRIFT,0.023628586350109577,50
equal_weight,7,2025-10-04,-0.013377763182953473,1.1032181051862189,0.31093399881483935,AWE,0.022382764658312033,50
equal_weight,7,2025-10-05,0.0011650515206615975,1.1045034111172876,0.42518863685626834,MNT,0.022563300782650963,50
equal_weight,7,2025-10-06,0.026234363742966504,1.1334793553598859,0.3731887098507885,MNT,0.025298938618841645,50
equal_weight,7,2025-10-07,-0.03829667993735453,1.0900708592720694,0.4709070169991979,MNT,0.025042957378034792,50
equal_weight,7,2025-10-08,0.022215092982430518,1.1142868847682363,0.366750786898746,MNT,0.028567121531404702,50
equal_weight,7,2025-10-09,-0.018466884440338727,1.0937094776338363,0.3683892191523142,MNT,0.025514301696257343,50
equal_weight,7,2025-10-10,-0.17047688678470618,0.9072572908398927,2.7549785765007937,MNT,0.024550214002777904,50
equal_weight,7,2025-10-11,-0.018027928454798725,0.8909013213105366,1.1962126655464635,PUNDIX,0.022960346583650693,50
equal_weight,7,2025-10-12,0.07878425610797413,0.9610903191755985,0.8893561193936337,MNT,0.02355625894192824,50
equal_weight,7,2025-10-13,0.034979394978747136,0.994708677060292,0.8223086279208961,PUNDIX,0.02399964857842004,50
equal_weight,7,2025-10-14,-0.03279097381951224,0.9620912108727663,0.8843574413105953,PUNDIX,0.023662684103303154,50
equal_weight,7,2025-10-15,-0.035429770159478124,0.9280045403990902,0.6534077740466032,PUNDIX,0.02422065546170705,50
equal_weight,7,2025-10-16,-0.034988449951349754,0.8955350999827113,0.8281068504849396,PUNDIX,0.024615121169478345,50
equal_weight,7,2025-10-17,-0.023843019500389584,0.8741828391305402,0.8974346038477957,PUNDIX,0.025821988204287858,50
equal_weight,7,2025-10-18,0.009318377458890748,0.8823288047936433,0.43803459029886593,PUNDIX,0.022223615586199983,50
equal_weight,7,2025-10-19,0.017627428287025237,0.89788199252572,0.5323508598248841,AUCTION,0.023353700105703642,50
equal_weight,7,2025-10-20,0.010736774247477987,0.9075223487803444,0.5431983191193476,AUCTION,0.03131530953285198,50
equal_weight,7,2025-10-21,-0.030819887372143806,0.8795526122032308,0.6833430790428445,AUCTION,0.02549959849302994,50
equal_weight,7,2025-10-22,-0.024191326813611025,0.8582750675116572,0.6180462834658826,AUCTION,0.025661925716174604,50
equal_weight,7,2025-10-23,0.023406923529534884,0.878364646384209,0.3898266085203444,AUCTION,0.02575269980114676,50
equal_weight,7,2025-10-24,0.011044683554108259,0.8880659059486388,0.47480559344597384,VIRTUAL,0.02558836763720071,50
equal_weight,7,2025-10-25,0.0037175724497513496,0.8913673552941569,0.2018572996734196,VIRTUAL,0.026133460587940062,50
equal_weight,7,2025-10-26,0.03646328994907244,0.9238695416213856,0.3292155986133836,VIRTUAL,0.029297585584812467,50
equal_weight,7,2025-10-27,-0.017992551796672696,0.9072467710403945,0.47004885300789506,VIRTUAL,0.027907028355069634,50
equal_weight,7,2025-10-28,-0.017435952211620642,0.891428059696387,0.534198397084777,VIRTUAL,0.03025632159753882,50
equal_weight,7,2025-10-29,-0.0002711819028918816,0.8911863205388674,0.6761765882997068,VIRTUAL,0.030533307908963126,50
equal_weight,7,2025-10-30,-0.04894821676169703,0.8475643393460717,0.7387051570710822,VIRTUAL,0.02681992593333409,50
equal_weight,7,2025-10-31,0.012408054283605585,0.8580809636775261,0.42565329684236913,VIRTUAL,0.02831964608061703,50
equal_weight,7,2025-11-01,0.01749002173972869,0.8730888183866933,0.33421575338040016,VIRTUAL,0.026524745982803046,50
equal_weight,7,2025-11-02,-0.0030949436670709707,0.870386657677437,0.37576118363398725,VIRTUAL,0.024099923932280352,50
equal_weight,7,2025-11-03,-0.10963417332006131,0.77496253599416,1.2681500627587077,CARV,0.02384169542654182,50
equal_weight,7,2025-11-04,-0.02272551317873961,0.7573511146693952,1.3967008114536503,CARV,0.02668038945433135,50
equal_weight,7,2025-11-05,0.02464864692625257,0.7760187948940849,0.8870205823402711,CARV,0.02710865221829296,50
equal_weight,7,2025-11-06,-0.01675344508237031,0.7630178066309397,0.704060262587963,CARV,0.025666009132969497,50
equal_weight,7,2025-11-07,0.09632537493700744,0.8365157829382779,0.9165317749461622,CARV,0.02448635569309572,50
equal_weight,7,2025-11-08,-0.016594547603992593,0.8226341819568175,0.7229353058824173,GLM,0.02123004595494274,50
equal_weight,7,2025-11-09,0.0029931772836280235,0.8250964719029865,0.625055383183861,ANIME,0.02117400292889313,50
equal_weight,7,2025-11-10,0.021444651179008956,0.842790377931977,0.5731446504273688,GLM,0.02184243237668659,50
equal_weight,7,2025-11-11,-0.03441723569987887,0.8137838628491021,0.6651538820523553,STRAX,0.022267825445230375,50
equal_weight,7,2025-11-12,-0.002161300585906134,0.8120250313095254,0.5694331439632327,GLM,0.023315849159337,50
equal_weight,7,2025-11-13,-0.03831799976525563,0.7809098563504253,0.6700234963496505,GLM,0.023170299243900825,50
equal_weight,7,2025-11-14,-0.03749756787021208,0.7516276360114077,0.9154225562242297,GLM,0.02553828901028623,50
equal_weight,7,2025-11-15,0.004992593532591627,0.7553802072858754,0.4068922898243197,DRIFT,0.02096675011042778,50
equal_weight,7,2025-11-16,-0.03973713132928536,0.7253635647854138,0.6547041165936115,AWE,0.024944356141874985,50
equal_weight,7,2025-11-17,-0.02605594241637521,0.7064635335104283,0.8204225871044754,ARDR,0.024120601226101268,50
equal_weight,7,2025-11-18,0.01893540789412551,0.7198407086797736,0.7214449231646972,ARDR,0.02212280556012871,50
equal_weight,7,2025-11-19,-0.02636069356363291,0.7008652083436377,0.6703566979469595,ARDR,0.022550374460110732,50
equal_weight,7,2025-11-20,-0.03215323600335418,0.6783301238932248,0.6972943568790138,ARDR,0.023274231660669862,50
equal_weight,7,2025-11-21,-0.04909521260411642,0.6450273622449103,1.163573890111289,ARDR,0.023438315716042057,50
equal_weight,7,2025-11-22,0.00015547112486835601,0.6451276453744894,0.6826031501204891,MOVE,0.022054985551121536,50
equal_weight,7,2025-11-23,0.028870355304498663,0.6637527097132055,0.5026137599415377,HBAR,0.02221231243179156,50
equal_weight,7,2025-11-24,0.027109453435270936,0.6817466828897106,0.6827784660651229,WAVES,0.021949609255105255,50
equal_weight,7,2025-11-25,0.00795925226605676,0.6871728767203773,0.5846694413365264,WAVES,0.02580060937680975,50
equal_weight,7,2025-11-26,0.00697595450876376,0.691966563448035,0.4287309506647636,WAVES,0.023309209297347096,50
equal_weight,7,2025-11-27,0.029267172921669582,0.7122184685164821,0.39149448171096185,SAFE,0.02630134194345139,50
equal_weight,7,2025-11-28,-0.004481743464794685,0.7090264880497023,0.39716482620507426,AWE,0.023505764678153997,50
equal_weight,7,2025-11-29,-0.005241738184863065,0.7053099568332127,0.24693363929367856,AQT,0.021874316090278706,50
equal_weight,7,2025-11-30,-0.021106653172224044,0.6904232241954178,0.28836082469595375,STRAX,0.021472480611962386,50
equal_weight,7,2025-12-01,-0.0704562509094333,0.6417785922778055,0.8055327616236724,VANA,0.022856155606356218,50
equal_weight,7,2025-12-02,0.05439304392259481,0.6766868834361532,0.5561812448100932,SUI,0.02229772971440944,50
equal_weight,7,2025-12-03,0.025796329606017965,0.6941429213213414,0.4688684521388879,LINK,0.022565045903505707,50
equal_weight,7,2025-12-04,-0.027186345565168968,0.6752717119906835,0.4597640566797753,SUI,0.022823400633430222,50
equal_weight,7,2025-12-05,-0.02968636343390163,0.6552253505318951,0.560805010239726,LINK,0.022312357565263598,50
equal_weight,7,2025-12-06,0.008121268625951084,0.6605466116140976,0.3033630206535066,SAFE,0.020808784052706378,50
equal_weight,7,2025-12-07,-0.015277333211510813,0.6504552209267346,0.5696704694564471,WAVES,0.02150767297844754,50
equal_weight,7,2025-12-08,0.013514425207728165,0.6592457493609253,0.4255450935820272,WAVES,0.02163698069907757,50
equal_weight,7,2025-12-09,0.022009719158900376,0.673755563161058,0.479460158213396,ADA,0.021861610168810112,50
equal_weight,7,2025-12-10,-0.020540298836470683,0.6599164225509953,0.5002749305679903,SEI,0.02258959303842418,50
equal_weight,7,2025-12-11,-0.019734701468311133,0.6468931689579155,0.515399064685052,CARV,0.02282836830432918,50
equal_weight,7,2025-12-12,-0.01815071168875726,0.6351515975547338,0.48403930033793424,MNT,0.023657289784658603,50
equal_weight,7,2025-12-13,0.016389627531488093,0.6455614956646856,0.21140754547921278,AERGO,0.025087545697952858,50
equal_weight,7,2025-12-14,-0.034715617951093125,0.6231504294172541,0.3471102245151611,AERGO,0.02463426149893449,50
equal_weight,7,2025-12-15,-0.043107551184589865,0.5962879403854506,0.5803384821448621,AERGO,0.02293806097302868,50
equal_weight,7,2025-12-16,-0.004051026201593255,0.5938723623152551,0.47391820887008596,AERGO,0.023797250132428668,50
equal_weight,7,2025-12-17,-0.04142731341397532,0.5692698258337231,0.7320539281795765,AERGO,0.025196671639354046,50
equal_weight,7,2025-12-18,-0.03288080777588753,0.5505517741178715,0.6733662782634636,AERGO,0.0293579381820341,50
equal_weight,7,2025-12-19,0.06213482947987581,0.5847602147225286,0.6338079982865873,AERGO,0.027779397389718154,50
equal_weight,7,2025-12-20,0.014809816289700573,0.5934204060760951,0.27949037594157833,ANIME,0.02727358027809541,50
equal_weight,7,2025-12-21,-0.018751701700607692,0.5822927636383027,0.3790889769208268,ANIME,0.025377842330933965,50
equal_weight,7,2025-12-22,0.013222015208107063,0.589991847414699,0.41282519064098716,ANIME,0.031487248339623325,50
equal_weight,7,2025-12-23,-0.007018067177062437,0.5858512449956235,0.39192260680364527,ANIME,0.03243046681475871,50
equal_weight,7,2025-12-24,-0.010180235314927288,0.5798871414620249,0.29054499094920516,ANIME,0.03324940494136183,50
equal_weight,7,2025-12-25,-0.018284115957605707,0.5692844177252088,0.35716981735769343,ANIME,0.03189093133644705,50
equal_weight,7,2025-12-26,-0.0033251438864749794,0.5673914651239443,0.4438943633477641,ANIME,0.02902083151307761,50
equal_weight,7,2025-12-27,0.029466664094397244,0.5841105988367795,0.2674998990804785,MASK,0.02369268785362982,50
equal_weight,7,2025-12-28,-0.0084778335743384,0.5791586063908342,0.25291131015403834,GAS,0.023091738188987063,50
equal_weight,7,2025-12-29,-0.014320222587722808,0.5708649262337221,0.431206606047684,STRAX,0.0232380229955629,50
equal_weight,7,2025-12-30,-0.0037614279251263483,0.5687176589587114,0.31038684165500097,STRAX,0.022201628096791718,50
equal_weight,7,2025-12-31,-0.01816152167136209,0.5583888808706464,0.26864680219428555,GLM,0.02236880621667642,50
equal_weight,7,2026-01-01,0.03875706999109063,0.5800303978087968,0.24775261784794858,PEPE,0.023669037675842435,50
equal_weight,7,2026-01-02,0.048049155918193254,0.6079003688304034,0.42715513438275166,PEPE,0.02757446851206804,50
equal_weight,7,2026-01-03,0.0070038396709228845,0.6121580055495864,0.39928756096858076,VIRTUAL,0.02224208853920385,50
equal_weight,7,2026-01-04,0.03308936363051518,0.6324139243945477,0.40850313008012323,BONK,0.02482002894958133,50
equal_weight,7,2026-01-05,0.03691740366108198,0.6557610045223102,0.49291969986557727,VIRTUAL,0.02598276848050654,50
equal_weight,7,2026-01-06,0.01043753879002507,0.6626055354439976,0.6180853697471265,VIRTUAL,0.027034313042267874,50
equal_weight,7,2026-01-07,-0.02540621044492486,0.6457712397685352,0.5123065885835923,VIRTUAL,0.025331327255970308,50
equal_weight,7,2026-01-08,-0.0007165840729530526,0.6453084903833459,0.5451893796966446,VIRTUAL,0.026002053486288635,50
equal_weight,7,2026-01-09,-0.003272641534309506,0.6431966270152748,0.5773314479614109,VIRTUAL,0.026188151948968265,50
equal_weight,7,2026-01-10,-0.0005590409031615007,0.6428370537919977,0.23838832250079145,AKT,0.022273598349353142,50
equal_weight,7,2026-01-11,-0.01481532213354253,0.6333132157606919,0.3498949747701479,AKT,0.02386997263842438,50
equal_weight,7,2026-01-12,-0.018797505328026154,0.6214085072131209,0.5155987137179167,GLM,0.023012315342684515,50
equal_weight,7,2026-01-13,0.06677217262359236,0.6629013033265243,0.5074729755337383,AKT,0.024967588507717145,50
equal_weight,7,2026-01-14,0.0007212141149743889,0.6633793971033183,0.43565828485170105,AXS,0.02477190163599258,50
equal_weight,7,2026-01-15,-0.035666725479506445,0.6397188262580737,0.4634901027918364,MOVE,0.023086367765554925,50
equal_weight,7,2026-01-16,0.015891347243804477,0.6498848202645399,0.34119326299947406,AXS,0.02730522861360768,50
equal_weight,7,2026-01-17,0.011016090660175726,0.657044010363246,0.2571257325489819,AXS,0.029560603830263113,50
equal_weight,7,2026-01-18,-0.04399383353633879,0.6281381255452769,0.6261077418521602,AXS,0.029380237194461322,50
equal_weight,7,2026-01-19,-0.021235009764700385,0.6147996063157424,0.460201510674342,AXS,0.02728480907846018,50
equal_weight,7,2026-01-20,-0.04031357238877287,0.5900148378819436,0.4857738948103866,AXS,0.035504531611650056,50
equal_weight,7,2026-01-21,0.03045561319594081,0.6079841015643419,0.6384565697510886,AXS,0.03924154059368485,50
equal_weight,7,2026-01-22,-0.005642733687490131,0.6045534091929864,0.3779449329208002,AXS,0.044833584885208055,50
equal_weight,7,2026-01-23,0.000966582675166805,0.6051377600445254,0.4366849264381495,AXS,0.04811097004602022,50
equal_weight,7,2026-01-24,0.0017539905780041831,0.606199165974038,0.18053502979041597,ANIME,0.02073607171431476,50
equal_weight,7,2026-01-25,-0.029974111110621426,0.5880288848179661,0.5027781779529847,AUCTION,0.03327289431833807,50
equal_weight,7,2026-01-26,0.020544006909689383,0.6001093542907633,0.5026106283121167,AUCTION,0.02794152327323248,50
equal_weight,7,2026-01-27,-0.002335025575996963,0.5987080836000993,0.4221199558238473,AUCTION,0.025782594322136573,50
equal_weight,7,2026-01-28,-0.012471592956118993,0.5912412400819008,0.32612776354847056,AUCTION,0.024819086035805158,50
equal_weight,7,2026-01-29,-0.05603162176234533,0.5581130345473317,0.5706073846086975,AUCTION,0.025061710425267437,50
equal_weight,7,2026-01-30,-0.012009150354544085,0.551410571200622,0.7573862523389608,AUCTION,0.026338461755359706,50
equal_weight,7,2026-01-31,-0.07033763541284455,0.5126256554807243,0.9823782379356685,CBK,0.027550294747846826,50
equal_weight,7,2026-02-01,-0.034031014093889755,0.49518048457417024,1.0568268292905683,AWE,0.025021350595571507,50
equal_weight,7,2026-02-02,0.03385777435417903,0.5119461936854756,0.9846237094872606,AWE,0.025098294879588628,50
equal_weight,7,2026-02-03,-0.032318391491293896,0.4954009161754706,0.8829606267269308,AWE,0.026713421951217186,50
equal_weight,7,2026-02-04,-0.017442144307389662,0.486760061905525,0.8262189885799858,AWE,0.02809996922488072,50
equal_weight,7,2026-02-05,-0.1496265127894253,0.41392785127743653,1.5150357768216554,AWE,0.0317210665815616,50
equal_weight,7,2026-02-06,0.12052301172867397,0.4638156825517718,1.8360149977102092,AWE,0.03574550232042668,50
equal_weight,7,2026-02-07,-0.008732376213801185,0.45976546951786873,0.7566240860032106,ARDR,0.020902165754965667,50
equal_weight,7,2026-02-08,-0.012967551041884962,0.45380343732459955,0.5665258616175817,ARDR,0.021973587387819894,50
equal_weight,7,2026-02-09,-0.0008428543844835046,0.4534209471077568,0.6539624775685537,VANA,0.02320834818612649,50
equal_weight,7,2026-02-10,-0.011814051852760521,0.448064208527498,0.43291565908845325,SONIC,0.024338754627639406,50
equal_weight,7,2026-02-11,-0.007036515332595861,0.44491139785420686,0.7143423107662913,SONIC,0.03152896581305832,50
equal_weight,7,2026-02-12,0.015001157262036324,0.4515855837010902,0.557170151895299,SONIC,0.024950591248676882,50
equal_weight,7,2026-02-13,0.03662559739238569,0.46812517547793187,0.44758398884454664,SONIC,0.024262373674116156,50
equal_weight,7,2026-02-14,0.06505139206464738,0.4985773698032787,0.412865610384825,PEPE,0.024255480557848253,50
equal_weight,7,2026-02-15,-0.03750655381354029,0.4798774508525387,0.6633427272107002,MOVE,0.023123196216158506,50
equal_weight,7,2026-02-16,0.0014456756199243692,0.48057119798378767,0.49021256861227824,PEPE,0.02336432111567394,50
equal_weight,7,2026-02-17,-0.01660101936247227,0.4725932262210123,0.4688496918145395,PEPE,0.02332806839362343,50
equal_weight,7,2026-02-18,-0.030413058497872236,0.45822022078625446,0.4603921117380091,PEPE,0.023171438648969884,50
equal_weight,7,2026-02-19,-0.017485597652235563,0.45020796636946747,0.47595794007895237,PEPE,0.023470794281207477,50
equal_weight,7,2026-02-20,0.022822808662159133,0.4604829766440976,0.5731454545382242,VANA,0.023411735210139815,50
equal_weight,7,2026-02-21,-0.011535888005614225,0.4551708965970394,0.241197372616233,CARV,0.02216357121214994,50
equal_weight,7,2026-02-22,-0.027842486351754125,0.44249780712082065,0.30509592688869713,CARV,0.021497527686107062,50
equal_weight,7,2026-02-23,-0.03899436175429005,0.4252428875544713,0.6765551807271463,AQT,0.021150474450790505,50
equal_weight,7,2026-02-24,-0.012138102107294046,0.42008124596493457,0.4513752158537966,GAS,0.021184109395967776,50
equal_weight,7,2026-02-25,0.053619896484591756,0.4426059588886927,0.6463349427833323,VIRTUAL,0.021696474141943943,50
equal_weight,7,2026-02-26,-0.014466073078193808,0.4362031887425648,0.571639729541336,AQT,0.021525064531315315,50
equal_weight,7,2026-02-27,-0.005663686278714053,0.43373267072775223,0.46868953845533623,ATH,0.022960618988317045,50
equal_weight,7,2026-02-28,0.004951019082027219,0.435880089457024,0.9027075663107136,VIRTUAL,0.020719882866755936,50
equal_weight,7,2026-03-01,-0.022590796446134154,0.42603321108117764,0.7398480241718874,ATH,0.020947065690328445,50
equal_weight,7,2026-03-02,0.02311684876251907,0.4358817563895516,0.6539731496285722,VIRTUAL,0.02233666691709144,50
equal_weight,7,2026-03-03,-0.009916246620837454,0.43155944539566904,0.6009101974249029,AKT,0.022484021245276334,50
equal_weight,7,2026-03-04,0.022987106829511772,0.4414797484702641,0.6371150263693063,ARDR,0.02207408019895323,50
equal_weight,7,2026-03-05,-0.005878050345535124,0.4388847082822217,0.5504030915980275,AKT,0.02219718372955216,50
equal_weight,7,2026-03-06,-0.020973470474232703,0.4296797728114723,0.44699065085067013,AKT,0.023530839550003357,50
equal_weight,7,2026-03-07,-0.01645176407971838,0.422610782559351,0.29851752342440996,AKT,0.022364089960291194,50
equal_weight,7,2026-03-08,-0.014628083576190942,0.41642879671187333,0.3997981047974899,AKT,0.02380514877765198,50
equal_weight,7,2026-03-09,0.008533929137503282,0.4199825705538282,0.48712030071081663,AKT,0.021561464672132557,50
equal_weight,7,2026-03-10,0.01895948468470765,0.4279452236680877,0.4636188888257371,AKT,0.025053150954845813,50
equal_weight,7,2026-03-11,0.0064437443196814215,0.43070279327223376,0.40289952562531045,AKT,0.024088521190865315,50
equal_weight,7,2026-03-12,0.004917794412121035,0.4328209010622729,0.30721311277813873,AKT,0.024427947997597232,50
equal_weight,7,2026-03-13,0.014258685818363759,0.438992358306141,0.409251754556435,AKT,0.02430997444912189,50
equal_weight,7,2026-03-14,0.002730954224082982,0.44019122634139723,0.23218367566586762,AXS,0.02240488996726895,50
equal_weight,7,2026-03-15,0.018026710988263916,0.4481264263582231,0.29970155539649446,MNT,0.02205069911487812,50
equal_weight,7,2026-03-16,0.04298476413373953,0.4673890350973269,0.45654130397488446,MNT,0.022623995797936145,50
equal_weight,7,2026-03-17,0.0038765449626771975,0.46920088970694396,0.44830557378038977,ANIME,0.022661816485498625,50
equal_weight,7,2026-03-18,-0.0358944279602329,0.4523591921724809,0.5125360816591004,AKT,0.023308819263123257,50
equal_weight,7,2026-03-19,-0.01664494904320879,0.44482969646954285,0.4027309724274158,ATH,0.02310190193133455,50
equal_weight,7,2026-03-20,0.013621252430010555,0.4508888340535194,0.33705064356058045,ATH,0.02522549253991946,50
equal_weight,7,2026-03-21,-0.01537675580531872,0.4439556265569336,0.2840014356105007,ANIME,0.022522633576544056,50
equal_weight,7,2026-03-22,-0.02698731236966101,0.4319744573847731,0.3424615575855038,AKT,0.022204404393875093,50
equal_weight,7,2026-03-23,0.021348682980752764,0.44119654313126333,0.658739469455182,ANIME,0.021086891921400043,50
equal_weight,7,2026-03-24,0.009032760849006838,0.44518176599277653,0.3173682072070989,KNC,0.0218769041311409,50
equal_weight,7,2026-03-25,0.009485127953438921,0.44940437200575595,0.2608567412207382,XLM,0.02152247137101524,50
equal_weight,7,2026-03-26,-0.03327031762333976,0.4344525458078069,0.38995071172341406,XLM,0.022012085818216755,50
equal_weight,7,2026-03-27,-0.016168994731652675,0.4274278848834874,0.4444893706477581,KNC,0.025950261342308184,50
equal_weight,7,2026-03-28,-0.006339488139315286,0.4247182108768559,0.3362799013387143,AKT,0.020873065290581572,50
equal_weight,7,2026-03-29,-0.014552621526082166,0.4185374474987303,0.4456625245014254,AKT,0.021209326466190094,50
equal_weight,7,2026-03-30,0.011310235679200309,0.4232712046705118,0.376749542413757,AWE,0.021102838045051985,50
minimum_variance,14,2025-03-01,0.00696430433494144,1.0069643043349414,0.4066020993213193,BTC,0.2558795426424321,8
minimum_variance,14,2025-03-02,0.0871156078433335,1.0946866117836194,0.6862479014575631,BTC,0.26207499357094405,8
minimum_variance,14,2025-03-03,-0.09675255902204816,0.9887728807663788,0.8044948683345864,BTC,0.2636642913321236,8
minimum_variance,14,2025-03-04,-0.012118110404173987,0.9767908218325987,0.9112684589514394,BTC,0.26789164213261,8
minimum_variance,14,2025-03-05,0.016736505929024093,0.9931388872136162,0.5083784606934485,BTC,0.27353599738170814,8
minimum_variance,14,2025-03-06,-0.012507234673078127,0.9807174660882758,0.5110702673600803,BTC,0.2739882526402017,8
minimum_variance,14,2025-03-07,-0.01736454076217875,0.9636877576722053,0.7804202684592598,BTC,0.2696835648481337,8
minimum_variance,14,2025-03-08,0.005162704910475213,0.9686629931909043,0.30936453155626614,BTC,0.2665859202912004,8
minimum_variance,14,2025-03-09,-0.05128382832461065,0.9189862465436985,0.4888788465024921,MASK,0.27170561281571654,8
minimum_variance,14,2025-03-10,-0.03824748554883939,0.8838373333594363,0.7496315205953374,MASK,0.2819045135720616,8
minimum_variance,14,2025-03-11,0.022140301767039183,0.9034057586329893,0.7180194175036482,MASK,0.27444214995725474,8
minimum_variance,14,2025-03-12,-0.0008196644740324777,0.9026652690270015,0.5302726459388429,BTC,0.2759630951023725,8
minimum_variance,14,2025-03-13,-0.017332915642908397,0.8870194480651733,0.36681191971830485,MASK,0.2774403052131767,8
minimum_variance,14,2025-03-14,0.01937693506834348,0.9042071663146901,0.29089336113852626,BTC,0.27540811037992463,8
minimum_variance,14,2025-03-15,0.01213208041366065,0.9151770803670282,0.2172096340599925,MASK,0.24761930408734636,10
minimum_variance,14,2025-03-16,-0.0075022610480374174,0.908311183004934,0.30346628329537084,MASK,0.24778433369246983,10
minimum_variance,14,2025-03-17,0.007946094726974051,0.915528709706661,0.26119987849928167,BTC,0.24460664438742766,10
minimum_variance,14,2025-03-18,-0.00010414279265535953,0.915433363990076,0.29578314838730274,MASK,0.24393217954737256,10
minimum_variance,14,2025-03-19,0.02613464417630218,0.9393578892250719,0.29029652091503644,BTC,0.2475693793058637,10
minimum_variance,14,2025-03-20,-0.011332938391735992,0.928712204138693,0.25863530223775,BTC,0.24389422271944472,10
minimum_variance,14,2025-03-21,0.0018263546750547643,0.9304083620145022,0.2706432308659177,MASK,0.24561050468724135,10
minimum_variance,14,2025-03-22,-0.011952665407798047,0.9192875021707254,0.22947757503608635,BTC,0.24628560240000585,10
minimum_variance,14,2025-03-23,-0.008194146479868603,0.9117547257208259,0.22971063130812833,BTC,0.2538568236251743,10
minimum_variance,14,2025-03-24,0.022785425073871046,0.9325294447094856,0.2617424988927664,BTC,0.2516928928371923,10
minimum_variance,14,2025-03-25,0.007648820061546324,0.9396621946341622,0.2866733841291765,BTC,0.25010246199055935,10
minimum_variance,14,2025-03-26,-0.006244394159141686,0.9337945735144224,0.3033027353463568,BTC,0.2509809657943215,10
minimum_variance,14,2025-03-27,0.0011715576327717692,0.934888567674464,0.2806517824801444,BTC,0.25096026605871147,10
minimum_variance,14,2025-03-28,-0.029731719678465773,0.9070927228497645,0.31196809479951026,MASK,0.25378797789478186,10
minimum_variance,14,2025-03-29,-0.021969328687858503,0.8871645046711135,0.36705070516870675,MASK,0.25420735445660825,12
minimum_variance,14,2025-03-30,-0.0052253413562053375,0.8825287672950981,0.34847679306758916,MASK,0.2575876224826409,12
minimum_variance,14,2025-03-31,-0.02094798037243928,0.8640415719996873,0.5973206089007109,BTC,0.25719304914261404,12
minimum_variance,14,2025-04-01,-0.06955173732893105,0.8039459795426884,1.1461948024148125,BTC,0.2842067937552204,12
minimum_variance,14,2025-04-02,-0.07073058017858824,0.7470824139773906,0.772217697850915,BTC,0.296511260140977,12
minimum_variance,14,2025-04-03,-0.023612958685001906,0.729441587801851,0.5089483954405869,BTC,0.30489881942566205,12
minimum_variance,14,2025-04-04,-0.006677615925630098,0.7245706570383285,0.5527370345875037,BTC,0.3071451857068794,12
minimum_variance,14,2025-04-05,-0.002298429110424549,0.7229052827476321,0.3240887232661279,BTC,0.3076656098213865,12
minimum_variance,14,2025-04-06,-0.05050070348987412,0.6863980574123303,0.658999816417879,BTC,0.3087758091461712,12
minimum_variance,14,2025-04-07,0.02122812638046212,0.7009690021223829,1.1219185954518278,BTC,0.30382678256129675,12
minimum_variance,14,2025-04-08,-0.002959406261048847,0.6988945500687007,0.9181186708169298,BTC,0.2958469938014657,12
minimum_variance,14,2025-04-09,0.11305051177785197,0.777904936632719,0.9655971686488332,BTC,0.2818037651250694,12
minimum_variance,14,2025-04-10,-0.02906032265135916,0.7552987681820871,0.8219630364860927,BTC,0.28167352438806426,12
minimum_variance,14,2025-04-11,0.004953452633001509,0.7590401048540415,0.6872871208047077,BTC,0.2889596871523092,12
minimum_variance,14,2025-04-12,0.01619542077100311,0.7713330787342191,0.4070296328730325,BTC,0.25024455391663397,17
minimum_variance,14,2025-04-13,-0.010445257852332857,0.7632763058368064,0.45692949108106706,BTC,0.24864112071774178,17
minimum_variance,14,2025-04-14,-0.006944429744120018,0.7579757871555712,0.43839218584733947,BTC,0.25305250645436517,17
minimum_variance,14,2025-04-15,0.036642359144173575,0.7857498081711134,0.5795306223984015,BTC,0.24245723501703745,17
minimum_variance,14,2025-04-16,0.045273621683703524,0.8213235477242951,0.6659082692294064,BTC,0.23145219601130498,17
minimum_variance,14,2025-04-17,-0.019154961671296045,0.8055911266479033,0.6208297080629641,BTC,0.2378747058200265,17
minimum_variance,14,2025-04-18,-0.00698063140398586,0.7999675919304526,0.4799391048516883,BTC,0.2385031298275223,17
minimum_variance,14,2025-04-19,-0.0050632749442154346,0.7959171360660469,0.33019718492972666,BTC,0.24086988582720414,17
minimum_variance,14,2025-04-20,-0.0033757592798502323,0.7932303114079801,0.35372453101803114,BTC,0.2416877263024287,17
minimum_variance,14,2025-04-21,-0.004181911050384235,0.7899130928032033,0.32724002237212774,BTC,0.24942434142037112,17
minimum_variance,14,2025-04-22,0.027632444238192777,0.8117403222931062,0.3906891814817566,BTC,0.257927682156251,17
minimum_variance,14,2025-04-23,0.0086258377845303,0.8187422626363688,0.42604886104142287,BTC,0.2559715821698795,17
minimum_variance,14,2025-04-24,0.035138056093810155,0.8475112741872587,0.45837504908966337,BTC,0.24796023208789136,17
minimum_variance,14,2025-04-25,0.024759134766963786,0.8684949200413823,0.4223711332101428,BTC,0.245331513934677,17
minimum_variance,14,2025-04-26,-0.002930440266431966,0.8659498475565014,0.30205842305760966,BTC,0.2508394495694318,19
minimum_variance,14,2025-04-27,-0.02627244116378402,0.8431992311357854,0.2862036156944061,BTC,0.25491022230057303,19
minimum_variance,14,2025-04-28,0.018495218861870333,0.8587943854598026,0.3387245150995822,BTC,0.2534313063208431,19
minimum_variance,14,2025-04-29,0.03393066114023702,0.8879338467419772,0.5337521673155878,BTC,0.24420272685402308,19
minimum_variance,14,2025-04-30,0.008195420018393573,0.8952108375645755,0.6002201718821281,MNT,0.2425392107640608,19
minimum_variance,14,2025-05-01,-0.014930192770623463,0.8818451671893851,0.32732812679327167,BTC,0.25135521918188747,19
minimum_variance,14,2025-05-02,0.03298664825874731,0.9109342835381375,0.45957650048063853,BTC,0.24206982545776057,19
minimum_variance,14,2025-05-03,-0.010155901599984363,0.901682924590472,0.45133406846369667,BTC,0.24244572305159254,19
minimum_variance,14,2025-05-04,-0.021618419807134526,0.8821899645937503,0.44360339088588463,BTC,0.24453076043371558,19
minimum_variance,14,2025-05-05,-0.01724718840081152,0.8669746680690966,0.38284983610055007,BTC,0.2474464211828461,19
minimum_variance,14,2025-05-06,-0.03425292963786464,0.8372782457659148,0.4565428657715473,BTC,0.26108550854423274,19
minimum_variance,14,2025-05-07,0.0054074005027775485,0.8418057445730341,0.33825502389091366,BTC,0.26034444440738497,19
minimum_variance,14,2025-05-08,0.05388925414442336,0.887170028282566,0.3989316239221532,BTC,0.25951982738418783,19
minimum_variance,14,2025-05-09,0.01189754212553673,0.8977251710665715,0.4240975235654794,BTC,0.25461362291749384,19
minimum_variance,14,2025-05-10,0.02285955807125628,0.9182467717465963,0.32709690426969135,BTC,0.24654880701380702,18
minimum_variance,14,2025-05-11,0.002857604766161259,0.9208707580980515,0.43507504340538117,MNT,0.2467788446379635,18
minimum_variance,14,2025-05-12,0.006394795172526946,0.9267595379764583,0.5248510968445814,MNT,0.24782403064823158,18
minimum_variance,14,2025-05-13,0.008406025607015977,0.9345499023842346,0.39398132314687895,MNT,0.24683796219687046,18
minimum_variance,14,2025-05-14,-0.012667556478280328,0.922711438714011,0.40859235420265694,BTC,0.24672668191599376,18
minimum_variance,14,2025-05-15,-0.02560008326798391,0.899089949050611,0.5405108043770216,BTC,0.2536951683849613,18
minimum_variance,14,2025-05-16,0.009609371153155077,0.9077296380711096,0.3315843563806263,BTC,0.25207530925968735,18
minimum_variance,14,2025-05-17,-0.012438394770996841,0.896438938487447,0.3128356205184917,BTC,0.255438347011322,18
minimum_variance,14,2025-05-18,0.014130181123259922,0.9091057830542176,0.3335763613200106,BTC,0.2586711032712492,18
minimum_variance,14,2025-05-19,-0.014154042765867403,0.8962382609221708,0.3573421788733087,BTC,0.2588757584487456,18
minimum_variance,14,2025-05-20,0.012319896065614344,0.907279823146759,0.35012303109256215,BTC,0.258813037332313,18
minimum_variance,14,2025-05-21,-0.008866053804539975,0.8992358314189663,0.3389717815449435,BTC,0.2647698039738947,18
minimum_variance,14,2025-05-22,0.025485133075310307,0.922152976248766,0.26919836083104365,BTC,0.2622556903024427,18
minimum_variance,14,2025-05-23,-0.03628087113054057,0.8886964629548401,0.4776939219426005,BTC,0.2632568284215558,18
minimum_variance,14,2025-05-24,0.004328666468401465,0.8925433335346196,0.2505009459673611,MNT,0.25161487459448484,11
minimum_variance,14,2025-05-25,-0.0023372297956234522,0.8904572546615974,0.30270330133270573,BTC,0.2537007431914716,11
minimum_variance,14,2025-05-26,-0.0034097624007652927,0.8874210069951636,0.24114477374597035,BTC,0.2544601420802691,11
minimum_variance,14,2025-05-27,-0.0016503623244854548,0.8859564407992618,0.296699039080957,BTC,0.25315673151894125,11
minimum_variance,14,2025-05-28,-0.0019988624574787117,0.8841855357307867,0.28749837025980113,BTC,0.2521207525232113,11
minimum_variance,14,2025-05-29,-0.00981515117964138,0.8755071210267369,0.2872956635846883,BTC,0.24961465138824046,11
minimum_variance,14,2025-05-30,-0.042998016134984995,0.837862051710535,0.4773460772279849,BTC,0.26053069926472366,11
minimum_variance,14,2025-05-31,-0.0020148221732623206,0.8361739086706135,0.43312057396141224,BTC,0.2623265044351127,11
minimum_variance,14,2025-06-01,0.009852093574826082,0.8444119722636645,0.4110229121739964,BTC,0.26185536634952084,11
minimum_variance,14,2025-06-02,0.06880942878940566,0.9025154777380626,1.097973597641041,TOKAMAK,0.26009574275311675,11
minimum_variance,14,2025-06-03,-0.029161442617360867,0.8761968244227241,0.5078689771364528,BTC,0.24922522245420317,11
minimum_variance,14,2025-06-04,-0.02091183743150382,0.8578739388723962,0.28477900455289645,BTC,0.25102706722833845,11
minimum_variance,14,2025-06-05,-0.05066735491910912,0.8144077355356943,0.4541242867144307,BTC,0.2579587761833987,11
minimum_variance,14,2025-06-06,-0.0059089464948834935,0.8095954438013947,0.5160647515342238,BTC,0.26602583769328325,11
minimum_variance,14,2025-06-07,0.011547772721617111,0.81894446798287,0.22283595394380168,MNT,0.2524133343267266,13
minimum_variance,14,2025-06-08,-0.00046700422576839706,0.8185620174556524,0.19882807878798567,MNT,0.24809795938804255,13
minimum_variance,14,2025-06-09,0.021593029042992873,0.8362372508720631,0.2709980749602239,BTC,0.2508128285139325,13
minimum_variance,14,2025-06-10,0.012350315952907254,0.8465650451319238,0.3267149439320845,MNT,0.25086404733299666,13
minimum_variance,14,2025-06-11,-0.010537151159214941,0.837644661285261,0.2705496612132653,MNT,0.25029316832988674,13
minimum_variance,14,2025-06-12,-0.026797388047329118,0.8151979722510263,0.3124572727724361,MNT,0.25242548068750087,13
minimum_variance,14,2025-06-13,-0.006712661305522616,0.8097258243663563,0.47602161935490345,BTC,0.2533640707607298,13
minimum_variance,14,2025-06-14,-0.0005203838566759655,0.8093044561190225,0.24616429324567263,BTC,0.25210461742238316,13
minimum_variance,14,2025-06-15,-0.00841973588931455,0.8024903263444549,0.21390319582430187,BTC,0.25338914564717496,13
minimum_variance,14,2025-06-16,0.0024814694674242244,0.8044816815871819,0.3465219081538081,BTC,0.2539416304308655,13
minimum_variance,14,2025-06-17,-0.011680040053655305,0.7950853033238117,0.3114208131137847,BTC,0.254988374836935,13
minimum_variance,14,2025-06-18,0.002775524664600182,0.797292082193648,0.4210267506242116,BTC,0.25419346249859887,13
minimum_variance,14,2025-06-19,0.01453353865296414,0.8088795574879116,0.3107203249614844,BTC,0.24978364320876367,13
minimum_variance,14,2025-06-20,-0.01127424476698946,0.7997600513697788,0.321637692480969,BTC,0.2509241864737818,13
minimum_variance,14,2025-06-21,-0.02367834925667911,0.7808230535519055,0.33029416376721643,BTC,0.2541942344123846,13
minimum_variance,14,2025-06-22,-0.035601012623741046,0.7530249621654961,0.6484142683798414,BTC,0.25978502806595244,13
minimum_variance,14,2025-06-23,0.04750842355912366,0.7887999910186476,0.49838503394658895,BTC,0.25730042459504004,13
minimum_variance,14,2025-06-24,0.0030523321393081115,0.7912076705827198,0.34807414002361814,BTC,0.25556454320003213,13
minimum_variance,14,2025-06-25,0.014117834145722208,0.8023778092508299,0.45544984920791215,BTC,0.2550835098661443,13
minimum_variance,14,2025-06-26,-0.033727271354300536,0.775315795149558,0.349940637054143,BTC,0.2628982307206526,13
minimum_variance,14,2025-06-27,0.0007905972599469013,0.7759287576927967,0.3343095824624354,BTC,0.2629482283948264,13
minimum_variance,14,2025-06-28,0.00872272138781871,0.7826969680629472,0.1945007963450451,BTC,0.26108245129783414,13
minimum_variance,14,2025-06-29,0.0049828453123610394,0.7865970259812589,0.22458239023964832,BTC,0.26129542808437056,13
minimum_variance,14,2025-06-30,-0.011523223842850316,0.7775328923767565,0.24514300377086196,BTC,0.2600449717762305,13
minimum_variance,14,2025-07-01,-0.00553316457751829,0.773230674918802,0.2637555392219679,BTC,0.26053474688270606,13
minimum_variance,14,2025-07-02,0.135414224263394,0.8779371069395921,1.568330267669599,BTC,0.23321841757612496,13
minimum_variance,14,2025-07-03,-0.006387077605826796,0.8723296545045339,1.0323295727507762,BTC,0.23696345731340354,13
minimum_variance,14,2025-07-04,-0.04118369951798051,0.8364038921327954,0.41714707207995483,BTC,0.24535211903317367,13
minimum_variance,14,2025-07-05,0.0007268721125330835,0.837011850796801,0.17054392218949221,BTC,0.25050297763791507,15
minimum_variance,14,2025-07-06,0.0036868055832850466,0.8400977507615943,0.20150819123074837,BTC,0.24985394989026025,15
minimum_variance,14,2025-07-07,-0.0021210552459700605,0.8383158570202138,0.2060850911494798,BTC,0.24994117804411498,15
minimum_variance,14,2025-07-08,0.033171810919453204,0.8661243121200677,0.6134802773973707,BTC,0.2422496009785975,15
minimum_variance,14,2025-07-09,0.022437444138572626,0.8855579279903213,0.34811781113158624,BTC,0.24114634424700998,15
minimum_variance,14,2025-07-10,0.030247581553815905,0.9123439136378367,0.3234433064681429,BTC,0.24274885231946136,15
minimum_variance,14,2025-07-11,0.03873219506142611,0.9476809960639623,0.7170224632746272,BTC,0.2361799237060785,15
minimum_variance,14,2025-07-12,0.037812636898207685,0.9835153134634607,0.6892698510555523,BTC,0.22978569498717213,15
minimum_variance,14,2025-07-13,0.03540838240992428,1.0183399997885914,0.42956759078889184,BTC,0.2246061779847661,15
minimum_variance,14,2025-07-14,0.016269661582012374,1.0349080469605783,0.5035518383221957,BTC,0.22399334579481106,15
minimum_variance,14,2025-07-15,-0.002121636908799962,1.0327123478509326,0.5925911625805107,BTC,0.22031994955048775,15
minimum_variance,14,2025-07-16,0.009980385620199872,1.0430192153172269,0.3821874989440311,BTC,0.21865688812830614,15
minimum_variance,14,2025-07-17,0.05950648687070381,1.1050856245593932,0.5567995851485515,BTC,0.20786509722422714,15
minimum_variance,14,2025-07-18,-0.006703610768141632,1.0976775606668783,0.9575584404181726,BTC,0.20768132525490976,15
minimum_variance,14,2025-07-19,0.009233755149379075,1.1078132464950439,0.3297290278118648,BTC,0.24818002936030653,18
minimum_variance,14,2025-07-20,0.02094473410752018,1.1310161003836712,0.30658571586216404,BTC,0.24082239028870803,18
minimum_variance,14,2025-07-21,0.022747633817918,1.1567440404773686,0.32867500253964876,BTC,0.2356574925521069,18
minimum_variance,14,2025-07-22,0.021126115291694614,1.181181548439474,0.6179707461831198,BTC,0.23434474680769551,18
minimum_variance,14,2025-07-23,-0.023098249791833392,1.1538983219841146,0.9270998084292463,BTC,0.23909901617400778,18
minimum_variance,14,2025-07-24,-0.01749980876203494,1.1337053220185596,0.6962395914540384,BTC,0.24193062330001947,18
minimum_variance,14,2025-07-25,-0.015411781446156958,1.1162329033712646,0.6394339444982609,BTC,0.24442222253182816,18
minimum_variance,14,2025-07-26,0.009766634123924867,1.1271347417355781,0.2066035945419649,BTC,0.24320193711054738,18
minimum_variance,14,2025-07-27,0.014205646046481224,1.1431464189233658,0.2071128269560352,BTC,0.24222238919253805,18
minimum_variance,14,2025-07-28,-0.010050854900662709,1.1316568201365549,0.3659189818677533,BTC,0.2445266404560791,18
minimum_variance,14,2025-07-29,-0.010526824793586798,1.1197440670645098,0.44522200545901897,BTC,0.24830989104030748,18
minimum_variance,14,2025-07-30,-0.003670046219131917,1.1156345545847843,0.3779790967994265,BTC,0.24901236622913941,18
minimum_variance,14,2025-07-31,-0.016092640307545203,1.097681048983183,0.2684033463657601,BTC,0.2499697266831368,18
minimum_variance,14,2025-08-01,-0.039184623412883646,1.0546688304513179,0.5767559742855887,BTC,0.2551857542322568,18
minimum_variance,14,2025-08-02,-0.016057822430863955,1.0377331456485637,0.3230672338499925,BTC,0.25306223631395297,11
minimum_variance,14,2025-08-03,0.027857338224619,1.0666416288737934,0.2768092532162929,BTC,0.25075084754871013,11
minimum_variance,14,2025-08-04,0.0647940997018901,1.1357537129212285,0.4156297829822853,MNT,0.2540051877129426,11
minimum_variance,14,2025-08-05,0.0027978162420745356,1.138931343106236,0.6302639619124043,MNT,0.27088356724378476,11
minimum_variance,14,2025-08-06,-0.009964623668859862,1.1275823208875133,0.4881071692373613,MNT,0.2634281434441996,11
minimum_variance,14,2025-08-07,0.06728348893784952,1.203449993501463,0.594856477793285,MNT,0.29370905532428454,11
minimum_variance,14,2025-08-08,0.006139591219116669,1.2108386845142107,0.5888694562734542,MNT,0.29272376277478046,11
minimum_variance,14,2025-08-09,0.019295595358909123,1.2342025378155108,0.33711743107949654,MNT,0.2903491326231307,11
minimum_variance,14,2025-08-10,-0.010163491472382713,1.2216587308472298,0.3182012625921482,MNT,0.28153319301717084,11
minimum_variance,14,2025-08-11,-0.021290941780293116,1.1956484659333746,0.4000302007552637,MNT,0.2745823464503797,11
minimum_variance,14,2025-08-12,0.027768031064968834,1.228849269678195,0.46977567975021167,MNT,0.27889190548065035,11
minimum_variance,14,2025-08-13,0.03915987572314705,1.276970854361273,0.4162642245864971,MNT,0.2940151685569503,11
minimum_variance,14,2025-08-14,-0.015823152230959425,1.2567651501382162,0.630872994432961,MNT,0.29504923741132194,11
minimum_variance,14,2025-08-15,0.028122185598635774,1.2921081329443005,0.6072871062846938,MNT,0.31722685866603945,11
minimum_variance,14,2025-08-16,0.0012887427510934746,1.2937733279342614,0.21614658277383741,BTC,0.2485335382893607,17
minimum_variance,14,2025-08-17,-0.0034924629165569154,1.2892548725640205,0.18124057480321693,BTC,0.24957741524002502,17
minimum_variance,14,2025-08-18,-0.013117073487979636,1.2723436216558623,0.356581081539941,BTC,0.2503280285351291,17
minimum_variance,14,2025-08-19,-0.029487390589514106,1.234825528320019,0.3687158909786574,BTC,0.2511626079250287,17
minimum_variance,14,2025-08-20,0.019441802740960412,1.2588327626611189,0.360144870240402,BTC,0.24947127280381595,17
minimum_variance,14,2025-08-21,-0.016726715863390695,1.2377766247205593,0.30136916630039645,BTC,0.2514033926781313,17
minimum_variance,14,2025-08-22,0.03496270990093642,1.2810526497728245,0.4626237569675048,BTC,0.24807204551627576,17
minimum_variance,14,2025-08-23,-0.007624453302929157,1.271285323666038,0.2551668878637071,BTC,0.2477473881234899,17
minimum_variance,14,2025-08-24,-0.009242519930472315,1.2595354437247377,0.30914358224764726,BTC,0.2467487650556145,17
minimum_variance,14,2025-08-25,-0.023081965706145735,1.2304628898070082,0.34912284603772686,BTC,0.2497324786047669,17
minimum_variance,14,2025-08-26,0.015365062242816752,1.249369028696369,0.3732479148620651,BTC,0.24727608441542745,17
minimum_variance,14,2025-08-27,-0.004680045603590699,1.2435219246663562,0.29996175934536273,BTC,0.24676733856053193,17
minimum_variance,14,2025-08-28,0.010924676669257005,1.2571069996244684,0.25768567616316534,BTC,0.24577283037249664,17
minimum_variance,14,2025-08-29,-0.03256260415781553,1.2161723220116776,0.4021207172387893,BTC,0.2466269378979058,17
minimum_variance,14,2025-08-30,-0.002366463168042454,1.2132942950056442,0.24921988414615978,BTC,0.2500344982197319,14
minimum_variance,14,2025-08-31,-0.008929089041026073,1.2024606822125699,0.19953779894910748,BTC,0.2506946156821227,14
minimum_variance,14,2025-09-01,-0.015333386539087113,1.18402288777415,0.34424837655545304,BTC,0.25745505102511923,14
minimum_variance,14,2025-09-02,0.02290898557975507,1.211147651036268,0.3191662587510515,BTC,0.2558169455838794,14
minimum_variance,14,2025-09-03,0.004285392094232066,1.2163378936049665,0.22729707807630942,BTC,0.25458729932606505,14
minimum_variance,14,2025-09-04,-0.009361653617005694,1.2049509595637984,0.2156362011668139,BTC,0.25793215317150087,14
minimum_variance,14,2025-09-05,0.0035111942523062822,1.2091817764473296,0.24286497096051743,BTC,0.2561782957852344,14
minimum_variance,14,2025-09-06,-0.005488639770160453,1.2025450132597675,0.15845343399605832,BTC,0.2565315905842981,14
minimum_variance,14,2025-09-07,0.004458302728106656,1.2079063229730547,0.1276721891392251,BTC,0.2565381645747775,14
minimum_variance,14,2025-09-08,0.011827999690952273,1.2221934385878792,0.19548086358013445,BTC,0.2552599088571207,14
minimum_variance,14,2025-09-09,-0.0009913613831686874,1.220981803210101,0.24203120908394624,BTC,0.2544195778262184,14
minimum_variance,14,2025-09-10,0.012043031098941892,1.2356861250374025,0.19741470778790635,BTC,0.25668840228778106,14
minimum_variance,14,2025-09-11,0.009256641441847124,1.2471244284315393,0.28756934563316816,BTC,0.25740360317483024,14
minimum_variance,14,2025-09-12,0.025763803703746646,1.2792550973997967,0.3533656979343635,BTC,0.2516853980054303,14
minimum_variance,14,2025-09-13,0.004425314862188445,1.2849162039948503,0.17183236915144914,BTC,0.24817534468721467,13
minimum_variance,14,2025-09-14,0.0014292137975373542,1.286752623962279,0.23564645273235665,BTC,0.24729650276472742,13
minimum_variance,14,2025-09-15,-0.021515706537332813,1.2590672321189638,0.24857947424710244,BTC,0.25330671951282296,13
minimum_variance,14,2025-09-16,0.005976690366025217,1.2665922871153472,0.1933042098896124,BTC,0.2544276038083993,13
minimum_variance,14,2025-09-17,0.003399263750162529,1.270897768363174,0.22063602576995725,BTC,0.25219392724410683,13
minimum_variance,14,2025-09-18,0.005943935586265825,1.2784519028350536,0.18801673826487836,BTC,0.2523531679571283,13
minimum_variance,14,2025-09-19,-0.01312633573411448,1.2616705139385231,0.19868558243814513,BTC,0.25519192817653125,13
minimum_variance,14,2025-09-20,0.0045133015745064675,1.2673648134555904,0.12760989019482966,BTC,0.2540751122494027,13
minimum_variance,14,2025-09-21,-0.009264440013209252,1.255623388166479,0.15734773583515166,BTC,0.2553503661697631,13
minimum_variance,14,2025-09-22,-0.034529526239891584,1.2122673074373629,0.37551312169070106,BTC,0.26324457464296847,13
minimum_variance,14,2025-09-23,-0.0010056304862497978,1.21104821447552,0.3329853625834896,BTC,0.26171917187904686,13
minimum_variance,14,2025-09-24,0.005596707290948411,1.217826096847165,0.2317451233402317,BTC,0.2620739681884191,13
minimum_variance,14,2025-09-25,-0.018000015472774633,1.1959052082607673,0.6199094679925272,BTC,0.2625792102490716,13
minimum_variance,14,2025-09-26,0.000877721138391907,1.1969548795415708,0.3657889698962878,BTC,0.2623141049470773,13
minimum_variance,14,2025-09-27,-0.0034128424129553636,1.1928698611622774,0.2624310233748607,BTC,0.2504785688166348,14
minimum_variance,14,2025-09-28,0.0068113593526146765,1.2009949264475572,0.2050502306516367,BTC,0.25332509061938324,14
minimum_variance,14,2025-09-29,-0.009184629145876033,1.1899642334420577,0.31527263916544807,BTC,0.2592292114880405,14
minimum_variance,14,2025-09-30,-0.005278316653065329,1.1836832254121283,0.39669862875232104,BTC,0.260315398735051,14
minimum_variance,14,2025-10-01,0.03250959027768219,1.2221642820888419,0.3109649055182609,BTC,0.26090150340913393,14
minimum_variance,14,2025-10-02,0.01412751094152287,1.2394304213563905,0.27198990468192746,BTC,0.2607114379465836,14
minimum_variance,14,2025-10-03,0.008811943996007932,1.2503522128163316,0.30336736130180547,BTC,0.2625674181891146,14
minimum_variance,14,2025-10-04,-0.006179153542572036,1.2426260945110448,0.22429351854577512,BTC,0.26648731659365454,14
minimum_variance,14,2025-10-05,0.003021047483076522,1.2463801269462726,0.2588616173908615,BTC,0.268785026024002,14
minimum_variance,14,2025-10-06,0.006913007757799017,1.2549963624330187,0.19845405717162237,BTC,0.26795145054191766,14
minimum_variance,14,2025-10-07,-0.02312243396122904,1.2259777919210786,0.2867319413728419,BTC,0.2710955332144005,14
minimum_variance,14,2025-10-08,0.00987560068056692,1.2380850590373342,0.25238926858147365,BTC,0.2721326711442565,14
minimum_variance,14,2025-10-09,0.006325389664629588,1.2459164294737013,0.4265596484065959,BTC,0.27016393973296754,14
minimum_variance,14,2025-10-10,-0.09547337107335774,1.1269645878761656,1.0954537141200797,BTC,0.2887341641038399,14
minimum_variance,14,2025-10-11,-0.01575898461565539,1.1092047702734367,0.7191836569385776,BTC,0.25170136456170206,5
minimum_variance,14,2025-10-12,0.04305637083494718,1.1569631021942222,0.571068333882758,STRAX,0.24982407122590924,5
minimum_variance,14,2025-10-13,0.011285113511780187,1.1700195621314253,0.43600491882316017,STRAX,0.25231274142176857,5
minimum_variance,14,2025-10-14,-0.009678375670030048,1.1586956732678333,0.6575430358552831,STRAX,0.2552629542051194,5
minimum_variance,14,2025-10-15,-0.01563007481333789,1.1405851732087662,0.4123991986410583,STRAX,0.25242723167198416,5
minimum_variance,14,2025-10-16,-0.023235037639808276,1.1140836337778532,0.4348262834451769,STRAX,0.25037165235106673,5
minimum_variance,14,2025-10-17,-0.015650223031074995,1.0966479764339594,0.7856410358048763,STRAX,0.25281699704048816,5
minimum_variance,14,2025-10-18,0.0007402250714667602,1.0974597427606891,0.3386280299952789,STRAX,0.24853881999347388,5
minimum_variance,14,2025-10-19,0.006920549386938646,1.1050547671106414,0.3449011842641086,STRAX,0.24733849844862668,5
minimum_variance,14,2025-10-20,4.992255773261789e-05,1.1051099342710502,0.3884064931153995,STRAX,0.2468182947210598,5
minimum_variance,14,2025-10-21,-0.01875068942028002,1.0843883611182676,0.48613377930110824,STRAX,0.2468766937695365,5
minimum_variance,14,2025-10-22,-0.010576048964346718,1.0729198167147131,0.3813470217346485,BTC,0.2489875671666085,5
minimum_variance,14,2025-10-23,0.0096425280466641,1.0832654761392064,0.322986541245924,BTC,0.25063455450040595,5
minimum_variance,14,2025-10-24,0.001728501726616205,1.0851379023850967,0.3286926939448024,BTC,0.2503440152691557,5
minimum_variance,14,2025-10-25,-0.0006394213289931949,1.0844440420654127,0.17294400825280318,BTC,0.25096567920635443,11
minimum_variance,14,2025-10-26,0.017469012535595185,1.1033882086304048,0.236935258746061,BTC,0.25147488867362494,11
minimum_variance,14,2025-10-27,-0.00862148278982755,1.0938753661791991,0.2861331897316834,BTC,0.2526461593047266,11
minimum_variance,14,2025-10-28,-0.007554290789892004,1.0856119135751818,0.29779412786713644,BTC,0.2533634744290143,11
minimum_variance,14,2025-10-29,-0.010631374716853603,1.0740703665248836,0.3008248286359543,BTC,0.25039759016906665,11
minimum_variance,14,2025-10-30,-0.02357226923770206,1.0487520906649217,0.4200426804396364,BTC,0.25627402161121365,11
minimum_variance,14,2025-10-31,0.005310490750161545,1.0543214789416104,0.2723210058698084,BTC,0.25503201030527883,11
minimum_variance,14,2025-11-01,-0.0002407970479478827,1.0540676014418933,0.19407371080526503,BTC,0.2545780644166947,11
minimum_variance,14,2025-11-02,-0.006033914482941882,1.0477074476755532,0.1848911585741469,BTC,0.2561375473913393,11
minimum_variance,14,2025-11-03,-0.07664115166999141,0.9674099422724716,0.7434445495309994,BTC,0.2681102709680605,11
minimum_variance,14,2025-11-04,-0.03755341894769193,0.931080391416151,0.8905289069099667,BTC,0.2691415280890156,11
minimum_variance,14,2025-11-05,0.015091369387367104,0.9451316695323465,0.7435053185143458,BTC,0.27007771065533726,11
minimum_variance,14,2025-11-06,0.012093789081775608,0.9565618925981771,0.8589724523360728,BTC,0.25899046301681733,11
minimum_variance,14,2025-11-07,0.053374461662623496,1.0076178686625852,0.603758796325989,BTC,0.2500278128358802,11
minimum_variance,14,2025-11-08,-0.0036562077804563886,1.0039338083714542,0.3851103956028675,BTC,0.24859513802913782,10
minimum_variance,14,2025-11-09,0.014836954077711795,1.0188291281833237,0.4470799507330041,BTC,0.2494666440529016,10
minimum_variance,14,2025-11-10,0.0021404763646653002,1.0210099078518327,0.29975203674417394,BTC,0.25153611483250776,10
minimum_variance,14,2025-11-11,0.015012513400405547,1.0363378327754051,0.5846834833230141,BTC,0.24387848468682435,10
minimum_variance,14,2025-11-12,0.005810762337807862,1.042359745623342,0.4453945347206176,BTC,0.24061901056731072,10
minimum_variance,14,2025-11-13,-0.04911919452262259,0.9911598745155177,0.4098854225679618,BTC,0.24964653161760111,10
minimum_variance,14,2025-11-14,-0.039999297141512735,0.951514176180027,0.634750748382081,BTC,0.24743617918186334,10
minimum_variance,14,2025-11-15,0.0031245065429907903,0.95448718844925,0.27953214684911565,BTC,0.24728254207640654,10
minimum_variance,14,2025-11-16,-0.03833249221223556,0.9178993157313404,0.4670225540136022,BTC,0.25011663940920215,10
minimum_variance,14,2025-11-17,-0.010302101721637036,0.9084430236104551,0.5152351464901206,BTC,0.24813673665622724,10
minimum_variance,14,2025-11-18,0.0016655190554701882,0.9099560527770872,0.5033653221097991,BTC,0.2476324509572259,10
minimum_variance,14,2025-11-19,-0.015404309678022865,0.8959388079467177,0.43283497304362695,BTC,0.24942316010500298,10
minimum_variance,14,2025-11-20,-0.02949371347264007,0.8695142454561184,0.4569248867686604,BTC,0.2448630936479827,10
minimum_variance,14,2025-11-21,-0.030385568999793278,0.8430935603545083,0.8089978549976529,BTC,0.2485001984234297,10
minimum_variance,14,2025-11-22,0.006626509893263854,0.8486803281731445,0.631848926607182,BTC,0.24694044125040146,12
minimum_variance,14,2025-11-23,0.025804584463659852,0.870580171384135,0.6909277786410594,BTC,0.24941599677982682,12
minimum_variance,14,2025-11-24,0.009296082082630441,0.8786731561168324,0.4386932141214512,BTC,0.24820522735795733,12
minimum_variance,14,2025-11-25,0.025155628887595594,0.9007767319455998,0.5050305021917929,BTC,0.2388274521199122,12
minimum_variance,14,2025-11-26,0.0041936481478535015,0.9045542726191531,0.5473199164570268,BTC,0.24645690516731406,12
minimum_variance,14,2025-11-27,0.018339317681695055,0.9211431807850503,0.37076526720755676,BTC,0.2447791390271941,12
minimum_variance,14,2025-11-28,-0.004371433164317873,0.9171164649354813,0.34226731718180253,BTC,0.2446119418425318,12
minimum_variance,14,2025-11-29,0.03515130400406008,0.9493543046015572,0.44039877462586363,BTC,0.23578536927274782,12
minimum_variance,14,2025-11-30,-0.034694107593412626,0.9164173042134414,0.38237573175141704,BTC,0.2439059178529716,12
minimum_variance,14,2025-12-01,-0.06521010822984596,0.8566576326219791,0.6771601178174691,BTC,0.2481934936914186,12
minimum_variance,14,2025-12-02,0.038032740507550455,0.8892386700673033,0.4101984374148335,BTC,0.2516197774943205,12
minimum_variance,14,2025-12-03,0.012462337906276044,0.9003206628530095,0.40338438216983696,BTC,0.25391390363583877,12
minimum_variance,14,2025-12-04,-0.017398672616078747,0.884656278390539,0.30190819335600433,BTC,0.2556767451935057,12
minimum_variance,14,2025-12-05,-0.018090793113683223,0.8686521446814548,0.4048723518776189,BTC,0.25333101698132837,12
minimum_variance,14,2025-12-06,0.003140965474366375,0.8713805510771336,0.43097000992463796,BTC,0.24904945202468712,14
minimum_variance,14,2025-12-07,-0.0028390072106979636,0.8689066954093637,0.40339824643529965,BTC,0.2525307880864952,14
minimum_variance,14,2025-12-08,-0.0006542450039046521,0.8683382175450328,0.28017866224829363,BTC,0.25252963075878326,14
minimum_variance,14,2025-12-09,0.008950176445197355,0.876109997806169,0.2978404742823181,BTC,0.2542144057011169,14
minimum_variance,14,2025-12-10,-0.007045284897230553,0.8699375532703125,0.28483952087811076,BTC,0.2552376572748583,14
minimum_variance,14,2025-12-11,-0.012125360918353034,0.859389246460481,0.47289320137994645,BTC,0.25997894116107023,14
minimum_variance,14,2025-12-12,-0.012712969011823061,0.848463857601135,0.3285750066687124,BTC,0.25810027457182105,14
minimum_variance,14,2025-12-13,0.01751339832842813,0.8633233431065784,0.6150871621407593,BTC,0.25351299127919025,14
minimum_variance,14,2025-12-14,-0.02678808556587875,0.8401965635204189,0.2948345411753512,BTC,0.2548401765965199,14
minimum_variance,14,2025-12-15,-0.04307366803626034,0.8040062156581337,0.4445871069584071,BTC,0.26081605820599435,14
minimum_variance,14,2025-12-16,0.002448554437660455,0.80597486864539,0.42320536043755985,BTC,0.263044793850219,14
minimum_variance,14,2025-12-17,-0.007783410482092745,0.7997016354044721,0.863563919825794,BTC,0.2613648521206362,14
minimum_variance,14,2025-12-18,-0.02592158792487831,0.7789720991486662,0.4765971334937264,BTC,0.26530495169450924,14
minimum_variance,14,2025-12-19,0.03320375203001502,0.8048368955670988,0.5309151112660048,BTC,0.2649121879235369,14
minimum_variance,14,2025-12-20,0.0061804087036541056,0.8098111165214837,0.20328345016034652,BTC,0.24912121599010603,14
minimum_variance,14,2025-12-21,-0.010963578104840166,0.8009326890953327,0.380263643431474,BTC,0.25267317526012456,14
minimum_variance,14,2025-12-22,0.006948377564593988,0.8064978718229926,0.32076402958645406,BTC,0.251055064461017,14
minimum_variance,14,2025-12-23,-0.0008173648527116661,0.8058386688087777,0.3353938077180902,BTC,0.2481046768146349,14
minimum_variance,14,2025-12-24,-0.010904789730503905,0.7970511675687089,0.2649387109239698,BTC,0.24850722040306034,14
minimum_variance,14,2025-12-25,-0.01044471235090838,0.788726197394498,0.22719502380485088,BTC,0.24976393915666692,14
minimum_variance,14,2025-12-26,0.001055106057237687,0.789558387182871,0.3397607788294939,BTC,0.2487959510715095,14
minimum_variance,14,2025-12-27,0.01319471075437928,0.7999763817254432,0.21374888139510834,BTC,0.24596979918424827,14
minimum_variance,14,2025-12-28,-0.002735548937495391,0.7977880071843927,0.18826112707963472,BTC,0.2458086977839604,14
minimum_variance,14,2025-12-29,-0.007317732117257392,0.7919500082614567,0.3251510651004325,BTC,0.24610710793686222,14
minimum_variance,14,2025-12-30,0.012349162285710369,0.8017299274356471,0.3173027535220188,BTC,0.24568801527284348,14
minimum_variance,14,2025-12-31,-0.015505902058446042,0.7892983817035049,0.26176003304531364,BTC,0.24864291761441656,14
minimum_variance,14,2026-01-01,0.01767278217480528,0.8032474800742773,0.31235121518247805,BTC,0.24580588816999174,14
minimum_variance,14,2026-01-02,0.0178537938888772,0.8175884950252834,0.3147805118740229,BTC,0.24402349620249608,14
minimum_variance,14,2026-01-03,0.004828349645753294,0.8215360981456107,0.22029378187926718,BTC,0.25056690312972135,19
minimum_variance,14,2026-01-04,0.0109047711260013,0.8304947612676368,0.19960309161520326,BTC,0.25052455106213345,19
minimum_variance,14,2026-01-05,0.024498774581999783,0.8508408652154643,0.26226538130077753,BTC,0.25134816782437613,19
minimum_variance,14,2026-01-06,0.008072203755784324,0.8577090260432313,0.3600857017950454,BTC,0.24926041250732975,19
minimum_variance,14,2026-01-07,0.003985079489331467,0.8611270646907306,0.6143742426748112,BTC,0.2424754036987109,19
minimum_variance,14,2026-01-08,-0.001309971774166141,0.8599990125420153,0.5206773924939965,BTC,0.24323171160961454,19
minimum_variance,14,2026-01-09,-0.002118398802899102,0.8581771916633518,0.3941618542432114,BTC,0.24438854637904725,19
minimum_variance,14,2026-01-10,0.004014970580869193,0.8616227478410531,0.2896526799114486,BTC,0.24337662751107092,19
minimum_variance,14,2026-01-11,-0.015136487591064451,0.8485808058101781,0.20635818320999777,BTC,0.24759642702743453,19
minimum_variance,14,2026-01-12,-0.004183314282994455,0.8450309256049575,0.32412363441331915,BTC,0.25014372163639315,19
minimum_variance,14,2026-01-13,0.03279885777799785,0.8727469747518845,0.29937408831966406,BTC,0.25190755848161095,19
minimum_variance,14,2026-01-14,0.0037545332892521266,0.8760237323216844,0.26595204961445823,BTC,0.254611572384392,19
minimum_variance,14,2026-01-15,-0.023144443954049132,0.8557486501465482,0.2797595398280495,BTC,0.2585776731120598,19
minimum_variance,14,2026-01-16,0.005128013401574094,0.8601369406928786,0.21431726491251146,BTC,0.2574337223650361,19
minimum_variance,14,2026-01-17,-0.0025674797641873637,0.8579285565032196,0.17581948806415132,BTC,0.24975471535498878,16
minimum_variance,14,2026-01-18,-0.018906746601702773,0.8417079186830486,0.24598623926193966,BTC,0.2511324576481368,16
minimum_variance,14,2026-01-19,-0.021887179869791162,0.8232853060690052,0.3271202802601462,BTC,0.2538715313526526,16
minimum_variance,14,2026-01-20,-0.034182119155061974,0.7951436696383428,0.38732419490097547,BTC,0.2528811376060963,16
minimum_variance,14,2026-01-21,0.009419834125601767,0.8026337911123583,0.43227423512557267,BTC,0.25176581882923005,16
minimum_variance,14,2026-01-22,-0.003810900360204039,0.7995750337086963,0.2859718968210021,BTC,0.2534785302636653,16
minimum_variance,14,2026-01-23,0.0008286298069897224,0.8002375854145521,0.28527911196131583,BTC,0.2515248885058944,16
minimum_variance,14,2026-01-24,0.002330500808810143,0.8021025397546011,0.17165963198448522,BTC,0.2503829813582737,16
minimum_variance,14,2026-01-25,-0.02474621744687977,0.7822535358911392,0.3454384452579982,BTC,0.2504819807800819,16
minimum_variance,14,2026-01-26,0.0069759838715808264,0.7877105239410029,0.3127095946017284,BTC,0.25081251808063876,16
minimum_variance,14,2026-01-27,0.0038862694058168223,0.7907717792508347,0.29601848905687017,BTC,0.2501019245499844,16
minimum_variance,14,2026-01-28,-0.0109611058140614,0.7821040461036928,0.23374024905674298,BTC,0.25169982871402424,16
minimum_variance,14,2026-01-29,-0.04190786630426613,0.7493277343035536,0.4683750019809546,BTC,0.2528649400714646,16
minimum_variance,14,2026-01-30,-0.015411358473376047,0.7377795759761588,0.5365822628502691,BTC,0.25862544309399405,16
minimum_variance,14,2026-01-31,0.004223175594160189,0.7408953486752912,1.226132716955549,BTC,0.23402545671844488,14
minimum_variance,14,2026-02-01,-0.04258088217884337,0.7093473711264955,1.4231336506063135,BTC,0.23582137949137694,14
minimum_variance,14,2026-02-02,0.018530046724794635,0.7224916110575796,0.7725406468529408,BTC,0.23859307034903385,14
minimum_variance,14,2026-02-03,-0.024936333603158944,0.704475319218764,0.6012639354569721,BTC,0.2341731430127528,14
minimum_variance,14,2026-02-04,-0.0140151335450166,0.6946020035407449,0.5929083101168899,BTC,0.22910990848958585,14
minimum_variance,14,2026-02-05,-0.13673172977563008,0.5996278700910005,1.1963161809073168,BTC,0.22890385968502647,14
minimum_variance,14,2026-02-06,0.12072845550736466,0.6720200167262577,1.5095340980212715,BTC,0.22948180112591338,14
minimum_variance,14,2026-02-07,-0.006976435120925273,0.6673317126796038,0.8383368855603344,BTC,0.22641072025108153,14
minimum_variance,14,2026-02-08,0.010417421896420143,0.6742835886754478,0.60743492251556,BTC,0.22869612578548962,14
minimum_variance,14,2026-02-09,-0.00819179307190776,0.6687599970452351,0.5215701848293801,BTC,0.22832774288372684,14
minimum_variance,14,2026-02-10,-0.016306775436048304,0.6578546779528062,0.4462984122220869,BTC,0.22888806259294422,14
minimum_variance,14,2026-02-11,-0.012261780701815717,0.6497882081580852,0.6019096569994293,BTC,0.22497315998744724,14
minimum_variance,14,2026-02-12,0.0110824599780317,0.6569894599691941,0.46051830926334636,BTC,0.21808006512909836,14
minimum_variance,14,2026-02-13,0.04202741804864574,0.6846010306568735,0.4909908351050911,BTC,0.21704730049579274,14
minimum_variance,14,2026-02-14,0.03600322124108879,0.7092488730254903,0.7041362403937227,BTC,0.2462103414333201,14
minimum_variance,14,2026-02-15,-0.017839160923295405,0.6965964682449227,0.6064079522843588,BTC,0.24863472330969355,14
minimum_variance,14,2026-02-16,0.005391821187230583,0.7003523918413557,0.39102769209902444,BTC,0.24707826272777067,14
minimum_variance,14,2026-02-17,-0.02709722418587701,0.6813747860705153,0.34758295799138994,BTC,0.24922248249158024,14
minimum_variance,14,2026-02-18,-0.011698067427740377,0.6734040178795002,0.39605502573481643,BTC,0.24867754737999134,14
minimum_variance,14,2026-02-19,-0.03199376257777964,0.6518592896125406,0.47640671973963616,BTC,0.2572118288250827,14
minimum_variance,14,2026-02-20,0.003641638385892376,0.6542331254237942,0.37742353915227966,BTC,0.2598161344559145,14
minimum_variance,14,2026-02-21,-0.0035480520920609937,0.6519118722144387,0.18240437192656186,BTC,0.26042869670168733,14
minimum_variance,14,2026-02-22,-0.018203466494441822,0.6400448162912543,0.2999466575048091,BTC,0.2640422383686983,14
minimum_variance,14,2026-02-23,-0.04087828418113659,0.613880882402237,0.514826702207332,BTC,0.26388040552168823,14
minimum_variance,14,2026-02-24,-0.012534158061012768,0.6061864023915734,0.38518609569928103,BTC,0.2628657124958075,14
minimum_variance,14,2026-02-25,0.0322299240612538,0.6257237441076184,0.44929684104195156,BTC,0.26530390727926445,14
minimum_variance,14,2026-02-26,0.004846917790277239,0.6287565756547325,0.5164844439168849,BTC,0.26325183193876084,14
minimum_variance,14,2026-02-27,-0.007104652937313882,0.6242894784026517,0.3227777458928714,BTC,0.2615996258953,14
minimum_variance,14,2026-02-28,0.004744373823377446,0.6272513410621953,0.5664551603667903,BTC,0.2527751007362087,18
minimum_variance,14,2026-03-01,-0.012801517616139346,0.6192215719698405,0.47014731111858715,BTC,0.2516975406113233,18
minimum_variance,14,2026-03-02,0.029162084739209115,0.6372793639239712,0.4443499563395841,BTC,0.256551109858531,18
minimum_variance,14,2026-03-03,-0.0004669069617687649,0.6369818137523635,0.44814349191982994,BTC,0.25550418411258713,18
minimum_variance,14,2026-03-04,0.018430736123044467,0.6487218574768115,0.48419525354806525,BTC,0.26373008877572435,18
minimum_variance,14,2026-03-05,0.0006838650913394417,0.6491654957091288,0.40692319630259705,BTC,0.2596578013867741,18
minimum_variance,14,2026-03-06,-0.017841985847291575,0.6375830941221365,0.3245006912165838,BTC,0.2565866923972446,18
minimum_variance,14,2026-03-07,-0.007949990723658096,0.6325143144383043,0.2557125340249426,BTC,0.2549870350294573,18
minimum_variance,14,2026-03-08,-0.021525360037350172,0.6188992160912421,0.3104062034225318,BTC,0.2565481637055055,18
minimum_variance,14,2026-03-09,0.014619192638195333,0.627947022954908,0.308704168196243,BTC,0.259593801961803,18
minimum_variance,14,2026-03-10,0.01869416588834416,0.6396859687711189,0.3309545513109349,BTC,0.25968024847996857,18
minimum_variance,14,2026-03-11,0.0006604267536509667,0.6401084344988305,0.2633912989609651,BTC,0.26066485982375004,18
minimum_variance,14,2026-03-12,0.00830386635013003,0.6454238093884997,0.21583789281743904,BTC,0.25946350087278347,18
minimum_variance,14,2026-03-13,0.009606320643231081,0.6516239574522613,0.32177077127773646,BTC,0.25994322232786476,18
minimum_variance,14,2026-03-14,0.02204962133286137,0.6659920189655042,0.3680348202839623,MNT,0.22478476069750356,16
minimum_variance,14,2026-03-15,0.013684173986060477,0.6751055696263558,0.41152283175592425,MNT,0.2240207719287668,16
minimum_variance,14,2026-03-16,0.03356160690525001,0.6977631973737005,0.35277959923536195,MNT,0.23194063050536926,16
minimum_variance,14,2026-03-17,0.00036261751224686556,0.6980162185284696,0.44064095236293066,MNT,0.2261836640086943,16
minimum_variance,14,2026-03-18,-0.03593873587206631,0.6729303980163565,0.4616591858531672,MNT,0.21829107084210736,16
minimum_variance,14,2026-03-19,-0.015159191582058917,0.6627293171914354,0.31563398193902403,MNT,0.21471247883485284,16
minimum_variance,14,2026-03-20,0.008164417021958581,0.668140115709664,0.21964657481852345,MNT,0.21450310687124205,16
minimum_variance,14,2026-03-21,-0.01080301368778891,0.6609221888942917,0.22910297876938868,MNT,0.21413995437455305,16
minimum_variance,14,2026-03-22,-0.020511800616150988,0.6473654847329019,0.22764100374811364,MNT,0.21112638666281225,16
minimum_variance,14,2026-03-23,0.005554456998204671,0.6509612484799727,0.45821308197869004,MNT,0.20544700934265858,16
minimum_variance,14,2026-03-24,0.00900907318909061,0.6568258060107905,0.24309573682790223,MNT,0.20789104184548834,16
minimum_variance,14,2026-03-25,0.009919120940037773,0.6633409406171493,0.23700375478909094,MNT,0.21335913209770976,16
minimum_variance,14,2026-03-26,-0.029342373882177752,0.6438769427262054,0.297481710611591,MNT,0.20830260622188485,16
minimum_variance,14,2026-03-27,-0.009723107743451198,0.6376164578385546,0.3027603596401555,MNT,0.20574022156993876,16
minimum_variance,14,2026-03-28,-0.0015021412966073067,0.6366586678258388,0.26336161045014495,BTC,0.16320673637102015,17
minimum_variance,14,2026-03-29,-0.008961107105130872,0.6309535013140415,0.3026067525449532,BTC,0.16406874204084687,17
minimum_variance,14,2026-03-30,0.010909851212650201,0.6378371101354784,0.2508377868008219,BTC,0.16385461595601208,17
equal_weight,14,2025-03-01,0.00826845591958758,1.0082684559195876,0.5509273815658186,CBK,0.023939984329340008,50
equal_weight,14,2025-03-02,0.12483876985146414,1.1341394496366242,1.070201819662147,ADA,0.03421284662116755,50
equal_weight,14,2025-03-03,-0.15637685567493576,0.9567862886055467,1.0701891115662239,ADA,0.02872807788257789,50
equal_weight,14,2025-03-04,-0.01680060528752514,0.9407116998261688,1.4228144004979495,ADA,0.03185664050318531,50
equal_weight,14,2025-03-05,0.026099967453228734,0.9652642445745032,0.7132296751570049,ADA,0.03219865863512191,50
equal_weight,14,2025-03-06,-0.018716882884531105,0.9471975067561769,0.7438247547373948,ADA,0.030464200726290438,50
equal_weight,14,2025-03-07,-0.020137116608882843,0.9281236801109847,1.1199264663223751,ADA,0.028001984401180714,50
equal_weight,14,2025-03-08,-0.01026138813223998,0.9185998427946429,0.530198124670412,ADA,0.027919729166841288,50
equal_weight,14,2025-03-09,-0.08058261586388527,0.8445766645300968,0.7628302317276366,AUCTION,0.028372028197710817,50
equal_weight,14,2025-03-10,-0.04019577627386128,0.810628249876521,1.2806497878324326,AUCTION,0.03458755238679915,50
equal_weight,14,2025-03-11,0.04651206148009601,0.8483322408722804,1.141912826951049,AUCTION,0.04256933714948536,50
equal_weight,14,2025-03-12,0.01767957420373545,0.8633303936742031,0.8129367415721994,AUCTION,0.040663322651639494,50
equal_weight,14,2025-03-13,-0.016931517547458697,0.8487128999644539,0.6300050064730252,AUCTION,0.0420844870630802,50
equal_weight,14,2025-03-14,0.030077830633983504,0.8742403428264618,0.4264379543294822,AUCTION,0.043708535094984895,50
equal_weight,14,2025-03-15,0.017625025072421696,0.8896488507881006,0.3159466465834521,DRIFT,0.02213474680999602,50
equal_weight,14,2025-03-16,-0.029123796581353334,0.8637388986289132,0.550630405687665,AUCTION,0.0253438410922587,50
equal_weight,14,2025-03-17,0.03531366824708804,0.8942406875471998,0.5301949502536689,DRIFT,0.025183480284672217,50
equal_weight,14,2025-03-18,-0.013498443730324827,0.882169829944977,0.47805764971753667,AUCTION,0.02667919805758731,50
equal_weight,14,2025-03-19,0.03247918421834206,0.9108219863636233,0.5655657333727359,AUCTION,0.027702872180142377,50
equal_weight,14,2025-03-20,-0.010982139158173365,0.9008192125610541,0.4012518015184463,AUCTION,0.031710797392492114,50
equal_weight,14,2025-03-21,0.00424731353024832,0.9046452741908723,0.43213511981115094,AUCTION,0.03640387186867417,50
equal_weight,14,2025-03-22,-0.0032591647058043405,0.9016968862419567,0.3317558899570379,VANA,0.02579888043644429,50
equal_weight,14,2025-03-23,-0.006586939926306878,0.8957574630205429,0.33870850483983983,VANA,0.025657052011956737,50
equal_weight,14,2025-03-24,0.03386357383991845,0.9260910120121971,0.41828906200612037,VANA,0.025142593352716472,50
equal_weight,14,2025-03-25,0.019493630797212447,0.9441438882849797,0.4301865654169007,VANA,0.024524834214984942,50
equal_weight,14,2025-03-26,0.0006499375081985281,0.9447575228111126,0.45577243951875,MEW,0.027615267230370857,50
equal_weight,14,2025-03-27,0.011683755945206098,0.9557958391350351,0.48101086246043007,CARV,0.027510381047000345,50
equal_weight,14,2025-03-28,-0.05838886740442728,0.8999880026180762,0.5832683164259457,CARV,0.029654838242064937,50
equal_weight,14,2025-03-29,-0.04517786129022372,0.8593284694729313,0.5692557515943837,MEW,0.02425812385356735,50
equal_weight,14,2025-03-30,-0.0064836409241118,0.8537568922410023,0.5847420969975017,MEW,0.023985914806679765,50
equal_weight,14,2025-03-31,-0.017847142948233974,0.8385197709421371,0.7583236148091848,MEW,0.02338854480582087,50
equal_weight,14,2025-04-01,0.011728974477641652,0.8483547479345155,0.5863762540443805,MEW,0.026168774591034717,50
equal_weight,14,2025-04-02,-0.06481592794106761,0.7933678477239293,1.135713049375674,MEW,0.030451138853170485,50
equal_weight,14,2025-04-03,-0.0004633166014326173,0.7930002672290359,0.7053208122640979,MEW,0.02916745131021141,50
equal_weight,14,2025-04-04,-0.0028783638980725,0.790717723888682,0.8129636357261505,MEW,0.02750518202895429,50
equal_weight,14,2025-04-05,0.0015689578060371634,0.7919583266339492,0.3134812277849648,BIGTIME,0.028952345502959175,50
equal_weight,14,2025-04-06,-0.07256977344552185,0.7344860902918289,0.7156972021719291,AERGO,0.03664362057218169,50
equal_weight,14,2025-04-07,0.015802783533183096,0.7460930149848446,1.5242613685458792,AERGO,0.04065263688676881,50
equal_weight,14,2025-04-08,-0.012499477653517665,0.7367672420165959,0.9305333472776284,AERGO,0.05300244002448283,50
equal_weight,14,2025-04-09,0.09908511633595718,0.8097699099043327,0.9495983737382534,AERGO,0.052737493267348154,50
equal_weight,14,2025-04-10,0.01981092625855352,0.825812201875843,0.7449264002347388,AERGO,0.07814677745478546,50
equal_weight,14,2025-04-11,0.021189308379298,0.8433105912847774,0.5839650923673277,AERGO,0.07744384588251628,50
equal_weight,14,2025-04-12,0.040478567061941195,0.8774465956081435,0.41888594453559724,ARK,0.026750929044324637,50
equal_weight,14,2025-04-13,-0.040701683995366,0.8417330415508911,0.6623293505218255,AERGO,0.02592440823429934,50
equal_weight,14,2025-04-14,0.013871507844227304,0.8534091480395096,0.6376338845879718,AERGO,0.03084114280480026,50
equal_weight,14,2025-04-15,0.024617058358504584,0.87441757084048,0.5654817602425483,AERGO,0.036664594230551774,50
equal_weight,14,2025-04-16,-0.023087672685624838,0.8542293041743558,0.8790051604312891,STRAX,0.038471245820396384,50
equal_weight,14,2025-04-17,0.015848918734959305,0.867767914997236,0.5353501542174038,ARDR,0.038030073424749414,50
equal_weight,14,2025-04-18,0.008465518091782753,0.8751140199811137,0.36106636643561,ARDR,0.03434989654554203,50
equal_weight,14,2025-04-19,0.0042613261932533675,0.8788431662765425,0.28904446342721435,ARDR,0.030346958083883574,50
equal_weight,14,2025-04-20,-0.008693958382222533,0.8712025403644336,0.3894345676090156,STRAX,0.03027519181250865,50
equal_weight,14,2025-04-21,-0.006913198924711539,0.8651797438991802,0.4167431553013952,STRAX,0.028095922506499726,50
equal_weight,14,2025-04-22,0.05141629802382286,0.9096640834556752,0.5513611591969108,ARK,0.025554094857771104,50
equal_weight,14,2025-04-23,0.016875068752007172,0.9250147274052213,0.6882949360552961,VIRTUAL,0.024742680451992505,50
equal_weight,14,2025-04-24,0.03300751797602541,0.9555471676481374,0.5701057497235593,ARDR,0.031806295105225875,50
equal_weight,14,2025-04-25,0.038041588883473754,0.9918977001585756,0.5738345573611412,ARDR,0.03551570874445584,50
equal_weight,14,2025-04-26,0.002673542964295672,0.9945495812761357,0.4577149199772897,VIRTUAL,0.02351230712392464,50
equal_weight,14,2025-04-27,-0.03267070214543111,0.9620569481373998,0.47386788887647724,VIRTUAL,0.023720346384585814,50
equal_weight,14,2025-04-28,0.03532878650920335,0.9960452526678418,0.5331362229589769,VIRTUAL,0.029882527682353242,50
equal_weight,14,2025-04-29,0.0012055836611972737,0.9972460685502713,0.4646795564300911,PUNDIX,0.03181454917231878,50
equal_weight,14,2025-04-30,0.009656648852636618,1.0068761236539336,0.543394631155921,PUNDIX,0.034382306909745856,50
equal_weight,14,2025-05-01,0.00595052714537303,1.0128675673597642,0.37323407305719947,VIRTUAL,0.03454272598244146,50
equal_weight,14,2025-05-02,0.0023562383093187478,1.0152541247242437,0.39082351128640536,PUNDIX,0.038504677954492236,50
equal_weight,14,2025-05-03,-0.028106805102711352,0.9867185749108955,0.38952791688991373,PUNDIX,0.038868068600915164,50
equal_weight,14,2025-05-04,-0.0262967585345093,0.9607710748049486,0.4921764188340599,PUNDIX,0.03760176092056659,50
equal_weight,14,2025-05-05,7.527370624149654e-06,0.9607783068849137,0.5192414406209274,VIRTUAL,0.0363691536326493,50
equal_weight,14,2025-05-06,-0.03689724456563126,0.925328234722428,0.6826268127375698,VIRTUAL,0.03383390401574568,50
equal_weight,14,2025-05-07,0.01696076997891227,0.941022514066548,0.5413720382041182,VIRTUAL,0.03104639464786569,50
equal_weight,14,2025-05-08,0.10716067683000419,1.0418631235861915,0.5370015880678984,VIRTUAL,0.041684781322968635,50
equal_weight,14,2025-05-09,0.03432125262685615,1.0776211710533987,0.7468218544060605,VIRTUAL,0.037313728530955825,50
equal_weight,14,2025-05-10,0.043435284079526904,1.1244279527482155,0.6282997126818268,DOGE,0.023165411713949056,50
equal_weight,14,2025-05-11,-0.013367270372276474,1.1093974202896848,0.7440103937889755,DOGE,0.021954637779175893,50
equal_weight,14,2025-05-12,0.019453812982357155,1.13097943022711,1.0017237718250431,ATH,0.023556228356187554,50
equal_weight,14,2025-05-13,0.018058137460046142,1.1514028122426356,0.6438007138790611,ATH,0.0255901919012529,50
equal_weight,14,2025-05-14,-0.023009878393199568,1.1249091735513446,0.6340360028264475,ATH,0.027267309603834226,50
equal_weight,14,2025-05-15,-0.05469101747221117,1.0633867462859974,0.9359535386539893,ATH,0.027472845988744832,50
equal_weight,14,2025-05-16,0.0039006539086665626,1.0675346499543221,0.6387826233640058,ATH,0.027414621757071666,50
equal_weight,14,2025-05-17,-0.023123752313453427,1.0428492431227492,0.6406365791295541,ATH,0.027591691377233787,50
equal_weight,14,2025-05-18,0.03825995817832317,1.0827486115509215,0.6436725610527403,ATH,0.028584201505249318,50
equal_weight,14,2025-05-19,-0.023852297140471324,1.0569225699397762,0.6418123446383304,ATH,0.028629211733190697,50
equal_weight,14,2025-05-20,0.003434114647209885,1.0605521632181731,0.5610155768890753,ATH,0.02840912993310338,50
equal_weight,14,2025-05-21,-0.00036275572519206545,1.060167441849101,0.6060903563900504,ATH,0.0288388091961768,50
equal_weight,14,2025-05-22,0.04583039331067984,1.1087553326842225,0.4483743500499679,MASK,0.027927859619569725,50
equal_weight,14,2025-05-23,-0.053003061227524295,1.0499879058996167,0.8467308518214322,MASK,0.03007190592768512,50
equal_weight,14,2025-05-24,0.009115819715159512,1.0595594063528955,0.45391932314424877,AERGO,0.02138098061014691,50
equal_weight,14,2025-05-25,-8.198126718439447e-05,1.0594725423301055,0.5497339236088884,AERGO,0.024349063793266942,50
equal_weight,14,2025-05-26,-0.0025610386921771644,1.0567591921558988,0.4123047230998396,AERGO,0.02408581480013496,50
equal_weight,14,2025-05-27,0.019745868658775256,1.0776258203681626,0.4781079376556787,SNT,0.024899024751749276,50
equal_weight,14,2025-05-28,-0.007499742262090825,1.0695439044604271,0.47466863548999066,SNT,0.028844478992069683,50
equal_weight,14,2025-05-29,-0.014234982377949068,1.0543189658279901,0.4864140598332968,SNT,0.03407508101797432,50
equal_weight,14,2025-05-30,-0.08504799557833609,0.9646512510840953,0.8627811346892507,SNT,0.028093154506176832,50
equal_weight,14,2025-05-31,0.0011671111965994019,0.9657771063600492,0.7635924636894822,SNT,0.025410471586342433,50
equal_weight,14,2025-06-01,0.021705053729491608,0.9867393503443069,0.5053234042374515,MASK,0.030762121541525928,50
equal_weight,14,2025-06-02,0.007637806689087867,0.9942758747547529,0.4747130410640606,MASK,0.02961691904216028,50
equal_weight,14,2025-06-03,0.0048814321899202096,0.9991293650154417,0.4559619730761992,MASK,0.0324107995283509,50
equal_weight,14,2025-06-04,-0.027592100145120257,0.9715612875180052,0.45159431681869,MASK,0.033395955149626295,50
equal_weight,14,2025-06-05,-0.05807127219284669,0.9151414875385145,0.7178719258727192,MASK,0.034976801574549854,50
equal_weight,14,2025-06-06,0.0017060963424702091,0.9167028070832467,0.49274507442807103,ANIME,0.024945725968117678,50
equal_weight,14,2025-06-07,0.022230347287392815,0.9370814288440351,0.30589553727466334,ANIME,0.02300898779480855,50
equal_weight,14,2025-06-08,-0.007111286045193066,0.9304175747558869,0.30961046557125577,ANIME,0.024718702075587868,50
equal_weight,14,2025-06-09,0.042426435402071805,0.9698918758882199,0.3758813733260974,ANIME,0.02866076365247528,50
equal_weight,14,2025-06-10,0.017139509528807162,0.9865153469369188,0.529366851659512,MOVE,0.02211994939718864,50
equal_weight,14,2025-06-11,-0.026195785041594255,0.9606728029683255,0.48396421870357476,MOVE,0.021481457238304347,50
equal_weight,14,2025-06-12,-0.05632258828933867,0.9065652242059755,0.5268052981580551,TOKAMAK,0.021448073132105002,50
equal_weight,14,2025-06-13,-0.013185286267989982,0.8946119022042152,0.7586719285503909,SNT,0.02286785955448909,50
equal_weight,14,2025-06-14,-0.011725025111383403,0.8841225551859283,0.3640590858626188,SNT,0.025127348577626284,50
equal_weight,14,2025-06-15,0.00025783735767470617,0.8843505150094181,0.344859517042152,SNT,0.02544216595438115,50
equal_weight,14,2025-06-16,-0.008751502751051521,0.8766111190444194,0.5443743253160022,SNT,0.03172089881677905,50
equal_weight,14,2025-06-17,-0.019614111961430147,0.8594171704088476,0.5914038692986419,SNT,0.034423273635488506,50
equal_weight,14,2025-06-18,0.006350611247901483,0.8648749947578858,0.6167443974666498,SNT,0.03830987873957161,50
equal_weight,14,2025-06-19,0.002256629662108267,0.8668266973250721,0.4006381836267282,SNT,0.04502942700125486,50
equal_weight,14,2025-06-20,-0.03017700664979306,0.8406684623156753,0.5148101707317504,SNT,0.028746275395372722,50
equal_weight,14,2025-06-21,-0.036901310408353094,0.8096466944372517,0.6143133771216785,SEI,0.021940370470682907,50
equal_weight,14,2025-06-22,-0.046964664324710026,0.7716219092113951,0.9616281459025375,SEI,0.021481666413869917,50
equal_weight,14,2025-06-23,0.09938367503856593,0.8483085302890981,0.7593576430640085,MOVE,0.02596661641793879,50
equal_weight,14,2025-06-24,0.001289847341444883,0.8494027187916166,0.5196813276411182,SEI,0.029446708987966662,50
equal_weight,14,2025-06-25,-0.01690089111358617,0.8350470559297354,0.5738054155753906,SEI,0.027391643807868227,50
equal_weight,14,2025-06-26,-0.03188991836581845,0.8084174734845191,0.49917148024933067,MOVE,0.02968435328007871,50
equal_weight,14,2025-06-27,0.013908802067866599,0.81966159211142,0.47735059378738764,MOVE,0.02954414340618687,50
equal_weight,14,2025-06-28,0.01761853575121841,0.8341028291759357,0.23143937562132275,SEI,0.028134928554940337,50
equal_weight,14,2025-06-29,0.026512254896772225,0.8562167759931669,0.32608783985113005,SEI,0.028518481967394895,50
equal_weight,14,2025-06-30,-0.036452679606418625,0.8250053801842473,0.46124991962502077,SEI,0.02750900596250317,50
equal_weight,14,2025-07-01,-0.028302272221474967,0.8016558533300913,0.37624304557382576,SEI,0.028532582184512486,50
equal_weight,14,2025-07-02,0.0716444046151643,0.8590900096481872,0.49632916506475255,CBK,0.03108662602275251,50
equal_weight,14,2025-07-03,0.004820469923181525,0.863231227201002,0.44325409161041796,CBK,0.030040974069264783,50
equal_weight,14,2025-07-04,-0.022500324029870233,0.8438082448762769,0.3993175844003057,CBK,0.02645758955083573,50
equal_weight,14,2025-07-05,0.006080756946730048,0.8489392377230165,0.28559494577780337,SAFE,0.021968604039399344,50
equal_weight,14,2025-07-06,0.009873806987086287,0.8573214999000577,0.31339823402806777,BONK,0.02448373056140945,50
equal_weight,14,2025-07-07,-0.00500731686220246,0.8530286194972794,0.34499240410212506,BONK,0.02549951007293219,50
equal_weight,14,2025-07-08,0.007468734310589031,0.859399663615633,0.32243509550401256,BONK,0.024253837848821937,50
equal_weight,14,2025-07-09,0.028016846984554977,0.8834773324897301,0.3449567857374848,XLM,0.023085719170801242,50
equal_weight,14,2025-07-10,0.050919640308386915,0.9284636804807204,0.4166050363916865,BONK,0.02405218562106906,50
equal_weight,14,2025-07-11,0.01608674395955223,0.9433996379843572,0.781711994072759,XLM,0.026626660910449136,50
equal_weight,14,2025-07-12,0.05216769981056979,0.9926146271001254,0.6922928760078596,KNC,0.037710767260212844,50
equal_weight,14,2025-07-13,0.020984151026663067,1.0134438023464694,0.5241501098821564,XLM,0.03271041347269162,50
equal_weight,14,2025-07-14,0.0037724718792335743,1.0172669905920049,0.5779559435714706,XLM,0.03215882980921431,50
equal_weight,14,2025-07-15,0.019339634573758202,1.036940562454001,0.7297004092431142,XLM,0.030797768789031472,50
equal_weight,14,2025-07-16,0.023013402325774424,1.0608040928056697,0.49957225418985424,BONK,0.03437916598824442,50
equal_weight,14,2025-07-17,0.018314837136799822,1.0802325469994563,0.7094737992387112,XLM,0.032663055015156456,50
equal_weight,14,2025-07-18,-0.0062253258892562835,1.0735077473582033,1.0674188167790586,XLM,0.030275777959942792,50
equal_weight,14,2025-07-19,0.019332259001076935,1.0942610771697947,0.4758579721468921,MEW,0.021840692341807588,50
equal_weight,14,2025-07-20,0.03184492691360652,1.1291077411966712,0.4393752118047122,DOGE,0.021959585186124873,50
equal_weight,14,2025-07-21,0.036850698479691246,1.170716150118595,0.5585178137584295,DRIFT,0.025989044644465394,50
equal_weight,14,2025-07-22,-0.0029313760674396505,1.1672843408143723,0.7664760504452888,DRIFT,0.024193301872388738,50
equal_weight,14,2025-07-23,-0.06320370811183185,1.0935076420540286,0.8939106014060605,DRIFT,0.02456354459727231,50
equal_weight,14,2025-07-24,-0.025910116631123636,1.0651747315113838,0.9480153522779534,ARDR,0.024162909288883077,50
equal_weight,14,2025-07-25,0.018741892675963268,1.085138122010518,0.8272924635112718,DRIFT,0.02481284749317066,50
equal_weight,14,2025-07-26,0.011490945164275734,1.097607384666206,0.34039185967533026,DRIFT,0.024022120587933276,50
equal_weight,14,2025-07-27,0.019098321121252315,1.118569842963619,0.3178998908275598,DRIFT,0.02417284637704796,50
equal_weight,14,2025-07-28,-0.032522301776312545,1.0821913769728737,0.5165788995876222,TOKAMAK,0.026775933280335094,50
equal_weight,14,2025-07-29,-0.015532545176257573,1.0653821905206862,0.6598737395726044,CRO,0.025003612897219786,50
equal_weight,14,2025-07-30,-0.015361847315910393,1.0490159519768172,0.6573352678478965,CRO,0.025583685008203,50
equal_weight,14,2025-07-31,-0.032868464405479525,1.014536408498487,0.45203514911605036,CRO,0.02540550985678414,50
equal_weight,14,2025-08-01,-0.03786432922330718,0.9761216679180685,0.8700821179670071,CRO,0.025044230481113646,50
equal_weight,14,2025-08-02,-0.024168191676679496,0.9525305723480646,0.6178096230114022,TOKAMAK,0.021428938346404,50
equal_weight,14,2025-08-03,0.03838938593977015,0.9890976361093646,0.3897868614390185,TOKAMAK,0.021091540422858674,50
equal_weight,14,2025-08-04,0.037931785247233396,1.0266158752308112,0.40047088157400496,MNT,0.023010499869811487,50
equal_weight,14,2025-08-05,-0.030338725246999432,0.9954696582579757,0.49141544164712986,MNT,0.02537812046380977,50
equal_weight,14,2025-08-06,0.0036547445249530686,0.999107845541251,0.5034971289443049,MNT,0.0243447510033262,50
equal_weight,14,2025-08-07,0.0448000988771422,1.0438679758104275,0.37637558937365795,MNT,0.027727268508984805,50
equal_weight,14,2025-08-08,0.01726830247496247,1.0618938037606487,0.4445283568706762,MNT,0.027331939901354102,50
equal_weight,14,2025-08-09,0.029435270286067405,1.0931509348894435,0.34610215851653336,MNT,0.026843189335144076,50
equal_weight,14,2025-08-10,-0.01015469130624147,1.082050324594512,0.5249084645829117,MNT,0.026027911806388124,50
equal_weight,14,2025-08-11,-0.038965619926136785,1.0398875629054092,0.5383908818237079,MNT,0.025852170766448804,50
equal_weight,14,2025-08-12,0.03585971899856055,1.077177638701295,0.5770907375016027,LINK,0.02609875968754498,50
equal_weight,14,2025-08-13,0.024163138948101848,1.1032056316570227,0.4674218231572953,MNT,0.027867725797050855,50
equal_weight,14,2025-08-14,-0.04771841146133593,1.0505624113991499,0.758142464847384,MNT,0.028902409167329272,50
equal_weight,14,2025-08-15,0.008083994599324518,1.059055152259154,0.5909315497904885,MNT,0.031692573809477924,50
equal_weight,14,2025-08-16,0.00852855275353348,1.0680873599940977,0.32930756402818134,MNT,0.022395411943511877,50
equal_weight,14,2025-08-17,0.0031133802596081672,1.0714127220962402,0.2713515182239621,LINK,0.023128092719174376,50
equal_weight,14,2025-08-18,-0.025334237736733045,1.0442692974804937,0.5318642617734857,LINK,0.023862565737746776,50
equal_weight,14,2025-08-19,-0.03695429714811593,1.0056790595587453,0.5520583200283659,WAVES,0.024501620015419105,50
equal_weight,14,2025-08-20,0.038552837624063585,1.0444508410438345,0.5583756438504787,LINK,0.02456484044518162,50
equal_weight,14,2025-08-21,-0.02086259974603688,1.0226608811927254,0.4875744480646914,LINK,0.023767812464241856,50
equal_weight,14,2025-08-22,0.05756626155442479,1.0815316449609442,0.6698030690667895,LINK,0.023761238959007783,50
equal_weight,14,2025-08-23,-0.004490598695908843,1.0766749203664985,0.3946350058533407,QTUM,0.023863134415286275,50
equal_weight,14,2025-08-24,-0.00979303425059408,1.0661310059945937,0.5776820477436861,QTUM,0.02955477276788012,50
equal_weight,14,2025-08-25,-0.05474271624501581,1.0077680988534183,0.5709429526047639,QTUM,0.03149782138373044,50
equal_weight,14,2025-08-26,0.031793268743772085,1.0398083408516654,0.5446586086233127,QTUM,0.02873277583239685,50
equal_weight,14,2025-08-27,0.01054381232460222,1.0507718848511614,0.5122038435106939,CRO,0.034069285557045866,50
equal_weight,14,2025-08-28,0.04934384068062858,1.102621005328941,0.45449040877008035,CRO,0.042117209446970595,50
equal_weight,14,2025-08-29,-0.047871822074326054,1.0498365287464193,0.6284309833598583,CRO,0.037414882475949714,50
equal_weight,14,2025-08-30,0.0016413430468409373,1.0515596706331969,0.366946756240107,CRO,0.021584825062024138,50
equal_weight,14,2025-08-31,-0.018915153554604047,1.0316692579913411,0.29222614530032653,AXS,0.022496900578849163,50
equal_weight,14,2025-09-01,-0.02928009019989264,1.0014618890608984,0.48499807148084845,AXS,0.0215167718458825,50
equal_weight,14,2025-09-02,0.025602299318185917,1.0271016161003914,0.46310823088849884,AERGO,0.022945888156688014,50
equal_weight,14,2025-09-03,0.004942531502192482,1.0321780981939204,0.3269066008477847,AERGO,0.021725978910877675,50
equal_weight,14,2025-09-04,-0.01889103310955753,1.0126791875659789,0.3082229459156939,PUNDIX,0.022250952711605113,50
equal_weight,14,2025-09-05,0.011992403681415409,1.024823645183038,0.34193170202298645,PUNDIX,0.02183735924301135,50
equal_weight,14,2025-09-06,-0.004726373169239295,1.0199799462032428,0.17120026526367602,PUNDIX,0.021690018997930334,50
equal_weight,14,2025-09-07,0.010048297976996023,1.0302290086332535,0.15768607800578088,AXS,0.022115578475139747,50
equal_weight,14,2025-09-08,0.037474062214377435,1.0688358745978324,0.3325109603390726,ATH,0.028360314340254735,50
equal_weight,14,2025-09-09,0.0060723120546706255,1.0753261795636173,0.40717718213022897,ATH,0.028413576915686304,50
equal_weight,14,2025-09-10,0.012925605547063013,1.089225421595087,0.3434130078806106,ATH,0.027918057613365695,50
equal_weight,14,2025-09-11,0.01898546895462694,1.1099048770213709,0.4162959409176155,ATH,0.029702798052765256,50
equal_weight,14,2025-09-12,0.03099056854343729,1.144301460189397,0.3170051536142297,ATH,0.03125648768348353,50
equal_weight,14,2025-09-13,0.0063535624548507474,1.1515718509838873,0.3553347809204234,ARK,0.02113506687780564,50
equal_weight,14,2025-09-14,-0.018080734309561475,1.1307505863078777,0.39989982312729294,ATH,0.023517360126063692,50
equal_weight,14,2025-09-15,-0.025685572196167628,1.1017066104874078,0.506225062460242,ATH,0.025006397987504595,50
equal_weight,14,2025-09-16,0.008779143460659444,1.1113786508724337,0.34237098648144965,ATH,0.024622033155372453,50
equal_weight,14,2025-09-17,0.024545366768969457,1.1386578474773001,0.47451661812707246,DRIFT,0.02592787441661657,50
equal_weight,14,2025-09-18,0.011185266392183868,1.1513940388308845,0.3056920993366545,DRIFT,0.028158800212555443,50
equal_weight,14,2025-09-19,-0.030178336107907988,1.1166468825344045,0.4006152971599692,DRIFT,0.028078581062284367,50
equal_weight,14,2025-09-20,0.004097676168498987,1.1212225398535944,0.2679499964980655,DRIFT,0.026693933943029064,50
equal_weight,14,2025-09-21,-0.00961797923400709,1.110438644748582,0.2852363024335511,DRIFT,0.02615167285901521,50
equal_weight,14,2025-09-22,-0.04427555740345379,1.0612733547900026,0.5714635143217275,AWE,0.02755487962284701,50
equal_weight,14,2025-09-23,-0.004513678564116774,1.0564831079978187,0.5114070041662726,AWE,0.030327452131273747,50
equal_weight,14,2025-09-24,0.013329734264775128,1.0705657470826535,0.41715133617129113,AWE,0.03491659850695835,50
equal_weight,14,2025-09-25,-0.04524066973381602,1.0221326356905511,0.626267713312961,AWE,0.0335857036621174,50
equal_weight,14,2025-09-26,0.02656435840165683,1.049284933359065,0.5156359831462656,AWE,0.03538240564834914,50
equal_weight,14,2025-09-27,-0.007784821236436756,1.0411164377267783,0.25624409853726776,DRIFT,0.022703055014280778,50
equal_weight,14,2025-09-28,0.01434921973747083,1.0560556462640127,0.3045354941096379,AWE,0.022593934319343492,50
equal_weight,14,2025-09-29,-0.015753967237861488,1.0394185802114109,0.39272852215842097,AWE,0.023923581911467345,50
equal_weight,14,2025-09-30,-0.014008321260645662,1.0248580708155253,0.39138270630895455,AWE,0.02356221599958058,50
equal_weight,14,2025-10-01,0.04497101719531971,1.0709469807409324,0.4241532510378846,DRIFT,0.023533303573510956,50
equal_weight,14,2025-10-02,0.01792673552636992,1.0901455640274396,0.3732865703609101,DRIFT,0.023247807727015766,50
equal_weight,14,2025-10-03,0.003375419675493374,1.0938252628134095,0.5233248884162337,DRIFT,0.023628586350109577,50
equal_weight,14,2025-10-04,-0.013590963180787785,1.078959123940297,0.31099724652120264,DRIFT,0.023023526756880946,50
equal_weight,14,2025-10-05,0.0015349256375991605,1.0806152459615543,0.4273721732245582,DRIFT,0.02402893797873127,50
equal_weight,14,2025-10-06,0.026119096525746066,1.108839939878017,0.3761645269877576,MNT,0.026333531436834146,50
equal_weight,14,2025-10-07,-0.03848293032509653,1.0661685297300072,0.47257195897075743,MNT,0.02607213123342707,50
equal_weight,14,2025-10-08,0.022578952809880537,1.0902414986501607,0.36817259304920114,MNT,0.029730542974487448,50
equal_weight,14,2025-10-09,-0.01900510615968054,1.0695213432286252,0.3702471744849304,MNT,0.026567962824425577,50
equal_weight,14,2025-10-10,-0.17016375354264734,0.8875275769708683,2.7404485232674833,BTC,0.025711785244732645,50
equal_weight,14,2025-10-11,-0.018027928454799835,0.8715272933115756,1.1962126655464635,PUNDIX,0.022960346583650693,50
equal_weight,14,2025-10-12,0.07878425610797479,0.9401899227929249,0.8893561193936337,MNT,0.02355625894192824,50
equal_weight,14,2025-10-13,0.03497939497874736,0.9730771974573367,0.8223086279208961,PUNDIX,0.02399964857842004,50
equal_weight,14,2025-10-14,-0.03279097381951235,0.9411690485511487,0.8843574413105953,PUNDIX,0.023662684103303154,50
equal_weight,14,2025-10-15,-0.03542977015947857,0.9078236454797664,0.6534077740466032,PUNDIX,0.02422065546170705,50
equal_weight,14,2025-10-16,-0.03498844995134942,0.876060303295246,0.8281068504849396,PUNDIX,0.024615121169478345,50
equal_weight,14,2025-10-17,-0.023843019500389806,0.85517238040026,0.8974346038477957,PUNDIX,0.025821988204287858,50
equal_weight,14,2025-10-18,0.010175375297031941,0.8638740803144889,0.43367203042966534,PUNDIX,0.02866855491510251,50
equal_weight,14,2025-10-19,0.017456860132884833,0.8789546093069635,0.529640519538187,PUNDIX,0.02774813593818248,50
equal_weight,14,2025-10-20,0.011409829765350876,0.8889833317706264,0.539855835269006,AUCTION,0.03300003184274483,50
equal_weight,14,2025-10-21,-0.030870850838841113,0.8615396599373194,0.681194402825387,PUNDIX,0.029238090714055035,50
equal_weight,14,2025-10-22,-0.023491179120432304,0.8413010774663755,0.6154751181176621,PUNDIX,0.02954969339664868,50
equal_weight,14,2025-10-23,0.023423531396840058,0.8610073196686044,0.3871933424836815,PUNDIX,0.030459225300185983,50
equal_weight,14,2025-10-24,0.010970442515864542,0.8704529509747675,0.4726046917588796,PUNDIX,0.02969597193881719,50
equal_weight,14,2025-10-25,0.0037175724497515716,0.8736889228841161,0.2018572996734196,VIRTUAL,0.026133460587940062,50
equal_weight,14,2025-10-26,0.036463289949072886,0.9055464954045329,0.3292155986133836,VIRTUAL,0.029297585584812467,50
equal_weight,14,2025-10-27,-0.017992551796672362,0.8892534031816717,0.47004885300789506,VIRTUAL,0.027907028355069634,50
equal_weight,14,2025-10-28,-0.01743595221162031,0.8737484233397753,0.534198397084777,VIRTUAL,0.03025632159753882,50
equal_weight,14,2025-10-29,-0.0002711819028917706,0.8735114785796854,0.6761765882997068,VIRTUAL,0.030533307908963126,50
equal_weight,14,2025-10-30,-0.04894821676169703,0.8307546493823365,0.7387051570710822,VIRTUAL,0.02681992593333409,50
equal_weight,14,2025-10-31,0.01240805428360603,0.8410626981682306,0.42565329684236913,VIRTUAL,0.02831964608061703,50
equal_weight,14,2025-11-01,0.019981837016665116,0.8578686759238248,0.35248787947679705,VIRTUAL,0.03746681535470009,50
equal_weight,14,2025-11-02,-0.004063434290207946,0.8543827829295806,0.3769341465171348,VIRTUAL,0.034074801872361705,50
equal_weight,14,2025-11-03,-0.10937775158554397,0.7609323151393432,1.2686674787833563,VIRTUAL,0.033291974928233006,50
equal_weight,14,2025-11-04,-0.022505192221570214,0.7438073871195279,1.3958116603973039,VIRTUAL,0.03240131294172258,50
equal_weight,14,2025-11-05,0.02475417786725309,0.7622197274792615,0.8877269625475599,VIRTUAL,0.03192664357360579,50
equal_weight,14,2025-11-06,-0.018417847866820547,0.748181280497459,0.7048023790436273,CARV,0.028755399977065728,50
equal_weight,14,2025-11-07,0.09744259113337761,0.8210860031066198,0.9182573681815865,VIRTUAL,0.03191094665747453,50
equal_weight,14,2025-11-08,-0.01659454760399226,0.8074604523410953,0.7229353058824173,GLM,0.02123004595494274,50
equal_weight,14,2025-11-09,0.0029931772836289117,0.8098773246244714,0.625055383183861,ANIME,0.02117400292889313,50
equal_weight,14,2025-11-10,0.021444651179008734,0.827244861348832,0.5731446504273688,GLM,0.02184243237668659,50
equal_weight,14,2025-11-11,-0.03441723569987887,0.7987733799742757,0.6651538820523553,STRAX,0.022267825445230375,50
equal_weight,14,2025-11-12,-0.002161300585906356,0.7970469906001308,0.5694331439632327,GLM,0.023315849159337,50
equal_weight,14,2025-11-13,-0.03831799976525585,0.7665057442014171,0.6700234963496505,GLM,0.023170299243900825,50
equal_weight,14,2025-11-14,-0.03749756787021197,0.7377636430353172,0.9154225562242297,GLM,0.02553828901028623,50
equal_weight,14,2025-11-15,0.004356884949928919,0.7409779943482624,0.4014806009049141,GLM,0.024315919412080153,50
equal_weight,14,2025-11-16,-0.04010897300046601,0.7112581279790084,0.6465683508979262,GLM,0.023594909676113766,50
equal_weight,14,2025-11-17,-0.025420829978197834,0.6931773560370428,0.810491178686357,ARDR,0.023524669234616595,50
equal_weight,14,2025-11-18,0.019001269304430135,0.7063486056548355,0.7142555295216786,GLM,0.02470634874614004,50
equal_weight,14,2025-11-19,-0.026157356937321685,0.6878723930545425,0.6606247277309499,GLM,0.024546745805046732,50
equal_weight,14,2025-11-20,-0.03171386951985666,0.6660572977348992,0.6888648799261593,GLM,0.025273426309702803,50
equal_weight,14,2025-11-21,-0.04864766297312251,0.6336551667939031,1.1548782190039346,GLM,0.025103452844634527,50
equal_weight,14,2025-11-22,0.00015547112486902215,0.6337536818754635,0.6826031501204891,MOVE,0.022054985551121536,50
equal_weight,14,2025-11-23,0.02887035530449955,0.652050375846743,0.5026137599415377,HBAR,0.02221231243179156,50
equal_weight,14,2025-11-24,0.027109453435271602,0.6697271051482117,0.6827784660651229,WAVES,0.021949609255105255,50
equal_weight,14,2025-11-25,0.007959252266057204,0.6750576321275025,0.5846694413365264,WAVES,0.02580060937680975,50
equal_weight,14,2025-11-26,0.00697595450876487,0.6797668034600184,0.4287309506647636,WAVES,0.023309209297347096,50
equal_weight,14,2025-11-27,0.029267172921670026,0.6996616560432936,0.39149448171096185,SAFE,0.02630134194345139,50
equal_weight,14,2025-11-28,-0.004481743464794241,0.6965259519887544,0.39716482620507426,AWE,0.023505764678153997,50
equal_weight,14,2025-11-29,-0.005546672312899736,0.6926625507756423,0.24902408799391595,WAVES,0.02275579366635772,50
equal_weight,14,2025-11-30,-0.02161619062418685,0.6776898250398405,0.28773101418447034,WAVES,0.02382831840313138,50
equal_weight,14,2025-12-01,-0.07016044913389419,0.6301428025415752,0.8055123733255374,WAVES,0.024532064460849004,50
equal_weight,14,2025-12-02,0.053842394860976306,0.6640712001348209,0.5542455379960665,WAVES,0.023735536313972825,50
equal_weight,14,2025-12-03,0.025852130283184227,0.6812388553180168,0.46832767029550276,AWE,0.024578856819224563,50
equal_weight,14,2025-12-04,-0.027125037712808164,0.6627602256760853,0.45860526114014527,AWE,0.02419589628877589,50
equal_weight,14,2025-12-05,-0.029627758714549923,0.6431241256241536,0.5611982768135161,AWE,0.024356698646163875,50
equal_weight,14,2025-12-06,0.008121268625951306,0.6483471094081774,0.3033630206535066,SAFE,0.020808784052706378,50
equal_weight,14,2025-12-07,-0.015277333211510591,0.638442094581029,0.5696704694564471,WAVES,0.02150767297844754,50
equal_weight,14,2025-12-08,0.01351442520772661,0.6470702725177085,0.4255450935820272,WAVES,0.02163698069907757,50
equal_weight,14,2025-12-09,0.022009719158900376,0.6613121074918964,0.479460158213396,ADA,0.021861610168810112,50
equal_weight,14,2025-12-10,-0.02054029883646913,0.6477285591798376,0.5002749305679903,SEI,0.02258959303842418,50
equal_weight,14,2025-12-11,-0.019734701468311244,0.6349458294319241,0.515399064685052,CARV,0.02282836830432918,50
equal_weight,14,2025-12-12,-0.01815071168875615,0.6234211107439271,0.48403930033793424,MNT,0.023657289784658603,50
equal_weight,14,2025-12-13,0.016413483381325866,0.6336536227846903,0.21151784658260067,MNT,0.02473230051630741,50
equal_weight,14,2025-12-14,-0.035070160706427767,0.611431288401421,0.34447112563967214,MNT,0.0241341018168845,50
equal_weight,14,2025-12-15,-0.042296586398604896,0.58556983208474,0.5801358404244794,MNT,0.025968102296920988,50
equal_weight,14,2025-12-16,-0.0039516223235844805,0.5832558812642563,0.47177692567822405,MNT,0.02504289225321695,50
equal_weight,14,2025-12-17,-0.041117113031567176,0.5592740832679876,0.7309462136443117,MNT,0.02548180830553484,50
equal_weight,14,2025-12-18,-0.032783565496279254,0.5409390847287999,0.6707147129741905,AERGO,0.028199249843501008,50
equal_weight,14,2025-12-19,0.06209337128561665,0.5745278161597669,0.6344257627041557,AERGO,0.02668405187604031,50
equal_weight,14,2025-12-20,0.014809816289700573,0.5830364675704159,0.27949037594157833,ANIME,0.02727358027809541,50
equal_weight,14,2025-12-21,-0.018751701700606693,0.57210354164996,0.3790889769208268,ANIME,0.025377842330933965,50
equal_weight,14,2025-12-22,0.013222015208107285,0.5796679033782678,0.41282519064098716,ANIME,0.031487248339623325,50
equal_weight,14,2025-12-23,-0.0070180671770599945,0.5755997550919736,0.39192260680364527,ANIME,0.03243046681475871,50
equal_weight,14,2025-12-24,-0.010180235314928288,0.5697400141379222,0.29054499094920516,ANIME,0.03324940494136183,50
equal_weight,14,2025-12-25,-0.018284115957604374,0.5593228216537373,0.35716981735769343,ANIME,0.03189093133644705,50
equal_weight,14,2025-12-26,-0.003325143886473869,0.55746299279275,0.4438943633477641,ANIME,0.02902083151307761,50
equal_weight,14,2025-12-27,0.029049349365879884,0.5736569300289356,0.26789023940436046,ANIME,0.027719515046278356,50
equal_weight,14,2025-12-28,-0.008742223337647292,0.5686418930274335,0.2537269656298297,ANIME,0.02601866190946169,50
equal_weight,14,2025-12-29,-0.013604751172507923,0.5609056615665314,0.4308005546871743,ANIME,0.027856634882994735,50
equal_weight,14,2025-12-30,-0.0038759670417094494,0.5587316097087913,0.3130783201338989,ANIME,0.027222592074355317,50
equal_weight,14,2025-12-31,-0.018374227606963833,0.5484653479407967,0.26808966796602013,ANIME,0.02672370711227052,50
equal_weight,14,2026-01-01,0.03825548900215536,0.5694471580270092,0.24621053077986857,ANIME,0.025739047272414745,50
equal_weight,14,2026-01-02,0.047479418467071266,0.596484177937858,0.4249732729051432,PEPE,0.02752422890916146,50
equal_weight,14,2026-01-03,0.007003839670923329,0.6006618574863772,0.39928756096858076,VIRTUAL,0.02224208853920385,50
equal_weight,14,2026-01-04,0.033089363630515845,0.6205373761077251,0.40850313008012323,BONK,0.02482002894958133,50
equal_weight,14,2026-01-05,0.036917403661082426,0.6434460049082829,0.49291969986557727,VIRTUAL,0.02598276848050654,50
equal_weight,14,2026-01-06,0.01043753879002507,0.6501619975437997,0.6180853697471265,VIRTUAL,0.027034313042267874,50
equal_weight,14,2026-01-07,-0.02540621044492486,0.6336438450109092,0.5123065885835923,VIRTUAL,0.025331327255970308,50
equal_weight,14,2026-01-08,-0.0007165840729531636,0.6331897859236496,0.5451893796966446,VIRTUAL,0.026002053486288635,50
equal_weight,14,2026-01-09,-0.0032726415343100612,0.6311175827311349,0.5773314479614109,VIRTUAL,0.026188151948968265,50
equal_weight,14,2026-01-10,-0.00043891883798496956,0.6308405733350907,0.2418227732607127,VIRTUAL,0.025930937095500206,50
equal_weight,14,2026-01-11,-0.014709565117714596,0.6215611828427218,0.3526971845972934,VIRTUAL,0.026079429078471928,50
equal_weight,14,2026-01-12,-0.01872976864089093,0.6099194856919191,0.5188544525197877,GLM,0.02740664041824327,50
equal_weight,14,2026-01-13,0.0670262395045591,0.6508000952184032,0.50940677802326,GLM,0.026508306293854353,50
equal_weight,14,2026-01-14,-2.057137949451615e-05,0.6507867073626694,0.43845367117536693,GLM,0.025905130359131365,50
equal_weight,14,2026-01-15,-0.03611218181249787,0.6272853794652319,0.46519819923677735,VIRTUAL,0.02486183490151722,50
equal_weight,14,2026-01-16,0.015950946788733322,0.6372911751744322,0.34283676906725724,AXS,0.02736450804176907,50
equal_weight,14,2026-01-17,0.011016090660176614,0.6443116325370842,0.2571257325489819,AXS,0.029560603830263113,50
equal_weight,14,2026-01-18,-0.043993833536337346,0.615965893829722,0.6261077418521602,AXS,0.029380237194461322,50
equal_weight,14,2026-01-19,-0.021235009764700274,0.6028858520595255,0.460201510674342,AXS,0.02728480907846018,50
equal_weight,14,2026-01-20,-0.04031357238877231,0.5785813696203571,0.4857738948103866,AXS,0.035504531611650056,50
equal_weight,14,2026-01-21,0.030455613195941478,0.5962024200158927,0.6384565697510886,AXS,0.03924154059368485,50
equal_weight,14,2026-01-22,-0.005642733687490464,0.5928382085359057,0.3779449329208002,AXS,0.044833584885208055,50
equal_weight,14,2026-01-23,0.0009665826751661388,0.5934112356774531,0.4366849264381495,AXS,0.04811097004602022,50
equal_weight,14,2026-01-24,-0.0016764243793643274,0.5924164266149747,0.1896797421919898,AXS,0.04290757568902397,50
equal_weight,14,2026-01-25,-0.03559459651470642,0.5713296029409305,0.49482383235180033,AXS,0.034063412229275565,50
equal_weight,14,2026-01-26,0.02495285769762501,0.5855859092215562,0.508776363496049,AXS,0.04123597595452039,50
equal_weight,14,2026-01-27,-0.0016902909147987755,0.5845960986793648,0.42869809389270624,AXS,0.04288407294835798,50
equal_weight,14,2026-01-28,-0.015627938793054796,0.575460066630545,0.32523034627649827,AXS,0.037735634594927375,50
equal_weight,14,2026-01-29,-0.05437631622274708,0.5441686680738794,0.5708319853768561,AXS,0.04014777030669839,50
equal_weight,14,2026-01-30,-0.01363903438210301,0.5367467329003566,0.75286937778842,AXS,0.03759648187457768,50
equal_weight,14,2026-01-31,-0.07033763541284399,0.49899323689257613,0.9823782379356685,CBK,0.027550294747846826,50
equal_weight,14,2026-02-01,-0.034031014093889755,0.4820119910151292,1.0568268292905683,AWE,0.025021350595571507,50
equal_weight,14,2026-02-02,0.03385777435417947,0.4983318442429282,0.9846237094872606,AWE,0.025098294879588628,50
equal_weight,14,2026-02-03,-0.03231839149129356,0.4822265606081069,0.8829606267269308,AWE,0.026713421951217186,50
equal_weight,14,2026-02-04,-0.01744214430738933,0.4738154953491243,0.8262189885799858,AWE,0.02809996922488072,50
equal_weight,14,2026-02-05,-0.14962651278942596,0.40292013507444036,1.5150357768216554,AWE,0.0317210665815616,50
equal_weight,14,2026-02-06,0.12052301172867375,0.4514812832397359,1.8360149977102092,AWE,0.03574550232042668,50
equal_weight,14,2026-02-07,-0.008935998249023469,0.44744684728323875,0.7505092046548077,AWE,0.035423736223860816,50
equal_weight,14,2026-02-08,-0.011895428582519796,0.44212427526690734,0.5631863924644875,AWE,0.036502011222823184,50
equal_weight,14,2026-02-09,-0.000692740376888823,0.44181799792982723,0.6439037734630951,AWE,0.03881027236695631,50
equal_weight,14,2026-02-10,-0.012223066749573963,0.43641762704996784,0.42619380260834744,AWE,0.038960350590228,50
equal_weight,14,2026-02-11,-0.007030441760881634,0.43334941833957086,0.7086843472613581,AWE,0.04023372886572867,50
equal_weight,14,2026-02-12,0.016368729136221782,0.44044279758971056,0.5520982105506489,AWE,0.04154869053980846,50
equal_weight,14,2026-02-13,0.037273858520598946,0.45685980011348626,0.4408900851277828,AWE,0.04320965057380137,50
equal_weight,14,2026-02-14,0.06505139206464605,0.4865791660892445,0.412865610384825,PEPE,0.024255480557848253,50
equal_weight,14,2026-02-15,-0.037506553813539845,0.4683292584117709,0.6633427272107002,MOVE,0.023123196216158506,50
equal_weight,14,2026-02-16,0.0014456756199243692,0.46900631060275405,0.49021256861227824,PEPE,0.02336432111567394,50
equal_weight,14,2026-02-17,-0.016601019362472602,0.4612203277593159,0.4688496918145395,PEPE,0.02332806839362343,50
equal_weight,14,2026-02-18,-0.030413058497872902,0.4471932069507637,0.4603921117380091,PEPE,0.023171438648969884,50
equal_weight,14,2026-02-19,-0.017485597652235674,0.4393737664612097,0.47595794007895237,PEPE,0.023470794281207477,50
equal_weight,14,2026-02-20,0.022822808662159355,0.44940150986432614,0.5731454545382242,VANA,0.023411735210139815,50
equal_weight,14,2026-02-21,-0.011829709601354876,0.44408522050822075,0.24444220964123584,PEPE,0.022774494899637433,50
equal_weight,14,2026-02-22,-0.02766359815353059,0.4318002254221593,0.30482743274803514,PEPE,0.022847424894687527,50
equal_weight,14,2026-02-23,-0.03911360285621235,0.414910962891774,0.680222292666324,PEPE,0.0233784960492536,50
equal_weight,14,2026-02-24,-0.0117745464338741,0.41002557449328136,0.45233039376753303,PEPE,0.023293713561122534,50
equal_weight,14,2026-02-25,0.05461135728577626,0.43241762763823965,0.6516423335515571,VIRTUAL,0.02414568455443625,50
equal_weight,14,2026-02-26,-0.014915099565943613,0.4259680756679462,0.5742537918280574,VIRTUAL,0.023752182265093826,50
equal_weight,14,2026-02-27,-0.006845230727724583,0.42305222590735425,0.468357235648582,VIRTUAL,0.024581592152722237,50
equal_weight,14,2026-02-28,0.004951019082026775,0.42514676555051545,0.9027075663107136,VIRTUAL,0.020719882866755936,50
equal_weight,14,2026-03-01,-0.022590796446134376,0.41554236151023133,0.7398480241718874,ATH,0.020947065690328445,50
equal_weight,14,2026-03-02,0.023116848762519737,0.4251483914356836,0.6539731496285722,VIRTUAL,0.02233666691709144,50
equal_weight,14,2026-03-03,-0.009916246620837788,0.4209325151357549,0.6009101974249029,AKT,0.022484021245276334,50
equal_weight,14,2026-03-04,0.022987106829511772,0.43060853582919556,0.6371150263693063,ARDR,0.02207408019895323,50
equal_weight,14,2026-03-05,-0.005878050345535013,0.42807739717637444,0.5504030915980275,AKT,0.02219718372955216,50
equal_weight,14,2026-03-06,-0.020973470474233258,0.4190991285260091,0.44699065085067013,AKT,0.023530839550003357,50
equal_weight,14,2026-03-07,-0.016129101900881015,0.4123394359754427,0.3007511777285072,AKT,0.026303661465221208,50
equal_weight,14,2026-03-08,-0.014456916650681495,0.4063782791177567,0.4000123510581939,AKT,0.02799370889529678,50
equal_weight,14,2026-03-09,0.008459448936758207,0.40981601541896107,0.4870404449462049,AKT,0.02535711702873286,50
equal_weight,14,2026-03-10,0.019721939550957135,0.4178983821020679,0.46425620812364926,AKT,0.02944144515514495,50
equal_weight,14,2026-03-11,0.006275574012439611,0.42052093432862825,0.404515691416275,AKT,0.028312582298282547,50
equal_weight,14,2026-03-12,0.004863439068902409,0.42256611226993346,0.30831636314911637,AKT,0.02871308262479571,50
equal_weight,14,2026-03-13,0.014290314909715551,0.42860471508444503,0.41080404202192566,AKT,0.028573523184387026,50
equal_weight,14,2026-03-14,0.0027309542240840923,0.42977521494156723,0.23218367566586762,AXS,0.02240488996726895,50
equal_weight,14,2026-03-15,0.01802671098826303,0.4375226485312375,0.29970155539649446,MNT,0.02205069911487812,50
equal_weight,14,2026-03-16,0.04298476413373842,0.45632945638152134,0.45654130397488446,MNT,0.022623995797936145,50
equal_weight,14,2026-03-17,0.0038765449626774195,0.4580984380369784,0.44830557378038977,ANIME,0.022661816485498625,50
equal_weight,14,2026-03-18,-0.035894427960233455,0.4416552566541646,0.5125360816591004,AKT,0.023308819263123257,50
equal_weight,14,2026-03-19,-0.01664494904320868,0.4343039274124908,0.4027309724274158,ATH,0.02310190193133455,50
equal_weight,14,2026-03-20,0.013621252430011,0.4402196908391215,0.33705064356058045,ATH,0.02522549253991946,50
equal_weight,14,2026-03-21,-0.014378084931259916,0.43389017473582364,0.2829542452135938,AKT,0.02726806386351594,50
equal_weight,14,2026-03-22,-0.02726918068916362,0.4220583451616997,0.3452371188825483,AKT,0.027279094108884676,50
equal_weight,14,2026-03-23,0.020568991299994455,0.4307396595914208,0.6614266745758858,AKT,0.025745021384460238,50
equal_weight,14,2026-03-24,0.008471231257302092,0.4343885548595113,0.31898595364844246,AKT,0.024461250415069306,50
equal_weight,14,2026-03-25,0.010154134850657082,0.4387993948231368,0.26009929213560756,ATH,0.025307141847047934,50
equal_weight,14,2026-03-26,-0.03344613895908721,0.4241232492887188,0.39322311019473366,ATH,0.025493834770349444,50
equal_weight,14,2026-03-27,-0.016527689150505176,0.41711347206297267,0.4480058151653154,KNC,0.025533046717697693,50
equal_weight,14,2026-03-28,-0.006339488139315952,0.41446918615408057,0.3362799013387143,AKT,0.020873065290581572,50
equal_weight,14,2026-03-29,-0.0145526215260815,0.4084375729537572,0.4456625245014254,AKT,0.021209326466190094,50
equal_weight,14,2026-03-30,0.011310235679200309,0.4130570981641048,0.376749542413757,AWE,0.021102838045051985,50
