cycle_days,rebalance_date,ticker,weight
7,2025-03-01,XRP,4.625929269271223e-18
7,2025-03-01,BTC,0.25
7,2025-03-01,ETH,0.20699180553159044
7,2025-03-01,SOL,4.625929269271223e-18
7,2025-03-01,DOGE,4.625929269271223e-18
7,2025-03-01,AERGO,4.625929269271223e-18
7,2025-03-01,ADA,4.625929269271223e-18
7,2025-03-01,AUCTION,4.625929269271223e-18
7,2025-03-01,ONDO,4.625929269271223e-18
7,2025-03-01,SUI,4.625929269271223e-18
7,2025-03-01,VIRTUAL,4.625929269271223e-18
7,2025-03-01,ARDR,4.625929269271223e-18
7,2025-03-01,MOVE,4.625929269271223e-18
7,2025-03-01,AWE,0.047365977792575724
7,2025-03-01,XLM,4.625929269271223e-18
7,2025-03-01,AXS,4.625929269271223e-18
7,2025-03-01,SNT,4.625929269271223e-18
7,2025-03-01,QTUM,4.625929269271223e-18
7,2025-03-01,ANIME,4.625929269271223e-18
7,2025-03-01,PUNDIX,0.12566932553126617
7,2025-03-01,ARK,4.625929269271223e-18
7,2025-03-01,ENS,4.625929269271223e-18
7,2025-03-01,LINK,4.625929269271223e-18
7,2025-03-01,CRO,4.625929269271223e-18
7,2025-03-01,HBAR,4.625929269271223e-18
7,2025-03-01,VANA,4.625929269271223e-18
7,2025-03-01,SEI,4.625929269271223e-18
7,2025-03-01,STRAX,4.625929269271223e-18
7,2025-03-01,KNC,4.625929269271223e-18
7,2025-03-01,ME,4.625929269271223e-18
7,2025-03-01,SHIB,4.625929269271223e-18
7,2025-03-01,CBK,4.625929269271223e-18
7,2025-03-01,AQT,4.625929269271223e-18
7,2025-03-01,SAFE,4.625929269271223e-18
7,2025-03-01,GLM,4.625929269271223e-18
7,2025-03-01,PEPE,4.625929269271223e-18
7,2025-03-01,BONK,4.625929269271223e-18
7,2025-03-01,WAVES,4.625929269271223e-18
7,2025-03-01,MASK,0.25
7,2025-03-01,ATH,4.625929269271223e-18
7,2025-03-01,TOKAMAK,0.08751893934456005
7,2025-03-01,CARV,0.02780428609801077
7,2025-03-01,MEW,4.625929269271223e-18
7,2025-03-01,MNT,4.625929269271223e-18
7,2025-03-01,PYTH,4.625929269271223e-18
7,2025-03-01,SONIC,4.625929269271223e-18
7,2025-03-01,GAS,0.004649665701996893
7,2025-03-01,AKT,4.625929269271223e-18
7,2025-03-01,BIGTIME,4.625929269271223e-18
7,2025-03-01,DRIFT,4.625929269271223e-18
7,2025-03-08,XRP,3.614007241618217e-18
7,2025-03-08,BTC,0.25
7,2025-03-08,ETH,3.614007241618217e-18
7,2025-03-08,SOL,3.614007241618217e-18
7,2025-03-08,DOGE,3.614007241618217e-18
7,2025-03-08,AERGO,3.614007241618217e-18
7,2025-03-08,ADA,3.614007241618217e-18
7,2025-03-08,AUCTION,0.012429782247794001
7,2025-03-08,ONDO,3.614007241618217e-18
7,2025-03-08,SUI,3.614007241618217e-18
7,2025-03-08,VIRTUAL,3.614007241618217e-18
7,2025-03-08,ARDR,0.164955957294325
7,2025-03-08,MOVE,3.614007241618217e-18
7,2025-03-08,AWE,0.012207975453603793
7,2025-03-08,XLM,3.614007241618217e-18
7,2025-03-08,AXS,3.614007241618217e-18
7,2025-03-08,SNT,3.614007241618217e-18
7,2025-03-08,QTUM,3.614007241618217e-18
7,2025-03-08,ANIME,3.614007241618217e-18
7,2025-03-08,PUNDIX,0.010905264276868571
7,2025-03-08,ARK,3.614007241618217e-18
7,2025-03-08,ENS,3.614007241618217e-18
7,2025-03-08,LINK,3.614007241618217e-18
7,2025-03-08,CRO,0.04469755427386724
7,2025-03-08,HBAR,3.614007241618217e-18
7,2025-03-08,VANA,3.614007241618217e-18
7,2025-03-08,SEI,3.614007241618217e-18
7,2025-03-08,STRAX,3.614007241618217e-18
7,2025-03-08,KNC,3.614007241618217e-18
7,2025-03-08,ME,3.614007241618217e-18
7,2025-03-08,SHIB,3.614007241618217e-18
7,2025-03-08,CBK,0.03452106111826621
7,2025-03-08,AQT,3.614007241618217e-18
7,2025-03-08,SAFE,3.614007241618217e-18
7,2025-03-08,GLM,3.614007241618217e-18
7,2025-03-08,PEPE,3.614007241618217e-18
7,2025-03-08,BONK,3.614007241618217e-18
7,2025-03-08,WAVES,3.614007241618217e-18
7,2025-03-08,MASK,0.25
7,2025-03-08,ATH,3.614007241618217e-18
7,2025-03-08,TOKAMAK,0.12935600004483938
7,2025-03-08,CARV,3.614007241618217e-18
7,2025-03-08,MEW,3.614007241618217e-18
7,2025-03-08,MNT,0.0909264052904359
7,2025-03-08,PYTH,3.614007241618217e-18
7,2025-03-08,SONIC,3.614007241618217e-18
7,2025-03-08,GAS,3.614007241618217e-18
7,2025-03-08,AKT,3.614007241618217e-18
7,2025-03-08,BIGTIME,3.614007241618217e-18
7,2025-03-08,DRIFT,3.614007241618217e-18
7,2025-03-15,XRP,2.7755575615627336e-18
7,2025-03-15,BTC,0.25
7,2025-03-15,ETH,2.7755575615627336e-18
7,2025-03-15,SOL,2.7755575615627336e-18
7,2025-03-15,DOGE,2.7755575615627336e-18
7,2025-03-15,AERGO,2.7755575615627336e-18
7,2025-03-15,ADA,2.7755575615627336e-18
7,2025-03-15,AUCTION,0.01720749733918989
7,2025-03-15,ONDO,2.7755575615627336e-18
7,2025-03-15,SUI,2.7755575615627336e-18
7,2025-03-15,VIRTUAL,2.7755575615627336e-18
7,2025-03-15,ARDR,0.1061909647430071
7,2025-03-15,MOVE,2.7755575615627336e-18
7,2025-03-15,AWE,0.029736007307683596
7,2025-03-15,XLM,2.7755575615627336e-18
7,2025-03-15,AXS,2.7755575615627336e-18
7,2025-03-15,SNT,2.7755575615627336e-18
7,2025-03-15,QTUM,2.7755575615627336e-18
7,2025-03-15,ANIME,2.7755575615627336e-18
7,2025-03-15,PUNDIX,0.07223584640917466
7,2025-03-15,ARK,2.7755575615627336e-18
7,2025-03-15,ENS,2.7755575615627336e-18
7,2025-03-15,LINK,2.7755575615627336e-18
7,2025-03-15,CRO,2.7755575615627336e-18
7,2025-03-15,HBAR,2.7755575615627336e-18
7,2025-03-15,VANA,2.7755575615627336e-18
7,2025-03-15,SEI,2.7755575615627336e-18
7,2025-03-15,STRAX,2.7755575615627336e-18
7,2025-03-15,KNC,2.7755575615627336e-18
7,2025-03-15,ME,2.7755575615627336e-18
7,2025-03-15,SHIB,2.7755575615627336e-18
7,2025-03-15,CBK,0.045527685431455536
7,2025-03-15,AQT,2.7755575615627336e-18
7,2025-03-15,SAFE,2.7755575615627336e-18
7,2025-03-15,GLM,2.7755575615627336e-18
7,2025-03-15,PEPE,2.7755575615627336e-18
7,2025-03-15,BONK,2.7755575615627336e-18
7,2025-03-15,WAVES,2.7755575615627336e-18
7,2025-03-15,MASK,0.25
7,2025-03-15,ATH,2.7755575615627336e-18
7,2025-03-15,TOKAMAK,0.13241169637469688
7,2025-03-15,CARV,0.0010220929845038307
7,2025-03-15,MEW,2.7755575615627336e-18
7,2025-03-15,MNT,0.09566820941028858
7,2025-03-15,PYTH,2.7755575615627336e-18
7,2025-03-15,SONIC,2.7755575615627336e-18
7,2025-03-15,GAS,2.7755575615627336e-18
7,2025-03-15,AKT,2.7755575615627336e-18
7,2025-03-15,BIGTIME,2.7755575615627336e-18
7,2025-03-15,DRIFT,2.7755575615627336e-18
7,2025-03-22,XRP,1.0408340855860054e-17
7,2025-03-22,BTC,0.25
7,2025-03-22,ETH,1.0408340855860054e-17
7,2025-03-22,SOL,1.0408340855860054e-17
7,2025-03-22,DOGE,1.0408340855860054e-17
7,2025-03-22,AERGO,1.0408340855860054e-17
7,2025-03-22,ADA,1.0408340855860054e-17
7,2025-03-22,AUCTION,0.005934182902942321
7,2025-03-22,ONDO,1.0408340855860054e-17
7,2025-03-22,SUI,1.0408340855860054e-17
7,2025-03-22,VIRTUAL,1.0408340855860054e-17
7,2025-03-22,ARDR,0.10486492636827542
7,2025-03-22,MOVE,1.0408340855860054e-17
7,2025-03-22,AWE,0.0321541832673433
7,2025-03-22,XLM,1.0408340855860054e-17
7,2025-03-22,AXS,1.0408340855860054e-17
7,2025-03-22,SNT,1.0408340855860054e-17
7,2025-03-22,QTUM,1.0408340855860054e-17
7,2025-03-22,ANIME,1.0408340855860054e-17
7,2025-03-22,PUNDIX,0.055721105974637246
7,2025-03-22,ARK,1.0408340855860054e-17
7,2025-03-22,ENS,1.0408340855860054e-17
7,2025-03-22,LINK,1.0408340855860054e-17
7,2025-03-22,CRO,1.0408340855860054e-17
7,2025-03-22,HBAR,1.0408340855860054e-17
7,2025-03-22,VANA,1.0408340855860054e-17
7,2025-03-22,SEI,1.0408340855860054e-17
7,2025-03-22,STRAX,1.0408340855860054e-17
7,2025-03-22,KNC,1.0408340855860054e-17
7,2025-03-22,ME,1.0408340855860054e-17
7,2025-03-22,SHIB,1.0408340855860054e-17
7,2025-03-22,CBK,0.05607767847170237
7,2025-03-22,AQT,1.0408340855860054e-17
7,2025-03-22,SAFE,1.0408340855860054e-17
7,2025-03-22,GLM,1.0408340855860054e-17
7,2025-03-22,PEPE,1.0408340855860054e-17
7,2025-03-22,BONK,1.0408340855860054e-17
7,2025-03-22,WAVES,1.0408340855860054e-17
7,2025-03-22,MASK,0.25
7,2025-03-22,ATH,1.0408340855860054e-17
7,2025-03-22,TOKAMAK,0.14211160174795867
7,2025-03-22,CARV,0.011073135916630809
7,2025-03-22,MEW,1.0408340855860054e-17
7,2025-03-22,MNT,0.09206318535050974
7,2025-03-22,PYTH,1.0408340855860054e-17
7,2025-03-22,SONIC,1.0408340855860054e-17
7,2025-03-22,GAS,1.0408340855860054e-17
7,2025-03-22,AKT,1.0408340855860054e-17
7,2025-03-22,BIGTIME,1.0408340855860054e-17
7,2025-03-22,DRIFT,1.0408340855860054e-17
7,2025-03-29,XRP,3.4694469519528253e-18
7,2025-03-29,BTC,0.25
7,2025-03-29,ETH,3.4694469519528253e-18
7,2025-03-29,SOL,3.4694469519528253e-18
7,2025-03-29,DOGE,3.4694469519528253e-18
7,2025-03-29,AERGO,3.4694469519528253e-18
7,2025-03-29,ADA,3.4694469519528253e-18
7,2025-03-29,AUCTION,0.00876753620867025
7,2025-03-29,ONDO,3.4694469519528253e-18
7,2025-03-29,SUI,3.4694469519528253e-18
7,2025-03-29,VIRTUAL,3.4694469519528253e-18
7,2025-03-29,ARDR,0.10424847987280425
7,2025-03-29,MOVE,3.4694469519528253e-18
7,2025-03-29,AWE,0.028793942958540417
7,2025-03-29,XLM,3.4694469519528253e-18
7,2025-03-29,AXS,3.4694469519528253e-18
7,2025-03-29,SNT,3.4694469519528253e-18
7,2025-03-29,QTUM,3.4694469519528253e-18
7,2025-03-29,ANIME,3.4694469519528253e-18
7,2025-03-29,PUNDIX,0.011452466262562513
7,2025-03-29,ARK,3.4694469519528253e-18
7,2025-03-29,ENS,3.4694469519528253e-18
7,2025-03-29,LINK,3.4694469519528253e-18
7,2025-03-29,CRO,3.4694469519528253e-18
7,2025-03-29,HBAR,3.4694469519528253e-18
7,2025-03-29,VANA,3.4694469519528253e-18
7,2025-03-29,SEI,3.4694469519528253e-18
7,2025-03-29,STRAX,0.006036535845180626
7,2025-03-29,KNC,3.4694469519528253e-18
7,2025-03-29,ME,3.4694469519528253e-18
7,2025-03-29,SHIB,3.4694469519528253e-18
7,2025-03-29,CBK,0.06136656899871891
7,2025-03-29,AQT,3.4694469519528253e-18
7,2025-03-29,SAFE,3.4694469519528253e-18
7,2025-03-29,GLM,3.4694469519528253e-18
7,2025-03-29,PEPE,3.4694469519528253e-18
7,2025-03-29,BONK,3.4694469519528253e-18
7,2025-03-29,WAVES,0.00821269306482006
7,2025-03-29,MASK,0.25
7,2025-03-29,ATH,3.4694469519528253e-18
7,2025-03-29,TOKAMAK,0.15362478998526957
7,2025-03-29,CARV,0.007841584923309915
7,2025-03-29,MEW,3.4694469519528253e-18
7,2025-03-29,MNT,0.10965540188012354
7,2025-03-29,PYTH,3.4694469519528253e-18
7,2025-03-29,SONIC,3.4694469519528253e-18
7,2025-03-29,GAS,3.4694469519528253e-18
7,2025-03-29,AKT,3.4694469519528253e-18
7,2025-03-29,BIGTIME,3.4694469519528253e-18
7,2025-03-29,DRIFT,3.4694469519528253e-18
7,2025-04-05,XRP,4.915049848600822e-18
7,2025-04-05,BTC,0.25
7,2025-04-05,ETH,0.012885739661347642
7,2025-04-05,SOL,4.915049848600822e-18
7,2025-04-05,DOGE,4.915049848600822e-18
7,2025-04-05,AERGO,4.915049848600822e-18
7,2025-04-05,ADA,4.915049848600822e-18
7,2025-04-05,AUCTION,0.013031433720084657
7,2025-04-05,ONDO,4.915049848600822e-18
7,2025-04-05,SUI,4.915049848600822e-18
7,2025-04-05,VIRTUAL,4.915049848600822e-18
7,2025-04-05,ARDR,0.08308221385074652
7,2025-04-05,MOVE,4.915049848600822e-18
7,2025-04-05,AWE,0.0296102696620239
7,2025-04-05,XLM,4.915049848600822e-18
7,2025-04-05,AXS,4.915049848600822e-18
7,2025-04-05,SNT,4.915049848600822e-18
7,2025-04-05,QTUM,4.915049848600822e-18
7,2025-04-05,ANIME,4.915049848600822e-18
7,2025-04-05,PUNDIX,0.038144781007201665
7,2025-04-05,ARK,4.915049848600822e-18
7,2025-04-05,ENS,4.915049848600822e-18
7,2025-04-05,LINK,4.915049848600822e-18
7,2025-04-05,CRO,4.915049848600822e-18
7,2025-04-05,HBAR,4.915049848600822e-18
7,2025-04-05,VANA,4.915049848600822e-18
7,2025-04-05,SEI,4.915049848600822e-18
7,2025-04-05,STRAX,0.016304439675894736
7,2025-04-05,KNC,4.915049848600822e-18
7,2025-04-05,ME,4.915049848600822e-18
7,2025-04-05,SHIB,4.915049848600822e-18
7,2025-04-05,CBK,0.04623696466876666
7,2025-04-05,AQT,4.915049848600822e-18
7,2025-04-05,SAFE,4.915049848600822e-18
7,2025-04-05,GLM,4.915049848600822e-18
7,2025-04-05,PEPE,4.915049848600822e-18
7,2025-04-05,BONK,4.915049848600822e-18
7,2025-04-05,WAVES,4.915049848600822e-18
7,2025-04-05,MASK,0.09803892923040837
7,2025-04-05,ATH,4.915049848600822e-18
7,2025-04-05,TOKAMAK,0.15435479979470962
7,2025-04-05,CARV,0.00938692059901256
7,2025-04-05,MEW,4.915049848600822e-18
7,2025-04-05,MNT,0.24892350812980366
7,2025-04-05,PYTH,4.915049848600822e-18
7,2025-04-05,SONIC,4.915049848600822e-18
7,2025-04-05,GAS,4.915049848600822e-18
7,2025-04-05,AKT,4.915049848600822e-18
7,2025-04-05,BIGTIME,4.915049848600822e-18
7,2025-04-05,DRIFT,4.915049848600822e-18
7,2025-04-12,XRP,1.3010426069822109e-18
7,2025-04-12,BTC,0.25
7,2025-04-12,ETH,1.3010426069822109e-18
7,2025-04-12,SOL,1.3010426069822109e-18
7,2025-04-12,DOGE,1.3010426069822109e-18
7,2025-04-12,AERGO,0.005052193163086441
7,2025-04-12,ADA,1.3010426069822109e-18
7,2025-04-12,AUCTION,0.013873122168140985
7,2025-04-12,ONDO,1.3010426069822109e-18
7,2025-04-12,SUI,1.3010426069822109e-18
7,2025-04-12,VIRTUAL,1.3010426069822109e-18
7,2025-04-12,ARDR,0.009081554079979917
7,2025-04-12,MOVE,1.3010426069822109e-18
7,2025-04-12,AWE,0.01330628346762143
7,2025-04-12,XLM,1.3010426069822109e-18
7,2025-04-12,AXS,1.3010426069822109e-18
7,2025-04-12,SNT,0.02055866855344737
7,2025-04-12,QTUM,1.3010426069822109e-18
7,2025-04-12,ANIME,1.3010426069822109e-18
7,2025-04-12,PUNDIX,0.03808971442256906
7,2025-04-12,ARK,0.0004394097434576526
7,2025-04-12,ENS,1.3010426069822109e-18
7,2025-04-12,LINK,1.3010426069822109e-18
7,2025-04-12,CRO,1.3010426069822109e-18
7,2025-04-12,HBAR,1.3010426069822109e-18
7,2025-04-12,VANA,1.3010426069822109e-18
7,2025-04-12,SEI,1.3010426069822109e-18
7,2025-04-12,STRAX,0.06476486894238555
7,2025-04-12,KNC,1.3010426069822109e-18
7,2025-04-12,ME,1.3010426069822109e-18
7,2025-04-12,SHIB,1.3010426069822109e-18
7,2025-04-12,CBK,0.06723744994800572
7,2025-04-12,AQT,1.3010426069822109e-18
7,2025-04-12,SAFE,1.3010426069822109e-18
7,2025-04-12,GLM,0.012898757928495388
7,2025-04-12,PEPE,1.3010426069822109e-18
7,2025-04-12,BONK,1.3010426069822109e-18
7,2025-04-12,WAVES,1.3010426069822109e-18
7,2025-04-12,MASK,0.08592749175214331
7,2025-04-12,ATH,1.3010426069822109e-18
7,2025-04-12,TOKAMAK,0.11789847663174019
7,2025-04-12,CARV,0.012307353664848784
7,2025-04-12,MEW,1.3010426069822109e-18
7,2025-04-12,MNT,0.25
7,2025-04-12,PYTH,1.3010426069822109e-18
7,2025-04-12,SONIC,1.3010426069822109e-18
7,2025-04-12,GAS,0.020660837268179758
7,2025-04-12,AKT,1.3010426069822109e-18
7,2025-04-12,BIGTIME,0.017903818265898507
7,2025-04-12,DRIFT,1.3010426069822109e-18
7,2025-04-19,XRP,5.637851296924623e-18
7,2025-04-19,BTC,0.25
7,2025-04-19,ETH,5.637851296924623e-18
7,2025-04-19,SOL,5.637851296924623e-18
7,2025-04-19,DOGE,5.637851296924623e-18
7,2025-04-19,AERGO,0.0063132426494879375
7,2025-04-19,ADA,5.637851296924623e-18
7,2025-04-19,AUCTION,0.020916196652052275
7,2025-04-19,ONDO,5.637851296924623e-18
7,2025-04-19,SUI,5.637851296924623e-18
7,2025-04-19,VIRTUAL,5.637851296924623e-18
7,2025-04-19,ARDR,0.005225361628793501
7,2025-04-19,MOVE,5.637851296924623e-18
7,2025-04-19,AWE,0.022185903653755466
7,2025-04-19,XLM,5.637851296924623e-18
7,2025-04-19,AXS,5.637851296924623e-18
7,2025-04-19,SNT,0.016474319267244825
7,2025-04-19,QTUM,0.01772144573646895
7,2025-04-19,ANIME,5.637851296924623e-18
7,2025-04-19,PUNDIX,0.06724569586509486
7,2025-04-19,ARK,0.0044719141652988705
7,2025-04-19,ENS,5.637851296924623e-18
7,2025-04-19,LINK,5.637851296924623e-18
7,2025-04-19,CRO,0.000568032212190961
7,2025-04-19,HBAR,5.637851296924623e-18
7,2025-04-19,VANA,5.637851296924623e-18
7,2025-04-19,SEI,5.637851296924623e-18
7,2025-04-19,STRAX,0.009448104750411846
7,2025-04-19,KNC,5.637851296924623e-18
7,2025-04-19,ME,5.637851296924623e-18
7,2025-04-19,SHIB,5.637851296924623e-18
7,2025-04-19,CBK,0.0611490474450689
7,2025-04-19,AQT,0.0020033347695819306
7,2025-04-19,SAFE,5.637851296924623e-18
7,2025-04-19,GLM,0.010073436538246472
7,2025-04-19,PEPE,5.637851296924623e-18
7,2025-04-19,BONK,5.637851296924623e-18
7,2025-04-19,WAVES,0.048145980737083774
7,2025-04-19,MASK,0.07130910878136601
7,2025-04-19,ATH,5.637851296924623e-18
7,2025-04-19,TOKAMAK,0.10545129952867884
7,2025-04-19,CARV,0.019466587131992646
7,2025-04-19,MEW,5.637851296924623e-18
7,2025-04-19,MNT,0.25
7,2025-04-19,PYTH,5.637851296924623e-18
7,2025-04-19,SONIC,5.637851296924623e-18
7,2025-04-19,GAS,0.011830988487181922
7,2025-04-19,AKT,5.637851296924623e-18
7,2025-04-19,BIGTIME,5.637851296924623e-18
7,2025-04-19,DRIFT,5.637851296924623e-18
7,2025-04-26,XRP,1.7347234759764127e-18
7,2025-04-26,BTC,0.25
7,2025-04-26,ETH,1.7347234759764127e-18
7,2025-04-26,SOL,1.7347234759764127e-18
7,2025-04-26,DOGE,1.7347234759764127e-18
7,2025-04-26,AERGO,0.008717634980506601
7,2025-04-26,ADA,1.7347234759764127e-18
7,2025-04-26,AUCTION,0.020847201919660028
7,2025-04-26,ONDO,1.7347234759764127e-18
7,2025-04-26,SUI,1.7347234759764127e-18
7,2025-04-26,VIRTUAL,1.7347234759764127e-18
7,2025-04-26,ARDR,0.012553847468587565
7,2025-04-26,MOVE,1.7347234759764127e-18
7,2025-04-26,AWE,0.00627816587364054
7,2025-04-26,XLM,1.7347234759764127e-18
7,2025-04-26,AXS,1.7347234759764127e-18
7,2025-04-26,SNT,0.014508724138829691
7,2025-04-26,QTUM,0.007250474761800935
7,2025-04-26,ANIME,1.7347234759764127e-18
7,2025-04-26,PUNDIX,0.07370264681839465
7,2025-04-26,ARK,0.007020843149344644
7,2025-04-26,ENS,1.7347234759764127e-18
7,2025-04-26,LINK,1.7347234759764127e-18
7,2025-04-26,CRO,0.00265400496617936
7,2025-04-26,HBAR,1.7347234759764127e-18
7,2025-04-26,VANA,1.7347234759764127e-18
7,2025-04-26,SEI,1.7347234759764127e-18
7,2025-04-26,STRAX,0.025277763221733203
7,2025-04-26,KNC,1.7347234759764127e-18
7,2025-04-26,ME,1.7347234759764127e-18
7,2025-04-26,SHIB,1.7347234759764127e-18
7,2025-04-26,CBK,0.05386230363497402
7,2025-04-26,AQT,0.006493991425730707
7,2025-04-26,SAFE,1.7347234759764127e-18
7,2025-04-26,GLM,1.7347234759764127e-18
7,2025-04-26,PEPE,1.7347234759764127e-18
7,2025-04-26,BONK,1.7347234759764127e-18
7,2025-04-26,WAVES,0.05783071179736538
7,2025-04-26,MASK,0.06796760640939586
7,2025-04-26,ATH,1.7347234759764127e-18
7,2025-04-26,TOKAMAK,0.11447382784216115
7,2025-04-26,CARV,0.016230333271270603
7,2025-04-26,MEW,1.7347234759764127e-18
7,2025-04-26,MNT,0.25
7,2025-04-26,PYTH,1.7347234759764127e-18
7,2025-04-26,SONIC,1.7347234759764127e-18
7,2025-04-26,GAS,0.0043299183204251485
7,2025-04-26,AKT,1.7347234759764127e-18
7,2025-04-26,BIGTIME,1.7347234759764127e-18
7,2025-04-26,DRIFT,1.7347234759764127e-18
7,2025-05-03,XRP,7.806255641895632e-18
7,2025-05-03,BTC,0.25
7,2025-05-03,ETH,0.018327057349943672
7,2025-05-03,SOL,7.806255641895632e-18
7,2025-05-03,DOGE,7.806255641895632e-18
7,2025-05-03,AERGO,0.005457047396225583
7,2025-05-03,ADA,7.806255641895632e-18
7,2025-05-03,AUCTION,0.019348073303618294
7,2025-05-03,ONDO,7.806255641895632e-18
7,2025-05-03,SUI,7.806255641895632e-18
7,2025-05-03,VIRTUAL,7.806255641895632e-18
7,2025-05-03,ARDR,0.010306120750864154
7,2025-05-03,MOVE,7.806255641895632e-18
7,2025-05-03,AWE,0.025180024973289482
7,2025-05-03,XLM,7.806255641895632e-18
7,2025-05-03,AXS,7.806255641895632e-18
7,2025-05-03,SNT,0.02544159217399396
7,2025-05-03,QTUM,7.806255641895632e-18
7,2025-05-03,ANIME,7.806255641895632e-18
7,2025-05-03,PUNDIX,0.01174138908378183
7,2025-05-03,ARK,0.005745059326613432
7,2025-05-03,ENS,7.806255641895632e-18
7,2025-05-03,LINK,7.806255641895632e-18
7,2025-05-03,CRO,0.028201043008494027
7,2025-05-03,HBAR,7.806255641895632e-18
7,2025-05-03,VANA,7.806255641895632e-18
7,2025-05-03,SEI,7.806255641895632e-18
7,2025-05-03,STRAX,0.02596479038896006
7,2025-05-03,KNC,7.806255641895632e-18
7,2025-05-03,ME,7.806255641895632e-18
7,2025-05-03,SHIB,7.806255641895632e-18
7,2025-05-03,CBK,0.08509691601120209
7,2025-05-03,AQT,0.0075726983926331605
7,2025-05-03,SAFE,7.806255641895632e-18
7,2025-05-03,GLM,7.806255641895632e-18
7,2025-05-03,PEPE,7.806255641895632e-18
7,2025-05-03,BONK,7.806255641895632e-18
7,2025-05-03,WAVES,0.06077110864805064
7,2025-05-03,MASK,0.04119810183480024
7,2025-05-03,ATH,7.806255641895632e-18
7,2025-05-03,TOKAMAK,0.09189882647624578
7,2025-05-03,CARV,0.01973253236434084
7,2025-05-03,MEW,7.806255641895632e-18
7,2025-05-03,MNT,0.25
7,2025-05-03,PYTH,7.806255641895632e-18
7,2025-05-03,SONIC,7.806255641895632e-18
7,2025-05-03,GAS,0.01801761851694274
7,2025-05-03,AKT,7.806255641895632e-18
7,2025-05-03,BIGTIME,7.806255641895632e-18
7,2025-05-03,DRIFT,7.806255641895632e-18
7,2025-05-10,XRP,3.469446951953614e-18
7,2025-05-10,BTC,0.25
7,2025-05-10,ETH,0.01755075942663948
7,2025-05-10,SOL,3.469446951953614e-18
7,2025-05-10,DOGE,3.469446951953614e-18
7,2025-05-10,AERGO,0.0071981122676305605
7,2025-05-10,ADA,3.469446951953614e-18
7,2025-05-10,AUCTION,0.012746004088622177
7,2025-05-10,ONDO,3.469446951953614e-18
7,2025-05-10,SUI,3.469446951953614e-18
7,2025-05-10,VIRTUAL,3.469446951953614e-18
7,2025-05-10,ARDR,0.015351409418385264
7,2025-05-10,MOVE,3.469446951953614e-18
7,2025-05-10,AWE,0.015863776822082537
7,2025-05-10,XLM,3.469446951953614e-18
7,2025-05-10,AXS,3.469446951953614e-18
7,2025-05-10,SNT,0.030972295229021046
7,2025-05-10,QTUM,3.469446951953614e-18
7,2025-05-10,ANIME,3.469446951953614e-18
7,2025-05-10,PUNDIX,0.00926893040569008
7,2025-05-10,ARK,3.469446951953614e-18
7,2025-05-10,ENS,3.469446951953614e-18
7,2025-05-10,LINK,3.469446951953614e-18
7,2025-05-10,CRO,0.04712411003425538
7,2025-05-10,HBAR,3.469446951953614e-18
7,2025-05-10,VANA,3.469446951953614e-18
7,2025-05-10,SEI,3.469446951953614e-18
7,2025-05-10,STRAX,0.024725024951857685
7,2025-05-10,KNC,3.469446951953614e-18
7,2025-05-10,ME,3.469446951953614e-18
7,2025-05-10,SHIB,3.469446951953614e-18
7,2025-05-10,CBK,0.08469227928060494
7,2025-05-10,AQT,0.004820057498091201
7,2025-05-10,SAFE,0.002030251150970162
7,2025-05-10,GLM,3.469446951953614e-18
7,2025-05-10,PEPE,3.469446951953614e-18
7,2025-05-10,BONK,3.469446951953614e-18
7,2025-05-10,WAVES,0.06212945582949724
7,2025-05-10,MASK,0.027765681100176604
7,2025-05-10,ATH,3.469446951953614e-18
7,2025-05-10,TOKAMAK,0.1321090635507326
7,2025-05-10,CARV,3.469446951953614e-18
7,2025-05-10,MEW,3.469446951953614e-18
7,2025-05-10,MNT,0.24235030849257982
7,2025-05-10,PYTH,3.469446951953614e-18
7,2025-05-10,SONIC,3.469446951953614e-18
7,2025-05-10,GAS,0.013302480453163207
7,2025-05-10,AKT,3.469446951953614e-18
7,2025-05-10,BIGTIME,3.469446951953614e-18
7,2025-05-10,DRIFT,3.469446951953614e-18
7,2025-05-17,XRP,0.06595969194579376
7,2025-05-17,BTC,0.25
7,2025-05-17,ETH,5.9414279052204854e-18
7,2025-05-17,SOL,5.9414279052204854e-18
7,2025-05-17,DOGE,5.9414279052204854e-18
7,2025-05-17,AERGO,0.00032110654227945565
7,2025-05-17,ADA,5.9414279052204854e-18
7,2025-05-17,AUCTION,0.00834535688840649
7,2025-05-17,ONDO,5.9414279052204854e-18
7,2025-05-17,SUI,5.9414279052204854e-18
7,2025-05-17,VIRTUAL,5.9414279052204854e-18
7,2025-05-17,ARDR,0.02122723501068963
7,2025-05-17,MOVE,5.9414279052204854e-18
7,2025-05-17,AWE,0.02158515004789396
7,2025-05-17,XLM,5.9414279052204854e-18
7,2025-05-17,AXS,5.9414279052204854e-18
7,2025-05-17,SNT,0.031585348667019765
7,2025-05-17,QTUM,5.9414279052204854e-18
7,2025-05-17,ANIME,5.9414279052204854e-18
7,2025-05-17,PUNDIX,0.023674260907479143
7,2025-05-17,ARK,5.9414279052204854e-18
7,2025-05-17,ENS,5.9414279052204854e-18
7,2025-05-17,LINK,5.9414279052204854e-18
7,2025-05-17,CRO,0.0034474491340461535
7,2025-05-17,HBAR,5.9414279052204854e-18
7,2025-05-17,VANA,5.9414279052204854e-18
7,2025-05-17,SEI,5.9414279052204854e-18
7,2025-05-17,STRAX,0.030984859938573764
7,2025-05-17,KNC,5.9414279052204854e-18
7,2025-05-17,ME,5.9414279052204854e-18
7,2025-05-17,SHIB,5.9414279052204854e-18
7,2025-05-17,CBK,0.11887377758086931
7,2025-05-17,AQT,0.040866454097729654
7,2025-05-17,SAFE,5.9414279052204854e-18
7,2025-05-17,GLM,5.9414279052204854e-18
7,2025-05-17,PEPE,5.9414279052204854e-18
7,2025-05-17,BONK,5.9414279052204854e-18
7,2025-05-17,WAVES,5.9414279052204854e-18
7,2025-05-17,MASK,5.9414279052204854e-18
7,2025-05-17,ATH,5.9414279052204854e-18
7,2025-05-17,TOKAMAK,0.13485905789590746
7,2025-05-17,CARV,5.9414279052204854e-18
7,2025-05-17,MEW,5.9414279052204854e-18
7,2025-05-17,MNT,0.24570854486767682
7,2025-05-17,PYTH,5.9414279052204854e-18
7,2025-05-17,SONIC,5.9414279052204854e-18
7,2025-05-17,GAS,0.002561706475634624
7,2025-05-17,AKT,5.9414279052204854e-18
7,2025-05-17,BIGTIME,5.9414279052204854e-18
7,2025-05-17,DRIFT,5.9414279052204854e-18
7,2025-05-24,XRP,0.001096693474035131
7,2025-05-24,BTC,0.25
7,2025-05-24,ETH,4.625929269271223e-18
7,2025-05-24,SOL,4.625929269271223e-18
7,2025-05-24,DOGE,4.625929269271223e-18
7,2025-05-24,AERGO,4.625929269271223e-18
7,2025-05-24,ADA,4.625929269271223e-18
7,2025-05-24,AUCTION,4.625929269271223e-18
7,2025-05-24,ONDO,4.625929269271223e-18
7,2025-05-24,SUI,4.625929269271223e-18
7,2025-05-24,VIRTUAL,4.625929269271223e-18
7,2025-05-24,ARDR,0.04538696926290497
7,2025-05-24,MOVE,4.625929269271223e-18
7,2025-05-24,AWE,0.022892467209814
7,2025-05-24,XLM,4.625929269271223e-18
7,2025-05-24,AXS,4.625929269271223e-18
7,2025-05-24,SNT,0.005745214234779612
7,2025-05-24,QTUM,4.625929269271223e-18
7,2025-05-24,ANIME,4.625929269271223e-18
7,2025-05-24,PUNDIX,4.625929269271223e-18
7,2025-05-24,ARK,4.625929269271223e-18
7,2025-05-24,ENS,4.625929269271223e-18
7,2025-05-24,LINK,4.625929269271223e-18
7,2025-05-24,CRO,4.625929269271223e-18
7,2025-05-24,HBAR,4.625929269271223e-18
7,2025-05-24,VANA,4.625929269271223e-18
7,2025-05-24,SEI,4.625929269271223e-18
7,2025-05-24,STRAX,0.04841164795458654
7,2025-05-24,KNC,4.625929269271223e-18
7,2025-05-24,ME,4.625929269271223e-18
7,2025-05-24,SHIB,4.625929269271223e-18
7,2025-05-24,CBK,0.046976859291284624
7,2025-05-24,AQT,0.073468747166424
7,2025-05-24,SAFE,4.625929269271223e-18
7,2025-05-24,GLM,4.625929269271223e-18
7,2025-05-24,PEPE,4.625929269271223e-18
7,2025-05-24,BONK,4.625929269271223e-18
7,2025-05-24,WAVES,4.625929269271223e-18
7,2025-05-24,MASK,0.027528467978926063
7,2025-05-24,ATH,4.625929269271223e-18
7,2025-05-24,TOKAMAK,0.22849293342724508
7,2025-05-24,CARV,4.625929269271223e-18
7,2025-05-24,MEW,4.625929269271223e-18
7,2025-05-24,MNT,0.25
7,2025-05-24,PYTH,4.625929269271223e-18
7,2025-05-24,SONIC,4.625929269271223e-18
7,2025-05-24,GAS,4.625929269271223e-18
7,2025-05-24,AKT,4.625929269271223e-18
7,2025-05-24,BIGTIME,4.625929269271223e-18
7,2025-05-24,DRIFT,4.625929269271223e-18
7,2025-05-31,XRP,0.006583029710251845
7,2025-05-31,BTC,0.25
7,2025-05-31,ETH,4.625929269271223e-18
7,2025-05-31,SOL,4.625929269271223e-18
7,2025-05-31,DOGE,4.625929269271223e-18
7,2025-05-31,AERGO,0.004329645500130052
7,2025-05-31,ADA,4.625929269271223e-18
7,2025-05-31,AUCTION,4.625929269271223e-18
7,2025-05-31,ONDO,4.625929269271223e-18
7,2025-05-31,SUI,4.625929269271223e-18
7,2025-05-31,VIRTUAL,4.625929269271223e-18
7,2025-05-31,ARDR,0.025633648854006204
7,2025-05-31,MOVE,4.625929269271223e-18
7,2025-05-31,AWE,0.00745101181017897
7,2025-05-31,XLM,4.625929269271223e-18
7,2025-05-31,AXS,4.625929269271223e-18
7,2025-05-31,SNT,4.625929269271223e-18
7,2025-05-31,QTUM,4.625929269271223e-18
7,2025-05-31,ANIME,4.625929269271223e-18
7,2025-05-31,PUNDIX,0.012960781417110646
7,2025-05-31,ARK,4.625929269271223e-18
7,2025-05-31,ENS,4.625929269271223e-18
7,2025-05-31,LINK,4.625929269271223e-18
7,2025-05-31,CRO,0.022839598505065593
7,2025-05-31,HBAR,4.625929269271223e-18
7,2025-05-31,VANA,4.625929269271223e-18
7,2025-05-31,SEI,4.625929269271223e-18
7,2025-05-31,STRAX,0.04471062535889176
7,2025-05-31,KNC,4.625929269271223e-18
7,2025-05-31,ME,4.625929269271223e-18
7,2025-05-31,SHIB,4.625929269271223e-18
7,2025-05-31,CBK,0.21888920369433315
7,2025-05-31,AQT,0.06084039271572904
7,2025-05-31,SAFE,0.018735551292795975
7,2025-05-31,GLM,4.625929269271223e-18
7,2025-05-31,PEPE,4.625929269271223e-18
7,2025-05-31,BONK,4.625929269271223e-18
7,2025-05-31,WAVES,0.0013557060285120427
7,2025-05-31,MASK,0.02869445688935441
7,2025-05-31,ATH,4.625929269271223e-18
7,2025-05-31,TOKAMAK,0.10514809341493246
7,2025-05-31,CARV,4.625929269271223e-18
7,2025-05-31,MEW,4.625929269271223e-18
7,2025-05-31,MNT,0.19182825480870785
7,2025-05-31,PYTH,4.625929269271223e-18
7,2025-05-31,SONIC,4.625929269271223e-18
7,2025-05-31,GAS,4.625929269271223e-18
7,2025-05-31,AKT,4.625929269271223e-18
7,2025-05-31,BIGTIME,4.625929269271223e-18
7,2025-05-31,DRIFT,4.625929269271223e-18
7,2025-06-07,XRP,0.1485701962772542
7,2025-06-07,BTC,0.25
7,2025-06-07,ETH,5.637851296921468e-19
7,2025-06-07,SOL,5.637851296921468e-19
7,2025-06-07,DOGE,5.637851296921468e-19
7,2025-06-07,AERGO,0.01018950267514568
7,2025-06-07,ADA,5.637851296921468e-19
7,2025-06-07,AUCTION,5.637851296921468e-19
7,2025-06-07,ONDO,5.637851296921468e-19
7,2025-06-07,SUI,5.637851296921468e-19
7,2025-06-07,VIRTUAL,5.637851296921468e-19
7,2025-06-07,ARDR,0.03891222139331456
7,2025-06-07,MOVE,5.637851296921468e-19
7,2025-06-07,AWE,0.030486056343164415
7,2025-06-07,XLM,5.637851296921468e-19
7,2025-06-07,AXS,5.637851296921468e-19
7,2025-06-07,SNT,0.014602277101005331
7,2025-06-07,QTUM,5.637851296921468e-19
7,2025-06-07,ANIME,5.637851296921468e-19
7,2025-06-07,PUNDIX,5.637851296921468e-19
7,2025-06-07,ARK,5.637851296921468e-19
7,2025-06-07,ENS,5.637851296921468e-19
7,2025-06-07,LINK,5.637851296921468e-19
7,2025-06-07,CRO,0.03862589062303196
7,2025-06-07,HBAR,5.637851296921468e-19
7,2025-06-07,VANA,5.637851296921468e-19
7,2025-06-07,SEI,5.637851296921468e-19
7,2025-06-07,STRAX,0.0389864498437739
7,2025-06-07,KNC,5.637851296921468e-19
7,2025-06-07,ME,5.637851296921468e-19
7,2025-06-07,SHIB,5.637851296921468e-19
7,2025-06-07,CBK,0.14599623522671
7,2025-06-07,AQT,0.016698323925203463
7,2025-06-07,SAFE,5.637851296921468e-19
7,2025-06-07,GLM,5.637851296921468e-19
7,2025-06-07,PEPE,5.637851296921468e-19
7,2025-06-07,BONK,5.637851296921468e-19
7,2025-06-07,WAVES,0.013746583325576149
7,2025-06-07,MASK,5.637851296921468e-19
7,2025-06-07,ATH,5.637851296921468e-19
7,2025-06-07,TOKAMAK,5.637851296921468e-19
7,2025-06-07,CARV,5.637851296921468e-19
7,2025-06-07,MEW,5.637851296921468e-19
7,2025-06-07,MNT,0.25
7,2025-06-07,PYTH,5.637851296921468e-19
7,2025-06-07,SONIC,5.637851296921468e-19
7,2025-06-07,GAS,0.003186263265820427
7,2025-06-07,AKT,5.637851296921468e-19
7,2025-06-07,BIGTIME,5.637851296921468e-19
7,2025-06-07,DRIFT,5.637851296921468e-19
7,2025-06-14,XRP,0.13835163016998495
7,2025-06-14,BTC,0.25
7,2025-06-14,ETH,5.782411586588042e-19
7,2025-06-14,SOL,5.782411586588042e-19
7,2025-06-14,DOGE,5.782411586588042e-19
7,2025-06-14,AERGO,5.782411586588042e-19
7,2025-06-14,ADA,5.782411586588042e-19
7,2025-06-14,AUCTION,5.782411586588042e-19
7,2025-06-14,ONDO,5.782411586588042e-19
7,2025-06-14,SUI,5.782411586588042e-19
7,2025-06-14,VIRTUAL,5.782411586588042e-19
7,2025-06-14,ARDR,0.07261813616893062
7,2025-06-14,MOVE,5.782411586588042e-19
7,2025-06-14,AWE,0.02126256354526586
7,2025-06-14,XLM,0.02801995120836139
7,2025-06-14,AXS,5.782411586588042e-19
7,2025-06-14,SNT,0.011079775457912479
7,2025-06-14,QTUM,5.782411586588042e-19
7,2025-06-14,ANIME,5.782411586588042e-19
7,2025-06-14,PUNDIX,5.782411586588042e-19
7,2025-06-14,ARK,5.782411586588042e-19
7,2025-06-14,ENS,5.782411586588042e-19
7,2025-06-14,LINK,5.782411586588042e-19
7,2025-06-14,CRO,5.782411586588042e-19
7,2025-06-14,HBAR,5.782411586588042e-19
7,2025-06-14,VANA,5.782411586588042e-19
7,2025-06-14,SEI,5.782411586588042e-19
7,2025-06-14,STRAX,0.03306078416909538
7,2025-06-14,KNC,5.782411586588042e-19
7,2025-06-14,ME,5.782411586588042e-19
7,2025-06-14,SHIB,5.782411586588042e-19
7,2025-06-14,CBK,0.15097144708998983
7,2025-06-14,AQT,0.014004261172889708
7,2025-06-14,SAFE,5.782411586588042e-19
7,2025-06-14,GLM,5.782411586588042e-19
7,2025-06-14,PEPE,5.782411586588042e-19
7,2025-06-14,BONK,5.782411586588042e-19
7,2025-06-14,WAVES,0.022403376601709966
7,2025-06-14,MASK,0.00584750443309085
7,2025-06-14,ATH,5.782411586588042e-19
7,2025-06-14,TOKAMAK,0.004043785685503042
7,2025-06-14,CARV,5.782411586588042e-19
7,2025-06-14,MEW,5.782411586588042e-19
7,2025-06-14,MNT,0.24833678429726608
7,2025-06-14,PYTH,5.782411586588042e-19
7,2025-06-14,SONIC,5.782411586588042e-19
7,2025-06-14,GAS,5.782411586588042e-19
7,2025-06-14,AKT,5.782411586588042e-19
7,2025-06-14,BIGTIME,5.782411586588042e-19
7,2025-06-14,DRIFT,5.782411586588042e-19
7,2025-06-21,XRP,0.1495083693909665
7,2025-06-21,BTC,0.25
7,2025-06-21,ETH,5.782411586588042e-19
7,2025-06-21,SOL,5.782411586588042e-19
7,2025-06-21,DOGE,5.782411586588042e-19
7,2025-06-21,AERGO,5.782411586588042e-19
7,2025-06-21,ADA,5.782411586588042e-19
7,2025-06-21,AUCTION,5.782411586588042e-19
7,2025-06-21,ONDO,5.782411586588042e-19
7,2025-06-21,SUI,5.782411586588042e-19
7,2025-06-21,VIRTUAL,5.782411586588042e-19
7,2025-06-21,ARDR,0.02295099237443367
7,2025-06-21,MOVE,5.782411586588042e-19
7,2025-06-21,AWE,0.024726030051056305
7,2025-06-21,XLM,0.007402050942389596
7,2025-06-21,AXS,5.782411586588042e-19
7,2025-06-21,SNT,0.015774115910295313
7,2025-06-21,QTUM,5.782411586588042e-19
7,2025-06-21,ANIME,5.782411586588042e-19
7,2025-06-21,PUNDIX,5.782411586588042e-19
7,2025-06-21,ARK,5.782411586588042e-19
7,2025-06-21,ENS,5.782411586588042e-19
7,2025-06-21,LINK,5.782411586588042e-19
7,2025-06-21,CRO,0.05714755234236884
7,2025-06-21,HBAR,5.782411586588042e-19
7,2025-06-21,VANA,5.782411586588042e-19
7,2025-06-21,SEI,5.782411586588042e-19
7,2025-06-21,STRAX,0.053753731549734556
7,2025-06-21,KNC,5.782411586588042e-19
7,2025-06-21,ME,5.782411586588042e-19
7,2025-06-21,SHIB,5.782411586588042e-19
7,2025-06-21,CBK,0.15779516315316158
7,2025-06-21,AQT,0.02773547438378435
7,2025-06-21,SAFE,5.782411586588042e-19
7,2025-06-21,GLM,5.782411586588042e-19
7,2025-06-21,PEPE,5.782411586588042e-19
7,2025-06-21,BONK,5.782411586588042e-19
7,2025-06-21,WAVES,0.019640801651710702
7,2025-06-21,MASK,5.782411586588042e-19
7,2025-06-21,ATH,5.782411586588042e-19
7,2025-06-21,TOKAMAK,0.05973484149349158
7,2025-06-21,CARV,5.782411586588042e-19
7,2025-06-21,MEW,5.782411586588042e-19
7,2025-06-21,MNT,0.15383087675660698
7,2025-06-21,PYTH,5.782411586588042e-19
7,2025-06-21,SONIC,5.782411586588042e-19
7,2025-06-21,GAS,5.782411586588042e-19
7,2025-06-21,AKT,5.782411586588042e-19
7,2025-06-21,BIGTIME,5.782411586588042e-19
7,2025-06-21,DRIFT,5.782411586588042e-19
7,2025-06-28,XRP,0.04484647416992104
7,2025-06-28,BTC,0.25
7,2025-06-28,ETH,1.734723475976807e-18
7,2025-06-28,SOL,1.734723475976807e-18
7,2025-06-28,DOGE,1.734723475976807e-18
7,2025-06-28,AERGO,0.006890705419148321
7,2025-06-28,ADA,1.734723475976807e-18
7,2025-06-28,AUCTION,1.734723475976807e-18
7,2025-06-28,ONDO,1.734723475976807e-18
7,2025-06-28,SUI,1.734723475976807e-18
7,2025-06-28,VIRTUAL,1.734723475976807e-18
7,2025-06-28,ARDR,0.026092186139051184
7,2025-06-28,MOVE,1.734723475976807e-18
7,2025-06-28,AWE,0.004238597724405694
7,2025-06-28,XLM,0.09322449725152024
7,2025-06-28,AXS,1.734723475976807e-18
7,2025-06-28,SNT,0.01254273736424617
7,2025-06-28,QTUM,1.734723475976807e-18
7,2025-06-28,ANIME,1.734723475976807e-18
7,2025-06-28,PUNDIX,1.734723475976807e-18
7,2025-06-28,ARK,1.734723475976807e-18
7,2025-06-28,ENS,1.734723475976807e-18
7,2025-06-28,LINK,1.734723475976807e-18
7,2025-06-28,CRO,0.10783526323857455
7,2025-06-28,HBAR,1.734723475976807e-18
7,2025-06-28,VANA,1.734723475976807e-18
7,2025-06-28,SEI,1.734723475976807e-18
7,2025-06-28,STRAX,0.026675699312932497
7,2025-06-28,KNC,1.734723475976807e-18
7,2025-06-28,ME,1.734723475976807e-18
7,2025-06-28,SHIB,1.734723475976807e-18
7,2025-06-28,CBK,0.044134807983206674
7,2025-06-28,AQT,0.0009429038009828275
7,2025-06-28,SAFE,1.734723475976807e-18
7,2025-06-28,GLM,1.734723475976807e-18
7,2025-06-28,PEPE,1.734723475976807e-18
7,2025-06-28,BONK,1.734723475976807e-18
7,2025-06-28,WAVES,0.051141620968966114
7,2025-06-28,MASK,1.734723475976807e-18
7,2025-06-28,ATH,1.734723475976807e-18
7,2025-06-28,TOKAMAK,0.11337126219900963
7,2025-06-28,CARV,1.734723475976807e-18
7,2025-06-28,MEW,1.734723475976807e-18
7,2025-06-28,MNT,0.2180632444280352
7,2025-06-28,PYTH,1.734723475976807e-18
7,2025-06-28,SONIC,1.734723475976807e-18
7,2025-06-28,GAS,1.734723475976807e-18
7,2025-06-28,AKT,1.734723475976807e-18
7,2025-06-28,BIGTIME,1.734723475976807e-18
7,2025-06-28,DRIFT,1.734723475976807e-18
7,2025-07-05,XRP,0.13580265468565725
7,2025-07-05,BTC,0.25
7,2025-07-05,ETH,6.938893903907228e-18
7,2025-07-05,SOL,6.938893903907228e-18
7,2025-07-05,DOGE,6.938893903907228e-18
7,2025-07-05,AERGO,0.00030449562395272424
7,2025-07-05,ADA,6.938893903907228e-18
7,2025-07-05,AUCTION,6.938893903907228e-18
7,2025-07-05,ONDO,6.938893903907228e-18
7,2025-07-05,SUI,6.938893903907228e-18
7,2025-07-05,VIRTUAL,6.938893903907228e-18
7,2025-07-05,ARDR,0.07749174764107516
7,2025-07-05,MOVE,6.938893903907228e-18
7,2025-07-05,AWE,0.014096740402610502
7,2025-07-05,XLM,0.0549755845369774
7,2025-07-05,AXS,6.938893903907228e-18
7,2025-07-05,SNT,0.017242096787408116
7,2025-07-05,QTUM,6.938893903907228e-18
7,2025-07-05,ANIME,6.938893903907228e-18
7,2025-07-05,PUNDIX,6.938893903907228e-18
7,2025-07-05,ARK,6.938893903907228e-18
7,2025-07-05,ENS,6.938893903907228e-18
7,2025-07-05,LINK,6.938893903907228e-18
7,2025-07-05,CRO,0.14932751103797526
7,2025-07-05,HBAR,6.938893903907228e-18
7,2025-07-05,VANA,6.938893903907228e-18
7,2025-07-05,SEI,6.938893903907228e-18
7,2025-07-05,STRAX,0.02386287168716152
7,2025-07-05,KNC,6.938893903907228e-18
7,2025-07-05,ME,6.938893903907228e-18
7,2025-07-05,SHIB,6.938893903907228e-18
7,2025-07-05,CBK,6.938893903907228e-18
7,2025-07-05,AQT,0.026560968772089136
7,2025-07-05,SAFE,6.938893903907228e-18
7,2025-07-05,GLM,0.004298288283600711
7,2025-07-05,PEPE,6.938893903907228e-18
7,2025-07-05,BONK,6.938893903907228e-18
7,2025-07-05,WAVES,0.03975849266488135
7,2025-07-05,MASK,6.938893903907228e-18
7,2025-07-05,ATH,6.938893903907228e-18
7,2025-07-05,TOKAMAK,0.03395894869168153
7,2025-07-05,CARV,0.014796184837320604
7,2025-07-05,MEW,6.938893903907228e-18
7,2025-07-05,MNT,0.15752341434760875
7,2025-07-05,PYTH,6.938893903907228e-18
7,2025-07-05,SONIC,6.938893903907228e-18
7,2025-07-05,GAS,6.938893903907228e-18
7,2025-07-05,AKT,6.938893903907228e-18
7,2025-07-05,BIGTIME,6.938893903907228e-18
7,2025-07-05,DRIFT,6.938893903907228e-18
7,2025-07-12,XRP,5.7824115865892255e-18
7,2025-07-12,BTC,0.25
7,2025-07-12,ETH,0.11434464590070936
7,2025-07-12,SOL,5.7824115865892255e-18
7,2025-07-12,DOGE,5.7824115865892255e-18
7,2025-07-12,AERGO,0.00984579812286364
7,2025-07-12,ADA,5.7824115865892255e-18
7,2025-07-12,AUCTION,5.7824115865892255e-18
7,2025-07-12,ONDO,5.7824115865892255e-18
7,2025-07-12,SUI,5.7824115865892255e-18
7,2025-07-12,VIRTUAL,5.7824115865892255e-18
7,2025-07-12,ARDR,0.13130733024842137
7,2025-07-12,MOVE,5.7824115865892255e-18
7,2025-07-12,AWE,0.027808121787126636
7,2025-07-12,XLM,5.7824115865892255e-18
7,2025-07-12,AXS,5.7824115865892255e-18
7,2025-07-12,SNT,0.02922175570708606
7,2025-07-12,QTUM,5.7824115865892255e-18
7,2025-07-12,ANIME,5.7824115865892255e-18
7,2025-07-12,PUNDIX,0.0010324105707776121
7,2025-07-12,ARK,5.7824115865892255e-18
7,2025-07-12,ENS,5.7824115865892255e-18
7,2025-07-12,LINK,5.7824115865892255e-18
7,2025-07-12,CRO,0.032884756451123015
7,2025-07-12,HBAR,5.7824115865892255e-18
7,2025-07-12,VANA,5.7824115865892255e-18
7,2025-07-12,SEI,5.7824115865892255e-18
7,2025-07-12,STRAX,0.05361442283192548
7,2025-07-12,KNC,0.036389871015364436
7,2025-07-12,ME,5.7824115865892255e-18
7,2025-07-12,SHIB,5.7824115865892255e-18
7,2025-07-12,CBK,0.005817258473704831
7,2025-07-12,AQT,0.031841917968611036
7,2025-07-12,SAFE,5.7824115865892255e-18
7,2025-07-12,GLM,0.06447016131662163
7,2025-07-12,PEPE,5.7824115865892255e-18
7,2025-07-12,BONK,5.7824115865892255e-18
7,2025-07-12,WAVES,0.03186167446749223
7,2025-07-12,MASK,5.7824115865892255e-18
7,2025-07-12,ATH,5.7824115865892255e-18
7,2025-07-12,TOKAMAK,0.05323178640685186
7,2025-07-12,CARV,0.0360683645160363
7,2025-07-12,MEW,5.7824115865892255e-18
7,2025-07-12,MNT,0.0479788986037859
7,2025-07-12,PYTH,5.7824115865892255e-18
7,2025-07-12,SONIC,5.7824115865892255e-18
7,2025-07-12,GAS,0.04228082561149861
7,2025-07-12,AKT,5.7824115865892255e-18
7,2025-07-12,BIGTIME,5.7824115865892255e-18
7,2025-07-12,DRIFT,5.7824115865892255e-18
7,2025-07-19,XRP,0.009376991448416505
7,2025-07-19,BTC,0.25
7,2025-07-19,ETH,0.0835297918193927
7,2025-07-19,SOL,0.04278578675844055
7,2025-07-19,DOGE,4.510281037539541e-18
7,2025-07-19,AERGO,0.03699809279102355
7,2025-07-19,ADA,4.510281037539541e-18
7,2025-07-19,AUCTION,4.510281037539541e-18
7,2025-07-19,ONDO,4.510281037539541e-18
7,2025-07-19,SUI,4.510281037539541e-18
7,2025-07-19,VIRTUAL,4.510281037539541e-18
7,2025-07-19,ARDR,0.1099326208897957
7,2025-07-19,MOVE,4.510281037539541e-18
7,2025-07-19,AWE,0.038509907309040414
7,2025-07-19,XLM,4.510281037539541e-18
7,2025-07-19,AXS,4.510281037539541e-18
7,2025-07-19,SNT,0.04878798167035625
7,2025-07-19,QTUM,4.510281037539541e-18
7,2025-07-19,ANIME,4.510281037539541e-18
7,2025-07-19,PUNDIX,0.00046639998254668083
7,2025-07-19,ARK,4.510281037539541e-18
7,2025-07-19,ENS,4.510281037539541e-18
7,2025-07-19,LINK,4.510281037539541e-18
7,2025-07-19,CRO,0.022152235093956453
7,2025-07-19,HBAR,4.510281037539541e-18
7,2025-07-19,VANA,4.510281037539541e-18
7,2025-07-19,SEI,4.510281037539541e-18
7,2025-07-19,STRAX,0.11888749031307909
7,2025-07-19,KNC,4.510281037539541e-18
7,2025-07-19,ME,4.510281037539541e-18
7,2025-07-19,SHIB,4.510281037539541e-18
7,2025-07-19,CBK,0.02062657080357209
7,2025-07-19,AQT,0.054738272502039484
7,2025-07-19,SAFE,0.02744693285085342
7,2025-07-19,GLM,4.510281037539541e-18
7,2025-07-19,PEPE,4.510281037539541e-18
7,2025-07-19,BONK,4.510281037539541e-18
7,2025-07-19,WAVES,0.04107185957287758
7,2025-07-19,MASK,4.510281037539541e-18
7,2025-07-19,ATH,4.510281037539541e-18
7,2025-07-19,TOKAMAK,0.03184519138193839
7,2025-07-19,CARV,0.03524160914905225
7,2025-07-19,MEW,4.510281037539541e-18
7,2025-07-19,MNT,4.510281037539541e-18
7,2025-07-19,PYTH,4.510281037539541e-18
7,2025-07-19,SONIC,4.510281037539541e-18
7,2025-07-19,GAS,0.027602265663618935
7,2025-07-19,AKT,4.510281037539541e-18
7,2025-07-19,BIGTIME,4.510281037539541e-18
7,2025-07-19,DRIFT,4.510281037539541e-18
7,2025-07-26,XRP,3.469446951953614e-18
7,2025-07-26,BTC,0.25
7,2025-07-26,ETH,0.13781436001082026
7,2025-07-26,SOL,3.469446951953614e-18
7,2025-07-26,DOGE,3.469446951953614e-18
7,2025-07-26,AERGO,0.00028496423603288114
7,2025-07-26,ADA,3.469446951953614e-18
7,2025-07-26,AUCTION,3.469446951953614e-18
7,2025-07-26,ONDO,3.469446951953614e-18
7,2025-07-26,SUI,3.469446951953614e-18
7,2025-07-26,VIRTUAL,3.469446951953614e-18
7,2025-07-26,ARDR,0.04553394700212576
7,2025-07-26,MOVE,3.469446951953614e-18
7,2025-07-26,AWE,0.052621185012939026
7,2025-07-26,XLM,3.469446951953614e-18
7,2025-07-26,AXS,3.469446951953614e-18
7,2025-07-26,SNT,0.038436978638748134
7,2025-07-26,QTUM,3.469446951953614e-18
7,2025-07-26,ANIME,3.469446951953614e-18
7,2025-07-26,PUNDIX,3.469446951953614e-18
7,2025-07-26,ARK,3.469446951953614e-18
7,2025-07-26,ENS,3.469446951953614e-18
7,2025-07-26,LINK,3.469446951953614e-18
7,2025-07-26,CRO,0.014854203744123783
7,2025-07-26,HBAR,3.469446951953614e-18
7,2025-07-26,VANA,3.469446951953614e-18
7,2025-07-26,SEI,3.469446951953614e-18
7,2025-07-26,STRAX,0.08774652741812883
7,2025-07-26,KNC,3.469446951953614e-18
7,2025-07-26,ME,3.469446951953614e-18
7,2025-07-26,SHIB,3.469446951953614e-18
7,2025-07-26,CBK,0.021138058938966676
7,2025-07-26,AQT,0.04672076250070786
7,2025-07-26,SAFE,3.469446951953614e-18
7,2025-07-26,GLM,3.469446951953614e-18
7,2025-07-26,PEPE,3.469446951953614e-18
7,2025-07-26,BONK,3.469446951953614e-18
7,2025-07-26,WAVES,0.03142484423246923
7,2025-07-26,MASK,3.469446951953614e-18
7,2025-07-26,ATH,3.469446951953614e-18
7,2025-07-26,TOKAMAK,0.03973312236362685
7,2025-07-26,CARV,0.012122461963508947
7,2025-07-26,MEW,3.469446951953614e-18
7,2025-07-26,MNT,0.2215685839378018
7,2025-07-26,PYTH,3.469446951953614e-18
7,2025-07-26,SONIC,3.469446951953614e-18
7,2025-07-26,GAS,3.469446951953614e-18
7,2025-07-26,AKT,3.469446951953614e-18
7,2025-07-26,BIGTIME,3.469446951953614e-18
7,2025-07-26,DRIFT,3.469446951953614e-18
7,2025-08-02,XRP,5.204170427930027e-18
7,2025-08-02,BTC,0.25
7,2025-08-02,ETH,0.1557692097585346
7,2025-08-02,SOL,5.204170427930027e-18
7,2025-08-02,DOGE,5.204170427930027e-18
7,2025-08-02,AERGO,5.204170427930027e-18
7,2025-08-02,ADA,5.204170427930027e-18
7,2025-08-02,AUCTION,5.204170427930027e-18
7,2025-08-02,ONDO,5.204170427930027e-18
7,2025-08-02,SUI,5.204170427930027e-18
7,2025-08-02,VIRTUAL,5.204170427930027e-18
7,2025-08-02,ARDR,0.046191710693307575
7,2025-08-02,MOVE,5.204170427930027e-18
7,2025-08-02,AWE,0.0546882123969814
7,2025-08-02,XLM,5.204170427930027e-18
7,2025-08-02,AXS,5.204170427930027e-18
7,2025-08-02,SNT,0.0492432153393817
7,2025-08-02,QTUM,5.204170427930027e-18
7,2025-08-02,ANIME,5.204170427930027e-18
7,2025-08-02,PUNDIX,5.204170427930027e-18
7,2025-08-02,ARK,5.204170427930027e-18
7,2025-08-02,ENS,5.204170427930027e-18
7,2025-08-02,LINK,5.204170427930027e-18
7,2025-08-02,CRO,5.204170427930027e-18
7,2025-08-02,HBAR,5.204170427930027e-18
7,2025-08-02,VANA,5.204170427930027e-18
7,2025-08-02,SEI,5.204170427930027e-18
7,2025-08-02,STRAX,0.09738736224420386
7,2025-08-02,KNC,5.204170427930027e-18
7,2025-08-02,ME,5.204170427930027e-18
7,2025-08-02,SHIB,5.204170427930027e-18
7,2025-08-02,CBK,0.03173647048030021
7,2025-08-02,AQT,0.05345310616347926
7,2025-08-02,SAFE,5.204170427930027e-18
7,2025-08-02,GLM,5.204170427930027e-18
7,2025-08-02,PEPE,5.204170427930027e-18
7,2025-08-02,BONK,5.204170427930027e-18
7,2025-08-02,WAVES,0.01459385462966885
7,2025-08-02,MASK,5.204170427930027e-18
7,2025-08-02,ATH,5.204170427930027e-18
7,2025-08-02,TOKAMAK,0.020883709559439464
7,2025-08-02,CARV,5.204170427930027e-18
7,2025-08-02,MEW,5.204170427930027e-18
7,2025-08-02,MNT,0.2260531487347031
7,2025-08-02,PYTH,5.204170427930027e-18
7,2025-08-02,SONIC,5.204170427930027e-18
7,2025-08-02,GAS,5.204170427930027e-18
7,2025-08-02,AKT,5.204170427930027e-18
7,2025-08-02,BIGTIME,5.204170427930027e-18
7,2025-08-02,DRIFT,5.204170427930027e-18
7,2025-08-09,XRP,3.4694469519532198e-18
7,2025-08-09,BTC,0.25
7,2025-08-09,ETH,0.06937277956001847
7,2025-08-09,SOL,3.4694469519532198e-18
7,2025-08-09,DOGE,3.4694469519532198e-18
7,2025-08-09,AERGO,0.0068482594119724585
7,2025-08-09,ADA,3.4694469519532198e-18
7,2025-08-09,AUCTION,3.4694469519532198e-18
7,2025-08-09,ONDO,3.4694469519532198e-18
7,2025-08-09,SUI,3.4694469519532198e-18
7,2025-08-09,VIRTUAL,3.4694469519532198e-18
7,2025-08-09,ARDR,0.06953419599209874
7,2025-08-09,MOVE,3.4694469519532198e-18
7,2025-08-09,AWE,0.055161297393262566
7,2025-08-09,XLM,3.4694469519532198e-18
7,2025-08-09,AXS,3.4694469519532198e-18
7,2025-08-09,SNT,0.0827282396343746
7,2025-08-09,QTUM,3.4694469519532198e-18
7,2025-08-09,ANIME,3.4694469519532198e-18
7,2025-08-09,PUNDIX,3.4694469519532198e-18
7,2025-08-09,ARK,3.4694469519532198e-18
7,2025-08-09,ENS,3.4694469519532198e-18
7,2025-08-09,LINK,3.4694469519532198e-18
7,2025-08-09,CRO,0.0013606558804337802
7,2025-08-09,HBAR,3.4694469519532198e-18
7,2025-08-09,VANA,3.4694469519532198e-18
7,2025-08-09,SEI,3.4694469519532198e-18
7,2025-08-09,STRAX,0.12220430171591169
7,2025-08-09,KNC,3.4694469519532198e-18
7,2025-08-09,ME,3.4694469519532198e-18
7,2025-08-09,SHIB,3.4694469519532198e-18
7,2025-08-09,CBK,0.03812367747432566
7,2025-08-09,AQT,0.07290513332063187
7,2025-08-09,SAFE,3.4694469519532198e-18
7,2025-08-09,GLM,3.4694469519532198e-18
7,2025-08-09,PEPE,3.4694469519532198e-18
7,2025-08-09,BONK,3.4694469519532198e-18
7,2025-08-09,WAVES,0.07490451952114831
7,2025-08-09,MASK,3.4694469519532198e-18
7,2025-08-09,ATH,3.4694469519532198e-18
7,2025-08-09,TOKAMAK,0.0432719541699136
7,2025-08-09,CARV,0.019640294422000364
7,2025-08-09,MEW,3.4694469519532198e-18
7,2025-08-09,MNT,0.06638186121817788
7,2025-08-09,PYTH,3.4694469519532198e-18
7,2025-08-09,SONIC,3.4694469519532198e-18
7,2025-08-09,GAS,0.027562830285729988
7,2025-08-09,AKT,3.4694469519532198e-18
7,2025-08-09,BIGTIME,3.4694469519532198e-18
7,2025-08-09,DRIFT,3.4694469519532198e-18
7,2025-08-16,XRP,0.015259105250063378
7,2025-08-16,BTC,0.25
7,2025-08-16,ETH,0.06605577849575561
7,2025-08-16,SOL,6.938893903907228e-18
7,2025-08-16,DOGE,6.938893903907228e-18
7,2025-08-16,AERGO,0.028401905203004306
7,2025-08-16,ADA,6.938893903907228e-18
7,2025-08-16,AUCTION,0.002450595800206741
7,2025-08-16,ONDO,6.938893903907228e-18
7,2025-08-16,SUI,6.938893903907228e-18
7,2025-08-16,VIRTUAL,6.938893903907228e-18
7,2025-08-16,ARDR,0.06957150819662641
7,2025-08-16,MOVE,6.938893903907228e-18
7,2025-08-16,AWE,0.09706716556239905
7,2025-08-16,XLM,6.938893903907228e-18
7,2025-08-16,AXS,6.938893903907228e-18
7,2025-08-16,SNT,0.10266192667738047
7,2025-08-16,QTUM,6.938893903907228e-18
7,2025-08-16,ANIME,6.938893903907228e-18
7,2025-08-16,PUNDIX,0.011130760647513607
7,2025-08-16,ARK,6.938893903907228e-18
7,2025-08-16,ENS,6.938893903907228e-18
7,2025-08-16,LINK,6.938893903907228e-18
7,2025-08-16,CRO,0.005834966507073221
7,2025-08-16,HBAR,6.938893903907228e-18
7,2025-08-16,VANA,6.938893903907228e-18
7,2025-08-16,SEI,6.938893903907228e-18
7,2025-08-16,STRAX,0.10552216785418123
7,2025-08-16,KNC,6.938893903907228e-18
7,2025-08-16,ME,6.938893903907228e-18
7,2025-08-16,SHIB,6.938893903907228e-18
7,2025-08-16,CBK,0.06966978731193588
7,2025-08-16,AQT,0.04368463388080214
7,2025-08-16,SAFE,6.938893903907228e-18
7,2025-08-16,GLM,0.005096841339571727
7,2025-08-16,PEPE,6.938893903907228e-18
7,2025-08-16,BONK,6.938893903907228e-18
7,2025-08-16,WAVES,6.938893903907228e-18
7,2025-08-16,MASK,6.938893903907228e-18
7,2025-08-16,ATH,6.938893903907228e-18
7,2025-08-16,TOKAMAK,0.053928680851101085
7,2025-08-16,CARV,6.938893903907228e-18
7,2025-08-16,MEW,6.938893903907228e-18
7,2025-08-16,MNT,0.04159062040549799
7,2025-08-16,PYTH,6.938893903907228e-18
7,2025-08-16,SONIC,6.938893903907228e-18
7,2025-08-16,GAS,0.032073556016887085
7,2025-08-16,AKT,6.938893903907228e-18
7,2025-08-16,BIGTIME,6.938893903907228e-18
7,2025-08-16,DRIFT,6.938893903907228e-18
7,2025-08-23,XRP,6.938893903906834e-18
7,2025-08-23,BTC,0.25
7,2025-08-23,ETH,6.938893903906834e-18
7,2025-08-23,SOL,6.938893903906834e-18
7,2025-08-23,DOGE,6.938893903906834e-18
7,2025-08-23,AERGO,6.938893903906834e-18
7,2025-08-23,ADA,6.938893903906834e-18
7,2025-08-23,AUCTION,6.938893903906834e-18
7,2025-08-23,ONDO,6.938893903906834e-18
7,2025-08-23,SUI,6.938893903906834e-18
7,2025-08-23,VIRTUAL,6.938893903906834e-18
7,2025-08-23,ARDR,0.07508637518408212
7,2025-08-23,MOVE,6.938893903906834e-18
7,2025-08-23,AWE,0.04974994464775761
7,2025-08-23,XLM,6.938893903906834e-18
7,2025-08-23,AXS,6.938893903906834e-18
7,2025-08-23,SNT,0.05932194205150342
7,2025-08-23,QTUM,0.03418748521149838
7,2025-08-23,ANIME,6.938893903906834e-18
7,2025-08-23,PUNDIX,0.02595836783780474
7,2025-08-23,ARK,6.938893903906834e-18
7,2025-08-23,ENS,6.938893903906834e-18
7,2025-08-23,LINK,6.938893903906834e-18
7,2025-08-23,CRO,6.938893903906834e-18
7,2025-08-23,HBAR,6.938893903906834e-18
7,2025-08-23,VANA,6.938893903906834e-18
7,2025-08-23,SEI,6.938893903906834e-18
7,2025-08-23,STRAX,0.19279566035264045
7,2025-08-23,KNC,6.938893903906834e-18
7,2025-08-23,ME,6.938893903906834e-18
7,2025-08-23,SHIB,6.938893903906834e-18
7,2025-08-23,CBK,0.1155981319900497
7,2025-08-23,AQT,0.050022229547261335
7,2025-08-23,SAFE,6.938893903906834e-18
7,2025-08-23,GLM,6.938893903906834e-18
7,2025-08-23,PEPE,6.938893903906834e-18
7,2025-08-23,BONK,6.938893903906834e-18
7,2025-08-23,WAVES,0.042165078620423464
7,2025-08-23,MASK,6.938893903906834e-18
7,2025-08-23,ATH,6.938893903906834e-18
7,2025-08-23,TOKAMAK,0.07538278180994931
7,2025-08-23,CARV,0.029732002747029442
7,2025-08-23,MEW,6.938893903906834e-18
7,2025-08-23,MNT,6.938893903906834e-18
7,2025-08-23,PYTH,6.938893903906834e-18
7,2025-08-23,SONIC,6.938893903906834e-18
7,2025-08-23,GAS,6.938893903906834e-18
7,2025-08-23,AKT,6.938893903906834e-18
7,2025-08-23,BIGTIME,6.938893903906834e-18
7,2025-08-23,DRIFT,6.938893903906834e-18
7,2025-08-30,XRP,0.045357828440853974
7,2025-08-30,BTC,0.25
7,2025-08-30,ETH,1.90819582357433e-18
7,2025-08-30,SOL,1.90819582357433e-18
7,2025-08-30,DOGE,1.90819582357433e-18
7,2025-08-30,AERGO,0.02036846921731554
7,2025-08-30,ADA,1.90819582357433e-18
7,2025-08-30,AUCTION,1.90819582357433e-18
7,2025-08-30,ONDO,1.90819582357433e-18
7,2025-08-30,SUI,1.90819582357433e-18
7,2025-08-30,VIRTUAL,1.90819582357433e-18
7,2025-08-30,ARDR,0.09264358737147652
7,2025-08-30,MOVE,1.90819582357433e-18
7,2025-08-30,AWE,0.0887004244264036
7,2025-08-30,XLM,1.90819582357433e-18
7,2025-08-30,AXS,1.90819582357433e-18
7,2025-08-30,SNT,0.11199402679458594
7,2025-08-30,QTUM,0.007047208359746912
7,2025-08-30,ANIME,1.90819582357433e-18
7,2025-08-30,PUNDIX,1.90819582357433e-18
7,2025-08-30,ARK,1.90819582357433e-18
7,2025-08-30,ENS,1.90819582357433e-18
7,2025-08-30,LINK,1.90819582357433e-18
7,2025-08-30,CRO,1.90819582357433e-18
7,2025-08-30,HBAR,1.90819582357433e-18
7,2025-08-30,VANA,1.90819582357433e-18
7,2025-08-30,SEI,1.90819582357433e-18
7,2025-08-30,STRAX,0.1270031303829823
7,2025-08-30,KNC,1.90819582357433e-18
7,2025-08-30,ME,1.90819582357433e-18
7,2025-08-30,SHIB,1.90819582357433e-18
7,2025-08-30,CBK,0.06065171397284794
7,2025-08-30,AQT,0.042133271284985445
7,2025-08-30,SAFE,1.90819582357433e-18
7,2025-08-30,GLM,1.90819582357433e-18
7,2025-08-30,PEPE,1.90819582357433e-18
7,2025-08-30,BONK,1.90819582357433e-18
7,2025-08-30,WAVES,0.04777008811327335
7,2025-08-30,MASK,1.90819582357433e-18
7,2025-08-30,ATH,1.90819582357433e-18
7,2025-08-30,TOKAMAK,0.08561069563543217
7,2025-08-30,CARV,1.90819582357433e-18
7,2025-08-30,MEW,1.90819582357433e-18
7,2025-08-30,MNT,0.005281088208410931
7,2025-08-30,PYTH,1.90819582357433e-18
7,2025-08-30,SONIC,1.90819582357433e-18
7,2025-08-30,GAS,0.015438467791685482
7,2025-08-30,AKT,1.90819582357433e-18
7,2025-08-30,BIGTIME,1.90819582357433e-18
7,2025-08-30,DRIFT,1.90819582357433e-18
7,2025-09-06,XRP,6.938893903907228e-18
7,2025-09-06,BTC,0.25
7,2025-09-06,ETH,6.938893903907228e-18
7,2025-09-06,SOL,6.938893903907228e-18
7,2025-09-06,DOGE,6.938893903907228e-18
7,2025-09-06,AERGO,0.012777113990822861
7,2025-09-06,ADA,6.938893903907228e-18
7,2025-09-06,AUCTION,6.938893903907228e-18
7,2025-09-06,ONDO,6.938893903907228e-18
7,2025-09-06,SUI,6.938893903907228e-18
7,2025-09-06,VIRTUAL,6.938893903907228e-18
7,2025-09-06,ARDR,0.08691816375256911
7,2025-09-06,MOVE,6.938893903907228e-18
7,2025-09-06,AWE,0.06361633200843583
7,2025-09-06,XLM,6.938893903907228e-18
7,2025-09-06,AXS,6.938893903907228e-18
7,2025-09-06,SNT,0.1165560482729012
7,2025-09-06,QTUM,6.938893903907228e-18
7,2025-09-06,ANIME,6.938893903907228e-18
7,2025-09-06,PUNDIX,6.938893903907228e-18
7,2025-09-06,ARK,6.938893903907228e-18
7,2025-09-06,ENS,6.938893903907228e-18
7,2025-09-06,LINK,6.938893903907228e-18
7,2025-09-06,CRO,6.938893903907228e-18
7,2025-09-06,HBAR,6.938893903907228e-18
7,2025-09-06,VANA,6.938893903907228e-18
7,2025-09-06,SEI,6.938893903907228e-18
7,2025-09-06,STRAX,0.19416399889769848
7,2025-09-06,KNC,6.938893903907228e-18
7,2025-09-06,ME,6.938893903907228e-18
7,2025-09-06,SHIB,6.938893903907228e-18
7,2025-09-06,CBK,0.09893118988112012
7,2025-09-06,AQT,0.01934054653413644
7,2025-09-06,SAFE,6.938893903907228e-18
7,2025-09-06,GLM,6.938893903907228e-18
7,2025-09-06,PEPE,6.938893903907228e-18
7,2025-09-06,BONK,6.938893903907228e-18
7,2025-09-06,WAVES,0.032822498052147195
7,2025-09-06,MASK,6.938893903907228e-18
7,2025-09-06,ATH,6.938893903907228e-18
7,2025-09-06,TOKAMAK,0.08710511029878373
7,2025-09-06,CARV,6.938893903907228e-18
7,2025-09-06,MEW,6.938893903907228e-18
7,2025-09-06,MNT,0.027177244908200934
7,2025-09-06,PYTH,6.938893903907228e-18
7,2025-09-06,SONIC,6.938893903907228e-18
7,2025-09-06,GAS,0.010591753403183912
7,2025-09-06,AKT,6.938893903907228e-18
7,2025-09-06,BIGTIME,6.938893903907228e-18
7,2025-09-06,DRIFT,6.938893903907228e-18
7,2025-09-13,XRP,0.020059501408227008
7,2025-09-13,BTC,0.25
7,2025-09-13,ETH,1.1564823173176084e-18
7,2025-09-13,SOL,1.1564823173176084e-18
7,2025-09-13,DOGE,1.1564823173176084e-18
7,2025-09-13,AERGO,0.01599375787364602
7,2025-09-13,ADA,1.1564823173176084e-18
7,2025-09-13,AUCTION,1.1564823173176084e-18
7,2025-09-13,ONDO,1.1564823173176084e-18
7,2025-09-13,SUI,1.1564823173176084e-18
7,2025-09-13,VIRTUAL,1.1564823173176084e-18
7,2025-09-13,ARDR,0.0780646961523869
7,2025-09-13,MOVE,1.1564823173176084e-18
7,2025-09-13,AWE,0.021830202566911275
7,2025-09-13,XLM,1.1564823173176084e-18
7,2025-09-13,AXS,1.1564823173176084e-18
7,2025-09-13,SNT,0.1065485574329739
7,2025-09-13,QTUM,1.1564823173176084e-18
7,2025-09-13,ANIME,1.1564823173176084e-18
7,2025-09-13,PUNDIX,1.1564823173176084e-18
7,2025-09-13,ARK,1.1564823173176084e-18
7,2025-09-13,ENS,1.1564823173176084e-18
7,2025-09-13,LINK,1.1564823173176084e-18
7,2025-09-13,CRO,1.1564823173176084e-18
7,2025-09-13,HBAR,1.1564823173176084e-18
7,2025-09-13,VANA,1.1564823173176084e-18
7,2025-09-13,SEI,1.1564823173176084e-18
7,2025-09-13,STRAX,0.14465311168499972
7,2025-09-13,KNC,1.1564823173176084e-18
7,2025-09-13,ME,1.1564823173176084e-18
7,2025-09-13,SHIB,1.1564823173176084e-18
7,2025-09-13,CBK,0.0745707613955779
7,2025-09-13,AQT,0.06667083906929969
7,2025-09-13,SAFE,1.1564823173176084e-18
7,2025-09-13,GLM,1.1564823173176084e-18
7,2025-09-13,PEPE,1.1564823173176084e-18
7,2025-09-13,BONK,1.1564823173176084e-18
7,2025-09-13,WAVES,0.05265613766992621
7,2025-09-13,MASK,1.1564823173176084e-18
7,2025-09-13,ATH,1.1564823173176084e-18
7,2025-09-13,TOKAMAK,0.11167789512810808
7,2025-09-13,CARV,1.1564823173176084e-18
7,2025-09-13,MEW,1.1564823173176084e-18
7,2025-09-13,MNT,0.010562996407932521
7,2025-09-13,PYTH,1.1564823173176084e-18
7,2025-09-13,SONIC,1.1564823173176084e-18
7,2025-09-13,GAS,0.04671154321001088
7,2025-09-13,AKT,1.1564823173176084e-18
7,2025-09-13,BIGTIME,1.1564823173176084e-18
7,2025-09-13,DRIFT,1.1564823173176084e-18
7,2025-09-20,XRP,0.023206197411532497
7,2025-09-20,BTC,0.25
7,2025-09-20,ETH,1.1564823173176084e-18
7,2025-09-20,SOL,1.1564823173176084e-18
7,2025-09-20,DOGE,1.1564823173176084e-18
7,2025-09-20,AERGO,0.0204732342464677
7,2025-09-20,ADA,1.1564823173176084e-18
7,2025-09-20,AUCTION,1.1564823173176084e-18
7,2025-09-20,ONDO,1.1564823173176084e-18
7,2025-09-20,SUI,1.1564823173176084e-18
7,2025-09-20,VIRTUAL,1.1564823173176084e-18
7,2025-09-20,ARDR,0.0676879662145364
7,2025-09-20,MOVE,1.1564823173176084e-18
7,2025-09-20,AWE,0.005844549451198381
7,2025-09-20,XLM,1.1564823173176084e-18
7,2025-09-20,AXS,1.1564823173176084e-18
7,2025-09-20,SNT,0.09145120774848241
7,2025-09-20,QTUM,1.1564823173176084e-18
7,2025-09-20,ANIME,1.1564823173176084e-18
7,2025-09-20,PUNDIX,1.1564823173176084e-18
7,2025-09-20,ARK,1.1564823173176084e-18
7,2025-09-20,ENS,1.1564823173176084e-18
7,2025-09-20,LINK,1.1564823173176084e-18
7,2025-09-20,CRO,1.1564823173176084e-18
7,2025-09-20,HBAR,1.1564823173176084e-18
7,2025-09-20,VANA,1.1564823173176084e-18
7,2025-09-20,SEI,1.1564823173176084e-18
7,2025-09-20,STRAX,0.15058299767004724
7,2025-09-20,KNC,1.1564823173176084e-18
7,2025-09-20,ME,1.1564823173176084e-18
7,2025-09-20,SHIB,1.1564823173176084e-18
7,2025-09-20,CBK,0.08575177432469319
7,2025-09-20,AQT,0.0748478318324063
7,2025-09-20,SAFE,1.1564823173176084e-18
7,2025-09-20,GLM,1.1564823173176084e-18
7,2025-09-20,PEPE,1.1564823173176084e-18
7,2025-09-20,BONK,1.1564823173176084e-18
7,2025-09-20,WAVES,0.05221914592794414
7,2025-09-20,MASK,1.1564823173176084e-18
7,2025-09-20,ATH,1.1564823173176084e-18
7,2025-09-20,TOKAMAK,0.13737102890568154
7,2025-09-20,CARV,1.1564823173176084e-18
7,2025-09-20,MEW,1.1564823173176084e-18
7,2025-09-20,MNT,6.481480771269243e-05
7,2025-09-20,PYTH,1.1564823173176084e-18
7,2025-09-20,SONIC,1.1564823173176084e-18
7,2025-09-20,GAS,0.04049925145929754
7,2025-09-20,AKT,1.1564823173176084e-18
7,2025-09-20,BIGTIME,1.1564823173176084e-18
7,2025-09-20,DRIFT,1.1564823173176084e-18
7,2025-09-27,XRP,0.02954670276150634
7,2025-09-27,BTC,0.25
7,2025-09-27,ETH,6.9388939039064395e-18
7,2025-09-27,SOL,6.9388939039064395e-18
7,2025-09-27,DOGE,6.9388939039064395e-18
7,2025-09-27,AERGO,0.021646285107413392
7,2025-09-27,ADA,6.9388939039064395e-18
7,2025-09-27,AUCTION,6.9388939039064395e-18
7,2025-09-27,ONDO,6.9388939039064395e-18
7,2025-09-27,SUI,6.9388939039064395e-18
7,2025-09-27,VIRTUAL,6.9388939039064395e-18
7,2025-09-27,ARDR,0.0955728831062871
7,2025-09-27,MOVE,6.9388939039064395e-18
7,2025-09-27,AWE,0.00983155436822573
7,2025-09-27,XLM,6.9388939039064395e-18
7,2025-09-27,AXS,6.9388939039064395e-18
7,2025-09-27,SNT,0.1343686091317611
7,2025-09-27,QTUM,6.9388939039064395e-18
7,2025-09-27,ANIME,6.9388939039064395e-18
7,2025-09-27,PUNDIX,6.9388939039064395e-18
7,2025-09-27,ARK,6.9388939039064395e-18
7,2025-09-27,ENS,6.9388939039064395e-18
7,2025-09-27,LINK,6.9388939039064395e-18
7,2025-09-27,CRO,6.9388939039064395e-18
7,2025-09-27,HBAR,6.9388939039064395e-18
7,2025-09-27,VANA,6.9388939039064395e-18
7,2025-09-27,SEI,6.9388939039064395e-18
7,2025-09-27,STRAX,0.17939303971060735
7,2025-09-27,KNC,6.9388939039064395e-18
7,2025-09-27,ME,6.9388939039064395e-18
7,2025-09-27,SHIB,6.9388939039064395e-18
7,2025-09-27,CBK,0.09197504811581424
7,2025-09-27,AQT,0.07269325441143593
7,2025-09-27,SAFE,6.9388939039064395e-18
7,2025-09-27,GLM,0.0005978775479296063
7,2025-09-27,PEPE,6.9388939039064395e-18
7,2025-09-27,BONK,6.9388939039064395e-18
7,2025-09-27,WAVES,0.06647185438809364
7,2025-09-27,MASK,6.9388939039064395e-18
7,2025-09-27,ATH,0.0010966716860515372
7,2025-09-27,TOKAMAK,0.013396640840050364
7,2025-09-27,CARV,6.9388939039064395e-18
7,2025-09-27,MEW,6.9388939039064395e-18
7,2025-09-27,MNT,6.9388939039064395e-18
7,2025-09-27,PYTH,6.9388939039064395e-18
7,2025-09-27,SONIC,6.9388939039064395e-18
7,2025-09-27,GAS,0.033409578824823614
7,2025-09-27,AKT,6.9388939039064395e-18
7,2025-09-27,BIGTIME,6.9388939039064395e-18
7,2025-09-27,DRIFT,6.9388939039064395e-18
7,2025-10-04,XRP,0.02915176728535074
7,2025-10-04,BTC,0.25
7,2025-10-04,ETH,6.9388939039064395e-18
7,2025-10-04,SOL,6.9388939039064395e-18
7,2025-10-04,DOGE,6.9388939039064395e-18
7,2025-10-04,AERGO,0.02332793205080741
7,2025-10-04,ADA,6.9388939039064395e-18
7,2025-10-04,AUCTION,6.9388939039064395e-18
7,2025-10-04,ONDO,6.9388939039064395e-18
7,2025-10-04,SUI,6.9388939039064395e-18
7,2025-10-04,VIRTUAL,6.9388939039064395e-18
7,2025-10-04,ARDR,0.0665700387611585
7,2025-10-04,MOVE,6.9388939039064395e-18
7,2025-10-04,AWE,0.003234105249913194
7,2025-10-04,XLM,6.9388939039064395e-18
7,2025-10-04,AXS,6.9388939039064395e-18
7,2025-10-04,SNT,0.13923990106238435
7,2025-10-04,QTUM,6.9388939039064395e-18
7,2025-10-04,ANIME,6.9388939039064395e-18
7,2025-10-04,PUNDIX,0.016402728093850873
7,2025-10-04,ARK,6.9388939039064395e-18
7,2025-10-04,ENS,6.9388939039064395e-18
7,2025-10-04,LINK,6.9388939039064395e-18
7,2025-10-04,CRO,6.9388939039064395e-18
7,2025-10-04,HBAR,6.9388939039064395e-18
7,2025-10-04,VANA,6.9388939039064395e-18
7,2025-10-04,SEI,6.9388939039064395e-18
7,2025-10-04,STRAX,0.14068089977492362
7,2025-10-04,KNC,6.9388939039064395e-18
7,2025-10-04,ME,6.9388939039064395e-18
7,2025-10-04,SHIB,6.9388939039064395e-18
7,2025-10-04,CBK,0.03436412678118929
7,2025-10-04,AQT,0.10677103027356492
7,2025-10-04,SAFE,6.9388939039064395e-18
7,2025-10-04,GLM,0.025455273609329216
7,2025-10-04,PEPE,6.9388939039064395e-18
7,2025-10-04,BONK,6.9388939039064395e-18
7,2025-10-04,WAVES,0.027739353543249766
7,2025-10-04,MASK,0.0014367787786132898
7,2025-10-04,ATH,6.9388939039064395e-18
7,2025-10-04,TOKAMAK,0.045611869417149356
7,2025-10-04,CARV,6.9388939039064395e-18
7,2025-10-04,MEW,6.9388939039064395e-18
7,2025-10-04,MNT,0.006125470582869453
7,2025-10-04,PYTH,6.9388939039064395e-18
7,2025-10-04,SONIC,6.9388939039064395e-18
7,2025-10-04,GAS,0.08388872473564606
7,2025-10-04,AKT,6.9388939039064395e-18
7,2025-10-04,BIGTIME,6.9388939039064395e-18
7,2025-10-04,DRIFT,6.9388939039064395e-18
7,2025-10-11,XRP,4.625929269271223e-18
7,2025-10-11,BTC,0.25
7,2025-10-11,ETH,0.164251428630653
7,2025-10-11,SOL,4.625929269271223e-18
7,2025-10-11,DOGE,4.625929269271223e-18
7,2025-10-11,AERGO,4.625929269271223e-18
7,2025-10-11,ADA,4.625929269271223e-18
7,2025-10-11,AUCTION,4.625929269271223e-18
7,2025-10-11,ONDO,4.625929269271223e-18
7,2025-10-11,SUI,4.625929269271223e-18
7,2025-10-11,VIRTUAL,4.625929269271223e-18
7,2025-10-11,ARDR,0.15171976507200746
7,2025-10-11,MOVE,4.625929269271223e-18
7,2025-10-11,AWE,4.625929269271223e-18
7,2025-10-11,XLM,4.625929269271223e-18
7,2025-10-11,AXS,4.625929269271223e-18
7,2025-10-11,SNT,4.625929269271223e-18
7,2025-10-11,QTUM,4.625929269271223e-18
7,2025-10-11,ANIME,4.625929269271223e-18
7,2025-10-11,PUNDIX,4.625929269271223e-18
7,2025-10-11,ARK,4.625929269271223e-18
7,2025-10-11,ENS,4.625929269271223e-18
7,2025-10-11,LINK,4.625929269271223e-18
7,2025-10-11,CRO,4.625929269271223e-18
7,2025-10-11,HBAR,4.625929269271223e-18
7,2025-10-11,VANA,4.625929269271223e-18
7,2025-10-11,SEI,4.625929269271223e-18
7,2025-10-11,STRAX,0.25
7,2025-10-11,KNC,4.625929269271223e-18
7,2025-10-11,ME,4.625929269271223e-18
7,2025-10-11,SHIB,4.625929269271223e-18
7,2025-10-11,CBK,4.625929269271223e-18
7,2025-10-11,AQT,0.18402880629733948
7,2025-10-11,SAFE,4.625929269271223e-18
7,2025-10-11,GLM,4.625929269271223e-18
7,2025-10-11,PEPE,4.625929269271223e-18
7,2025-10-11,BONK,4.625929269271223e-18
7,2025-10-11,WAVES,4.625929269271223e-18
7,2025-10-11,MASK,4.625929269271223e-18
7,2025-10-11,ATH,4.625929269271223e-18
7,2025-10-11,TOKAMAK,4.625929269271223e-18
7,2025-10-11,CARV,4.625929269271223e-18
7,2025-10-11,MEW,4.625929269271223e-18
7,2025-10-11,MNT,4.625929269271223e-18
7,2025-10-11,PYTH,4.625929269271223e-18
7,2025-10-11,SONIC,4.625929269271223e-18
7,2025-10-11,GAS,4.625929269271223e-18
7,2025-10-11,AKT,4.625929269271223e-18
7,2025-10-11,BIGTIME,4.625929269271223e-18
7,2025-10-11,DRIFT,4.625929269271223e-18
7,2025-10-18,XRP,0.08111519156742017
7,2025-10-18,BTC,0.25
7,2025-10-18,ETH,0.06155045278962414
7,2025-10-18,SOL,6.938893903907228e-18
7,2025-10-18,DOGE,6.938893903907228e-18
7,2025-10-18,AERGO,6.938893903907228e-18
7,2025-10-18,ADA,6.938893903907228e-18
7,2025-10-18,AUCTION,6.938893903907228e-18
7,2025-10-18,ONDO,6.938893903907228e-18
7,2025-10-18,SUI,6.938893903907228e-18
7,2025-10-18,VIRTUAL,6.938893903907228e-18
7,2025-10-18,ARDR,0.1629709360188284
7,2025-10-18,MOVE,6.938893903907228e-18
7,2025-10-18,AWE,0.010441071408695247
7,2025-10-18,XLM,6.938893903907228e-18
7,2025-10-18,AXS,6.938893903907228e-18
7,2025-10-18,SNT,0.03751598574609689
7,2025-10-18,QTUM,6.938893903907228e-18
7,2025-10-18,ANIME,6.938893903907228e-18
7,2025-10-18,PUNDIX,0.004673710980920798
7,2025-10-18,ARK,6.938893903907228e-18
7,2025-10-18,ENS,6.938893903907228e-18
7,2025-10-18,LINK,6.938893903907228e-18
7,2025-10-18,CRO,6.938893903907228e-18
7,2025-10-18,HBAR,6.938893903907228e-18
7,2025-10-18,VANA,6.938893903907228e-18
7,2025-10-18,SEI,6.938893903907228e-18
7,2025-10-18,STRAX,0.09657189158172172
7,2025-10-18,KNC,6.938893903907228e-18
7,2025-10-18,ME,6.938893903907228e-18
7,2025-10-18,SHIB,6.938893903907228e-18
7,2025-10-18,CBK,0.06410818253812878
7,2025-10-18,AQT,0.09902291860613122
7,2025-10-18,SAFE,6.938893903907228e-18
7,2025-10-18,GLM,0.0019056222802499717
7,2025-10-18,PEPE,6.938893903907228e-18
7,2025-10-18,BONK,6.938893903907228e-18
7,2025-10-18,WAVES,0.035482562866728164
7,2025-10-18,MASK,6.938893903907228e-18
7,2025-10-18,ATH,6.938893903907228e-18
7,2025-10-18,TOKAMAK,0.0946414736154545
7,2025-10-18,CARV,6.938893903907228e-18
7,2025-10-18,MEW,6.938893903907228e-18
7,2025-10-18,MNT,6.938893903907228e-18
7,2025-10-18,PYTH,6.938893903907228e-18
7,2025-10-18,SONIC,6.938893903907228e-18
7,2025-10-18,GAS,6.938893903907228e-18
7,2025-10-18,AKT,6.938893903907228e-18
7,2025-10-18,BIGTIME,6.938893903907228e-18
7,2025-10-18,DRIFT,6.938893903907228e-18
7,2025-10-25,XRP,0.0497086977005737
7,2025-10-25,BTC,0.25
7,2025-10-25,ETH,0.05321795284553124
7,2025-10-25,SOL,2.1684043449706144e-18
7,2025-10-25,DOGE,2.1684043449706144e-18
7,2025-10-25,AERGO,2.1684043449706144e-18
7,2025-10-25,ADA,2.1684043449706144e-18
7,2025-10-25,AUCTION,2.1684043449706144e-18
7,2025-10-25,ONDO,2.1684043449706144e-18
7,2025-10-25,SUI,2.1684043449706144e-18
7,2025-10-25,VIRTUAL,2.1684043449706144e-18
7,2025-10-25,ARDR,0.12477505321938281
7,2025-10-25,MOVE,2.1684043449706144e-18
7,2025-10-25,AWE,2.1684043449706144e-18
7,2025-10-25,XLM,2.1684043449706144e-18
7,2025-10-25,AXS,2.1684043449706144e-18
7,2025-10-25,SNT,0.014666788154429528
7,2025-10-25,QTUM,2.1684043449706144e-18
7,2025-10-25,ANIME,2.1684043449706144e-18
7,2025-10-25,PUNDIX,0.0179357147177095
7,2025-10-25,ARK,2.1684043449706144e-18
7,2025-10-25,ENS,2.1684043449706144e-18
7,2025-10-25,LINK,2.1684043449706144e-18
7,2025-10-25,CRO,2.1684043449706144e-18
7,2025-10-25,HBAR,2.1684043449706144e-18
7,2025-10-25,VANA,2.1684043449706144e-18
7,2025-10-25,SEI,2.1684043449706144e-18
7,2025-10-25,STRAX,0.10777310096081699
7,2025-10-25,KNC,2.1684043449706144e-18
7,2025-10-25,ME,2.1684043449706144e-18
7,2025-10-25,SHIB,2.1684043449706144e-18
7,2025-10-25,CBK,0.14265992998749383
7,2025-10-25,AQT,0.09507468532179368
7,2025-10-25,SAFE,2.1684043449706144e-18
7,2025-10-25,GLM,2.1684043449706144e-18
7,2025-10-25,PEPE,2.1684043449706144e-18
7,2025-10-25,BONK,2.1684043449706144e-18
7,2025-10-25,WAVES,0.031177573301775664
7,2025-10-25,MASK,2.1684043449706144e-18
7,2025-10-25,ATH,2.1684043449706144e-18
7,2025-10-25,TOKAMAK,0.11301050379049321
7,2025-10-25,CARV,2.1684043449706144e-18
7,2025-10-25,MEW,2.1684043449706144e-18
7,2025-10-25,MNT,2.1684043449706144e-18
7,2025-10-25,PYTH,2.1684043449706144e-18
7,2025-10-25,SONIC,2.1684043449706144e-18
7,2025-10-25,GAS,2.1684043449706144e-18
7,2025-10-25,AKT,2.1684043449706144e-18
7,2025-10-25,BIGTIME,2.1684043449706144e-18
7,2025-10-25,DRIFT,2.1684043449706144e-18
7,2025-11-01,XRP,0.03863795882481627
7,2025-11-01,BTC,0.25
7,2025-11-01,ETH,0.03260630627977402
7,2025-11-01,SOL,5.782411586588042e-19
7,2025-11-01,DOGE,5.782411586588042e-19
7,2025-11-01,AERGO,5.782411586588042e-19
7,2025-11-01,ADA,5.782411586588042e-19
7,2025-11-01,AUCTION,5.782411586588042e-19
7,2025-11-01,ONDO,5.782411586588042e-19
7,2025-11-01,SUI,5.782411586588042e-19
7,2025-11-01,VIRTUAL,5.782411586588042e-19
7,2025-11-01,ARDR,0.12130814791914861
7,2025-11-01,MOVE,5.782411586588042e-19
7,2025-11-01,AWE,5.782411586588042e-19
7,2025-11-01,XLM,5.782411586588042e-19
7,2025-11-01,AXS,5.782411586588042e-19
7,2025-11-01,SNT,0.03228601696085861
7,2025-11-01,QTUM,5.782411586588042e-19
7,2025-11-01,ANIME,5.782411586588042e-19
7,2025-11-01,PUNDIX,5.782411586588042e-19
7,2025-11-01,ARK,5.782411586588042e-19
7,2025-11-01,ENS,5.782411586588042e-19
7,2025-11-01,LINK,5.782411586588042e-19
7,2025-11-01,CRO,5.782411586588042e-19
7,2025-11-01,HBAR,5.782411586588042e-19
7,2025-11-01,VANA,5.782411586588042e-19
7,2025-11-01,SEI,5.782411586588042e-19
7,2025-11-01,STRAX,0.12995189530145196
7,2025-11-01,KNC,5.782411586588042e-19
7,2025-11-01,ME,5.782411586588042e-19
7,2025-11-01,SHIB,5.782411586588042e-19
7,2025-11-01,CBK,0.10809326369468318
7,2025-11-01,AQT,0.11956654403310162
7,2025-11-01,SAFE,5.782411586588042e-19
7,2025-11-01,GLM,5.782411586588042e-19
7,2025-11-01,PEPE,5.782411586588042e-19
7,2025-11-01,BONK,5.782411586588042e-19
7,2025-11-01,WAVES,0.03652594907693166
7,2025-11-01,MASK,5.782411586588042e-19
7,2025-11-01,ATH,5.782411586588042e-19
7,2025-11-01,TOKAMAK,0.12642935465836855
7,2025-11-01,CARV,0.004594563250865589
7,2025-11-01,MEW,5.782411586588042e-19
7,2025-11-01,MNT,5.782411586588042e-19
7,2025-11-01,PYTH,5.782411586588042e-19
7,2025-11-01,SONIC,5.782411586588042e-19
7,2025-11-01,GAS,5.782411586588042e-19
7,2025-11-01,AKT,5.782411586588042e-19
7,2025-11-01,BIGTIME,5.782411586588042e-19
7,2025-11-01,DRIFT,5.782411586588042e-19
7,2025-11-08,XRP,3.469446951953614e-18
7,2025-11-08,BTC,0.25
7,2025-11-08,ETH,0.12022457315821984
7,2025-11-08,SOL,3.469446951953614e-18
7,2025-11-08,DOGE,3.469446951953614e-18
7,2025-11-08,AERGO,3.469446951953614e-18
7,2025-11-08,ADA,3.469446951953614e-18
7,2025-11-08,AUCTION,3.469446951953614e-18
7,2025-11-08,ONDO,3.469446951953614e-18
7,2025-11-08,SUI,3.469446951953614e-18
7,2025-11-08,VIRTUAL,3.469446951953614e-18
7,2025-11-08,ARDR,0.033208378284994525
7,2025-11-08,MOVE,3.469446951953614e-18
7,2025-11-08,AWE,3.469446951953614e-18
7,2025-11-08,XLM,3.469446951953614e-18
7,2025-11-08,AXS,3.469446951953614e-18
7,2025-11-08,SNT,0.11289682331333524
7,2025-11-08,QTUM,3.469446951953614e-18
7,2025-11-08,ANIME,3.469446951953614e-18
7,2025-11-08,PUNDIX,0.03121594526051826
7,2025-11-08,ARK,3.469446951953614e-18
7,2025-11-08,ENS,3.469446951953614e-18
7,2025-11-08,LINK,3.469446951953614e-18
7,2025-11-08,CRO,3.469446951953614e-18
7,2025-11-08,HBAR,3.469446951953614e-18
7,2025-11-08,VANA,3.469446951953614e-18
7,2025-11-08,SEI,3.469446951953614e-18
7,2025-11-08,STRAX,0.07186432140478886
7,2025-11-08,KNC,3.469446951953614e-18
7,2025-11-08,ME,3.469446951953614e-18
7,2025-11-08,SHIB,3.469446951953614e-18
7,2025-11-08,CBK,0.14569830092790953
7,2025-11-08,AQT,0.1110517694776169
7,2025-11-08,SAFE,3.469446951953614e-18
7,2025-11-08,GLM,3.469446951953614e-18
7,2025-11-08,PEPE,3.469446951953614e-18
7,2025-11-08,BONK,3.469446951953614e-18
7,2025-11-08,WAVES,0.015825540998864962
7,2025-11-08,MASK,3.469446951953614e-18
7,2025-11-08,ATH,3.469446951953614e-18
7,2025-11-08,TOKAMAK,0.10801434717375194
7,2025-11-08,CARV,3.469446951953614e-18
7,2025-11-08,MEW,3.469446951953614e-18
7,2025-11-08,MNT,3.469446951953614e-18
7,2025-11-08,PYTH,3.469446951953614e-18
7,2025-11-08,SONIC,3.469446951953614e-18
7,2025-11-08,GAS,3.469446951953614e-18
7,2025-11-08,AKT,3.469446951953614e-18
7,2025-11-08,BIGTIME,3.469446951953614e-18
7,2025-11-08,DRIFT,3.469446951953614e-18
7,2025-11-15,XRP,0.13203687030018774
7,2025-11-15,BTC,0.25
7,2025-11-15,ETH,0.07097812633279285
7,2025-11-15,SOL,6.9388939039064395e-18
7,2025-11-15,DOGE,6.9388939039064395e-18
7,2025-11-15,AERGO,6.9388939039064395e-18
7,2025-11-15,ADA,6.9388939039064395e-18
7,2025-11-15,AUCTION,6.9388939039064395e-18
7,2025-11-15,ONDO,6.9388939039064395e-18
7,2025-11-15,SUI,6.9388939039064395e-18
7,2025-11-15,VIRTUAL,6.9388939039064395e-18
7,2025-11-15,ARDR,0.033126202461712696
7,2025-11-15,MOVE,6.9388939039064395e-18
7,2025-11-15,AWE,6.9388939039064395e-18
7,2025-11-15,XLM,6.9388939039064395e-18
7,2025-11-15,AXS,6.9388939039064395e-18
7,2025-11-15,SNT,0.12632574088266918
7,2025-11-15,QTUM,6.9388939039064395e-18
7,2025-11-15,ANIME,6.9388939039064395e-18
7,2025-11-15,PUNDIX,0.016710049350732944
7,2025-11-15,ARK,6.9388939039064395e-18
7,2025-11-15,ENS,6.9388939039064395e-18
7,2025-11-15,LINK,6.9388939039064395e-18
7,2025-11-15,CRO,6.9388939039064395e-18
7,2025-11-15,HBAR,6.9388939039064395e-18
7,2025-11-15,VANA,6.9388939039064395e-18
7,2025-11-15,SEI,6.9388939039064395e-18
7,2025-11-15,STRAX,0.048796524852956345
7,2025-11-15,KNC,6.9388939039064395e-18
7,2025-11-15,ME,6.9388939039064395e-18
7,2025-11-15,SHIB,0.01040161471357894
7,2025-11-15,CBK,0.06170433638578303
7,2025-11-15,AQT,0.021113804026860448
7,2025-11-15,SAFE,6.9388939039064395e-18
7,2025-11-15,GLM,0.02666957472367908
7,2025-11-15,PEPE,6.9388939039064395e-18
7,2025-11-15,BONK,6.9388939039064395e-18
7,2025-11-15,WAVES,0.070224000267987
7,2025-11-15,MASK,6.9388939039064395e-18
7,2025-11-15,ATH,6.9388939039064395e-18
7,2025-11-15,TOKAMAK,0.13191315570105971
7,2025-11-15,CARV,6.9388939039064395e-18
7,2025-11-15,MEW,6.9388939039064395e-18
7,2025-11-15,MNT,6.9388939039064395e-18
7,2025-11-15,PYTH,6.9388939039064395e-18
7,2025-11-15,SONIC,6.9388939039064395e-18
7,2025-11-15,GAS,6.9388939039064395e-18
7,2025-11-15,AKT,6.9388939039064395e-18
7,2025-11-15,BIGTIME,6.9388939039064395e-18
7,2025-11-15,DRIFT,6.9388939039064395e-18
7,2025-11-22,XRP,3.4694469519528253e-18
7,2025-11-22,BTC,0.25
7,2025-11-22,ETH,0.005275458244306145
7,2025-11-22,SOL,3.4694469519528253e-18
7,2025-11-22,DOGE,3.4694469519528253e-18
7,2025-11-22,AERGO,3.4694469519528253e-18
7,2025-11-22,ADA,3.4694469519528253e-18
7,2025-11-22,AUCTION,3.4694469519528253e-18
7,2025-11-22,ONDO,3.4694469519528253e-18
7,2025-11-22,SUI,3.4694469519528253e-18
7,2025-11-22,VIRTUAL,3.4694469519528253e-18
7,2025-11-22,ARDR,0.06757552078766846
7,2025-11-22,MOVE,3.4694469519528253e-18
7,2025-11-22,AWE,3.4694469519528253e-18
7,2025-11-22,XLM,3.4694469519528253e-18
7,2025-11-22,AXS,3.4694469519528253e-18
7,2025-11-22,SNT,0.10000522209642959
7,2025-11-22,QTUM,3.4694469519528253e-18
7,2025-11-22,ANIME,0.0031326258310681782
7,2025-11-22,PUNDIX,0.025948831351719503
7,2025-11-22,ARK,3.4694469519528253e-18
7,2025-11-22,ENS,3.4694469519528253e-18
7,2025-11-22,LINK,3.4694469519528253e-18
7,2025-11-22,CRO,3.4694469519528253e-18
7,2025-11-22,HBAR,3.4694469519528253e-18
7,2025-11-22,VANA,3.4694469519528253e-18
7,2025-11-22,SEI,3.4694469519528253e-18
7,2025-11-22,STRAX,0.02038286027102893
7,2025-11-22,KNC,3.4694469519528253e-18
7,2025-11-22,ME,3.4694469519528253e-18
7,2025-11-22,SHIB,3.4694469519528253e-18
7,2025-11-22,CBK,0.18736658823507255
7,2025-11-22,AQT,0.1277505745345583
7,2025-11-22,SAFE,3.4694469519528253e-18
7,2025-11-22,GLM,0.030784659292132262
7,2025-11-22,PEPE,3.4694469519528253e-18
7,2025-11-22,BONK,3.4694469519528253e-18
7,2025-11-22,WAVES,0.018448190094082658
7,2025-11-22,MASK,3.4694469519528253e-18
7,2025-11-22,ATH,3.4694469519528253e-18
7,2025-11-22,TOKAMAK,0.16332946926193354
7,2025-11-22,CARV,3.4694469519528253e-18
7,2025-11-22,MEW,3.4694469519528253e-18
7,2025-11-22,MNT,3.4694469519528253e-18
7,2025-11-22,PYTH,3.4694469519528253e-18
7,2025-11-22,SONIC,3.4694469519528253e-18
7,2025-11-22,GAS,3.4694469519528253e-18
7,2025-11-22,AKT,3.4694469519528253e-18
7,2025-11-22,BIGTIME,3.4694469519528253e-18
7,2025-11-22,DRIFT,3.4694469519528253e-18
7,2025-11-29,XRP,0.020448198281421366
7,2025-11-29,BTC,0.25
7,2025-11-29,ETH,6.071532165918825e-18
7,2025-11-29,SOL,6.071532165918825e-18
7,2025-11-29,DOGE,6.071532165918825e-18
7,2025-11-29,AERGO,6.071532165918825e-18
7,2025-11-29,ADA,6.071532165918825e-18
7,2025-11-29,AUCTION,0.003067135583443887
7,2025-11-29,ONDO,6.071532165918825e-18
7,2025-11-29,SUI,6.071532165918825e-18
7,2025-11-29,VIRTUAL,6.071532165918825e-18
7,2025-11-29,ARDR,0.0822643738710948
7,2025-11-29,MOVE,6.071532165918825e-18
7,2025-11-29,AWE,6.071532165918825e-18
7,2025-11-29,XLM,6.071532165918825e-18
7,2025-11-29,AXS,6.071532165918825e-18
7,2025-11-29,SNT,0.07899941809336086
7,2025-11-29,QTUM,6.071532165918825e-18
7,2025-11-29,ANIME,6.071532165918825e-18
7,2025-11-29,PUNDIX,0.0486550515910236
7,2025-11-29,ARK,6.071532165918825e-18
7,2025-11-29,ENS,6.071532165918825e-18
7,2025-11-29,LINK,6.071532165918825e-18
7,2025-11-29,CRO,6.071532165918825e-18
7,2025-11-29,HBAR,6.071532165918825e-18
7,2025-11-29,VANA,6.071532165918825e-18
7,2025-11-29,SEI,6.071532165918825e-18
7,2025-11-29,STRAX,0.027689762708636538
7,2025-11-29,KNC,6.071532165918825e-18
7,2025-11-29,ME,6.071532165918825e-18
7,2025-11-29,SHIB,6.071532165918825e-18
7,2025-11-29,CBK,0.16537597026270784
7,2025-11-29,AQT,0.12322855367992178
7,2025-11-29,SAFE,6.071532165918825e-18
7,2025-11-29,GLM,0.015851718452129477
7,2025-11-29,PEPE,6.071532165918825e-18
7,2025-11-29,BONK,6.071532165918825e-18
7,2025-11-29,WAVES,0.013654290544565614
7,2025-11-29,MASK,6.071532165918825e-18
7,2025-11-29,ATH,6.071532165918825e-18
7,2025-11-29,TOKAMAK,0.12372616288677146
7,2025-11-29,CARV,0.005768004482854244
7,2025-11-29,MEW,6.071532165918825e-18
7,2025-11-29,MNT,6.071532165918825e-18
7,2025-11-29,PYTH,6.071532165918825e-18
7,2025-11-29,SONIC,0.0069343083382170075
7,2025-11-29,GAS,0.03433705122385151
7,2025-11-29,AKT,6.071532165918825e-18
7,2025-11-29,BIGTIME,6.071532165918825e-18
7,2025-11-29,DRIFT,6.071532165918825e-18
7,2025-12-06,XRP,0.008995306155530501
7,2025-12-06,BTC,0.25
7,2025-12-06,ETH,1.1564823173176084e-18
7,2025-12-06,SOL,1.1564823173176084e-18
7,2025-12-06,DOGE,1.1564823173176084e-18
7,2025-12-06,AERGO,1.1564823173176084e-18
7,2025-12-06,ADA,1.1564823173176084e-18
7,2025-12-06,AUCTION,0.010086421164152563
7,2025-12-06,ONDO,1.1564823173176084e-18
7,2025-12-06,SUI,1.1564823173176084e-18
7,2025-12-06,VIRTUAL,1.1564823173176084e-18
7,2025-12-06,ARDR,0.04990045380590659
7,2025-12-06,MOVE,1.1564823173176084e-18
7,2025-12-06,AWE,0.011926215070120627
7,2025-12-06,XLM,1.1564823173176084e-18
7,2025-12-06,AXS,1.1564823173176084e-18
7,2025-12-06,SNT,0.05990888495941167
7,2025-12-06,QTUM,1.1564823173176084e-18
7,2025-12-06,ANIME,1.1564823173176084e-18
7,2025-12-06,PUNDIX,0.030811689332316594
7,2025-12-06,ARK,1.1564823173176084e-18
7,2025-12-06,ENS,1.1564823173176084e-18
7,2025-12-06,LINK,1.1564823173176084e-18
7,2025-12-06,CRO,1.1564823173176084e-18
7,2025-12-06,HBAR,1.1564823173176084e-18
7,2025-12-06,VANA,1.1564823173176084e-18
7,2025-12-06,SEI,1.1564823173176084e-18
7,2025-12-06,STRAX,0.03177490029967381
7,2025-12-06,KNC,0.0872277969423582
7,2025-12-06,ME,1.1564823173176084e-18
7,2025-12-06,SHIB,0.006189620755995857
7,2025-12-06,CBK,0.1547797675444303
7,2025-12-06,AQT,0.1283700409892108
7,2025-12-06,SAFE,1.1564823173176084e-18
7,2025-12-06,GLM,1.1564823173176084e-18
7,2025-12-06,PEPE,1.1564823173176084e-18
7,2025-12-06,BONK,1.1564823173176084e-18
7,2025-12-06,WAVES,0.025386042061758294
7,2025-12-06,MASK,1.1564823173176084e-18
7,2025-12-06,ATH,1.1564823173176084e-18
7,2025-12-06,TOKAMAK,0.14464286091913434
7,2025-12-06,CARV,1.1564823173176084e-18
7,2025-12-06,MEW,1.1564823173176084e-18
7,2025-12-06,MNT,1.1564823173176084e-18
7,2025-12-06,PYTH,1.1564823173176084e-18
7,2025-12-06,SONIC,1.1564823173176084e-18
7,2025-12-06,GAS,1.1564823173176084e-18
7,2025-12-06,AKT,1.1564823173176084e-18
7,2025-12-06,BIGTIME,1.1564823173176084e-18
7,2025-12-06,DRIFT,1.1564823173176084e-18
7,2025-12-13,XRP,6.938893903907228e-18
7,2025-12-13,BTC,0.25
7,2025-12-13,ETH,6.938893903907228e-18
7,2025-12-13,SOL,6.938893903907228e-18
7,2025-12-13,DOGE,6.938893903907228e-18
7,2025-12-13,AERGO,6.938893903907228e-18
7,2025-12-13,ADA,6.938893903907228e-18
7,2025-12-13,AUCTION,6.938893903907228e-18
7,2025-12-13,ONDO,6.938893903907228e-18
7,2025-12-13,SUI,6.938893903907228e-18
7,2025-12-13,VIRTUAL,6.938893903907228e-18
7,2025-12-13,ARDR,0.08974682605146447
7,2025-12-13,MOVE,6.938893903907228e-18
7,2025-12-13,AWE,0.011536271353330976
7,2025-12-13,XLM,6.938893903907228e-18
7,2025-12-13,AXS,6.938893903907228e-18
7,2025-12-13,SNT,0.06112187202558005
7,2025-12-13,QTUM,6.938893903907228e-18
7,2025-12-13,ANIME,6.938893903907228e-18
7,2025-12-13,PUNDIX,0.031270437804861155
7,2025-12-13,ARK,6.938893903907228e-18
7,2025-12-13,ENS,6.938893903907228e-18
7,2025-12-13,LINK,6.938893903907228e-18
7,2025-12-13,CRO,6.938893903907228e-18
7,2025-12-13,HBAR,6.938893903907228e-18
7,2025-12-13,VANA,6.938893903907228e-18
7,2025-12-13,SEI,6.938893903907228e-18
7,2025-12-13,STRAX,0.027226582152239463
7,2025-12-13,KNC,0.11580501454674008
7,2025-12-13,ME,6.938893903907228e-18
7,2025-12-13,SHIB,6.938893903907228e-18
7,2025-12-13,CBK,0.140346719978202
7,2025-12-13,AQT,0.08272718472319715
7,2025-12-13,SAFE,6.938893903907228e-18
7,2025-12-13,GLM,0.028935997980659288
7,2025-12-13,PEPE,6.938893903907228e-18
7,2025-12-13,BONK,6.938893903907228e-18
7,2025-12-13,WAVES,0.023760990680976528
7,2025-12-13,MASK,6.938893903907228e-18
7,2025-12-13,ATH,6.938893903907228e-18
7,2025-12-13,TOKAMAK,0.13465713654308062
7,2025-12-13,CARV,6.938893903907228e-18
7,2025-12-13,MEW,6.938893903907228e-18
7,2025-12-13,MNT,6.938893903907228e-18
7,2025-12-13,PYTH,6.938893903907228e-18
7,2025-12-13,SONIC,6.938893903907228e-18
7,2025-12-13,GAS,0.002864966159668185
7,2025-12-13,AKT,6.938893903907228e-18
7,2025-12-13,BIGTIME,6.938893903907228e-18
7,2025-12-13,DRIFT,6.938893903907228e-18
7,2025-12-20,XRP,3.469446951953614e-18
7,2025-12-20,BTC,0.25
7,2025-12-20,ETH,3.469446951953614e-18
7,2025-12-20,SOL,3.469446951953614e-18
7,2025-12-20,DOGE,3.469446951953614e-18
7,2025-12-20,AERGO,0.005462143710339868
7,2025-12-20,ADA,3.469446951953614e-18
7,2025-12-20,AUCTION,3.469446951953614e-18
7,2025-12-20,ONDO,3.469446951953614e-18
7,2025-12-20,SUI,3.469446951953614e-18
7,2025-12-20,VIRTUAL,3.469446951953614e-18
7,2025-12-20,ARDR,0.10981915566018575
7,2025-12-20,MOVE,3.469446951953614e-18
7,2025-12-20,AWE,0.021839171806635152
7,2025-12-20,XLM,3.469446951953614e-18
7,2025-12-20,AXS,3.469446951953614e-18
7,2025-12-20,SNT,0.07348624442569698
7,2025-12-20,QTUM,3.469446951953614e-18
7,2025-12-20,ANIME,3.469446951953614e-18
7,2025-12-20,PUNDIX,0.06360163983218016
7,2025-12-20,ARK,3.469446951953614e-18
7,2025-12-20,ENS,3.469446951953614e-18
7,2025-12-20,LINK,3.469446951953614e-18
7,2025-12-20,CRO,3.469446951953614e-18
7,2025-12-20,HBAR,3.469446951953614e-18
7,2025-12-20,VANA,0.014224068078936732
7,2025-12-20,SEI,3.469446951953614e-18
7,2025-12-20,STRAX,3.469446951953614e-18
7,2025-12-20,KNC,0.12679306932156204
7,2025-12-20,ME,3.469446951953614e-18
7,2025-12-20,SHIB,3.469446951953614e-18
7,2025-12-20,CBK,0.11401528270631657
7,2025-12-20,AQT,0.04108205791168901
7,2025-12-20,SAFE,3.469446951953614e-18
7,2025-12-20,GLM,0.04613294083330874
7,2025-12-20,PEPE,3.469446951953614e-18
7,2025-12-20,BONK,3.469446951953614e-18
7,2025-12-20,WAVES,0.03110374853881556
7,2025-12-20,MASK,3.469446951953614e-18
7,2025-12-20,ATH,3.469446951953614e-18
7,2025-12-20,TOKAMAK,0.09991342419989842
7,2025-12-20,CARV,3.469446951953614e-18
7,2025-12-20,MEW,3.469446951953614e-18
7,2025-12-20,MNT,3.469446951953614e-18
7,2025-12-20,PYTH,3.469446951953614e-18
7,2025-12-20,SONIC,3.469446951953614e-18
7,2025-12-20,GAS,0.0025270529744351143
7,2025-12-20,AKT,3.469446951953614e-18
7,2025-12-20,BIGTIME,3.469446951953614e-18
7,2025-12-20,DRIFT,3.469446951953614e-18
7,2025-12-27,XRP,4.553649124438724e-18
7,2025-12-27,BTC,0.25
7,2025-12-27,ETH,4.553649124438724e-18
7,2025-12-27,SOL,4.553649124438724e-18
7,2025-12-27,DOGE,4.553649124438724e-18
7,2025-12-27,AERGO,4.553649124438724e-18
7,2025-12-27,ADA,4.553649124438724e-18
7,2025-12-27,AUCTION,4.553649124438724e-18
7,2025-12-27,ONDO,4.553649124438724e-18
7,2025-12-27,SUI,4.553649124438724e-18
7,2025-12-27,VIRTUAL,4.553649124438724e-18
7,2025-12-27,ARDR,0.09567240658009438
7,2025-12-27,MOVE,4.553649124438724e-18
7,2025-12-27,AWE,0.02797621011554367
7,2025-12-27,XLM,4.553649124438724e-18
7,2025-12-27,AXS,4.553649124438724e-18
7,2025-12-27,SNT,0.03969641824538696
7,2025-12-27,QTUM,4.553649124438724e-18
7,2025-12-27,ANIME,0.0032923877681150958
7,2025-12-27,PUNDIX,0.03792214044311677
7,2025-12-27,ARK,4.553649124438724e-18
7,2025-12-27,ENS,4.553649124438724e-18
7,2025-12-27,LINK,4.553649124438724e-18
7,2025-12-27,CRO,0.006363273253589358
7,2025-12-27,HBAR,4.553649124438724e-18
7,2025-12-27,VANA,0.039298877506077856
7,2025-12-27,SEI,4.553649124438724e-18
7,2025-12-27,STRAX,0.0333050697614756
7,2025-12-27,KNC,0.01668168389338266
7,2025-12-27,ME,4.553649124438724e-18
7,2025-12-27,SHIB,4.553649124438724e-18
7,2025-12-27,CBK,0.1120055926166208
7,2025-12-27,AQT,0.05137864844824759
7,2025-12-27,SAFE,4.553649124438724e-18
7,2025-12-27,GLM,0.0480131236727452
7,2025-12-27,PEPE,4.553649124438724e-18
7,2025-12-27,BONK,4.553649124438724e-18
7,2025-12-27,WAVES,0.03553633987682668
7,2025-12-27,MASK,4.553649124438724e-18
7,2025-12-27,ATH,4.553649124438724e-18
7,2025-12-27,TOKAMAK,0.18464417503573619
7,2025-12-27,CARV,0.011027055801682204
7,2025-12-27,MEW,4.553649124438724e-18
7,2025-12-27,MNT,0.007186596981359071
7,2025-12-27,PYTH,4.553649124438724e-18
7,2025-12-27,SONIC,4.553649124438724e-18
7,2025-12-27,GAS,4.553649124438724e-18
7,2025-12-27,AKT,4.553649124438724e-18
7,2025-12-27,BIGTIME,4.553649124438724e-18
7,2025-12-27,DRIFT,4.553649124438724e-18
7,2026-01-03,XRP,0.009565702064259305
7,2026-01-03,BTC,0.25
7,2026-01-03,ETH,2.6020852139652106e-18
7,2026-01-03,SOL,2.6020852139652106e-18
7,2026-01-03,DOGE,2.6020852139652106e-18
7,2026-01-03,AERGO,2.6020852139652106e-18
7,2026-01-03,ADA,2.6020852139652106e-18
7,2026-01-03,AUCTION,2.6020852139652106e-18
7,2026-01-03,ONDO,2.6020852139652106e-18
7,2026-01-03,SUI,2.6020852139652106e-18
7,2026-01-03,VIRTUAL,2.6020852139652106e-18
7,2026-01-03,ARDR,0.07322449318147457
7,2026-01-03,MOVE,2.6020852139652106e-18
7,2026-01-03,AWE,0.025630931621264938
7,2026-01-03,XLM,2.6020852139652106e-18
7,2026-01-03,AXS,2.6020852139652106e-18
7,2026-01-03,SNT,0.04801129024205262
7,2026-01-03,QTUM,2.6020852139652106e-18
7,2026-01-03,ANIME,2.6020852139652106e-18
7,2026-01-03,PUNDIX,0.03556195123681702
7,2026-01-03,ARK,2.6020852139652106e-18
7,2026-01-03,ENS,2.6020852139652106e-18
7,2026-01-03,LINK,2.6020852139652106e-18
7,2026-01-03,CRO,0.025186173778775234
7,2026-01-03,HBAR,2.6020852139652106e-18
7,2026-01-03,VANA,0.04575923568723226
7,2026-01-03,SEI,2.6020852139652106e-18
7,2026-01-03,STRAX,0.018028446759632822
7,2026-01-03,KNC,0.08905039929559305
7,2026-01-03,ME,2.6020852139652106e-18
7,2026-01-03,SHIB,2.6020852139652106e-18
7,2026-01-03,CBK,0.08779798845752199
7,2026-01-03,AQT,0.013848505331316253
7,2026-01-03,SAFE,2.6020852139652106e-18
7,2026-01-03,GLM,0.03804613949994668
7,2026-01-03,PEPE,2.6020852139652106e-18
7,2026-01-03,BONK,2.6020852139652106e-18
7,2026-01-03,WAVES,0.037613064933957364
7,2026-01-03,MASK,2.6020852139652106e-18
7,2026-01-03,ATH,2.6020852139652106e-18
7,2026-01-03,TOKAMAK,0.1637582130136267
7,2026-01-03,CARV,0.01100640980855756
7,2026-01-03,MEW,2.6020852139652106e-18
7,2026-01-03,MNT,0.013085778565928421
7,2026-01-03,PYTH,2.6020852139652106e-18
7,2026-01-03,SONIC,0.0027259278871150845
7,2026-01-03,GAS,0.012099348634928168
7,2026-01-03,AKT,2.6020852139652106e-18
7,2026-01-03,BIGTIME,2.6020852139652106e-18
7,2026-01-03,DRIFT,2.6020852139652106e-18
7,2026-01-10,XRP,4.510281037539541e-18
7,2026-01-10,BTC,0.25
7,2026-01-10,ETH,0.014882531891266818
7,2026-01-10,SOL,4.510281037539541e-18
7,2026-01-10,DOGE,4.510281037539541e-18
7,2026-01-10,AERGO,0.008956351300010112
7,2026-01-10,ADA,4.510281037539541e-18
7,2026-01-10,AUCTION,4.510281037539541e-18
7,2026-01-10,ONDO,4.510281037539541e-18
7,2026-01-10,SUI,4.510281037539541e-18
7,2026-01-10,VIRTUAL,4.510281037539541e-18
7,2026-01-10,ARDR,0.08166213920546744
7,2026-01-10,MOVE,4.510281037539541e-18
7,2026-01-10,AWE,0.04531539837083146
7,2026-01-10,XLM,4.510281037539541e-18
7,2026-01-10,AXS,4.510281037539541e-18
7,2026-01-10,SNT,0.046400459984553485
7,2026-01-10,QTUM,4.510281037539541e-18
7,2026-01-10,ANIME,0.01139529725208166
7,2026-01-10,PUNDIX,0.02634280025714775
7,2026-01-10,ARK,4.510281037539541e-18
7,2026-01-10,ENS,4.510281037539541e-18
7,2026-01-10,LINK,4.510281037539541e-18
7,2026-01-10,CRO,0.020647210410964893
7,2026-01-10,HBAR,4.510281037539541e-18
7,2026-01-10,VANA,0.025577705626431937
7,2026-01-10,SEI,4.510281037539541e-18
7,2026-01-10,STRAX,0.031753889626960546
7,2026-01-10,KNC,0.02273206149227441
7,2026-01-10,ME,4.510281037539541e-18
7,2026-01-10,SHIB,4.510281037539541e-18
7,2026-01-10,CBK,0.09587078232167363
7,2026-01-10,AQT,0.00037946351237203024
7,2026-01-10,SAFE,4.510281037539541e-18
7,2026-01-10,GLM,0.03531732649596861
7,2026-01-10,PEPE,4.510281037539541e-18
7,2026-01-10,BONK,4.510281037539541e-18
7,2026-01-10,WAVES,0.05255253900577521
7,2026-01-10,MASK,4.510281037539541e-18
7,2026-01-10,ATH,4.510281037539541e-18
7,2026-01-10,TOKAMAK,0.14701466225972182
7,2026-01-10,CARV,0.0401485111605456
7,2026-01-10,MEW,4.510281037539541e-18
7,2026-01-10,MNT,4.510281037539541e-18
7,2026-01-10,PYTH,4.510281037539541e-18
7,2026-01-10,SONIC,0.012634183217602516
7,2026-01-10,GAS,0.030416686608350122
7,2026-01-10,AKT,4.510281037539541e-18
7,2026-01-10,BIGTIME,4.510281037539541e-18
7,2026-01-10,DRIFT,4.510281037539541e-18
7,2026-01-17,XRP,1.1564823173176084e-18
7,2026-01-17,BTC,0.25
7,2026-01-17,ETH,0.13013890580761078
7,2026-01-17,SOL,1.1564823173176084e-18
7,2026-01-17,DOGE,1.1564823173176084e-18
7,2026-01-17,AERGO,0.005071753977949806
7,2026-01-17,ADA,1.1564823173176084e-18
7,2026-01-17,AUCTION,1.1564823173176084e-18
7,2026-01-17,ONDO,1.1564823173176084e-18
7,2026-01-17,SUI,1.1564823173176084e-18
7,2026-01-17,VIRTUAL,1.1564823173176084e-18
7,2026-01-17,ARDR,0.07327073698590392
7,2026-01-17,MOVE,1.1564823173176084e-18
7,2026-01-17,AWE,0.019325575875296548
7,2026-01-17,XLM,1.1564823173176084e-18
7,2026-01-17,AXS,1.1564823173176084e-18
7,2026-01-17,SNT,0.03319969237727691
7,2026-01-17,QTUM,1.1564823173176084e-18
7,2026-01-17,ANIME,0.005376104533768669
7,2026-01-17,PUNDIX,0.042554263119328396
7,2026-01-17,ARK,1.1564823173176084e-18
7,2026-01-17,ENS,1.1564823173176084e-18
7,2026-01-17,LINK,1.1564823173176084e-18
7,2026-01-17,CRO,1.1564823173176084e-18
7,2026-01-17,HBAR,1.1564823173176084e-18
7,2026-01-17,VANA,0.0096907237152249
7,2026-01-17,SEI,1.1564823173176084e-18
7,2026-01-17,STRAX,0.027692927422745768
7,2026-01-17,KNC,1.1564823173176084e-18
7,2026-01-17,ME,1.1564823173176084e-18
7,2026-01-17,SHIB,1.1564823173176084e-18
7,2026-01-17,CBK,0.08856938365596606
7,2026-01-17,AQT,1.1564823173176084e-18
7,2026-01-17,SAFE,1.1564823173176084e-18
7,2026-01-17,GLM,0.034543486181915106
7,2026-01-17,PEPE,1.1564823173176084e-18
7,2026-01-17,BONK,1.1564823173176084e-18
7,2026-01-17,WAVES,0.08058283316704104
7,2026-01-17,MASK,1.1564823173176084e-18
7,2026-01-17,ATH,1.1564823173176084e-18
7,2026-01-17,TOKAMAK,0.16103291504708925
7,2026-01-17,CARV,0.026198465225909254
7,2026-01-17,MEW,1.1564823173176084e-18
7,2026-01-17,MNT,0.012752232906973684
7,2026-01-17,PYTH,1.1564823173176084e-18
7,2026-01-17,SONIC,1.1564823173176084e-18
7,2026-01-17,GAS,1.1564823173176084e-18
7,2026-01-17,AKT,1.1564823173176084e-18
7,2026-01-17,BIGTIME,1.1564823173176084e-18
7,2026-01-17,DRIFT,1.1564823173176084e-18
7,2026-01-24,XRP,2.3129646346356113e-18
7,2026-01-24,BTC,0.25
7,2026-01-24,ETH,0.014628306031767917
7,2026-01-24,SOL,2.3129646346356113e-18
7,2026-01-24,DOGE,2.3129646346356113e-18
7,2026-01-24,AERGO,2.3129646346356113e-18
7,2026-01-24,ADA,2.3129646346356113e-18
7,2026-01-24,AUCTION,2.3129646346356113e-18
7,2026-01-24,ONDO,2.3129646346356113e-18
7,2026-01-24,SUI,2.3129646346356113e-18
7,2026-01-24,VIRTUAL,2.3129646346356113e-18
7,2026-01-24,ARDR,0.09427590787254954
7,2026-01-24,MOVE,2.3129646346356113e-18
7,2026-01-24,AWE,0.048942939303000824
7,2026-01-24,XLM,2.3129646346356113e-18
7,2026-01-24,AXS,0.0008815026994767681
7,2026-01-24,SNT,0.03646020139409272
7,2026-01-24,QTUM,2.3129646346356113e-18
7,2026-01-24,ANIME,2.3129646346356113e-18
7,2026-01-24,PUNDIX,0.030452757150307357
7,2026-01-24,ARK,2.3129646346356113e-18
7,2026-01-24,ENS,2.3129646346356113e-18
7,2026-01-24,LINK,2.3129646346356113e-18
7,2026-01-24,CRO,0.020178410675125723
7,2026-01-24,HBAR,2.3129646346356113e-18
7,2026-01-24,VANA,0.0033447728957318183
7,2026-01-24,SEI,2.3129646346356113e-18
7,2026-01-24,STRAX,0.027724498457046186
7,2026-01-24,KNC,0.02227973424960601
7,2026-01-24,ME,2.3129646346356113e-18
7,2026-01-24,SHIB,2.3129646346356113e-18
7,2026-01-24,CBK,0.12036578587543725
7,2026-01-24,AQT,0.013305003426850212
7,2026-01-24,SAFE,2.3129646346356113e-18
7,2026-01-24,GLM,0.03453069305142411
7,2026-01-24,PEPE,2.3129646346356113e-18
7,2026-01-24,BONK,2.3129646346356113e-18
7,2026-01-24,WAVES,0.07467155869876033
7,2026-01-24,MASK,2.3129646346356113e-18
7,2026-01-24,ATH,2.3129646346356113e-18
7,2026-01-24,TOKAMAK,0.15483289446433998
7,2026-01-24,CARV,0.014879384751619708
7,2026-01-24,MEW,2.3129646346356113e-18
7,2026-01-24,MNT,0.037979415355545686
7,2026-01-24,PYTH,2.3129646346356113e-18
7,2026-01-24,SONIC,0.000266233647317928
7,2026-01-24,GAS,2.3129646346356113e-18
7,2026-01-24,AKT,2.3129646346356113e-18
7,2026-01-24,BIGTIME,2.3129646346356113e-18
7,2026-01-24,DRIFT,2.3129646346356113e-18
7,2026-01-31,XRP,1.7347234759764127e-18
7,2026-01-31,BTC,0.25
7,2026-01-31,ETH,1.7347234759764127e-18
7,2026-01-31,SOL,1.7347234759764127e-18
7,2026-01-31,DOGE,1.7347234759764127e-18
7,2026-01-31,AERGO,0.009189763660971679
7,2026-01-31,ADA,1.7347234759764127e-18
7,2026-01-31,AUCTION,1.7347234759764127e-18
7,2026-01-31,ONDO,1.7347234759764127e-18
7,2026-01-31,SUI,1.7347234759764127e-18
7,2026-01-31,VIRTUAL,1.7347234759764127e-18
7,2026-01-31,ARDR,0.09110498946287662
7,2026-01-31,MOVE,1.7347234759764127e-18
7,2026-01-31,AWE,0.08272658193339286
7,2026-01-31,XLM,1.7347234759764127e-18
7,2026-01-31,AXS,1.7347234759764127e-18
7,2026-01-31,SNT,0.062001218507811644
7,2026-01-31,QTUM,1.7347234759764127e-18
7,2026-01-31,ANIME,1.7347234759764127e-18
7,2026-01-31,PUNDIX,0.03383064730758022
7,2026-01-31,ARK,1.7347234759764127e-18
7,2026-01-31,ENS,1.7347234759764127e-18
7,2026-01-31,LINK,1.7347234759764127e-18
7,2026-01-31,CRO,0.03822356206823913
7,2026-01-31,HBAR,1.7347234759764127e-18
7,2026-01-31,VANA,1.7347234759764127e-18
7,2026-01-31,SEI,1.7347234759764127e-18
7,2026-01-31,STRAX,1.7347234759764127e-18
7,2026-01-31,KNC,0.025635606896020083
7,2026-01-31,ME,1.7347234759764127e-18
7,2026-01-31,SHIB,1.7347234759764127e-18
7,2026-01-31,CBK,0.11872129532297217
7,2026-01-31,AQT,1.7347234759764127e-18
7,2026-01-31,SAFE,1.7347234759764127e-18
7,2026-01-31,GLM,0.046260401572714216
7,2026-01-31,PEPE,1.7347234759764127e-18
7,2026-01-31,BONK,1.7347234759764127e-18
7,2026-01-31,WAVES,0.10155173537307721
7,2026-01-31,MASK,1.7347234759764127e-18
7,2026-01-31,ATH,1.7347234759764127e-18
7,2026-01-31,TOKAMAK,0.11236697782921644
7,2026-01-31,CARV,1.7347234759764127e-18
7,2026-01-31,MEW,1.7347234759764127e-18
7,2026-01-31,MNT,0.026751336023251922
7,2026-01-31,PYTH,1.7347234759764127e-18
7,2026-01-31,SONIC,1.7347234759764127e-18
7,2026-01-31,GAS,0.001635884041875887
7,2026-01-31,AKT,1.7347234759764127e-18
7,2026-01-31,BIGTIME,1.7347234759764127e-18
7,2026-01-31,DRIFT,1.7347234759764127e-18
7,2026-02-07,XRP,6.36065274524803e-18
7,2026-02-07,BTC,0.25
7,2026-02-07,ETH,6.36065274524803e-18
7,2026-02-07,SOL,6.36065274524803e-18
7,2026-02-07,DOGE,6.36065274524803e-18
7,2026-02-07,AERGO,0.2155829322004381
7,2026-02-07,ADA,6.36065274524803e-18
7,2026-02-07,AUCTION,6.36065274524803e-18
7,2026-02-07,ONDO,6.36065274524803e-18
7,2026-02-07,SUI,6.36065274524803e-18
7,2026-02-07,VIRTUAL,6.36065274524803e-18
7,2026-02-07,ARDR,6.36065274524803e-18
7,2026-02-07,MOVE,6.36065274524803e-18
7,2026-02-07,AWE,0.14256626359575184
7,2026-02-07,XLM,6.36065274524803e-18
7,2026-02-07,AXS,6.36065274524803e-18
7,2026-02-07,SNT,6.36065274524803e-18
7,2026-02-07,QTUM,6.36065274524803e-18
7,2026-02-07,ANIME,6.36065274524803e-18
7,2026-02-07,PUNDIX,6.36065274524803e-18
7,2026-02-07,ARK,6.36065274524803e-18
7,2026-02-07,ENS,6.36065274524803e-18
7,2026-02-07,LINK,6.36065274524803e-18
7,2026-02-07,CRO,0.11943959659263502
7,2026-02-07,HBAR,6.36065274524803e-18
7,2026-02-07,VANA,6.36065274524803e-18
7,2026-02-07,SEI,6.36065274524803e-18
7,2026-02-07,STRAX,6.36065274524803e-18
7,2026-02-07,KNC,6.36065274524803e-18
7,2026-02-07,ME,6.36065274524803e-18
7,2026-02-07,SHIB,6.36065274524803e-18
7,2026-02-07,CBK,0.060992560078445834
7,2026-02-07,AQT,0.056018827134258826
7,2026-02-07,SAFE,6.36065274524803e-18
7,2026-02-07,GLM,0.034451001960152564
7,2026-02-07,PEPE,6.36065274524803e-18
7,2026-02-07,BONK,6.36065274524803e-18
7,2026-02-07,WAVES,0.02396531885263015
7,2026-02-07,MASK,6.36065274524803e-18
7,2026-02-07,ATH,6.36065274524803e-18
7,2026-02-07,TOKAMAK,0.09698349958568767
7,2026-02-07,CARV,6.36065274524803e-18
7,2026-02-07,MEW,6.36065274524803e-18
7,2026-02-07,MNT,6.36065274524803e-18
7,2026-02-07,PYTH,6.36065274524803e-18
7,2026-02-07,SONIC,6.36065274524803e-18
7,2026-02-07,GAS,6.36065274524803e-18
7,2026-02-07,AKT,6.36065274524803e-18
7,2026-02-07,BIGTIME,6.36065274524803e-18
7,2026-02-07,DRIFT,6.36065274524803e-18
7,2026-02-14,XRP,2.3129646346356113e-18
7,2026-02-14,BTC,0.25
7,2026-02-14,ETH,2.3129646346356113e-18
7,2026-02-14,SOL,2.3129646346356113e-18
7,2026-02-14,DOGE,2.3129646346356113e-18
7,2026-02-14,AERGO,0.03955502438688837
7,2026-02-14,ADA,2.3129646346356113e-18
7,2026-02-14,AUCTION,0.029688091293514872
7,2026-02-14,ONDO,2.3129646346356113e-18
7,2026-02-14,SUI,2.3129646346356113e-18
7,2026-02-14,VIRTUAL,2.3129646346356113e-18
7,2026-02-14,ARDR,0.021062675146245095
7,2026-02-14,MOVE,2.3129646346356113e-18
7,2026-02-14,AWE,0.07452519276128157
7,2026-02-14,XLM,2.3129646346356113e-18
7,2026-02-14,AXS,2.3129646346356113e-18
7,2026-02-14,SNT,2.3129646346356113e-18
7,2026-02-14,QTUM,2.3129646346356113e-18
7,2026-02-14,ANIME,2.3129646346356113e-18
7,2026-02-14,PUNDIX,0.022657348598071107
7,2026-02-14,ARK,2.3129646346356113e-18
7,2026-02-14,ENS,2.3129646346356113e-18
7,2026-02-14,LINK,2.3129646346356113e-18
7,2026-02-14,CRO,0.0343559957130501
7,2026-02-14,HBAR,2.3129646346356113e-18
7,2026-02-14,VANA,2.3129646346356113e-18
7,2026-02-14,SEI,2.3129646346356113e-18
7,2026-02-14,STRAX,0.005290681895115439
7,2026-02-14,KNC,2.3129646346356113e-18
7,2026-02-14,ME,2.3129646346356113e-18
7,2026-02-14,SHIB,2.3129646346356113e-18
7,2026-02-14,CBK,0.03799883236446735
7,2026-02-14,AQT,2.3129646346356113e-18
7,2026-02-14,SAFE,2.3129646346356113e-18
7,2026-02-14,GLM,0.05983624434608051
7,2026-02-14,PEPE,2.3129646346356113e-18
7,2026-02-14,BONK,2.3129646346356113e-18
7,2026-02-14,WAVES,0.05580546526796853
7,2026-02-14,MASK,2.3129646346356113e-18
7,2026-02-14,ATH,2.3129646346356113e-18
7,2026-02-14,TOKAMAK,0.13463749312439557
7,2026-02-14,CARV,2.3129646346356113e-18
7,2026-02-14,MEW,2.3129646346356113e-18
7,2026-02-14,MNT,0.22983842490843395
7,2026-02-14,PYTH,2.3129646346356113e-18
7,2026-02-14,SONIC,0.004748530194487637
7,2026-02-14,GAS,2.3129646346356113e-18
7,2026-02-14,AKT,2.3129646346356113e-18
7,2026-02-14,BIGTIME,2.3129646346356113e-18
7,2026-02-14,DRIFT,2.3129646346356113e-18
7,2026-02-21,XRP,1.734723475976807e-18
7,2026-02-21,BTC,0.25
7,2026-02-21,ETH,1.734723475976807e-18
7,2026-02-21,SOL,1.734723475976807e-18
7,2026-02-21,DOGE,1.734723475976807e-18
7,2026-02-21,AERGO,0.06631406709625819
7,2026-02-21,ADA,1.734723475976807e-18
7,2026-02-21,AUCTION,0.022948871311531317
7,2026-02-21,ONDO,1.734723475976807e-18
7,2026-02-21,SUI,1.734723475976807e-18
7,2026-02-21,VIRTUAL,1.734723475976807e-18
7,2026-02-21,ARDR,0.011851389699002589
7,2026-02-21,MOVE,1.734723475976807e-18
7,2026-02-21,AWE,0.032307525582628095
7,2026-02-21,XLM,1.734723475976807e-18
7,2026-02-21,AXS,1.734723475976807e-18
7,2026-02-21,SNT,1.734723475976807e-18
7,2026-02-21,QTUM,1.734723475976807e-18
7,2026-02-21,ANIME,1.734723475976807e-18
7,2026-02-21,PUNDIX,0.04392459637997656
7,2026-02-21,ARK,1.734723475976807e-18
7,2026-02-21,ENS,1.734723475976807e-18
7,2026-02-21,LINK,1.734723475976807e-18
7,2026-02-21,CRO,0.04142550371477789
7,2026-02-21,HBAR,1.734723475976807e-18
7,2026-02-21,VANA,0.0021588613372478978
7,2026-02-21,SEI,1.734723475976807e-18
7,2026-02-21,STRAX,0.024800702908240737
7,2026-02-21,KNC,0.011455563936733172
7,2026-02-21,ME,1.734723475976807e-18
7,2026-02-21,SHIB,1.734723475976807e-18
7,2026-02-21,CBK,0.070504683166638
7,2026-02-21,AQT,0.017911109301953693
7,2026-02-21,SAFE,1.734723475976807e-18
7,2026-02-21,GLM,0.04633695544644707
7,2026-02-21,PEPE,1.734723475976807e-18
7,2026-02-21,BONK,1.734723475976807e-18
7,2026-02-21,WAVES,0.01185817962635664
7,2026-02-21,MASK,1.734723475976807e-18
7,2026-02-21,ATH,1.734723475976807e-18
7,2026-02-21,TOKAMAK,0.08934262321670904
7,2026-02-21,CARV,1.734723475976807e-18
7,2026-02-21,MEW,1.734723475976807e-18
7,2026-02-21,MNT,0.25
7,2026-02-21,PYTH,1.734723475976807e-18
7,2026-02-21,SONIC,0.00685936727549917
7,2026-02-21,GAS,1.734723475976807e-18
7,2026-02-21,AKT,1.734723475976807e-18
7,2026-02-21,BIGTIME,1.734723475976807e-18
7,2026-02-21,DRIFT,1.734723475976807e-18
7,2026-02-28,XRP,5.637851296924623e-18
7,2026-02-28,BTC,0.25
7,2026-02-28,ETH,5.637851296924623e-18
7,2026-02-28,SOL,5.637851296924623e-18
7,2026-02-28,DOGE,5.637851296924623e-18
7,2026-02-28,AERGO,0.06677968157803926
7,2026-02-28,ADA,5.637851296924623e-18
7,2026-02-28,AUCTION,0.02485796841043688
7,2026-02-28,ONDO,5.637851296924623e-18
7,2026-02-28,SUI,5.637851296924623e-18
7,2026-02-28,VIRTUAL,5.637851296924623e-18
7,2026-02-28,ARDR,0.01877456108579713
7,2026-02-28,MOVE,5.637851296924623e-18
7,2026-02-28,AWE,0.028366779084176827
7,2026-02-28,XLM,5.637851296924623e-18
7,2026-02-28,AXS,5.637851296924623e-18
7,2026-02-28,SNT,0.02639760199567942
7,2026-02-28,QTUM,5.637851296924623e-18
7,2026-02-28,ANIME,5.637851296924623e-18
7,2026-02-28,PUNDIX,0.02715534654451097
7,2026-02-28,ARK,5.637851296924623e-18
7,2026-02-28,ENS,5.637851296924623e-18
7,2026-02-28,LINK,5.637851296924623e-18
7,2026-02-28,CRO,0.058165997935056724
7,2026-02-28,HBAR,5.637851296924623e-18
7,2026-02-28,VANA,0.006258113572570889
7,2026-02-28,SEI,5.637851296924623e-18
7,2026-02-28,STRAX,0.03560804807767534
7,2026-02-28,KNC,0.02132810013617353
7,2026-02-28,ME,5.637851296924623e-18
7,2026-02-28,SHIB,5.637851296924623e-18
7,2026-02-28,CBK,0.08230435432430701
7,2026-02-28,AQT,0.015558160119543517
7,2026-02-28,SAFE,5.637851296924623e-18
7,2026-02-28,GLM,0.016410329151806513
7,2026-02-28,PEPE,5.637851296924623e-18
7,2026-02-28,BONK,5.637851296924623e-18
7,2026-02-28,WAVES,0.006230111536336673
7,2026-02-28,MASK,5.637851296924623e-18
7,2026-02-28,ATH,5.637851296924623e-18
7,2026-02-28,TOKAMAK,0.10290013359513371
7,2026-02-28,CARV,5.637851296924623e-18
7,2026-02-28,MEW,5.637851296924623e-18
7,2026-02-28,MNT,0.20489015734635105
7,2026-02-28,PYTH,5.637851296924623e-18
7,2026-02-28,SONIC,0.00801455550640459
7,2026-02-28,GAS,5.637851296924623e-18
7,2026-02-28,AKT,5.637851296924623e-18
7,2026-02-28,BIGTIME,5.637851296924623e-18
7,2026-02-28,DRIFT,5.637851296924623e-18
7,2026-03-07,XRP,7.806255641895632e-18
7,2026-03-07,BTC,0.25
7,2026-03-07,ETH,7.806255641895632e-18
7,2026-03-07,SOL,7.806255641895632e-18
7,2026-03-07,DOGE,7.806255641895632e-18
7,2026-03-07,AERGO,0.06353024257368503
7,2026-03-07,ADA,7.806255641895632e-18
7,2026-03-07,AUCTION,0.008610074665920984
7,2026-03-07,ONDO,7.806255641895632e-18
7,2026-03-07,SUI,7.806255641895632e-18
7,2026-03-07,VIRTUAL,7.806255641895632e-18
7,2026-03-07,ARDR,0.022896415805315606
7,2026-03-07,MOVE,7.806255641895632e-18
7,2026-03-07,AWE,0.0374615399074914
7,2026-03-07,XLM,7.806255641895632e-18
7,2026-03-07,AXS,7.806255641895632e-18
7,2026-03-07,SNT,0.021529470956464885
7,2026-03-07,QTUM,7.806255641895632e-18
7,2026-03-07,ANIME,7.806255641895632e-18
7,2026-03-07,PUNDIX,0.024423678643293898
7,2026-03-07,ARK,7.806255641895632e-18
7,2026-03-07,ENS,7.806255641895632e-18
7,2026-03-07,LINK,7.806255641895632e-18
7,2026-03-07,CRO,0.04265190009004424
7,2026-03-07,HBAR,7.806255641895632e-18
7,2026-03-07,VANA,7.806255641895632e-18
7,2026-03-07,SEI,7.806255641895632e-18
7,2026-03-07,STRAX,0.030686870164076487
7,2026-03-07,KNC,0.00923581060101683
7,2026-03-07,ME,7.806255641895632e-18
7,2026-03-07,SHIB,7.806255641895632e-18
7,2026-03-07,CBK,0.09032258065331791
7,2026-03-07,AQT,0.024892053115426752
7,2026-03-07,SAFE,7.806255641895632e-18
7,2026-03-07,GLM,7.806255641895632e-18
7,2026-03-07,PEPE,7.806255641895632e-18
7,2026-03-07,BONK,7.806255641895632e-18
7,2026-03-07,WAVES,0.0325041947078881
7,2026-03-07,MASK,7.806255641895632e-18
7,2026-03-07,ATH,7.806255641895632e-18
7,2026-03-07,TOKAMAK,0.14624644176894275
7,2026-03-07,CARV,7.806255641895632e-18
7,2026-03-07,MEW,7.806255641895632e-18
7,2026-03-07,MNT,0.1950087263471151
7,2026-03-07,PYTH,7.806255641895632e-18
7,2026-03-07,SONIC,7.806255641895632e-18
7,2026-03-07,GAS,7.806255641895632e-18
7,2026-03-07,AKT,7.806255641895632e-18
7,2026-03-07,BIGTIME,7.806255641895632e-18
7,2026-03-07,DRIFT,7.806255641895632e-18
7,2026-03-14,XRP,2.89120579329439e-18
7,2026-03-14,BTC,0.070505373185916
7,2026-03-14,ETH,2.89120579329439e-18
7,2026-03-14,SOL,2.89120579329439e-18
7,2026-03-14,DOGE,2.89120579329439e-18
7,2026-03-14,AERGO,0.08203970666387465
7,2026-03-14,ADA,2.89120579329439e-18
7,2026-03-14,AUCTION,0.02754148573255178
7,2026-03-14,ONDO,2.89120579329439e-18
7,2026-03-14,SUI,2.89120579329439e-18
7,2026-03-14,VIRTUAL,2.89120579329439e-18
7,2026-03-14,ARDR,0.03267862780672859
7,2026-03-14,MOVE,2.89120579329439e-18
7,2026-03-14,AWE,0.04296082437645331
7,2026-03-14,XLM,2.89120579329439e-18
7,2026-03-14,AXS,2.89120579329439e-18
7,2026-03-14,SNT,0.020422896673329232
7,2026-03-14,QTUM,2.89120579329439e-18
7,2026-03-14,ANIME,2.89120579329439e-18
7,2026-03-14,PUNDIX,0.03759690937325873
7,2026-03-14,ARK,2.89120579329439e-18
7,2026-03-14,ENS,2.89120579329439e-18
7,2026-03-14,LINK,2.89120579329439e-18
7,2026-03-14,CRO,0.0503434055071492
7,2026-03-14,HBAR,2.89120579329439e-18
7,2026-03-14,VANA,2.89120579329439e-18
7,2026-03-14,SEI,2.89120579329439e-18
7,2026-03-14,STRAX,0.04338736698344704
7,2026-03-14,KNC,0.01715372669940984
7,2026-03-14,ME,2.89120579329439e-18
7,2026-03-14,SHIB,2.89120579329439e-18
7,2026-03-14,CBK,0.10397241577640419
7,2026-03-14,AQT,0.04310988581744178
7,2026-03-14,SAFE,2.89120579329439e-18
7,2026-03-14,GLM,2.89120579329439e-18
7,2026-03-14,PEPE,2.89120579329439e-18
7,2026-03-14,BONK,2.89120579329439e-18
7,2026-03-14,WAVES,0.06346143701394141
7,2026-03-14,MASK,2.89120579329439e-18
7,2026-03-14,ATH,2.89120579329439e-18
7,2026-03-14,TOKAMAK,0.1435274744728012
7,2026-03-14,CARV,0.015080272032480276
7,2026-03-14,MEW,2.89120579329439e-18
7,2026-03-14,MNT,0.2062181918848128
7,2026-03-14,PYTH,2.89120579329439e-18
7,2026-03-14,SONIC,2.89120579329439e-18
7,2026-03-14,GAS,2.89120579329439e-18
7,2026-03-14,AKT,2.89120579329439e-18
7,2026-03-14,BIGTIME,2.89120579329439e-18
7,2026-03-14,DRIFT,2.89120579329439e-18
7,2026-03-21,XRP,4.11996825544483e-18
7,2026-03-21,BTC,0.19397511848076837
7,2026-03-21,ETH,4.11996825544483e-18
7,2026-03-21,SOL,4.11996825544483e-18
7,2026-03-21,DOGE,4.11996825544483e-18
7,2026-03-21,AERGO,0.07572245645881465
7,2026-03-21,ADA,4.11996825544483e-18
7,2026-03-21,AUCTION,0.014286643541426104
7,2026-03-21,ONDO,4.11996825544483e-18
7,2026-03-21,SUI,4.11996825544483e-18
7,2026-03-21,VIRTUAL,4.11996825544483e-18
7,2026-03-21,ARDR,0.04573564339888937
7,2026-03-21,MOVE,4.11996825544483e-18
7,2026-03-21,AWE,0.05881814618922249
7,2026-03-21,XLM,4.11996825544483e-18
7,2026-03-21,AXS,4.11996825544483e-18
7,2026-03-21,SNT,0.01402861498274397
7,2026-03-21,QTUM,4.11996825544483e-18
7,2026-03-21,ANIME,0.006741578876472358
7,2026-03-21,PUNDIX,0.037939780140008164
7,2026-03-21,ARK,4.11996825544483e-18
7,2026-03-21,ENS,4.11996825544483e-18
7,2026-03-21,LINK,4.11996825544483e-18
7,2026-03-21,CRO,0.033712200764995634
7,2026-03-21,HBAR,4.11996825544483e-18
7,2026-03-21,VANA,0.005467108656036283
7,2026-03-21,SEI,4.11996825544483e-18
7,2026-03-21,STRAX,0.04025847773894636
7,2026-03-21,KNC,0.022299415925434617
7,2026-03-21,ME,4.11996825544483e-18
7,2026-03-21,SHIB,4.11996825544483e-18
7,2026-03-21,CBK,0.09275867015626439
7,2026-03-21,AQT,0.03862462835979041
7,2026-03-21,SAFE,4.11996825544483e-18
7,2026-03-21,GLM,4.11996825544483e-18
7,2026-03-21,PEPE,4.11996825544483e-18
7,2026-03-21,BONK,4.11996825544483e-18
7,2026-03-21,WAVES,0.07182183289711956
7,2026-03-21,MASK,4.11996825544483e-18
7,2026-03-21,ATH,4.11996825544483e-18
7,2026-03-21,TOKAMAK,0.13725352342736497
7,2026-03-21,CARV,0.005831994343640043
7,2026-03-21,MEW,4.11996825544483e-18
7,2026-03-21,MNT,0.10472416566206232
7,2026-03-21,PYTH,4.11996825544483e-18
7,2026-03-21,SONIC,4.11996825544483e-18
7,2026-03-21,GAS,4.11996825544483e-18
7,2026-03-21,AKT,4.11996825544483e-18
7,2026-03-21,BIGTIME,4.11996825544483e-18
7,2026-03-21,DRIFT,4.11996825544483e-18
7,2026-03-28,XRP,2.6020852139649364e-18
7,2026-03-28,BTC,0.16315863218204393
7,2026-03-28,ETH,2.6020852139649364e-18
7,2026-03-28,SOL,2.6020852139649364e-18
7,2026-03-28,DOGE,2.6020852139649364e-18
7,2026-03-28,AERGO,0.09901874427925732
7,2026-03-28,ADA,2.6020852139649364e-18
7,2026-03-28,AUCTION,0.025896173511217358
7,2026-03-28,ONDO,2.6020852139649364e-18
7,2026-03-28,SUI,2.6020852139649364e-18
7,2026-03-28,VIRTUAL,2.6020852139649364e-18
7,2026-03-28,ARDR,0.048005893123095035
7,2026-03-28,MOVE,2.6020852139649364e-18
7,2026-03-28,AWE,0.06278572327455594
7,2026-03-28,XLM,2.6020852139649364e-18
7,2026-03-28,AXS,2.6020852139649364e-18
7,2026-03-28,SNT,0.010135956031200079
7,2026-03-28,QTUM,2.6020852139649364e-18
7,2026-03-28,ANIME,0.008807676774067274
7,2026-03-28,PUNDIX,0.038491505507412406
7,2026-03-28,ARK,2.6020852139649364e-18
7,2026-03-28,ENS,2.6020852139649364e-18
7,2026-03-28,LINK,2.6020852139649364e-18
7,2026-03-28,CRO,0.0446667782550919
7,2026-03-28,HBAR,2.6020852139649364e-18
7,2026-03-28,VANA,2.6020852139649364e-18
7,2026-03-28,SEI,2.6020852139649364e-18
7,2026-03-28,STRAX,0.024194521688405194
7,2026-03-28,KNC,0.0015081514807713994
7,2026-03-28,ME,2.6020852139649364e-18
7,2026-03-28,SHIB,2.6020852139649364e-18
7,2026-03-28,CBK,0.0948968785075899
7,2026-03-28,AQT,0.04448245968486191
7,2026-03-28,SAFE,2.6020852139649364e-18
7,2026-03-28,GLM,2.6020852139649364e-18
7,2026-03-28,PEPE,2.6020852139649364e-18
7,2026-03-28,BONK,2.6020852139649364e-18
7,2026-03-28,WAVES,0.08544054724580818
7,2026-03-28,MASK,2.6020852139649364e-18
7,2026-03-28,ATH,2.6020852139649364e-18
7,2026-03-28,TOKAMAK,0.1494561038163416
7,2026-03-28,CARV,0.0071123634211571465
7,2026-03-28,MEW,2.6020852139649364e-18
7,2026-03-28,MNT,0.09194189121712355
7,2026-03-28,PYTH,2.6020852139649364e-18
7,2026-03-28,SONIC,2.6020852139649364e-18
7,2026-03-28,GAS,2.6020852139649364e-18
7,2026-03-28,AKT,2.6020852139649364e-18
7,2026-03-28,BIGTIME,2.6020852139649364e-18
7,2026-03-28,DRIFT,2.6020852139649364e-18
14,2025-03-01,XRP,4.625929269271223e-18
14,2025-03-01,BTC,0.25
14,2025-03-01,ETH,0.20699180553159044
14,2025-03-01,SOL,4.625929269271223e-18
14,2025-03-01,DOGE,4.625929269271223e-18
14,2025-03-01,AERGO,4.625929269271223e-18
14,2025-03-01,ADA,4.625929269271223e-18
14,2025-03-01,AUCTION,4.625929269271223e-18
14,2025-03-01,ONDO,4.625929269271223e-18
14,2025-03-01,SUI,4.625929269271223e-18
14,2025-03-01,VIRTUAL,4.625929269271223e-18
14,2025-03-01,ARDR,4.625929269271223e-18
14,2025-03-01,MOVE,4.625929269271223e-18
14,2025-03-01,AWE,0.047365977792575724
14,2025-03-01,XLM,4.625929269271223e-18
14,2025-03-01,AXS,4.625929269271223e-18
14,2025-03-01,SNT,4.625929269271223e-18
14,2025-03-01,QTUM,4.625929269271223e-18
14,2025-03-01,ANIME,4.625929269271223e-18
14,2025-03-01,PUNDIX,0.12566932553126617
14,2025-03-01,ARK,4.625929269271223e-18
14,2025-03-01,ENS,4.625929269271223e-18
14,2025-03-01,LINK,4.625929269271223e-18
14,2025-03-01,CRO,4.625929269271223e-18
14,2025-03-01,HBAR,4.625929269271223e-18
14,2025-03-01,VANA,4.625929269271223e-18
14,2025-03-01,SEI,4.625929269271223e-18
14,2025-03-01,STRAX,4.625929269271223e-18
14,2025-03-01,KNC,4.625929269271223e-18
14,2025-03-01,ME,4.625929269271223e-18
14,2025-03-01,SHIB,4.625929269271223e-18
14,2025-03-01,CBK,4.625929269271223e-18
14,2025-03-01,AQT,4.625929269271223e-18
14,2025-03-01,SAFE,4.625929269271223e-18
14,2025-03-01,GLM,4.625929269271223e-18
14,2025-03-01,PEPE,4.625929269271223e-18
14,2025-03-01,BONK,4.625929269271223e-18
14,2025-03-01,WAVES,4.625929269271223e-18
14,2025-03-01,MASK,0.25
14,2025-03-01,ATH,4.625929269271223e-18
14,2025-03-01,TOKAMAK,0.08751893934456005
14,2025-03-01,CARV,0.02780428609801077
14,2025-03-01,MEW,4.625929269271223e-18
14,2025-03-01,MNT,4.625929269271223e-18
14,2025-03-01,PYTH,4.625929269271223e-18
14,2025-03-01,SONIC,4.625929269271223e-18
14,2025-03-01,GAS,0.004649665701996893
14,2025-03-01,AKT,4.625929269271223e-18
14,2025-03-01,BIGTIME,4.625929269271223e-18
14,2025-03-01,DRIFT,4.625929269271223e-18
14,2025-03-15,XRP,2.7755575615627336e-18
14,2025-03-15,BTC,0.25
14,2025-03-15,ETH,2.7755575615627336e-18
14,2025-03-15,SOL,2.7755575615627336e-18
14,2025-03-15,DOGE,2.7755575615627336e-18
14,2025-03-15,AERGO,2.7755575615627336e-18
14,2025-03-15,ADA,2.7755575615627336e-18
14,2025-03-15,AUCTION,0.01720749733918989
14,2025-03-15,ONDO,2.7755575615627336e-18
14,2025-03-15,SUI,2.7755575615627336e-18
14,2025-03-15,VIRTUAL,2.7755575615627336e-18
14,2025-03-15,ARDR,0.1061909647430071
14,2025-03-15,MOVE,2.7755575615627336e-18
14,2025-03-15,AWE,0.029736007307683596
14,2025-03-15,XLM,2.7755575615627336e-18
14,2025-03-15,AXS,2.7755575615627336e-18
14,2025-03-15,SNT,2.7755575615627336e-18
14,2025-03-15,QTUM,2.7755575615627336e-18
14,2025-03-15,ANIME,2.7755575615627336e-18
14,2025-03-15,PUNDIX,0.07223584640917466
14,2025-03-15,ARK,2.7755575615627336e-18
14,2025-03-15,ENS,2.7755575615627336e-18
14,2025-03-15,LINK,2.7755575615627336e-18
14,2025-03-15,CRO,2.7755575615627336e-18
14,2025-03-15,HBAR,2.7755575615627336e-18
14,2025-03-15,VANA,2.7755575615627336e-18
14,2025-03-15,SEI,2.7755575615627336e-18
14,2025-03-15,STRAX,2.7755575615627336e-18
14,2025-03-15,KNC,2.7755575615627336e-18
14,2025-03-15,ME,2.7755575615627336e-18
14,2025-03-15,SHIB,2.7755575615627336e-18
14,2025-03-15,CBK,0.045527685431455536
14,2025-03-15,AQT,2.7755575615627336e-18
14,2025-03-15,SAFE,2.7755575615627336e-18
14,2025-03-15,GLM,2.7755575615627336e-18
14,2025-03-15,PEPE,2.7755575615627336e-18
14,2025-03-15,BONK,2.7755575615627336e-18
14,2025-03-15,WAVES,2.7755575615627336e-18
14,2025-03-15,MASK,0.25
14,2025-03-15,ATH,2.7755575615627336e-18
14,2025-03-15,TOKAMAK,0.13241169637469688
14,2025-03-15,CARV,0.0010220929845038307
14,2025-03-15,MEW,2.7755575615627336e-18
14,2025-03-15,MNT,0.09566820941028858
14,2025-03-15,PYTH,2.7755575615627336e-18
14,2025-03-15,SONIC,2.7755575615627336e-18
14,2025-03-15,GAS,2.7755575615627336e-18
14,2025-03-15,AKT,2.7755575615627336e-18
14,2025-03-15,BIGTIME,2.7755575615627336e-18
14,2025-03-15,DRIFT,2.7755575615627336e-18
14,2025-03-29,XRP,3.4694469519528253e-18
14,2025-03-29,BTC,0.25
14,2025-03-29,ETH,3.4694469519528253e-18
14,2025-03-29,SOL,3.4694469519528253e-18
14,2025-03-29,DOGE,3.4694469519528253e-18
14,2025-03-29,AERGO,3.4694469519528253e-18
14,2025-03-29,ADA,3.4694469519528253e-18
14,2025-03-29,AUCTION,0.00876753620867025
14,2025-03-29,ONDO,3.4694469519528253e-18
14,2025-03-29,SUI,3.4694469519528253e-18
14,2025-03-29,VIRTUAL,3.4694469519528253e-18
14,2025-03-29,ARDR,0.10424847987280425
14,2025-03-29,MOVE,3.4694469519528253e-18
14,2025-03-29,AWE,0.028793942958540417
14,2025-03-29,XLM,3.4694469519528253e-18
14,2025-03-29,AXS,3.4694469519528253e-18
14,2025-03-29,SNT,3.4694469519528253e-18
14,2025-03-29,QTUM,3.4694469519528253e-18
14,2025-03-29,ANIME,3.4694469519528253e-18
14,2025-03-29,PUNDIX,0.011452466262562513
14,2025-03-29,ARK,3.4694469519528253e-18
14,2025-03-29,ENS,3.4694469519528253e-18
14,2025-03-29,LINK,3.4694469519528253e-18
14,2025-03-29,CRO,3.4694469519528253e-18
14,2025-03-29,HBAR,3.4694469519528253e-18
14,2025-03-29,VANA,3.4694469519528253e-18
14,2025-03-29,SEI,3.4694469519528253e-18
14,2025-03-29,STRAX,0.006036535845180626
14,2025-03-29,KNC,3.4694469519528253e-18
14,2025-03-29,ME,3.4694469519528253e-18
14,2025-03-29,SHIB,3.4694469519528253e-18
14,2025-03-29,CBK,0.06136656899871891
14,2025-03-29,AQT,3.4694469519528253e-18
14,2025-03-29,SAFE,3.4694469519528253e-18
14,2025-03-29,GLM,3.4694469519528253e-18
14,2025-03-29,PEPE,3.4694469519528253e-18
14,2025-03-29,BONK,3.4694469519528253e-18
14,2025-03-29,WAVES,0.00821269306482006
14,2025-03-29,MASK,0.25
14,2025-03-29,ATH,3.4694469519528253e-18
14,2025-03-29,TOKAMAK,0.15362478998526957
14,2025-03-29,CARV,0.007841584923309915
14,2025-03-29,MEW,3.4694469519528253e-18
14,2025-03-29,MNT,0.10965540188012354
14,2025-03-29,PYTH,3.4694469519528253e-18
14,2025-03-29,SONIC,3.4694469519528253e-18
14,2025-03-29,GAS,3.4694469519528253e-18
14,2025-03-29,AKT,3.4694469519528253e-18
14,2025-03-29,BIGTIME,3.4694469519528253e-18
14,2025-03-29,DRIFT,3.4694469519528253e-18
14,2025-04-12,XRP,1.3010426069822109e-18
14,2025-04-12,BTC,0.25
14,2025-04-12,ETH,1.3010426069822109e-18
14,2025-04-12,SOL,1.3010426069822109e-18
14,2025-04-12,DOGE,1.3010426069822109e-18
14,2025-04-12,AERGO,0.005052193163086441
14,2025-04-12,ADA,1.3010426069822109e-18
14,2025-04-12,AUCTION,0.013873122168140985
14,2025-04-12,ONDO,1.3010426069822109e-18
14,2025-04-12,SUI,1.3010426069822109e-18
14,2025-04-12,VIRTUAL,1.3010426069822109e-18
14,2025-04-12,ARDR,0.009081554079979917
14,2025-04-12,MOVE,1.3010426069822109e-18
14,2025-04-12,AWE,0.01330628346762143
14,2025-04-12,XLM,1.3010426069822109e-18
14,2025-04-12,AXS,1.3010426069822109e-18
14,2025-04-12,SNT,0.02055866855344737
14,2025-04-12,QTUM,1.3010426069822109e-18
14,2025-04-12,ANIME,1.3010426069822109e-18
14,2025-04-12,PUNDIX,0.03808971442256906
14,2025-04-12,ARK,0.0004394097434576526
14,2025-04-12,ENS,1.3010426069822109e-18
14,2025-04-12,LINK,1.3010426069822109e-18
14,2025-04-12,CRO,1.3010426069822109e-18
14,2025-04-12,HBAR,1.3010426069822109e-18
14,2025-04-12,VANA,1.3010426069822109e-18
14,2025-04-12,SEI,1.3010426069822109e-18
14,2025-04-12,STRAX,0.06476486894238555
14,2025-04-12,KNC,1.3010426069822109e-18
14,2025-04-12,ME,1.3010426069822109e-18
14,2025-04-12,SHIB,1.3010426069822109e-18
14,2025-04-12,CBK,0.06723744994800572
14,2025-04-12,AQT,1.3010426069822109e-18
14,2025-04-12,SAFE,1.3010426069822109e-18
14,2025-04-12,GLM,0.012898757928495388
14,2025-04-12,PEPE,1.3010426069822109e-18
14,2025-04-12,BONK,1.3010426069822109e-18
14,2025-04-12,WAVES,1.3010426069822109e-18
14,2025-04-12,MASK,0.08592749175214331
14,2025-04-12,ATH,1.3010426069822109e-18
14,2025-04-12,TOKAMAK,0.11789847663174019
14,2025-04-12,CARV,0.012307353664848784
14,2025-04-12,MEW,1.3010426069822109e-18
14,2025-04-12,MNT,0.25
14,2025-04-12,PYTH,1.3010426069822109e-18
14,2025-04-12,SONIC,1.3010426069822109e-18
14,2025-04-12,GAS,0.020660837268179758
14,2025-04-12,AKT,1.3010426069822109e-18
14,2025-04-12,BIGTIME,0.017903818265898507
14,2025-04-12,DRIFT,1.3010426069822109e-18
14,2025-04-26,XRP,1.7347234759764127e-18
14,2025-04-26,BTC,0.25
14,2025-04-26,ETH,1.7347234759764127e-18
14,2025-04-26,SOL,1.7347234759764127e-18
14,2025-04-26,DOGE,1.7347234759764127e-18
14,2025-04-26,AERGO,0.008717634980506601
14,2025-04-26,ADA,1.7347234759764127e-18
14,2025-04-26,AUCTION,0.020847201919660028
14,2025-04-26,ONDO,1.7347234759764127e-18
14,2025-04-26,SUI,1.7347234759764127e-18
14,2025-04-26,VIRTUAL,1.7347234759764127e-18
14,2025-04-26,ARDR,0.012553847468587565
14,2025-04-26,MOVE,1.7347234759764127e-18
14,2025-04-26,AWE,0.00627816587364054
14,2025-04-26,XLM,1.7347234759764127e-18
14,2025-04-26,AXS,1.7347234759764127e-18
14,2025-04-26,SNT,0.014508724138829691
14,2025-04-26,QTUM,0.007250474761800935
14,2025-04-26,ANIME,1.7347234759764127e-18
14,2025-04-26,PUNDIX,0.07370264681839465
14,2025-04-26,ARK,0.007020843149344644
14,2025-04-26,ENS,1.7347234759764127e-18
14,2025-04-26,LINK,1.7347234759764127e-18
14,2025-04-26,CRO,0.00265400496617936
14,2025-04-26,HBAR,1.7347234759764127e-18
14,2025-04-26,VANA,1.7347234759764127e-18
14,2025-04-26,SEI,1.7347234759764127e-18
14,2025-04-26,STRAX,0.025277763221733203
14,2025-04-26,KNC,1.7347234759764127e-18
14,2025-04-26,ME,1.7347234759764127e-18
14,2025-04-26,SHIB,1.7347234759764127e-18
14,2025-04-26,CBK,0.05386230363497402
14,2025-04-26,AQT,0.006493991425730707
14,2025-04-26,SAFE,1.7347234759764127e-18
14,2025-04-26,GLM,1.7347234759764127e-18
14,2025-04-26,PEPE,1.7347234759764127e-18
14,2025-04-26,BONK,1.7347234759764127e-18
14,2025-04-26,WAVES,0.05783071179736538
14,2025-04-26,MASK,0.06796760640939586
14,2025-04-26,ATH,1.7347234759764127e-18
14,2025-04-26,TOKAMAK,0.11447382784216115
14,2025-04-26,CARV,0.016230333271270603
14,2025-04-26,MEW,1.7347234759764127e-18
14,2025-04-26,MNT,0.25
14,2025-04-26,PYTH,1.7347234759764127e-18
14,2025-04-26,SONIC,1.7347234759764127e-18
14,2025-04-26,GAS,0.0043299183204251485
14,2025-04-26,AKT,1.7347234759764127e-18
14,2025-04-26,BIGTIME,1.7347234759764127e-18
14,2025-04-26,DRIFT,1.7347234759764127e-18
14,2025-05-10,XRP,3.469446951953614e-18
14,2025-05-10,BTC,0.25
14,2025-05-10,ETH,0.01755075942663948
14,2025-05-10,SOL,3.469446951953614e-18
14,2025-05-10,DOGE,3.469446951953614e-18
14,2025-05-10,AERGO,0.0071981122676305605
14,2025-05-10,ADA,3.469446951953614e-18
14,2025-05-10,AUCTION,0.012746004088622177
14,2025-05-10,ONDO,3.469446951953614e-18
14,2025-05-10,SUI,3.469446951953614e-18
14,2025-05-10,VIRTUAL,3.469446951953614e-18
14,2025-05-10,ARDR,0.015351409418385264
14,2025-05-10,MOVE,3.469446951953614e-18
14,2025-05-10,AWE,0.015863776822082537
14,2025-05-10,XLM,3.469446951953614e-18
14,2025-05-10,AXS,3.469446951953614e-18
14,2025-05-10,SNT,0.030972295229021046
14,2025-05-10,QTUM,3.469446951953614e-18
14,2025-05-10,ANIME,3.469446951953614e-18
14,2025-05-10,PUNDIX,0.00926893040569008
14,2025-05-10,ARK,3.469446951953614e-18
14,2025-05-10,ENS,3.469446951953614e-18
14,2025-05-10,LINK,3.469446951953614e-18
14,2025-05-10,CRO,0.04712411003425538
14,2025-05-10,HBAR,3.469446951953614e-18
14,2025-05-10,VANA,3.469446951953614e-18
14,2025-05-10,SEI,3.469446951953614e-18
14,2025-05-10,STRAX,0.024725024951857685
14,2025-05-10,KNC,3.469446951953614e-18
14,2025-05-10,ME,3.469446951953614e-18
14,2025-05-10,SHIB,3.469446951953614e-18
14,2025-05-10,CBK,0.08469227928060494
14,2025-05-10,AQT,0.004820057498091201
14,2025-05-10,SAFE,0.002030251150970162
14,2025-05-10,GLM,3.469446951953614e-18
14,2025-05-10,PEPE,3.469446951953614e-18
14,2025-05-10,BONK,3.469446951953614e-18
14,2025-05-10,WAVES,0.06212945582949724
14,2025-05-10,MASK,0.027765681100176604
14,2025-05-10,ATH,3.469446951953614e-18
14,2025-05-10,TOKAMAK,0.1321090635507326
14,2025-05-10,CARV,3.469446951953614e-18
14,2025-05-10,MEW,3.469446951953614e-18
14,2025-05-10,MNT,0.24235030849257982
14,2025-05-10,PYTH,3.469446951953614e-18
14,2025-05-10,SONIC,3.469446951953614e-18
14,2025-05-10,GAS,0.013302480453163207
14,2025-05-10,AKT,3.469446951953614e-18
14,2025-05-10,BIGTIME,3.469446951953614e-18
14,2025-05-10,DRIFT,3.469446951953614e-18
14,2025-05-24,XRP,0.001096693474035131
14,2025-05-24,BTC,0.25
14,2025-05-24,ETH,4.625929269271223e-18
14,2025-05-24,SOL,4.625929269271223e-18
14,2025-05-24,DOGE,4.625929269271223e-18
14,2025-05-24,AERGO,4.625929269271223e-18
14,2025-05-24,ADA,4.625929269271223e-18
14,2025-05-24,AUCTION,4.625929269271223e-18
14,2025-05-24,ONDO,4.625929269271223e-18
14,2025-05-24,SUI,4.625929269271223e-18
14,2025-05-24,VIRTUAL,4.625929269271223e-18
14,2025-05-24,ARDR,0.04538696926290497
14,2025-05-24,MOVE,4.625929269271223e-18
14,2025-05-24,AWE,0.022892467209814
14,2025-05-24,XLM,4.625929269271223e-18
14,2025-05-24,AXS,4.625929269271223e-18
14,2025-05-24,SNT,0.005745214234779612
14,2025-05-24,QTUM,4.625929269271223e-18
14,2025-05-24,ANIME,4.625929269271223e-18
14,2025-05-24,PUNDIX,4.625929269271223e-18
14,2025-05-24,ARK,4.625929269271223e-18
14,2025-05-24,ENS,4.625929269271223e-18
14,2025-05-24,LINK,4.625929269271223e-18
14,2025-05-24,CRO,4.625929269271223e-18
14,2025-05-24,HBAR,4.625929269271223e-18
14,2025-05-24,VANA,4.625929269271223e-18
14,2025-05-24,SEI,4.625929269271223e-18
14,2025-05-24,STRAX,0.04841164795458654
14,2025-05-24,KNC,4.625929269271223e-18
14,2025-05-24,ME,4.625929269271223e-18
14,2025-05-24,SHIB,4.625929269271223e-18
14,2025-05-24,CBK,0.046976859291284624
14,2025-05-24,AQT,0.073468747166424
14,2025-05-24,SAFE,4.625929269271223e-18
14,2025-05-24,GLM,4.625929269271223e-18
14,2025-05-24,PEPE,4.625929269271223e-18
14,2025-05-24,BONK,4.625929269271223e-18
14,2025-05-24,WAVES,4.625929269271223e-18
14,2025-05-24,MASK,0.027528467978926063
14,2025-05-24,ATH,4.625929269271223e-18
14,2025-05-24,TOKAMAK,0.22849293342724508
14,2025-05-24,CARV,4.625929269271223e-18
14,2025-05-24,MEW,4.625929269271223e-18
14,2025-05-24,MNT,0.25
14,2025-05-24,PYTH,4.625929269271223e-18
14,2025-05-24,SONIC,4.625929269271223e-18
14,2025-05-24,GAS,4.625929269271223e-18
14,2025-05-24,AKT,4.625929269271223e-18
14,2025-05-24,BIGTIME,4.625929269271223e-18
14,2025-05-24,DRIFT,4.625929269271223e-18
14,2025-06-07,XRP,0.1485701962772542
14,2025-06-07,BTC,0.25
14,2025-06-07,ETH,5.637851296921468e-19
14,2025-06-07,SOL,5.637851296921468e-19
14,2025-06-07,DOGE,5.637851296921468e-19
14,2025-06-07,AERGO,0.01018950267514568
14,2025-06-07,ADA,5.637851296921468e-19
14,2025-06-07,AUCTION,5.637851296921468e-19
14,2025-06-07,ONDO,5.637851296921468e-19
14,2025-06-07,SUI,5.637851296921468e-19
14,2025-06-07,VIRTUAL,5.637851296921468e-19
14,2025-06-07,ARDR,0.03891222139331456
14,2025-06-07,MOVE,5.637851296921468e-19
14,2025-06-07,AWE,0.030486056343164415
14,2025-06-07,XLM,5.637851296921468e-19
14,2025-06-07,AXS,5.637851296921468e-19
14,2025-06-07,SNT,0.014602277101005331
14,2025-06-07,QTUM,5.637851296921468e-19
14,2025-06-07,ANIME,5.637851296921468e-19
14,2025-06-07,PUNDIX,5.637851296921468e-19
14,2025-06-07,ARK,5.637851296921468e-19
14,2025-06-07,ENS,5.637851296921468e-19
14,2025-06-07,LINK,5.637851296921468e-19
14,2025-06-07,CRO,0.03862589062303196
14,2025-06-07,HBAR,5.637851296921468e-19
14,2025-06-07,VANA,5.637851296921468e-19
14,2025-06-07,SEI,5.637851296921468e-19
14,2025-06-07,STRAX,0.0389864498437739
14,2025-06-07,KNC,5.637851296921468e-19
14,2025-06-07,ME,5.637851296921468e-19
14,2025-06-07,SHIB,5.637851296921468e-19
14,2025-06-07,CBK,0.14599623522671
14,2025-06-07,AQT,0.016698323925203463
14,2025-06-07,SAFE,5.637851296921468e-19
14,2025-06-07,GLM,5.637851296921468e-19
14,2025-06-07,PEPE,5.637851296921468e-19
14,2025-06-07,BONK,5.637851296921468e-19
14,2025-06-07,WAVES,0.013746583325576149
14,2025-06-07,MASK,5.637851296921468e-19
14,2025-06-07,ATH,5.637851296921468e-19
14,2025-06-07,TOKAMAK,5.637851296921468e-19
14,2025-06-07,CARV,5.637851296921468e-19
14,2025-06-07,MEW,5.637851296921468e-19
14,2025-06-07,MNT,0.25
14,2025-06-07,PYTH,5.637851296921468e-19
14,2025-06-07,SONIC,5.637851296921468e-19
14,2025-06-07,GAS,0.003186263265820427
14,2025-06-07,AKT,5.637851296921468e-19
14,2025-06-07,BIGTIME,5.637851296921468e-19
14,2025-06-07,DRIFT,5.637851296921468e-19
14,2025-06-21,XRP,0.1495083693909665
14,2025-06-21,BTC,0.25
14,2025-06-21,ETH,5.782411586588042e-19
14,2025-06-21,SOL,5.782411586588042e-19
14,2025-06-21,DOGE,5.782411586588042e-19
14,2025-06-21,AERGO,5.782411586588042e-19
14,2025-06-21,ADA,5.782411586588042e-19
14,2025-06-21,AUCTION,5.782411586588042e-19
14,2025-06-21,ONDO,5.782411586588042e-19
14,2025-06-21,SUI,5.782411586588042e-19
14,2025-06-21,VIRTUAL,5.782411586588042e-19
14,2025-06-21,ARDR,0.02295099237443367
14,2025-06-21,MOVE,5.782411586588042e-19
14,2025-06-21,AWE,0.024726030051056305
14,2025-06-21,XLM,0.007402050942389596
14,2025-06-21,AXS,5.782411586588042e-19
14,2025-06-21,SNT,0.015774115910295313
14,2025-06-21,QTUM,5.782411586588042e-19
14,2025-06-21,ANIME,5.782411586588042e-19
14,2025-06-21,PUNDIX,5.782411586588042e-19
14,2025-06-21,ARK,5.782411586588042e-19
14,2025-06-21,ENS,5.782411586588042e-19
14,2025-06-21,LINK,5.782411586588042e-19
14,2025-06-21,CRO,0.05714755234236884
14,2025-06-21,HBAR,5.782411586588042e-19
14,2025-06-21,VANA,5.782411586588042e-19
14,2025-06-21,SEI,5.782411586588042e-19
14,2025-06-21,STRAX,0.053753731549734556
14,2025-06-21,KNC,5.782411586588042e-19
14,2025-06-21,ME,5.782411586588042e-19
14,2025-06-21,SHIB,5.782411586588042e-19
14,2025-06-21,CBK,0.15779516315316158
14,2025-06-21,AQT,0.02773547438378435
14,2025-06-21,SAFE,5.782411586588042e-19
14,2025-06-21,GLM,5.782411586588042e-19
14,2025-06-21,PEPE,5.782411586588042e-19
14,2025-06-21,BONK,5.782411586588042e-19
14,2025-06-21,WAVES,0.019640801651710702
14,2025-06-21,MASK,5.782411586588042e-19
14,2025-06-21,ATH,5.782411586588042e-19
14,2025-06-21,TOKAMAK,0.05973484149349158
14,2025-06-21,CARV,5.782411586588042e-19
14,2025-06-21,MEW,5.782411586588042e-19
14,2025-06-21,MNT,0.15383087675660698
14,2025-06-21,PYTH,5.782411586588042e-19
14,2025-06-21,SONIC,5.782411586588042e-19
14,2025-06-21,GAS,5.782411586588042e-19
14,2025-06-21,AKT,5.782411586588042e-19
14,2025-06-21,BIGTIME,5.782411586588042e-19
14,2025-06-21,DRIFT,5.782411586588042e-19
14,2025-07-05,XRP,0.13580265468565725
14,2025-07-05,BTC,0.25
14,2025-07-05,ETH,6.938893903907228e-18
14,2025-07-05,SOL,6.938893903907228e-18
14,2025-07-05,DOGE,6.938893903907228e-18
14,2025-07-05,AERGO,0.00030449562395272424
14,2025-07-05,ADA,6.938893903907228e-18
14,2025-07-05,AUCTION,6.938893903907228e-18
14,2025-07-05,ONDO,6.938893903907228e-18
14,2025-07-05,SUI,6.938893903907228e-18
14,2025-07-05,VIRTUAL,6.938893903907228e-18
14,2025-07-05,ARDR,0.07749174764107516
14,2025-07-05,MOVE,6.938893903907228e-18
14,2025-07-05,AWE,0.014096740402610502
14,2025-07-05,XLM,0.0549755845369774
14,2025-07-05,AXS,6.938893903907228e-18
14,2025-07-05,SNT,0.017242096787408116
14,2025-07-05,QTUM,6.938893903907228e-18
14,2025-07-05,ANIME,6.938893903907228e-18
14,2025-07-05,PUNDIX,6.938893903907228e-18
14,2025-07-05,ARK,6.938893903907228e-18
14,2025-07-05,ENS,6.938893903907228e-18
14,2025-07-05,LINK,6.938893903907228e-18
14,2025-07-05,CRO,0.14932751103797526
14,2025-07-05,HBAR,6.938893903907228e-18
14,2025-07-05,VANA,6.938893903907228e-18
14,2025-07-05,SEI,6.938893903907228e-18
14,2025-07-05,STRAX,0.02386287168716152
14,2025-07-05,KNC,6.938893903907228e-18
14,2025-07-05,ME,6.938893903907228e-18
14,2025-07-05,SHIB,6.938893903907228e-18
14,2025-07-05,CBK,6.938893903907228e-18
14,2025-07-05,AQT,0.026560968772089136
14,2025-07-05,SAFE,6.938893903907228e-18
14,2025-07-05,GLM,0.004298288283600711
14,2025-07-05,PEPE,6.938893903907228e-18
14,2025-07-05,BONK,6.938893903907228e-18
14,2025-07-05,WAVES,0.03975849266488135
14,2025-07-05,MASK,6.938893903907228e-18
14,2025-07-05,ATH,6.938893903907228e-18
14,2025-07-05,TOKAMAK,0.03395894869168153
14,2025-07-05,CARV,0.014796184837320604
14,2025-07-05,MEW,6.938893903907228e-18
14,2025-07-05,MNT,0.15752341434760875
14,2025-07-05,PYTH,6.938893903907228e-18
14,2025-07-05,SONIC,6.938893903907228e-18
14,2025-07-05,GAS,6.938893903907228e-18
14,2025-07-05,AKT,6.938893903907228e-18
14,2025-07-05,BIGTIME,6.938893903907228e-18
14,2025-07-05,DRIFT,6.938893903907228e-18
14,2025-07-19,XRP,0.009376991448416505
14,2025-07-19,BTC,0.25
14,2025-07-19,ETH,0.0835297918193927
14,2025-07-19,SOL,0.04278578675844055
14,2025-07-19,DOGE,4.510281037539541e-18
14,2025-07-19,AERGO,0.03699809279102355
14,2025-07-19,ADA,4.510281037539541e-18
14,2025-07-19,AUCTION,4.510281037539541e-18
14,2025-07-19,ONDO,4.510281037539541e-18
14,2025-07-19,SUI,4.510281037539541e-18
14,2025-07-19,VIRTUAL,4.510281037539541e-18
14,2025-07-19,ARDR,0.1099326208897957
14,2025-07-19,MOVE,4.510281037539541e-18
14,2025-07-19,AWE,0.038509907309040414
14,2025-07-19,XLM,4.510281037539541e-18
14,2025-07-19,AXS,4.510281037539541e-18
14,2025-07-19,SNT,0.04878798167035625
14,2025-07-19,QTUM,4.510281037539541e-18
14,2025-07-19,ANIME,4.510281037539541e-18
14,2025-07-19,PUNDIX,0.00046639998254668083
14,2025-07-19,ARK,4.510281037539541e-18
14,2025-07-19,ENS,4.510281037539541e-18
14,2025-07-19,LINK,4.510281037539541e-18
14,2025-07-19,CRO,0.022152235093956453
14,2025-07-19,HBAR,4.510281037539541e-18
14,2025-07-19,VANA,4.510281037539541e-18
14,2025-07-19,SEI,4.510281037539541e-18
14,2025-07-19,STRAX,0.11888749031307909
14,2025-07-19,KNC,4.510281037539541e-18
14,2025-07-19,ME,4.510281037539541e-18
14,2025-07-19,SHIB,4.510281037539541e-18
14,2025-07-19,CBK,0.02062657080357209
14,2025-07-19,AQT,0.054738272502039484
14,2025-07-19,SAFE,0.02744693285085342
14,2025-07-19,GLM,4.510281037539541e-18
14,2025-07-19,PEPE,4.510281037539541e-18
14,2025-07-19,BONK,4.510281037539541e-18
14,2025-07-19,WAVES,0.04107185957287758
14,2025-07-19,MASK,4.510281037539541e-18
14,2025-07-19,ATH,4.510281037539541e-18
14,2025-07-19,TOKAMAK,0.03184519138193839
14,2025-07-19,CARV,0.03524160914905225
14,2025-07-19,MEW,4.510281037539541e-18
14,2025-07-19,MNT,4.510281037539541e-18
14,2025-07-19,PYTH,4.510281037539541e-18
14,2025-07-19,SONIC,4.510281037539541e-18
14,2025-07-19,GAS,0.027602265663618935
14,2025-07-19,AKT,4.510281037539541e-18
14,2025-07-19,BIGTIME,4.510281037539541e-18
14,2025-07-19,DRIFT,4.510281037539541e-18
14,2025-08-02,XRP,5.204170427930027e-18
14,2025-08-02,BTC,0.25
14,2025-08-02,ETH,0.1557692097585346
14,2025-08-02,SOL,5.204170427930027e-18
14,2025-08-02,DOGE,5.204170427930027e-18
14,2025-08-02,AERGO,5.204170427930027e-18
14,2025-08-02,ADA,5.204170427930027e-18
14,2025-08-02,AUCTION,5.204170427930027e-18
14,2025-08-02,ONDO,5.204170427930027e-18
14,2025-08-02,SUI,5.204170427930027e-18
14,2025-08-02,VIRTUAL,5.204170427930027e-18
14,2025-08-02,ARDR,0.046191710693307575
14,2025-08-02,MOVE,5.204170427930027e-18
14,2025-08-02,AWE,0.0546882123969814
14,2025-08-02,XLM,5.204170427930027e-18
14,2025-08-02,AXS,5.204170427930027e-18
14,2025-08-02,SNT,0.0492432153393817
14,2025-08-02,QTUM,5.204170427930027e-18
14,2025-08-02,ANIME,5.204170427930027e-18
14,2025-08-02,PUNDIX,5.204170427930027e-18
14,2025-08-02,ARK,5.204170427930027e-18
14,2025-08-02,ENS,5.204170427930027e-18
14,2025-08-02,LINK,5.204170427930027e-18
14,2025-08-02,CRO,5.204170427930027e-18
14,2025-08-02,HBAR,5.204170427930027e-18
14,2025-08-02,VANA,5.204170427930027e-18
14,2025-08-02,SEI,5.204170427930027e-18
14,2025-08-02,STRAX,0.09738736224420386
14,2025-08-02,KNC,5.204170427930027e-18
14,2025-08-02,ME,5.204170427930027e-18
14,2025-08-02,SHIB,5.204170427930027e-18
14,2025-08-02,CBK,0.03173647048030021
14,2025-08-02,AQT,0.05345310616347926
14,2025-08-02,SAFE,5.204170427930027e-18
14,2025-08-02,GLM,5.204170427930027e-18
14,2025-08-02,PEPE,5.204170427930027e-18
14,2025-08-02,BONK,5.204170427930027e-18
14,2025-08-02,WAVES,0.01459385462966885
14,2025-08-02,MASK,5.204170427930027e-18
14,2025-08-02,ATH,5.204170427930027e-18
14,2025-08-02,TOKAMAK,0.020883709559439464
14,2025-08-02,CARV,5.204170427930027e-18
14,2025-08-02,MEW,5.204170427930027e-18
14,2025-08-02,MNT,0.2260531487347031
14,2025-08-02,PYTH,5.204170427930027e-18
14,2025-08-02,SONIC,5.204170427930027e-18
14,2025-08-02,GAS,5.204170427930027e-18
14,2025-08-02,AKT,5.204170427930027e-18
14,2025-08-02,BIGTIME,5.204170427930027e-18
14,2025-08-02,DRIFT,5.204170427930027e-18
14,2025-08-16,XRP,0.015259105250063378
14,2025-08-16,BTC,0.25
14,2025-08-16,ETH,0.06605577849575561
14,2025-08-16,SOL,6.938893903907228e-18
14,2025-08-16,DOGE,6.938893903907228e-18
14,2025-08-16,AERGO,0.028401905203004306
14,2025-08-16,ADA,6.938893903907228e-18
14,2025-08-16,AUCTION,0.002450595800206741
14,2025-08-16,ONDO,6.938893903907228e-18
14,2025-08-16,SUI,6.938893903907228e-18
14,2025-08-16,VIRTUAL,6.938893903907228e-18
14,2025-08-16,ARDR,0.06957150819662641
14,2025-08-16,MOVE,6.938893903907228e-18
14,2025-08-16,AWE,0.09706716556239905
14,2025-08-16,XLM,6.938893903907228e-18
14,2025-08-16,AXS,6.938893903907228e-18
14,2025-08-16,SNT,0.10266192667738047
14,2025-08-16,QTUM,6.938893903907228e-18
14,2025-08-16,ANIME,6.938893903907228e-18
14,2025-08-16,PUNDIX,0.011130760647513607
14,2025-08-16,ARK,6.938893903907228e-18
14,2025-08-16,ENS,6.938893903907228e-18
14,2025-08-16,LINK,6.938893903907228e-18
14,2025-08-16,CRO,0.005834966507073221
14,2025-08-16,HBAR,6.938893903907228e-18
14,2025-08-16,VANA,6.938893903907228e-18
14,2025-08-16,SEI,6.938893903907228e-18
14,2025-08-16,STRAX,0.10552216785418123
14,2025-08-16,KNC,6.938893903907228e-18
14,2025-08-16,ME,6.938893903907228e-18
14,2025-08-16,SHIB,6.938893903907228e-18
14,2025-08-16,CBK,0.06966978731193588
14,2025-08-16,AQT,0.04368463388080214
14,2025-08-16,SAFE,6.938893903907228e-18
14,2025-08-16,GLM,0.005096841339571727
14,2025-08-16,PEPE,6.938893903907228e-18
14,2025-08-16,BONK,6.938893903907228e-18
14,2025-08-16,WAVES,6.938893903907228e-18
14,2025-08-16,MASK,6.938893903907228e-18
14,2025-08-16,ATH,6.938893903907228e-18
14,2025-08-16,TOKAMAK,0.053928680851101085
14,2025-08-16,CARV,6.938893903907228e-18
14,2025-08-16,MEW,6.938893903907228e-18
14,2025-08-16,MNT,0.04159062040549799
14,2025-08-16,PYTH,6.938893903907228e-18
14,2025-08-16,SONIC,6.938893903907228e-18
14,2025-08-16,GAS,0.032073556016887085
14,2025-08-16,AKT,6.938893903907228e-18
14,2025-08-16,BIGTIME,6.938893903907228e-18
14,2025-08-16,DRIFT,6.938893903907228e-18
14,2025-08-30,XRP,0.045357828440853974
14,2025-08-30,BTC,0.25
14,2025-08-30,ETH,1.90819582357433e-18
14,2025-08-30,SOL,1.90819582357433e-18
14,2025-08-30,DOGE,1.90819582357433e-18
14,2025-08-30,AERGO,0.02036846921731554
14,2025-08-30,ADA,1.90819582357433e-18
14,2025-08-30,AUCTION,1.90819582357433e-18
14,2025-08-30,ONDO,1.90819582357433e-18
14,2025-08-30,SUI,1.90819582357433e-18
14,2025-08-30,VIRTUAL,1.90819582357433e-18
14,2025-08-30,ARDR,0.09264358737147652
14,2025-08-30,MOVE,1.90819582357433e-18
14,2025-08-30,AWE,0.0887004244264036
14,2025-08-30,XLM,1.90819582357433e-18
14,2025-08-30,AXS,1.90819582357433e-18
14,2025-08-30,SNT,0.11199402679458594
14,2025-08-30,QTUM,0.007047208359746912
14,2025-08-30,ANIME,1.90819582357433e-18
14,2025-08-30,PUNDIX,1.90819582357433e-18
14,2025-08-30,ARK,1.90819582357433e-18
14,2025-08-30,ENS,1.90819582357433e-18
14,2025-08-30,LINK,1.90819582357433e-18
14,2025-08-30,CRO,1.90819582357433e-18
14,2025-08-30,HBAR,1.90819582357433e-18
14,2025-08-30,VANA,1.90819582357433e-18
14,2025-08-30,SEI,1.90819582357433e-18
14,2025-08-30,STRAX,0.1270031303829823
14,2025-08-30,KNC,1.90819582357433e-18
14,2025-08-30,ME,1.90819582357433e-18
14,2025-08-30,SHIB,1.90819582357433e-18
14,2025-08-30,CBK,0.06065171397284794
14,2025-08-30,AQT,0.042133271284985445
14,2025-08-30,SAFE,1.90819582357433e-18
14,2025-08-30,GLM,1.90819582357433e-18
14,2025-08-30,PEPE,1.90819582357433e-18
14,2025-08-30,BONK,1.90819582357433e-18
14,2025-08-30,WAVES,0.04777008811327335
14,2025-08-30,MASK,1.90819582357433e-18
14,2025-08-30,ATH,1.90819582357433e-18
14,2025-08-30,TOKAMAK,0.08561069563543217
14,2025-08-30,CARV,1.90819582357433e-18
14,2025-08-30,MEW,1.90819582357433e-18
14,2025-08-30,MNT,0.005281088208410931
14,2025-08-30,PYTH,1.90819582357433e-18
14,2025-08-30,SONIC,1.90819582357433e-18
14,2025-08-30,GAS,0.015438467791685482
14,2025-08-30,AKT,1.90819582357433e-18
14,2025-08-30,BIGTIME,1.90819582357433e-18
14,2025-08-30,DRIFT,1.90819582357433e-18
14,2025-09-13,XRP,0.020059501408227008
14,2025-09-13,BTC,0.25
14,2025-09-13,ETH,1.1564823173176084e-18
14,2025-09-13,SOL,1.1564823173176084e-18
14,2025-09-13,DOGE,1.1564823173176084e-18
14,2025-09-13,AERGO,0.01599375787364602
14,2025-09-13,ADA,1.1564823173176084e-18
14,2025-09-13,AUCTION,1.1564823173176084e-18
14,2025-09-13,ONDO,1.1564823173176084e-18
14,2025-09-13,SUI,1.1564823173176084e-18
14,2025-09-13,VIRTUAL,1.1564823173176084e-18
14,2025-09-13,ARDR,0.0780646961523869
14,2025-09-13,MOVE,1.1564823173176084e-18
14,2025-09-13,AWE,0.021830202566911275
14,2025-09-13,XLM,1.1564823173176084e-18
14,2025-09-13,AXS,1.1564823173176084e-18
14,2025-09-13,SNT,0.1065485574329739
14,2025-09-13,QTUM,1.1564823173176084e-18
14,2025-09-13,ANIME,1.1564823173176084e-18
14,2025-09-13,PUNDIX,1.1564823173176084e-18
14,2025-09-13,ARK,1.1564823173176084e-18
14,2025-09-13,ENS,1.1564823173176084e-18
14,2025-09-13,LINK,1.1564823173176084e-18
14,2025-09-13,CRO,1.1564823173176084e-18
14,2025-09-13,HBAR,1.1564823173176084e-18
14,2025-09-13,VANA,1.1564823173176084e-18
14,2025-09-13,SEI,1.1564823173176084e-18
14,2025-09-13,STRAX,0.14465311168499972
14,2025-09-13,KNC,1.1564823173176084e-18
14,2025-09-13,ME,1.1564823173176084e-18
14,2025-09-13,SHIB,1.1564823173176084e-18
14,2025-09-13,CBK,0.0745707613955779
14,2025-09-13,AQT,0.06667083906929969
14,2025-09-13,SAFE,1.1564823173176084e-18
14,2025-09-13,GLM,1.1564823173176084e-18
14,2025-09-13,PEPE,1.1564823173176084e-18
14,2025-09-13,BONK,1.1564823173176084e-18
14,2025-09-13,WAVES,0.05265613766992621
14,2025-09-13,MASK,1.1564823173176084e-18
14,2025-09-13,ATH,1.1564823173176084e-18
14,2025-09-13,TOKAMAK,0.11167789512810808
14,2025-09-13,CARV,1.1564823173176084e-18
14,2025-09-13,MEW,1.1564823173176084e-18
14,2025-09-13,MNT,0.010562996407932521
14,2025-09-13,PYTH,1.1564823173176084e-18
14,2025-09-13,SONIC,1.1564823173176084e-18
14,2025-09-13,GAS,0.04671154321001088
14,2025-09-13,AKT,1.1564823173176084e-18
14,2025-09-13,BIGTIME,1.1564823173176084e-18
14,2025-09-13,DRIFT,1.1564823173176084e-18
14,2025-09-27,XRP,0.02954670276150634
14,2025-09-27,BTC,0.25
14,2025-09-27,ETH,6.9388939039064395e-18
14,2025-09-27,SOL,6.9388939039064395e-18
14,2025-09-27,DOGE,6.9388939039064395e-18
14,2025-09-27,AERGO,0.021646285107413392
14,2025-09-27,ADA,6.9388939039064395e-18
14,2025-09-27,AUCTION,6.9388939039064395e-18
14,2025-09-27,ONDO,6.9388939039064395e-18
14,2025-09-27,SUI,6.9388939039064395e-18
14,2025-09-27,VIRTUAL,6.9388939039064395e-18
14,2025-09-27,ARDR,0.0955728831062871
14,2025-09-27,MOVE,6.9388939039064395e-18
14,2025-09-27,AWE,0.00983155436822573
14,2025-09-27,XLM,6.9388939039064395e-18
14,2025-09-27,AXS,6.9388939039064395e-18
14,2025-09-27,SNT,0.1343686091317611
14,2025-09-27,QTUM,6.9388939039064395e-18
14,2025-09-27,ANIME,6.9388939039064395e-18
14,2025-09-27,PUNDIX,6.9388939039064395e-18
14,2025-09-27,ARK,6.9388939039064395e-18
14,2025-09-27,ENS,6.9388939039064395e-18
14,2025-09-27,LINK,6.9388939039064395e-18
14,2025-09-27,CRO,6.9388939039064395e-18
14,2025-09-27,HBAR,6.9388939039064395e-18
14,2025-09-27,VANA,6.9388939039064395e-18
14,2025-09-27,SEI,6.9388939039064395e-18
14,2025-09-27,STRAX,0.17939303971060735
14,2025-09-27,KNC,6.9388939039064395e-18
14,2025-09-27,ME,6.9388939039064395e-18
14,2025-09-27,SHIB,6.9388939039064395e-18
14,2025-09-27,CBK,0.09197504811581424
14,2025-09-27,AQT,0.07269325441143593
14,2025-09-27,SAFE,6.9388939039064395e-18
14,2025-09-27,GLM,0.0005978775479296063
14,2025-09-27,PEPE,6.9388939039064395e-18
14,2025-09-27,BONK,6.9388939039064395e-18
14,2025-09-27,WAVES,0.06647185438809364
14,2025-09-27,MASK,6.9388939039064395e-18
14,2025-09-27,ATH,0.0010966716860515372
14,2025-09-27,TOKAMAK,0.013396640840050364
14,2025-09-27,CARV,6.9388939039064395e-18
14,2025-09-27,MEW,6.9388939039064395e-18
14,2025-09-27,MNT,6.9388939039064395e-18
14,2025-09-27,PYTH,6.9388939039064395e-18
14,2025-09-27,SONIC,6.9388939039064395e-18
14,2025-09-27,GAS,0.033409578824823614
14,2025-09-27,AKT,6.9388939039064395e-18
14,2025-09-27,BIGTIME,6.9388939039064395e-18
14,2025-09-27,DRIFT,6.9388939039064395e-18
14,2025-10-11,XRP,4.625929269271223e-18
14,2025-10-11,BTC,0.25
14,2025-10-11,ETH,0.164251428630653
14,2025-10-11,SOL,4.625929269271223e-18
14,2025-10-11,DOGE,4.625929269271223e-18
14,2025-10-11,AERGO,4.625929269271223e-18
14,2025-10-11,ADA,4.625929269271223e-18
14,2025-10-11,AUCTION,4.625929269271223e-18
14,2025-10-11,ONDO,4.625929269271223e-18
14,2025-10-11,SUI,4.625929269271223e-18
14,2025-10-11,VIRTUAL,4.625929269271223e-18
14,2025-10-11,ARDR,0.15171976507200746
14,2025-10-11,MOVE,4.625929269271223e-18
14,2025-10-11,AWE,4.625929269271223e-18
14,2025-10-11,XLM,4.625929269271223e-18
14,2025-10-11,AXS,4.625929269271223e-18
14,2025-10-11,SNT,4.625929269271223e-18
14,2025-10-11,QTUM,4.625929269271223e-18
14,2025-10-11,ANIME,4.625929269271223e-18
14,2025-10-11,PUNDIX,4.625929269271223e-18
14,2025-10-11,ARK,4.625929269271223e-18
14,2025-10-11,ENS,4.625929269271223e-18
14,2025-10-11,LINK,4.625929269271223e-18
14,2025-10-11,CRO,4.625929269271223e-18
14,2025-10-11,HBAR,4.625929269271223e-18
14,2025-10-11,VANA,4.625929269271223e-18
14,2025-10-11,SEI,4.625929269271223e-18
14,2025-10-11,STRAX,0.25
14,2025-10-11,KNC,4.625929269271223e-18
14,2025-10-11,ME,4.625929269271223e-18
14,2025-10-11,SHIB,4.625929269271223e-18
14,2025-10-11,CBK,4.625929269271223e-18
14,2025-10-11,AQT,0.18402880629733948
14,2025-10-11,SAFE,4.625929269271223e-18
14,2025-10-11,GLM,4.625929269271223e-18
14,2025-10-11,PEPE,4.625929269271223e-18
14,2025-10-11,BONK,4.625929269271223e-18
14,2025-10-11,WAVES,4.625929269271223e-18
14,2025-10-11,MASK,4.625929269271223e-18
14,2025-10-11,ATH,4.625929269271223e-18
14,2025-10-11,TOKAMAK,4.625929269271223e-18
14,2025-10-11,CARV,4.625929269271223e-18
14,2025-10-11,MEW,4.625929269271223e-18
14,2025-10-11,MNT,4.625929269271223e-18
14,2025-10-11,PYTH,4.625929269271223e-18
14,2025-10-11,SONIC,4.625929269271223e-18
14,2025-10-11,GAS,4.625929269271223e-18
14,2025-10-11,AKT,4.625929269271223e-18
14,2025-10-11,BIGTIME,4.625929269271223e-18
14,2025-10-11,DRIFT,4.625929269271223e-18
14,2025-10-25,XRP,0.0497086977005737
14,2025-10-25,BTC,0.25
14,2025-10-25,ETH,0.05321795284553124
14,2025-10-25,SOL,2.1684043449706144e-18
14,2025-10-25,DOGE,2.1684043449706144e-18
14,2025-10-25,AERGO,2.1684043449706144e-18
14,2025-10-25,ADA,2.1684043449706144e-18
14,2025-10-25,AUCTION,2.1684043449706144e-18
14,2025-10-25,ONDO,2.1684043449706144e-18
14,2025-10-25,SUI,2.1684043449706144e-18
14,2025-10-25,VIRTUAL,2.1684043449706144e-18
14,2025-10-25,ARDR,0.12477505321938281
14,2025-10-25,MOVE,2.1684043449706144e-18
14,2025-10-25,AWE,2.1684043449706144e-18
14,2025-10-25,XLM,2.1684043449706144e-18
14,2025-10-25,AXS,2.1684043449706144e-18
14,2025-10-25,SNT,0.014666788154429528
14,2025-10-25,QTUM,2.1684043449706144e-18
14,2025-10-25,ANIME,2.1684043449706144e-18
14,2025-10-25,PUNDIX,0.0179357147177095
14,2025-10-25,ARK,2.1684043449706144e-18
14,2025-10-25,ENS,2.1684043449706144e-18
14,2025-10-25,LINK,2.1684043449706144e-18
14,2025-10-25,CRO,2.1684043449706144e-18
14,2025-10-25,HBAR,2.1684043449706144e-18
14,2025-10-25,VANA,2.1684043449706144e-18
14,2025-10-25,SEI,2.1684043449706144e-18
14,2025-10-25,STRAX,0.10777310096081699
14,2025-10-25,KNC,2.1684043449706144e-18
14,2025-10-25,ME,2.1684043449706144e-18
14,2025-10-25,SHIB,2.1684043449706144e-18
14,2025-10-25,CBK,0.14265992998749383
14,2025-10-25,AQT,0.09507468532179368
14,2025-10-25,SAFE,2.1684043449706144e-18
14,2025-10-25,GLM,2.1684043449706144e-18
14,2025-10-25,PEPE,2.1684043449706144e-18
14,2025-10-25,BONK,2.1684043449706144e-18
14,2025-10-25,WAVES,0.031177573301775664
14,2025-10-25,MASK,2.1684043449706144e-18
14,2025-10-25,ATH,2.1684043449706144e-18
14,2025-10-25,TOKAMAK,0.11301050379049321
14,2025-10-25,CARV,2.1684043449706144e-18
14,2025-10-25,MEW,2.1684043449706144e-18
14,2025-10-25,MNT,2.1684043449706144e-18
14,2025-10-25,PYTH,2.1684043449706144e-18
14,2025-10-25,SONIC,2.1684043449706144e-18
14,2025-10-25,GAS,2.1684043449706144e-18
14,2025-10-25,AKT,2.1684043449706144e-18
14,2025-10-25,BIGTIME,2.1684043449706144e-18
14,2025-10-25,DRIFT,2.1684043449706144e-18
14,2025-11-08,XRP,3.469446951953614e-18
14,2025-11-08,BTC,0.25
14,2025-11-08,ETH,0.12022457315821984
14,2025-11-08,SOL,3.469446951953614e-18
14,2025-11-08,DOGE,3.469446951953614e-18
14,2025-11-08,AERGO,3.469446951953614e-18
14,2025-11-08,ADA,3.469446951953614e-18
14,2025-11-08,AUCTION,3.469446951953614e-18
14,2025-11-08,ONDO,3.469446951953614e-18
14,2025-11-08,SUI,3.469446951953614e-18
14,2025-11-08,VIRTUAL,3.469446951953614e-18
14,2025-11-08,ARDR,0.033208378284994525
14,2025-11-08,MOVE,3.469446951953614e-18
14,2025-11-08,AWE,3.469446951953614e-18
14,2025-11-08,XLM,3.469446951953614e-18
14,2025-11-08,AXS,3.469446951953614e-18
14,2025-11-08,SNT,0.11289682331333524
14,2025-11-08,QTUM,3.469446951953614e-18
14,2025-11-08,ANIME,3.469446951953614e-18
14,2025-11-08,PUNDIX,0.03121594526051826
14,2025-11-08,ARK,3.469446951953614e-18
14,2025-11-08,ENS,3.469446951953614e-18
14,2025-11-08,LINK,3.469446951953614e-18
14,2025-11-08,CRO,3.469446951953614e-18
14,2025-11-08,HBAR,3.469446951953614e-18
14,2025-11-08,VANA,3.469446951953614e-18
14,2025-11-08,SEI,3.469446951953614e-18
14,2025-11-08,STRAX,0.07186432140478886
14,2025-11-08,KNC,3.469446951953614e-18
14,2025-11-08,ME,3.469446951953614e-18
14,2025-11-08,SHIB,3.469446951953614e-18
14,2025-11-08,CBK,0.14569830092790953
14,2025-11-08,AQT,0.1110517694776169
14,2025-11-08,SAFE,3.469446951953614e-18
14,2025-11-08,GLM,3.469446951953614e-18
14,2025-11-08,PEPE,3.469446951953614e-18
14,2025-11-08,BONK,3.469446951953614e-18
14,2025-11-08,WAVES,0.015825540998864962
14,2025-11-08,MASK,3.469446951953614e-18
14,2025-11-08,ATH,3.469446951953614e-18
14,2025-11-08,TOKAMAK,0.10801434717375194
14,2025-11-08,CARV,3.469446951953614e-18
14,2025-11-08,MEW,3.469446951953614e-18
14,2025-11-08,MNT,3.469446951953614e-18
14,2025-11-08,PYTH,3.469446951953614e-18
14,2025-11-08,SONIC,3.469446951953614e-18
14,2025-11-08,GAS,3.469446951953614e-18
14,2025-11-08,AKT,3.469446951953614e-18
14,2025-11-08,BIGTIME,3.469446951953614e-18
14,2025-11-08,DRIFT,3.469446951953614e-18
14,2025-11-22,XRP,3.4694469519528253e-18
14,2025-11-22,BTC,0.25
14,2025-11-22,ETH,0.005275458244306145
14,2025-11-22,SOL,3.4694469519528253e-18
14,2025-11-22,DOGE,3.4694469519528253e-18
14,2025-11-22,AERGO,3.4694469519528253e-18
14,2025-11-22,ADA,3.4694469519528253e-18
14,2025-11-22,AUCTION,3.4694469519528253e-18
14,2025-11-22,ONDO,3.4694469519528253e-18
14,2025-11-22,SUI,3.4694469519528253e-18
14,2025-11-22,VIRTUAL,3.4694469519528253e-18
14,2025-11-22,ARDR,0.06757552078766846
14,2025-11-22,MOVE,3.4694469519528253e-18
14,2025-11-22,AWE,3.4694469519528253e-18
14,2025-11-22,XLM,3.4694469519528253e-18
14,2025-11-22,AXS,3.4694469519528253e-18
14,2025-11-22,SNT,0.10000522209642959
14,2025-11-22,QTUM,3.4694469519528253e-18
14,2025-11-22,ANIME,0.0031326258310681782
14,2025-11-22,PUNDIX,0.025948831351719503
14,2025-11-22,ARK,3.4694469519528253e-18
14,2025-11-22,ENS,3.4694469519528253e-18
14,2025-11-22,LINK,3.4694469519528253e-18
14,2025-11-22,CRO,3.4694469519528253e-18
14,2025-11-22,HBAR,3.4694469519528253e-18
14,2025-11-22,VANA,3.4694469519528253e-18
14,2025-11-22,SEI,3.4694469519528253e-18
14,2025-11-22,STRAX,0.02038286027102893
14,2025-11-22,KNC,3.4694469519528253e-18
14,2025-11-22,ME,3.4694469519528253e-18
14,2025-11-22,SHIB,3.4694469519528253e-18
14,2025-11-22,CBK,0.18736658823507255
14,2025-11-22,AQT,0.1277505745345583
14,2025-11-22,SAFE,3.4694469519528253e-18
14,2025-11-22,GLM,0.030784659292132262
14,2025-11-22,PEPE,3.4694469519528253e-18
14,2025-11-22,BONK,3.4694469519528253e-18
14,2025-11-22,WAVES,0.018448190094082658
14,2025-11-22,MASK,3.4694469519528253e-18
14,2025-11-22,ATH,3.4694469519528253e-18
14,2025-11-22,TOKAMAK,0.16332946926193354
14,2025-11-22,CARV,3.4694469519528253e-18
14,2025-11-22,MEW,3.4694469519528253e-18
14,2025-11-22,MNT,3.4694469519528253e-18
14,2025-11-22,PYTH,3.4694469519528253e-18
14,2025-11-22,SONIC,3.4694469519528253e-18
14,2025-11-22,GAS,3.4694469519528253e-18
14,2025-11-22,AKT,3.4694469519528253e-18
14,2025-11-22,BIGTIME,3.4694469519528253e-18
14,2025-11-22,DRIFT,3.4694469519528253e-18
14,2025-12-06,XRP,0.008995306155530501
14,2025-12-06,BTC,0.25
14,2025-12-06,ETH,1.1564823173176084e-18
14,2025-12-06,SOL,1.1564823173176084e-18
14,2025-12-06,DOGE,1.1564823173176084e-18
14,2025-12-06,AERGO,1.1564823173176084e-18
14,2025-12-06,ADA,1.1564823173176084e-18
14,2025-12-06,AUCTION,0.010086421164152563
14,2025-12-06,ONDO,1.1564823173176084e-18
14,2025-12-06,SUI,1.1564823173176084e-18
14,2025-12-06,VIRTUAL,1.1564823173176084e-18
14,2025-12-06,ARDR,0.04990045380590659
14,2025-12-06,MOVE,1.1564823173176084e-18
14,2025-12-06,AWE,0.011926215070120627
14,2025-12-06,XLM,1.1564823173176084e-18
14,2025-12-06,AXS,1.1564823173176084e-18
14,2025-12-06,SNT,0.05990888495941167
14,2025-12-06,QTUM,1.1564823173176084e-18
14,2025-12-06,ANIME,1.1564823173176084e-18
14,2025-12-06,PUNDIX,0.030811689332316594
14,2025-12-06,ARK,1.1564823173176084e-18
14,2025-12-06,ENS,1.1564823173176084e-18
14,2025-12-06,LINK,1.1564823173176084e-18
14,2025-12-06,CRO,1.1564823173176084e-18
14,2025-12-06,HBAR,1.1564823173176084e-18
14,2025-12-06,VANA,1.1564823173176084e-18
14,2025-12-06,SEI,1.1564823173176084e-18
14,2025-12-06,STRAX,0.03177490029967381
14,2025-12-06,KNC,0.0872277969423582
14,2025-12-06,ME,1.1564823173176084e-18
14,2025-12-06,SHIB,0.006189620755995857
14,2025-12-06,CBK,0.1547797675444303
14,2025-12-06,AQT,0.1283700409892108
14,2025-12-06,SAFE,1.1564823173176084e-18
14,2025-12-06,GLM,1.1564823173176084e-18
14,2025-12-06,PEPE,1.1564823173176084e-18
14,2025-12-06,BONK,1.1564823173176084e-18
14,2025-12-06,WAVES,0.025386042061758294
14,2025-12-06,MASK,1.1564823173176084e-18
14,2025-12-06,ATH,1.1564823173176084e-18
14,2025-12-06,TOKAMAK,0.14464286091913434
14,2025-12-06,CARV,1.1564823173176084e-18
14,2025-12-06,MEW,1.1564823173176084e-18
14,2025-12-06,MNT,1.1564823173176084e-18
14,2025-12-06,PYTH,1.1564823173176084e-18
14,2025-12-06,SONIC,1.1564823173176084e-18
14,2025-12-06,GAS,1.1564823173176084e-18
14,2025-12-06,AKT,1.1564823173176084e-18
14,2025-12-06,BIGTIME,1.1564823173176084e-18
14,2025-12-06,DRIFT,1.1564823173176084e-18
14,2025-12-20,XRP,3.469446951953614e-18
14,2025-12-20,BTC,0.25
14,2025-12-20,ETH,3.469446951953614e-18
14,2025-12-20,SOL,3.469446951953614e-18
14,2025-12-20,DOGE,3.469446951953614e-18
14,2025-12-20,AERGO,0.005462143710339868
14,2025-12-20,ADA,3.469446951953614e-18
14,2025-12-20,AUCTION,3.469446951953614e-18
14,2025-12-20,ONDO,3.469446951953614e-18
14,2025-12-20,SUI,3.469446951953614e-18
14,2025-12-20,VIRTUAL,3.469446951953614e-18
14,2025-12-20,ARDR,0.10981915566018575
14,2025-12-20,MOVE,3.469446951953614e-18
14,2025-12-20,AWE,0.021839171806635152
14,2025-12-20,XLM,3.469446951953614e-18
14,2025-12-20,AXS,3.469446951953614e-18
14,2025-12-20,SNT,0.07348624442569698
14,2025-12-20,QTUM,3.469446951953614e-18
14,2025-12-20,ANIME,3.469446951953614e-18
14,2025-12-20,PUNDIX,0.06360163983218016
14,2025-12-20,ARK,3.469446951953614e-18
14,2025-12-20,ENS,3.469446951953614e-18
14,2025-12-20,LINK,3.469446951953614e-18
14,2025-12-20,CRO,3.469446951953614e-18
14,2025-12-20,HBAR,3.469446951953614e-18
14,2025-12-20,VANA,0.014224068078936732
14,2025-12-20,SEI,3.469446951953614e-18
14,2025-12-20,STRAX,3.469446951953614e-18
14,2025-12-20,KNC,0.12679306932156204
14,2025-12-20,ME,3.469446951953614e-18
14,2025-12-20,SHIB,3.469446951953614e-18
14,2025-12-20,CBK,0.11401528270631657
14,2025-12-20,AQT,0.04108205791168901
14,2025-12-20,SAFE,3.469446951953614e-18
14,2025-12-20,GLM,0.04613294083330874
14,2025-12-20,PEPE,3.469446951953614e-18
14,2025-12-20,BONK,3.469446951953614e-18
14,2025-12-20,WAVES,0.03110374853881556
14,2025-12-20,MASK,3.469446951953614e-18
14,2025-12-20,ATH,3.469446951953614e-18
14,2025-12-20,TOKAMAK,0.09991342419989842
14,2025-12-20,CARV,3.469446951953614e-18
14,2025-12-20,MEW,3.469446951953614e-18
14,2025-12-20,MNT,3.469446951953614e-18
14,2025-12-20,PYTH,3.469446951953614e-18
14,2025-12-20,SONIC,3.469446951953614e-18
14,2025-12-20,GAS,0.0025270529744351143
14,2025-12-20,AKT,3.469446951953614e-18
14,2025-12-20,BIGTIME,3.469446951953614e-18
14,2025-12-20,DRIFT,3.469446951953614e-18
14,2026-01-03,XRP,0.009565702064259305
14,2026-01-03,BTC,0.25
14,2026-01-03,ETH,2.6020852139652106e-18
14,2026-01-03,SOL,2.6020852139652106e-18
14,2026-01-03,DOGE,2.6020852139652106e-18
14,2026-01-03,AERGO,2.6020852139652106e-18
14,2026-01-03,ADA,2.6020852139652106e-18
14,2026-01-03,AUCTION,2.6020852139652106e-18
14,2026-01-03,ONDO,2.6020852139652106e-18
14,2026-01-03,SUI,2.6020852139652106e-18
14,2026-01-03,VIRTUAL,2.6020852139652106e-18
14,2026-01-03,ARDR,0.07322449318147457
14,2026-01-03,MOVE,2.6020852139652106e-18
14,2026-01-03,AWE,0.025630931621264938
14,2026-01-03,XLM,2.6020852139652106e-18
14,2026-01-03,AXS,2.6020852139652106e-18
14,2026-01-03,SNT,0.04801129024205262
14,2026-01-03,QTUM,2.6020852139652106e-18
14,2026-01-03,ANIME,2.6020852139652106e-18
14,2026-01-03,PUNDIX,0.03556195123681702
14,2026-01-03,ARK,2.6020852139652106e-18
14,2026-01-03,ENS,2.6020852139652106e-18
14,2026-01-03,LINK,2.6020852139652106e-18
14,2026-01-03,CRO,0.025186173778775234
14,2026-01-03,HBAR,2.6020852139652106e-18
14,2026-01-03,VANA,0.04575923568723226
14,2026-01-03,SEI,2.6020852139652106e-18
14,2026-01-03,STRAX,0.018028446759632822
14,2026-01-03,KNC,0.08905039929559305
14,2026-01-03,ME,2.6020852139652106e-18
14,2026-01-03,SHIB,2.6020852139652106e-18
14,2026-01-03,CBK,0.08779798845752199
14,2026-01-03,AQT,0.013848505331316253
14,2026-01-03,SAFE,2.6020852139652106e-18
14,2026-01-03,GLM,0.03804613949994668
14,2026-01-03,PEPE,2.6020852139652106e-18
14,2026-01-03,BONK,2.6020852139652106e-18
14,2026-01-03,WAVES,0.037613064933957364
14,2026-01-03,MASK,2.6020852139652106e-18
14,2026-01-03,ATH,2.6020852139652106e-18
14,2026-01-03,TOKAMAK,0.1637582130136267
14,2026-01-03,CARV,0.01100640980855756
14,2026-01-03,MEW,2.6020852139652106e-18
14,2026-01-03,MNT,0.013085778565928421
14,2026-01-03,PYTH,2.6020852139652106e-18
14,2026-01-03,SONIC,0.0027259278871150845
14,2026-01-03,GAS,0.012099348634928168
14,2026-01-03,AKT,2.6020852139652106e-18
14,2026-01-03,BIGTIME,2.6020852139652106e-18
14,2026-01-03,DRIFT,2.6020852139652106e-18
14,2026-01-17,XRP,1.1564823173176084e-18
14,2026-01-17,BTC,0.25
14,2026-01-17,ETH,0.13013890580761078
14,2026-01-17,SOL,1.1564823173176084e-18
14,2026-01-17,DOGE,1.1564823173176084e-18
14,2026-01-17,AERGO,0.005071753977949806
14,2026-01-17,ADA,1.1564823173176084e-18
14,2026-01-17,AUCTION,1.1564823173176084e-18
14,2026-01-17,ONDO,1.1564823173176084e-18
14,2026-01-17,SUI,1.1564823173176084e-18
14,2026-01-17,VIRTUAL,1.1564823173176084e-18
14,2026-01-17,ARDR,0.07327073698590392
14,2026-01-17,MOVE,1.1564823173176084e-18
14,2026-01-17,AWE,0.019325575875296548
14,2026-01-17,XLM,1.1564823173176084e-18
14,2026-01-17,AXS,1.1564823173176084e-18
14,2026-01-17,SNT,0.03319969237727691
14,2026-01-17,QTUM,1.1564823173176084e-18
14,2026-01-17,ANIME,0.005376104533768669
14,2026-01-17,PUNDIX,0.042554263119328396
14,2026-01-17,ARK,1.1564823173176084e-18
14,2026-01-17,ENS,1.1564823173176084e-18
14,2026-01-17,LINK,1.1564823173176084e-18
14,2026-01-17,CRO,1.1564823173176084e-18
14,2026-01-17,HBAR,1.1564823173176084e-18
14,2026-01-17,VANA,0.0096907237152249
14,2026-01-17,SEI,1.1564823173176084e-18
14,2026-01-17,STRAX,0.027692927422745768
14,2026-01-17,KNC,1.1564823173176084e-18
14,2026-01-17,ME,1.1564823173176084e-18
14,2026-01-17,SHIB,1.1564823173176084e-18
14,2026-01-17,CBK,0.08856938365596606
14,2026-01-17,AQT,1.1564823173176084e-18
14,2026-01-17,SAFE,1.1564823173176084e-18
14,2026-01-17,GLM,0.034543486181915106
14,2026-01-17,PEPE,1.1564823173176084e-18
14,2026-01-17,BONK,1.1564823173176084e-18
14,2026-01-17,WAVES,0.08058283316704104
14,2026-01-17,MASK,1.1564823173176084e-18
14,2026-01-17,ATH,1.1564823173176084e-18
14,2026-01-17,TOKAMAK,0.16103291504708925
14,2026-01-17,CARV,0.026198465225909254
14,2026-01-17,MEW,1.1564823173176084e-18
14,2026-01-17,MNT,0.012752232906973684
14,2026-01-17,PYTH,1.1564823173176084e-18
14,2026-01-17,SONIC,1.1564823173176084e-18
14,2026-01-17,GAS,1.1564823173176084e-18
14,2026-01-17,AKT,1.1564823173176084e-18
14,2026-01-17,BIGTIME,1.1564823173176084e-18
14,2026-01-17,DRIFT,1.1564823173176084e-18
14,2026-01-31,XRP,1.7347234759764127e-18
14,2026-01-31,BTC,0.25
14,2026-01-31,ETH,1.7347234759764127e-18
14,2026-01-31,SOL,1.7347234759764127e-18
14,2026-01-31,DOGE,1.7347234759764127e-18
14,2026-01-31,AERGO,0.009189763660971679
14,2026-01-31,ADA,1.7347234759764127e-18
14,2026-01-31,AUCTION,1.7347234759764127e-18
14,2026-01-31,ONDO,1.7347234759764127e-18
14,2026-01-31,SUI,1.7347234759764127e-18
14,2026-01-31,VIRTUAL,1.7347234759764127e-18
14,2026-01-31,ARDR,0.09110498946287662
14,2026-01-31,MOVE,1.7347234759764127e-18
14,2026-01-31,AWE,0.08272658193339286
14,2026-01-31,XLM,1.7347234759764127e-18
14,2026-01-31,AXS,1.7347234759764127e-18
14,2026-01-31,SNT,0.062001218507811644
14,2026-01-31,QTUM,1.7347234759764127e-18
14,2026-01-31,ANIME,1.7347234759764127e-18
14,2026-01-31,PUNDIX,0.03383064730758022
14,2026-01-31,ARK,1.7347234759764127e-18
14,2026-01-31,ENS,1.7347234759764127e-18
14,2026-01-31,LINK,1.7347234759764127e-18
14,2026-01-31,CRO,0.03822356206823913
14,2026-01-31,HBAR,1.7347234759764127e-18
14,2026-01-31,VANA,1.7347234759764127e-18
14,2026-01-31,SEI,1.7347234759764127e-18
14,2026-01-31,STRAX,1.7347234759764127e-18
14,2026-01-31,KNC,0.025635606896020083
14,2026-01-31,ME,1.7347234759764127e-18
14,2026-01-31,SHIB,1.7347234759764127e-18
14,2026-01-31,CBK,0.11872129532297217
14,2026-01-31,AQT,1.7347234759764127e-18
14,2026-01-31,SAFE,1.7347234759764127e-18
14,2026-01-31,GLM,0.046260401572714216
14,2026-01-31,PEPE,1.7347234759764127e-18
14,2026-01-31,BONK,1.7347234759764127e-18
14,2026-01-31,WAVES,0.10155173537307721
14,2026-01-31,MASK,1.7347234759764127e-18
14,2026-01-31,ATH,1.7347234759764127e-18
14,2026-01-31,TOKAMAK,0.11236697782921644
14,2026-01-31,CARV,1.7347234759764127e-18
14,2026-01-31,MEW,1.7347234759764127e-18
14,2026-01-31,MNT,0.026751336023251922
14,2026-01-31,PYTH,1.7347234759764127e-18
14,2026-01-31,SONIC,1.7347234759764127e-18
14,2026-01-31,GAS,0.001635884041875887
14,2026-01-31,AKT,1.7347234759764127e-18
14,2026-01-31,BIGTIME,1.7347234759764127e-18
14,2026-01-31,DRIFT,1.7347234759764127e-18
14,2026-02-14,XRP,2.3129646346356113e-18
14,2026-02-14,BTC,0.25
14,2026-02-14,ETH,2.3129646346356113e-18
14,2026-02-14,SOL,2.3129646346356113e-18
14,2026-02-14,DOGE,2.3129646346356113e-18
14,2026-02-14,AERGO,0.03955502438688837
14,2026-02-14,ADA,2.3129646346356113e-18
14,2026-02-14,AUCTION,0.029688091293514872
14,2026-02-14,ONDO,2.3129646346356113e-18
14,2026-02-14,SUI,2.3129646346356113e-18
14,2026-02-14,VIRTUAL,2.3129646346356113e-18
14,2026-02-14,ARDR,0.021062675146245095
14,2026-02-14,MOVE,2.3129646346356113e-18
14,2026-02-14,AWE,0.07452519276128157
14,2026-02-14,XLM,2.3129646346356113e-18
14,2026-02-14,AXS,2.3129646346356113e-18
14,2026-02-14,SNT,2.3129646346356113e-18
14,2026-02-14,QTUM,2.3129646346356113e-18
14,2026-02-14,ANIME,2.3129646346356113e-18
14,2026-02-14,PUNDIX,0.022657348598071107
14,2026-02-14,ARK,2.3129646346356113e-18
14,2026-02-14,ENS,2.3129646346356113e-18
14,2026-02-14,LINK,2.3129646346356113e-18
14,2026-02-14,CRO,0.0343559957130501
14,2026-02-14,HBAR,2.3129646346356113e-18
14,2026-02-14,VANA,2.3129646346356113e-18
14,2026-02-14,SEI,2.3129646346356113e-18
14,2026-02-14,STRAX,0.005290681895115439
14,2026-02-14,KNC,2.3129646346356113e-18
14,2026-02-14,ME,2.3129646346356113e-18
14,2026-02-14,SHIB,2.3129646346356113e-18
14,2026-02-14,CBK,0.03799883236446735
14,2026-02-14,AQT,2.3129646346356113e-18
14,2026-02-14,SAFE,2.3129646346356113e-18
14,2026-02-14,GLM,0.05983624434608051
14,2026-02-14,PEPE,2.3129646346356113e-18
14,2026-02-14,BONK,2.3129646346356113e-18
14,2026-02-14,WAVES,0.05580546526796853
14,2026-02-14,MASK,2.3129646346356113e-18
14,2026-02-14,ATH,2.3129646346356113e-18
14,2026-02-14,TOKAMAK,0.13463749312439557
14,2026-02-14,CARV,2.3129646346356113e-18
14,2026-02-14,MEW,2.3129646346356113e-18
14,2026-02-14,MNT,0.22983842490843395
14,2026-02-14,PYTH,2.3129646346356113e-18
14,2026-02-14,SONIC,0.004748530194487637
14,2026-02-14,GAS,2.3129646346356113e-18
14,2026-02-14,AKT,2.3129646346356113e-18
14,2026-02-14,BIGTIME,2.3129646346356113e-18
14,2026-02-14,DRIFT,2.3129646346356113e-18
14,2026-02-28,XRP,5.637851296924623e-18
14,2026-02-28,BTC,0.25
14,2026-02-28,ETH,5.637851296924623e-18
14,2026-02-28,SOL,5.637851296924623e-18
14,2026-02-28,DOGE,5.637851296924623e-18
14,2026-02-28,AERGO,0.06677968157803926
14,2026-02-28,ADA,5.637851296924623e-18
14,2026-02-28,AUCTION,0.02485796841043688
14,2026-02-28,ONDO,5.637851296924623e-18
14,2026-02-28,SUI,5.637851296924623e-18
14,2026-02-28,VIRTUAL,5.637851296924623e-18
14,2026-02-28,ARDR,0.01877456108579713
14,2026-02-28,MOVE,5.637851296924623e-18
14,2026-02-28,AWE,0.028366779084176827
14,2026-02-28,XLM,5.637851296924623e-18
14,2026-02-28,AXS,5.637851296924623e-18
14,2026-02-28,SNT,0.02639760199567942
14,2026-02-28,QTUM,5.637851296924623e-18
14,2026-02-28,ANIME,5.637851296924623e-18
14,2026-02-28,PUNDIX,0.02715534654451097
14,2026-02-28,ARK,5.637851296924623e-18
14,2026-02-28,ENS,5.637851296924623e-18
14,2026-02-28,LINK,5.637851296924623e-18
14,2026-02-28,CRO,0.058165997935056724
14,2026-02-28,HBAR,5.637851296924623e-18
14,2026-02-28,VANA,0.006258113572570889
14,2026-02-28,SEI,5.637851296924623e-18
14,2026-02-28,STRAX,0.03560804807767534
14,2026-02-28,KNC,0.02132810013617353
14,2026-02-28,ME,5.637851296924623e-18
14,2026-02-28,SHIB,5.637851296924623e-18
14,2026-02-28,CBK,0.08230435432430701
14,2026-02-28,AQT,0.015558160119543517
14,2026-02-28,SAFE,5.637851296924623e-18
14,2026-02-28,GLM,0.016410329151806513
14,2026-02-28,PEPE,5.637851296924623e-18
14,2026-02-28,BONK,5.637851296924623e-18
14,2026-02-28,WAVES,0.006230111536336673
14,2026-02-28,MASK,5.637851296924623e-18
14,2026-02-28,ATH,5.637851296924623e-18
14,2026-02-28,TOKAMAK,0.10290013359513371
14,2026-02-28,CARV,5.637851296924623e-18
14,2026-02-28,MEW,5.637851296924623e-18
14,2026-02-28,MNT,0.20489015734635105
14,2026-02-28,PYTH,5.637851296924623e-18
14,2026-02-28,SONIC,0.00801455550640459
14,2026-02-28,GAS,5.637851296924623e-18
14,2026-02-28,AKT,5.637851296924623e-18
14,2026-02-28,BIGTIME,5.637851296924623e-18
14,2026-02-28,DRIFT,5.637851296924623e-18
14,2026-03-14,XRP,2.89120579329439e-18
14,2026-03-14,BTC,0.070505373185916
14,2026-03-14,ETH,2.89120579329439e-18
14,2026-03-14,SOL,2.89120579329439e-18
14,2026-03-14,DOGE,2.89120579329439e-18
14,2026-03-14,AERGO,0.08203970666387465
14,2026-03-14,ADA,2.89120579329439e-18
14,2026-03-14,AUCTION,0.02754148573255178
14,2026-03-14,ONDO,2.89120579329439e-18
14,2026-03-14,SUI,2.89120579329439e-18
14,2026-03-14,VIRTUAL,2.89120579329439e-18
14,2026-03-14,ARDR,0.03267862780672859
14,2026-03-14,MOVE,2.89120579329439e-18
14,2026-03-14,AWE,0.04296082437645331
14,2026-03-14,XLM,2.89120579329439e-18
14,2026-03-14,AXS,2.89120579329439e-18
14,2026-03-14,SNT,0.020422896673329232
14,2026-03-14,QTUM,2.89120579329439e-18
14,2026-03-14,ANIME,2.89120579329439e-18
14,2026-03-14,PUNDIX,0.03759690937325873
14,2026-03-14,ARK,2.89120579329439e-18
14,2026-03-14,ENS,2.89120579329439e-18
14,2026-03-14,LINK,2.89120579329439e-18
14,2026-03-14,CRO,0.0503434055071492
14,2026-03-14,HBAR,2.89120579329439e-18
14,2026-03-14,VANA,2.89120579329439e-18
14,2026-03-14,SEI,2.89120579329439e-18
14,2026-03-14,STRAX,0.04338736698344704
14,2026-03-14,KNC,0.01715372669940984
14,2026-03-14,ME,2.89120579329439e-18
14,2026-03-14,SHIB,2.89120579329439e-18
14,2026-03-14,CBK,0.10397241577640419
14,2026-03-14,AQT,0.04310988581744178
14,2026-03-14,SAFE,2.89120579329439e-18
14,2026-03-14,GLM,2.89120579329439e-18
14,2026-03-14,PEPE,2.89120579329439e-18
14,2026-03-14,BONK,2.89120579329439e-18
14,2026-03-14,WAVES,0.06346143701394141
14,2026-03-14,MASK,2.89120579329439e-18
14,2026-03-14,ATH,2.89120579329439e-18
14,2026-03-14,TOKAMAK,0.1435274744728012
14,2026-03-14,CARV,0.015080272032480276
14,2026-03-14,MEW,2.89120579329439e-18
14,2026-03-14,MNT,0.2062181918848128
14,2026-03-14,PYTH,2.89120579329439e-18
14,2026-03-14,SONIC,2.89120579329439e-18
14,2026-03-14,GAS,2.89120579329439e-18
14,2026-03-14,AKT,2.89120579329439e-18
14,2026-03-14,BIGTIME,2.89120579329439e-18
14,2026-03-14,DRIFT,2.89120579329439e-18
14,2026-03-28,XRP,2.6020852139649364e-18
14,2026-03-28,BTC,0.16315863218204393
14,2026-03-28,ETH,2.6020852139649364e-18
14,2026-03-28,SOL,2.6020852139649364e-18
14,2026-03-28,DOGE,2.6020852139649364e-18
14,2026-03-28,AERGO,0.09901874427925732
14,2026-03-28,ADA,2.6020852139649364e-18
14,2026-03-28,AUCTION,0.025896173511217358
14,2026-03-28,ONDO,2.6020852139649364e-18
14,2026-03-28,SUI,2.6020852139649364e-18
14,2026-03-28,VIRTUAL,2.6020852139649364e-18
14,2026-03-28,ARDR,0.048005893123095035
14,2026-03-28,MOVE,2.6020852139649364e-18
14,2026-03-28,AWE,0.06278572327455594
14,2026-03-28,XLM,2.6020852139649364e-18
14,2026-03-28,AXS,2.6020852139649364e-18
14,2026-03-28,SNT,0.010135956031200079
14,2026-03-28,QTUM,2.6020852139649364e-18
14,2026-03-28,ANIME,0.008807676774067274
14,2026-03-28,PUNDIX,0.038491505507412406
14,2026-03-28,ARK,2.6020852139649364e-18
14,2026-03-28,ENS,2.6020852139649364e-18
14,2026-03-28,LINK,2.6020852139649364e-18
14,2026-03-28,CRO,0.0446667782550919
14,2026-03-28,HBAR,2.6020852139649364e-18
14,2026-03-28,VANA,2.6020852139649364e-18
14,2026-03-28,SEI,2.6020852139649364e-18
14,2026-03-28,STRAX,0.024194521688405194
14,2026-03-28,KNC,0.0015081514807713994
14,2026-03-28,ME,2.6020852139649364e-18
14,2026-03-28,SHIB,2.6020852139649364e-18
14,2026-03-28,CBK,0.0948968785075899
14,2026-03-28,AQT,0.04448245968486191
14,2026-03-28,SAFE,2.6020852139649364e-18
14,2026-03-28,GLM,2.6020852139649364e-18
14,2026-03-28,PEPE,2.6020852139649364e-18
14,2026-03-28,BONK,2.6020852139649364e-18
14,2026-03-28,WAVES,0.08544054724580818
14,2026-03-28,MASK,2.6020852139649364e-18
14,2026-03-28,ATH,2.6020852139649364e-18
14,2026-03-28,TOKAMAK,0.1494561038163416
14,2026-03-28,CARV,0.0071123634211571465
14,2026-03-28,MEW,2.6020852139649364e-18
14,2026-03-28,MNT,0.09194189121712355
14,2026-03-28,PYTH,2.6020852139649364e-18
14,2026-03-28,SONIC,2.6020852139649364e-18
14,2026-03-28,GAS,2.6020852139649364e-18
14,2026-03-28,AKT,2.6020852139649364e-18
14,2026-03-28,BIGTIME,2.6020852139649364e-18
14,2026-03-28,DRIFT,2.6020852139649364e-18
